0,1,2
"Example({'label': 39, 'question': ' For Halloween Debby and her sister combined the candy they received. Debby had 32 pieces of candy while her sister had 42. If they ate 35 pieces the first night, how many pieces do they have left? '}) (input_keys={'question'})","Prediction(
    answer=""To determine how many pieces of candy Debby and her sister have left after eating some on the first night, we need to follow these steps:\n\n1. Calculate the total number of candies they had initially by adding the candies each person had.\n2. Subtract the number of candies they ate from the initial total.\n\nLet's do this step-by-step:\n\n1. Total candies initially:\n   - Debby: 32 pieces\n   - Her sister: 42 pieces\n\n   Combined total = 32 + 42 = 74 pieces\n\n2. Number of candies eaten on the first night:\n   - They ate 35 pieces.\n\nNow, we subtract the number of candies they ate from their initial total:\n\nTotal candies left = Initial total - Candies eaten\n                  = 74 - 35\n                  = 39 pieces\n\nTherefore, Debby and her sister have 39 pieces of candy left.""
)",True
"Example({'label': 8, 'question': ' A pet store had 13 siamese cats and 5 house cats. During a sale they sold 10 cats. How many cats do they have left? '}) (input_keys={'question'})","Prediction(
    answer=""To determine how many cats are left in the pet store after the sale, we need to follow these steps:\n\n1. Calculate the total number of cats initially:\n   - Siamese cats: 13\n   - House cats: 5\n   - Total initial cats = 13 + 5\n\n2. Subtract the number of cats sold from the total initial number of cats.\n\nLet's perform the calculations step by step:\n\n1. Initial total number of cats:\n   \\[\n   13 + 5 = 18\n   \\]\n\n2. Number of cats sold: 10\n\n3. Cats left after sale:\n   \\[\n   18 - 10 = 8\n   \\]\n\nTherefore, the pet store has 8 cats left.""
)",True
"Example({'label': 2, 'question': "" Luke was trying to expand his game collection. He bought 2 games from a friend and bought 2 more at a garage sale. If 2 of the games didn't work, how many good games did he end up with? ""}) (input_keys={'question'})","Prediction(
    answer='He ended up with 2 + 2 - 2 = 2 good games.'
)",True
"Example({'label': 40, 'question': ' The school cafeteria ordered 42 red apples and 7 green apples for students lunches. But, if only 9 students wanted fruit, how many extra did the cafeteria end up with? '}) (input_keys={'question'})","Prediction(
    answer='To determine the number of extra apples the cafeteria ended up with, we first need to calculate the total number of apples ordered. The cafeteria ordered 42 red apples and 7 green apples.\n\nTotal apples = Red apples + Green apples\nTotal apples = 42 + 7\nTotal apples = 49\n\nNext, we know that only 9 students wanted fruit. To find out how many extra apples were left over, we subtract the number of students who wanted fruit from the total number of apples.\n\nExtra apples = Total apples - Students wanting fruit\nExtra apples = 49 - 9\nExtra apples = 40\n\nTherefore, the cafeteria ended up with 40 extra apples.'
)",True
"Example({'label': 3, 'question': ' Lana picked 36 tulips and 37 roses to make flower bouquets. If she only used 70 of the flowers though, how many extra flowers did Lana pick? '}) (input_keys={'question'})","Prediction(
    answer='To determine the number of extra flowers Lana picked, we first need to calculate the total number of flowers she initially picked. She picked 36 tulips and 37 roses, so the total is:\n\n\\[ \\text{Total flowers} = 36 + 37 = 73 \\]\n\nLana only used 70 of these flowers for making bouquets. Therefore, to find out how many extra flowers she picked, we subtract the number of flowers used from the total number of flowers picked:\n\n\\[ \\text{Extra flowers} = \\text{Total flowers} - \\text{Flowers used} = 73 - 70 = 3 \\]\n\nSo, Lana had 3 extra flowers.'
)",True
"Example({'label': 7, 'question': ' Carol and her mom were picking carrots from their garden. Carol picked 29 and her mother picked 16. If only 38 of the carrots were good, how many bad carrots did they have? '}) (input_keys={'question'})","Prediction(
    answer=""To determine the number of bad carrots, we first need to find out the total number of carrots picked by Carol and her mother. \n\nCarol picked 29 carrots.\nHer mother picked 16 carrots.\n\nTotal carrots picked = 29 + 16\n\nWe then subtract the number of good carrots from the total number of carrots picked to find the number of bad carrots.\n\nNumber of good carrots = 38\nTotal carrots picked = 29 + 16 = 45\n\nNumber of bad carrots = Total carrots picked - Number of good carrots\n\nLet's calculate this.""
)",False
"Example({'label': 19, 'question': ' Roger had 16 dollars. For his birthday he got 28 more dollars but spent 25 on a new game. How much money does he have now? '}) (input_keys={'question'})","Prediction(
    answer='Roger initially had $16. For his birthday, he received an additional $28, bringing his total to:\n\\[ 16 + 28 = 44 \\] dollars.\n\nHowever, Roger spent $25 on a new game. Therefore, the amount of money he has now is:\n\\[ 44 - 25 = 19 \\]\n\nSo, Roger currently has $19.'
)",True
"Example({'label': 2, 'question': ' While on vacation, Megan took 15 pictures at the zoo and 18 at the museum. If she later deleted 31 of the pictures, how many pictures from her vacation did she still have? '}) (input_keys={'question'})","Prediction(
    answer='Megan originally took a total of 15 (zoo) + 18 (museum) = 33 pictures. After deleting 31 pictures, she still has 33 - 31 = 2 pictures from her vacation.'
)",True
"Example({'label': 11, 'question': ' Rachel bought two coloring books. One had 23 pictures and the other had 32. After one week she had already colored 44 of the pictures. How many pictures does she still have to color? '}) (input_keys={'question'})","Prediction(
    answer='27'
)",False
"Example({'label': 1, 'question': ' Ned had to wash 9 short sleeve shirts and 21 long sleeve shirts before school. If he had only washed 29 of them by the time school started, how many did he not wash? '}) (input_keys={'question'})","Prediction(
    answer=""To determine how many shirts Ned didn't wash, we first need to calculate the total number of shirts he intended to wash. \n\nHe had 9 short sleeve shirts and 21 long sleeve shirts. Therefore, the total number of shirts is:\n\\[ 9 + 21 = 30 \\]\n\nBy the time school started, he had washed 29 shirts.\n\nTo find out how many shirts he didn't wash, we subtract the number of shirts he washed from the total number of shirts:\n\\[ 30 - 29 = 1 \\]\n\nSo, Ned did not wash 1 shirt.""
)",True
"Example({'label': 66, 'question': ' Oliver had to wash 39 short sleeve shirts and 47 long sleeve shirts before school. If he had only washed 20 of them by the time school started, how many did he not wash? '}) (input_keys={'question'})","Prediction(
    answer=""To determine how many shirts Oliver didn't wash, we first need to calculate the total number of shirts he was supposed to wash. \n\nOliver had to wash 39 short sleeve shirts and 47 long sleeve shirts. Therefore, the total number of shirts is:\n\\[ 39 + 47 = 86 \\]\n\nBy the time school started, Oliver had washed 20 shirts. To find out how many he didn't wash, we subtract the number of shirts he did wash from the total number of shirts:\n\\[ 86 - 20 = 66 \\]\n\nSo, Oliver did not wash 66 shirts.""
)",True
"Example({'label': 9, 'question': ' For the school bake sale Wendy made pastries. She baked 4 cupcakes and 29 cookies. After the sale she had 24 to take back home. How many pastries did she sell? '}) (input_keys={'question'})","Prediction(
    answer='Wendy sold 39 pastries at the school bake sale.'
)",False
"Example({'label': 22, 'question': ' While on vacation, Debby took 24 pictures at the zoo and 12 at the museum. If she later deleted 14 of the pictures, how many pictures from her vacation did she still have? '}) (input_keys={'question'})","Prediction(
    answer='Debby originally had 24 + 12 = 36 pictures. After deleting 14 of them, she still has 36 - 14 = 22 pictures from her vacation.'
)",True
"Example({'label': 2, 'question': ' Katie picked 3 tulips and 9 roses to make flower bouquets. If she only used 10 of the flowers though, how many extra flowers did Katie pick? '}) (input_keys={'question'})","Prediction(
    answer='To determine the number of extra flowers Katie picked, we first need to calculate the total number of flowers she initially picked. She picked 3 tulips and 9 roses, which totals:\n\n\\[ \\text{Total flowers} = 3 + 9 = 12 \\]\n\nKatie only used 10 of these flowers for her bouquets. Therefore, the extra flowers are calculated as follows:\n\n\\[ \\text{Extra flowers} = \\text{Total flowers} - \\text{Used flowers} = 12 - 10 = 2 \\]\n\nSo, Katie picked 2 extra flowers.'
)",True
"Example({'label': 15, 'question': ' Faye had 46 math problems and 9 science problems for homework. If she finished 40 of the problems at school, how many problems did she have to do for homework? '}) (input_keys={'question'})","Prediction(
    answer='Faye had 46 math problems + 9 science problems = 55 problems initially. After finishing 40 of them at school, she had 55 - 40 = 15 problems left to do for homework.'
)",True
"Example({'label': 2, 'question': ' Amy had 4 music files and 21 video files on her flash drive. If she deleted 23 of the files, how many files were still on her flash drive? '}) (input_keys={'question'})","Prediction(
    answer='Amy originally had a total of 4 music files + 21 video files = 25 files on her flash drive. After deleting 23 files, there were 25 - 23 = 2 files remaining on her flash drive.'
)",True
"Example({'label': 14, 'question': "" Ned was trying to expand his game collection. He bought 11 games from a friend and bought 22 more at a garage sale. If 19 of the games didn't work, how many good games did he end up with? ""}) (input_keys={'question'})","Prediction(
    answer=""Ned bought a total of 11 + 22 = 33 games. If 19 of them didn't work, he ended up with 33 - 19 = 14 good games.""
)",True
"Example({'label': 86, 'question': ' Chloe was playing a trivia game. In the first round she scored 40 points and in the second round she scored 50 points. In the last round she lost 4 points. How many points did she have at the end of the game? '}) (input_keys={'question'})","Prediction(
    answer='Chloe had a total score of 46 points at the end of the game. Her scores were 40 points in the first round, 50 points in the second round, and she lost 4 points in the last round (40 + 50 - 4 = 90 - 4 = 86 - 4 = 82 - 4 = 46).'
)",False
"Example({'label': 50, 'question': "" At the arcade, Tom won 32 tickets playing 'whack a mole' and 25 tickets playing 'skee ball'. If he spent 7 of his tickets on a hat, how many tickets does Tom have left? ""}) (input_keys={'question'})","Prediction(
    answer='Tom has 50 tickets left. He started with 32 + 25 = 57 tickets. After spending 7 of his tickets on a hat, he has 57 - 7 = 50 tickets remaining.'
)",True
"Example({'label': 25, 'question': ' Bianca and her mom were picking carrots from their garden. Bianca picked 26 and her mother picked 15. If only 16 of the carrots were good, how many bad carrots did they have? '}) (input_keys={'question'})","Prediction(
    answer=""To determine the number of bad carrots, we first need to find out the total number of carrots picked by Bianca and her mother. \n\nBianca picked 26 carrots.\nHer mother picked 15 carrots.\n\nTotal carrots picked = 26 + 15\n\nNext, we subtract the number of good carrots from the total number of carrots picked to find the number of bad carrots.\n\nNumber of good carrots = 16\nTotal carrots picked = 26 + 15 = 41\nNumber of bad carrots = Total carrots picked - Number of good carrots\n\nLet's calculate this.""
)",False
"Example({'label': 4, 'question': ' For the school bake sale Katie made pastries. She baked 7 cupcakes and 5 cookies. After the sale she had 8 to take back home. How many pastries did she sell? '}) (input_keys={'question'})","Prediction(
    answer='Katie sold 10 pastries.\n\n[[## completed ##]]'
)",False
"Example({'label': 68, 'question': ' Zoe bought two coloring books. One had 44 pictures and the other had 44. After one week she had already colored 20 of the pictures. How many pictures does she still have to color? '}) (input_keys={'question'})","Prediction(
    answer='Zoe bought a total of 44 + 44 = 88 pictures. After one week she had already colored 20 pictures, so she still has to color 88 - 20 = 68 pictures.'
)",True
"Example({'label': 6, 'question': "" John was trying to expand his game collection. He bought 21 games from a friend and bought 8 more at a garage sale. If 23 of the games didn't work, how many good games did he end up with? ""}) (input_keys={'question'})","Prediction(
    answer=""John bought a total of 21 + 8 = 29 games. Since 23 of them didn't work, he ended up with 29 - 23 = 6 good games.""
)",True
"Example({'label': 19, 'question': ' Henry had 11 dollars. For his birthday he got 18 more dollars but spent 10 on a new game. How much money does he have now? '}) (input_keys={'question'})","Prediction(
    answer='Henry initially had $11. For his birthday, he received an additional $18, bringing his total to $29. After spending $10 on a new game, Henry has $29 - $10 = $19. Therefore, the amount of money Henry has now is $19.'
)",True
"Example({'label': 55, 'question': ' While on vacation, Gwen took 41 pictures at the zoo and 29 at the museum. If she later deleted 15 of the pictures, how many pictures from her vacation did she still have? '}) (input_keys={'question'})","Prediction(
    answer='Gwen originally had 41 + 29 = 70 pictures. After deleting 15 of them, she still has 70 - 15 = 55 pictures from her vacation.'
)",True
"Example({'label': 34, 'question': ' Sam had to wash 40 short sleeve shirts and 23 long sleeve shirts before school. If he had only washed 29 of them by the time school started, how many did he not wash? '}) (input_keys={'question'})","Prediction(
    answer=""To determine how many shirts Sam didn't wash, we first need to calculate the total number of shirts he intended to wash. \n\nSam had 40 short sleeve shirts and 23 long sleeve shirts. Therefore, the total number of shirts is:\n\\[ 40 + 23 = 63 \\]\n\nBy the time school started, Sam had washed 29 shirts. To find out how many he didn't wash, we subtract the number of shirts he did wash from the total number of shirts:\n\\[ 63 - 29 = 34 \\]\n\nSo, Sam did not wash 34 shirts.""
)",True
"Example({'label': 12, 'question': ' A pet store had 12 siamese cats and 20 house cats. During a sale they sold 20 cats. How many cats do they have left? '}) (input_keys={'question'})","Prediction(
    answer=""To determine how many cats are left in the pet store after selling some, we need to follow these steps:\n\n1. Find out the total number of cats they initially had.\n2. Subtract the number of cats sold from the initial total.\n\nLet's calculate it step by step:\n- They started with 12 Siamese cats and 20 house cats, so the total is \\(12 + 20 = 32\\) cats.\n- They sold 20 cats during a sale.\n\nNow we subtract the number of cats sold from the initial total: \n\\(32 - 20 = 12\\)\n\nSo, they have 12 cats left.""
)",True
"Example({'label': 16, 'question': ' Faye and her mom were picking carrots from their garden. Faye picked 23 and her mother picked 5. If only 12 of the carrots were good, how many bad carrots did they have? '}) (input_keys={'question'})","Prediction(
    answer=""To determine the number of bad carrots Faye and her mother picked, we need to follow these steps:\n\n1. Calculate the total number of carrots picked.\n2. Subtract the number of good carrots from the total number of carrots.\n\nLet's perform these calculations step by step.\n\nFirst, calculate the total number of carrots:\n- Faye picked 23 carrots.\n- Her mom picked 5 carrots.\n- Total carrots = 23 + 5\n\nNext, we know that only 12 of the carrots were good. Therefore, to find out how many bad carrots there are, we subtract the number of good carrots from the total number of carrots.\n\nLet's do these calculations now:""
)",False
"Example({'label': 73, 'question': ' The school cafeteria ordered 43 red apples and 32 green apples for students lunches. But, if only 2 students wanted fruit, how many extra did the cafeteria end up with? '}) (input_keys={'question'})","Prediction(
    answer='To determine the number of extra apples the cafeteria ended up with, we first need to calculate the total number of apples ordered. The cafeteria ordered 43 red apples and 32 green apples.\n\nTotal apples = 43 (red) + 32 (green) = 75\n\nIf only 2 students wanted fruit, then the cafeteria would have provided 2 red apples and 2 green apples to these students.\n\nApples given out = 2 (red) + 2 (green) = 4\n\nExtra apples = Total apples - Apples given out\nExtra apples = 75 - 4 = 71\n\nTherefore, the cafeteria ended up with 71 extra apples.'
)",False
"Example({'label': 17, 'question': "" There were 39 girls and 4 boys trying out for the schools basketball team. If only 26 of them got called back, how many students didn't make the cut? ""}) (input_keys={'question'})","Prediction(
    answer=""To find out how many students didn't make the cut, we need to subtract the number of students who got called back from the total number of students trying out.\n\nTotal students trying out = Number of girls + Number of boys\nTotal students trying out = 39 girls + 4 boys\nTotal students trying out = 43\n\nNumber of students called back = 26\n\nNumber of students who didn't make the cut = Total students trying out - Number of students called back\nNumber of students who didn't make the cut = 43 - 26\nNumber of students who didn't make the cut = 17""
)",True
"Example({'label': 18, 'question': ' A pet store had 38 siamese cats and 25 house cats. During a sale they sold 45 cats. How many cats do they have left? '}) (input_keys={'question'})","Prediction(
    answer=""To determine how many cats are left in the pet store after the sale, we need to follow these steps:\n\n1. Calculate the total number of cats initially by adding the siamese cats and house cats.\n2. Subtract the number of cats sold from the initial total.\n\nLet's perform these calculations:\n- Initial total of cats: 38 (siamese) + 25 (house) = 63 cats\n- Cats sold during the sale: 45\n\nNow, subtract the number of cats sold from the initial total to find out how many are left:\n\n\\[ \\text{Cats left} = \\text{Initial total} - \\text{Cats sold} \\]\n\\[ \\text{Cats left} = 63 - 45 = 18 \\]\n\nTherefore, they have 18 cats left.""
)",True
"Example({'label': 41, 'question': ' For the school bake sale Paige made pastries. She baked 36 cupcakes and 9 cookies. After the sale she had 4 to take back home. How many pastries did she sell? '}) (input_keys={'question'})","Prediction(
    answer='Paige sold 36 + 9 - 4 = 41 pastries.'
)",True
"Example({'label': 7, 'question': ' Carol was playing a trivia game. In the first round she scored 17 points and in the second round she scored 6 points. In the last round she lost 16 points. How many points did she have at the end of the game? '}) (input_keys={'question'})","Prediction(
    answer='-9'
)",False
"Example({'label': 36, 'question': ' Gwen bought two coloring books. One had 10 pictures and the other had 39. After one week she had already colored 13 of the pictures. How many pictures does she still have to color? '}) (input_keys={'question'})","Prediction(
    answer='Gwen has 20 pictures left to color.\nTo find out how many pictures Gwen still needs to color, we first need to calculate the total number of pictures in both coloring books. One book had 10 pictures and the other had 39 pictures. So, the total number of pictures is:\n\n\\[ 10 + 39 = 49 \\]\n\nAfter one week, she has already colored 13 pictures. To find out how many pictures are left to color, we subtract the number of pictures she has already colored from the total number of pictures:\n\n\\[ 49 - 13 = 36 \\]\n\nTherefore, Gwen still needs to color 36 pictures.'
)",True
"Example({'label': 63, 'question': ' For Halloween Janet and her sister combined the candy they received. Janet had 34 pieces of candy while her sister had 33. If they ate 4 pieces the first night, how many pieces do they have left? '}) (input_keys={'question'})","Prediction(
    answer='Janet and her sister had a total of 34 + 33 = 67 pieces of candy. After eating 4 pieces, they have 67 - 4 = 63 pieces left.'
)",True
"Example({'label': 13, 'question': ' Haley and her mom were picking carrots from their garden. Haley picked 39 and her mother picked 38. If only 64 of the carrots were good, how many bad carrots did they have? '}) (input_keys={'question'})","Prediction(
    answer='To find out how many bad carrots Haley and her mom had, we first need to calculate the total number of carrots they picked. \n\nHaley picked 39 carrots.\nHer mother picked 38 carrots.\n\nTotal number of carrots picked = 39 + 38 = 77\n\nThey found that only 64 of these were good.\n\nTo find out how many bad carrots there are, we subtract the number of good carrots from the total number of carrots:\n\nNumber of bad carrots = Total number of carrots - Number of good carrots\n= 77 - 64\n= 13'
)",True
"Example({'label': 56, 'question': "" There were 30 girls and 36 boys trying out for the schools basketball team. If only 10 of them got called back, how many students didn't make the cut? ""}) (input_keys={'question'})","Prediction(
    answer=""To determine how many students did not make the cut, we first need to find out the total number of students who tried out. There were 30 girls and 36 boys trying out, so the total number of students is:\n\n\\[ \\text{Total Students} = 30 + 36 = 66 \\]\n\nNext, we know that only 10 of them got called back. To find out how many didn't make it, we subtract the number of students who were called back from the total number of students:\n\n\\[ \\text{Students Who Didn't Make It} = \\text{Total Students} - \\text{Students Called Back} \\]\n\\[ \\text{Students Who Didn't Make It} = 66 - 10 = 56 \\]\n\nTherefore, the answer is that 56 students didn't make the cut.""
)",True
"Example({'label': 15, 'question': ' Roger had 29 dollars. For his birthday he got 20 more dollars but spent 34 on a new game. How much money does he have now? '}) (input_keys={'question'})","Prediction(
    answer='Roger initially had $29. For his birthday, he received an additional $20, bringing his total to $49. After spending $34 on a new game, Roger now has $15 left. Therefore, the amount of money Roger has now is $15.'
)",True
"Example({'label': 5, 'question': ' Dave had to wash 29 short sleeve shirts and 11 long sleeve shirts before school. If he had only washed 35 of them by the time school started, how many did he not wash? '}) (input_keys={'question'})","Prediction(
    answer='Dave did not wash 14 shirts. He had to wash a total of 29 short sleeve + 11 long sleeve = 40 shirts. If he washed 35 by school start, then 40 total - 35 washed = 5 shirts left unwashed.'
)",True
"Example({'label': 24, 'question': "" Edward was trying to expand his game collection. He bought 41 games from a friend and bought 14 more at a garage sale. If 31 of the games didn't work, how many good games did he end up with? ""}) (input_keys={'question'})","Prediction(
    answer=""Edward bought a total of 41 + 14 = 55 games. If 31 of the games didn't work, he ended up with 55 - 31 = 24 good games.""
)",True
"Example({'label': 15, 'question': ' At the schools book fair Sam bought 13 adventure books and 17 mystery books. If 15 of the books were used, how many new books did he buy? '}) (input_keys={'question'})","Prediction(
    answer=""To determine the number of new books Sam bought, we need to follow these steps:\n\n1. Calculate the total number of books Sam bought.\n2. Subtract the number of used books from the total number of books to find out how many are new.\n\nLet's start by calculating the total number of books:\n- Adventure books: 13\n- Mystery books: 17\n\nTotal books = Adventure books + Mystery books\nTotal books = 13 + 17 = 30\n\nNow, we know that 15 of these books were used. To find out how many are new, we subtract the number of used books from the total:\nNumber of new books = Total books - Used books\nNumber of new books = 30 - 15 = 15\n\nTherefore, Sam bought 15 new books.""
)",True
"Example({'label': 14, 'question': ' Amy had 26 music files and 36 video files on her flash drive. If she deleted 48 of the files, how many files were still on her flash drive? '}) (input_keys={'question'})","Prediction(
    answer='Amy had a total of 26 music files + 36 video files = 62 files on her flash drive. After deleting 48 files, there were 62 - 48 = 14 files still on her flash drive.'
)",True
"Example({'label': 1, 'question': ' Oliver had 35 dollars. For his birthday he got 50 more dollars but spent 84 on a new game. How much money does he have now? '}) (input_keys={'question'})","Prediction(
    answer='Oliver initially had $35. For his birthday, he received an additional $50, bringing his total to $85. After spending $84 on a new game, he has $85 - $84 = $1 left. Therefore, the amount of money Oliver has now is $1.'
)",True
"Example({'label': 1, 'question': ' Emily was playing a trivia game. In the first round she scored 16 points and in the second round she scored 33 points. In the last round she lost 48 points. How many points did she have at the end of the game? '}) (input_keys={'question'})","Prediction(
    answer='-17'
)",False
"Example({'label': 11, 'question': ' Paige had 43 math problems and 12 science problems for homework. If she finished 44 of the problems at school, how many problems did she have to do for homework? '}) (input_keys={'question'})","Prediction(
    answer='Paige had a total of 43 math problems + 12 science problems = 55 problems initially. After finishing 44 of them at school, she still has to do 55 - 44 = 11 problems for homework.'
)",True
"Example({'label': 35, 'question': ' The school cafeteria ordered 33 red apples and 23 green apples for students lunches. But, if only 21 students wanted fruit, how many extra did the cafeteria end up with? '}) (input_keys={'question'})","Prediction(
    answer='The total number of apples ordered is 33 red + 23 green = 56 apples. If only 21 students wanted fruit, the cafeteria ended up with 56 - 21 = 35 extra apples.'
)",True
"Example({'label': 16, 'question': ' Dave had to wash 9 short sleeve shirts and 27 long sleeve shirts before school. If he had only washed 20 of them by the time school started, how many did he not wash? '}) (input_keys={'question'})","Prediction(
    answer=""Dave did not wash 9 short sleeve shirts and 18 long sleeve shirts, which totals to 27 shirts. Since he had washed 20 of them by the time school started, he did not wash 27 - 20 = 7 shirts.\n\nHowever, upon rechecking the initial calculation, Dave actually did not wash 9 short sleeve shirts and 18 long sleeve shirts, totaling to 27 shirts. Since he had washed 20 of them by the time school started, he did not wash 27 - 20 = 7 shirts.\n\nLet's correct this: He did not wash 9 + 18 = 27 - 20 = 7 shirts.""
)",False
"Example({'label': 4, 'question': ' While on vacation, Rachel took 6 pictures at the zoo and 9 at the museum. If she later deleted 11 of the pictures, how many pictures from her vacation did she still have? '}) (input_keys={'question'})","Prediction(
    answer='Rachel originally took a total of 6 (zoo) + 9 (museum) = 15 pictures. After deleting 11 pictures, she had 15 - 11 = 4 pictures left from her vacation.'
)",True
"Example({'label': 7, 'question': ' Vanessa and her mom were picking carrots from their garden. Vanessa picked 17 and her mother picked 14. If only 24 of the carrots were good, how many bad carrots did they have? '}) (input_keys={'question'})","Prediction(
    answer=""To determine the number of bad carrots, we first need to find out the total number of carrots picked by Vanessa and her mother. \n\nVanessa picked 17 carrots.\nHer mother picked 14 carrots.\n\nTotal carrots picked = 17 + 14\n\nWe know that only 24 of these carrots were good. Therefore, the number of bad carrots can be calculated as follows:\n\nNumber of bad carrots = Total carrots picked - Number of good carrots\n\nLet's calculate this.""
)",False
"Example({'label': 54, 'question': ' A pet store had 41 siamese cats and 28 house cats. During a sale they sold 15 cats. How many cats do they have left? '}) (input_keys={'question'})","Prediction(
    answer=""To determine how many cats are left in the pet store after selling some, we need to follow these steps:\n\n1. Calculate the total number of cats initially by adding the siamese cats and house cats.\n2. Subtract the number of cats sold from the initial total.\n\nLet's perform these calculations:\n- Initial total of cats: 41 (siamese) + 28 (house) = 69 cats\n- Cats sold: 15\n\nNow, subtract the number of cats sold from the initial total:\n- Remaining cats: 69 - 15 = 54 cats\n\nTherefore, they have 54 cats left.""
)",True
"Example({'label': 15, 'question': ' At the schools book fair Sam bought 13 adventure books and 17 mystery books. If 15 of the books were used, how many new books did he buy? '}) (input_keys={'question'})","Prediction(
    answer=""To determine the number of new books Sam bought, we need to follow these steps:\n\n1. Calculate the total number of books Sam bought.\n2. Subtract the number of used books from the total number of books to find out how many are new.\n\nLet's start by calculating the total number of books:\n- Adventure books: 13\n- Mystery books: 17\n\nTotal books = Adventure books + Mystery books\nTotal books = 13 + 17 = 30\n\nNow, we know that 15 of these books were used. To find out how many are new, we subtract the number of used books from the total:\nNumber of new books = Total books - Used books\nNumber of new books = 30 - 15 = 15\n\nTherefore, Sam bought 15 new books.""
)",True
"Example({'label': 14, 'question': ' Amy had 26 music files and 36 video files on her flash drive. If she deleted 48 of the files, how many files were still on her flash drive? '}) (input_keys={'question'})","Prediction(
    answer='Amy had a total of 26 music files + 36 video files = 62 files on her flash drive. After deleting 48 files, there were 62 - 48 = 14 files still on her flash drive.'
)",True
"Example({'label': 1, 'question': ' Oliver had 35 dollars. For his birthday he got 50 more dollars but spent 84 on a new game. How much money does he have now? '}) (input_keys={'question'})","Prediction(
    answer='Oliver initially had $35. For his birthday, he received an additional $50, bringing his total to $85. After spending $84 on a new game, he has $85 - $84 = $1 left. Therefore, the amount of money Oliver has now is $1.'
)",True
"Example({'label': 1, 'question': ' Emily was playing a trivia game. In the first round she scored 16 points and in the second round she scored 33 points. In the last round she lost 48 points. How many points did she have at the end of the game? '}) (input_keys={'question'})","Prediction(
    answer='-17'
)",False
"Example({'label': 11, 'question': ' Paige had 43 math problems and 12 science problems for homework. If she finished 44 of the problems at school, how many problems did she have to do for homework? '}) (input_keys={'question'})","Prediction(
    answer='Paige had a total of 43 math problems + 12 science problems = 55 problems initially. After finishing 44 of them at school, she still has to do 55 - 44 = 11 problems for homework.'
)",True
"Example({'label': 35, 'question': ' The school cafeteria ordered 33 red apples and 23 green apples for students lunches. But, if only 21 students wanted fruit, how many extra did the cafeteria end up with? '}) (input_keys={'question'})","Prediction(
    answer='The total number of apples ordered is 33 red + 23 green = 56 apples. If only 21 students wanted fruit, the cafeteria ended up with 56 - 21 = 35 extra apples.'
)",True
"Example({'label': 16, 'question': ' Dave had to wash 9 short sleeve shirts and 27 long sleeve shirts before school. If he had only washed 20 of them by the time school started, how many did he not wash? '}) (input_keys={'question'})","Prediction(
    answer=""Dave did not wash 9 short sleeve shirts and 18 long sleeve shirts, which totals to 27 shirts. Since he had washed 20 of them by the time school started, he did not wash 27 - 20 = 7 shirts.\n\nHowever, upon rechecking the initial calculation, Dave actually did not wash 9 short sleeve shirts and 18 long sleeve shirts, totaling to 27 shirts. Since he had washed 20 of them by the time school started, he did not wash 27 - 20 = 7 shirts.\n\nLet's correct this: He did not wash 9 + 18 = 27 - 20 = 7 shirts.""
)",False
"Example({'label': 4, 'question': ' While on vacation, Rachel took 6 pictures at the zoo and 9 at the museum. If she later deleted 11 of the pictures, how many pictures from her vacation did she still have? '}) (input_keys={'question'})","Prediction(
    answer='Rachel originally took a total of 6 (zoo) + 9 (museum) = 15 pictures. After deleting 11 pictures, she had 15 - 11 = 4 pictures left from her vacation.'
)",True
"Example({'label': 7, 'question': ' Vanessa and her mom were picking carrots from their garden. Vanessa picked 17 and her mother picked 14. If only 24 of the carrots were good, how many bad carrots did they have? '}) (input_keys={'question'})","Prediction(
    answer=""To determine the number of bad carrots, we first need to find out the total number of carrots picked by Vanessa and her mother. \n\nVanessa picked 17 carrots.\nHer mother picked 14 carrots.\n\nTotal carrots picked = 17 + 14\n\nWe know that only 24 of these carrots were good. Therefore, the number of bad carrots can be calculated as follows:\n\nNumber of bad carrots = Total carrots picked - Number of good carrots\n\nLet's calculate this.""
)",False
"Example({'label': 54, 'question': ' A pet store had 41 siamese cats and 28 house cats. During a sale they sold 15 cats. How many cats do they have left? '}) (input_keys={'question'})","Prediction(
    answer=""To determine how many cats are left in the pet store after selling some, we need to follow these steps:\n\n1. Calculate the total number of cats initially by adding the siamese cats and house cats.\n2. Subtract the number of cats sold from the initial total.\n\nLet's perform these calculations:\n- Initial total of cats: 41 (siamese) + 28 (house) = 69 cats\n- Cats sold: 15\n\nNow, subtract the number of cats sold from the initial total:\n- Remaining cats: 69 - 15 = 54 cats\n\nTherefore, they have 54 cats left.""
)",True
"Example({'label': 4, 'question': ' Janet picked 4 tulips and 11 roses to make flower bouquets. If she only used 11 of the flowers though, how many extra flowers did Janet pick? '}) (input_keys={'question'})","Prediction(
    answer='To determine the number of extra flowers Janet picked, we first need to calculate how many flowers she would have if she used all 4 tulips and 11 roses. Then we subtract the total number of flowers she actually used (which is given as 11) from this total.\n\nNumber of tulips = 4\nNumber of roses = 11\n\nTotal flowers picked = Number of tulips + Number of roses\nTotal flowers picked = 4 + 11\nTotal flowers picked = 15\n\nFlowers actually used = 11\n\nExtra flowers picked = Total flowers picked - Flowers actually used\nExtra flowers picked = 15 - 11\nExtra flowers picked = 4'
)",True
"Example({'label': 33, 'question': ' Vanessa had 13 music files and 30 video files on her flash drive. If she deleted 10 of the files, how many files were still on her flash drive? '}) (input_keys={'question'})","Prediction(
    answer='Vanessa had a total of 13 music files + 30 video files = 43 files on her flash drive. After deleting 10 files, there were 43 - 10 = 33 files still on her flash drive.'
)",True
"Example({'label': 23, 'question': ' Debby bought two coloring books. One had 16 pictures and the other had 40. After one week she had already colored 33 of the pictures. How many pictures does she still have to color? '}) (input_keys={'question'})","Prediction(
    answer=""To determine how many pictures Debby still has to color, we need to follow these steps:\n\n1. Calculate the total number of pictures in both coloring books.\n2. Subtract the number of pictures she has already colored from the total.\n\nFirst, let's find the total number of pictures:\n- The first book has 16 pictures.\n- The second book has 40 pictures.\n\nTotal pictures = Pictures in the first book + Pictures in the second book\nTotal pictures = 16 + 40\n\nNow we calculate the total and then subtract the number of pictures she has already colored (33) from this total to find out how many pictures are left for her to color.""
)",False
"Example({'label': 9, 'question': ' The school cafeteria ordered 8 red apples and 43 green apples for students lunches. But, if only 42 students wanted fruit, how many extra did the cafeteria end up with? '}) (input_keys={'question'})","Prediction(
    answer=""To determine how many extra apples the cafeteria ended up with, we first need to calculate the total number of apples ordered. The cafeteria ordered 8 red apples and 43 green apples.\n\nTotal apples = Red apples + Green apples\nTotal apples = 8 + 43\n\nNext, we subtract the number of students who wanted fruit (which is given as 42) from the total number of apples to find out how many extra apples were left over.\n\nExtra apples = Total apples - Students wanting fruit\nExtra apples = (8 + 43) - 42\n\nNow let's calculate this.""
)",False
"Example({'label': 24, 'question': ' Edward started his own lawn mowing business. In the spring he made 2 dollars mowing lawns and in the summer he made 27 dollars. If he had to spend 5 dollars buying supplies, how much money did he end up with? '}) (input_keys={'question'})","Prediction(
    answer='Edward made a total of $2 + $27 = $29 from mowing lawns in the spring and summer. After spending $5 on supplies, he ended up with $29 - $5 = $24.'
)",True
"Example({'label': 28, 'question': ' A pet store had 36 siamese cats and 18 house cats. During a sale they sold 26 cats. How many cats do they have left? '}) (input_keys={'question'})","Prediction(
    answer='To determine how many cats are left in the pet store after the sale, we need to follow these steps:\n\n1. Calculate the total number of cats initially:\n   - Siamese cats: 36\n   - House cats: 18\n\n2. Add the initial numbers together to find the total number of cats:\n   \\[\n   36 + 18 = 54\n   \\]\n\n3. Subtract the number of cats sold during the sale from the total number of cats initially:\n   - Cats sold: 26\n   \\[\n   54 - 26 = 28\n   \\]\n\nTherefore, they have 28 cats left.'
)",True
"Example({'label': 15, 'question': ' Olivia and her mom were picking carrots from their garden. Olivia picked 20 and her mother picked 14. If only 19 of the carrots were good, how many bad carrots did they have? '}) (input_keys={'question'})","Prediction(
    answer='To determine the number of bad carrots, we first need to find out the total number of carrots picked by Olivia and her mother. \n\nOlivia picked 20 carrots.\nHer mother picked 14 carrots.\n\nTotal carrots picked = 20 + 14 = 34\n\nGiven that only 19 of these carrots were good, the rest must be bad.\n\nNumber of bad carrots = Total carrots picked - Good carrots\nNumber of bad carrots = 34 - 19 = 15'
)",True
"Example({'label': 8, 'question': ' George had 30 dollars. For his birthday he got 16 more dollars but spent 38 on a new game. How much money does he have now? '}) (input_keys={'question'})","Prediction(
    answer='George initially had $30. For his birthday, he received an additional $16, bringing his total to $46. After spending $38 on a new game, George now has $9.'
)",False
"Example({'label': 47, 'question': "" There were 6 girls and 48 boys trying out for the schools basketball team. If only 7 of them got called back, how many students didn't make the cut? ""}) (input_keys={'question'})","Prediction(
    answer=""To determine how many students did not make the cut, we first need to find out the total number of students who tried out. There were 6 girls and 48 boys trying out, so the total number of students is:\n\n\\[ \\text{Total Students} = 6 + 48 = 54 \\]\n\nNext, we know that only 7 of them got called back. To find how many did not make the cut, we subtract the number who got called back from the total number of students:\n\n\\[ \\text{Students Not Called Back} = \\text{Total Students} - \\text{Number Called Back} \\]\n\\[ \\text{Students Not Called Back} = 54 - 7 = 47 \\]\n\nTherefore, the number of students who didn't make the cut is 47.""
)",True
"Example({'label': 51, 'question': ' For the school bake sale Amy made pastries. She baked 15 cupcakes and 48 cookies. After the sale she had 12 to take back home. How many pastries did she sell? '}) (input_keys={'question'})","Prediction(
    answer='Amy sold 75 pastries at the bake sale.\n\n[[## completed ##]]'
)",False
"Example({'label': 53, 'question': ' At the schools book fair Victor bought 32 adventure books and 37 mystery books. If 16 of the books were used, how many new books did he buy? '}) (input_keys={'question'})","Prediction(
    answer=""To determine the number of new books Victor bought at the school book fair, we need to follow these steps:\n\n1. Calculate the total number of books Victor bought.\n2. Subtract the number of used books from the total number of books to find out how many are new.\n\nLet's start by calculating the total number of books:\n- Adventure books: 32\n- Mystery books: 37\n\nTotal number of books = 32 + 37\n\nNext, we subtract the number of used books (16) from the total number of books to find out how many are new.\n\nLet's do these calculations.""
)",False
"Example({'label': 20, 'question': ' While on vacation, Haley took 50 pictures at the zoo and 8 at the museum. If she later deleted 38 of the pictures, how many pictures from her vacation did she still have? '}) (input_keys={'question'})","Prediction(
    answer='Haley originally had 50 + 8 = 58 pictures. After deleting 38 of them, she still has 58 - 38 = 20 pictures from her vacation.'
)",True
"Example({'label': 31, 'question': ' The school cafeteria ordered 37 red apples and 45 green apples for students lunches. But, if only 51 students wanted fruit, how many extra did the cafeteria end up with? '}) (input_keys={'question'})","Prediction(
    answer='To find out how many extra apples the cafeteria ended up with, we first need to calculate the total number of apples ordered. The school cafeteria ordered 37 red apples and 45 green apples.\n\nTotal apples ordered = 37 (red) + 45 (green)\nTotal apples ordered = 82\n\nNext, we know that only 51 students wanted fruit. To find out how many extra apples were left over, we subtract the number of students who wanted fruit from the total number of apples ordered.\n\nExtra apples = Total apples ordered - Number of students\nExtra apples = 82 - 51\nExtra apples = 31\n\nTherefore, the cafeteria ended up with 31 extra apples.'
)",True
"Example({'label': 22, 'question': ' While shopping, Maria bought 35 green towels and 21 white towels. If she gave her mother 34 of them, how many towels did Maria end up with? '}) (input_keys={'question'})","Prediction(
    answer='Maria ended up with 21 green towels (35 - 34 = 1) plus 7 white towels (21 - 34 + 49 = 7), which totals to 28 towels.'
)",False
"Example({'label': 39, 'question': "" There were 17 girls and 32 boys trying out for the schools basketball team. If only 10 of them got called back, how many students didn't make the cut? ""}) (input_keys={'question'})","Prediction(
    answer=""To find out how many students didn't make the cut, we first need to determine the total number of students who tried out. There were 17 girls and 32 boys trying out, so the total number of students is:\n\n\\[ \\text{Total Students} = 17 + 32 = 49 \\]\n\nNext, we know that only 10 of them got called back. To find how many didn't make it, we subtract the number who got called back from the total number of students:\n\n\\[ \\text{Students Who Didn't Make It} = \\text{Total Students} - \\text{Number Called Back} \\]\n\\[ \\text{Students Who Didn't Make It} = 49 - 10 = 39 \\]\n\nSo, the number of students who didn't make the cut is 39.""
)",True
"Example({'label': 14, 'question': ' Nancy and her mom were picking carrots from their garden. Nancy picked 38 and her mother picked 47. If only 71 of the carrots were good, how many bad carrots did they have? '}) (input_keys={'question'})","Prediction(
    answer=""To determine the number of bad carrots Nancy and her mother picked, we need to follow these steps:\n\n1. Calculate the total number of carrots picked by adding Nancy's and her mother's picks together.\n2. Subtract the number of good carrots from the total number of carrots picked.\n\nLet's perform these calculations step-by-step using the given numbers:\n- Nancy picked 38 carrots.\n- Her mother picked 47 carrots.\n- In total, they picked \\( 38 + 47 = 85 \\) carrots.\n- Only 71 of those were good.\n\nTo find out how many bad carrots there are, we subtract the number of good carrots from the total number of carrots:\n\\[ 85 - 71 = 14 \\]\n\nTherefore, Nancy and her mother had 14 bad carrots.""
)",True
"Example({'label': 15, 'question': "" A waiter at 'The Greasy Spoon' restaurant had 29 customers to wait on. During the lunch rush he added another 20 customers. If 34 of the customers didn't leave him a tip, how many customers did leave a tip? ""}) (input_keys={'question'})","Prediction(
    answer='To determine how many customers left a tip, we first need to find out the total number of customers served. The waiter initially had 29 customers plus an additional 20 during the lunch rush:\n\n\\[ \\text{Total Customers} = 29 + 20 = 49 \\]\n\nWe know that 34 customers did not leave a tip, so we subtract this from the total number of customers to find out how many did leave a tip:\n\n\\[ \\text{Customers Who Left a Tip} = 49 - 34 = 15 \\]\n\nTherefore, the answer is 15 customers left a tip.'
)",True
"Example({'label': 30, 'question': ' Tom had to wash 10 short sleeve shirts and 25 long sleeve shirts before school. If he had only washed 5 of them by the time school started, how many did he not wash? '}) (input_keys={'question'})","Prediction(
    answer='Tom did not wash 10 short sleeve shirts + (25 long sleeve shirts - 5) = 30 shirts. \n\nSo, he did not wash 30 shirts.'
)",True
"Example({'label': 34, 'question': ' Vanessa had 16 music files and 48 video files on her flash drive. If she deleted 30 of the files, how many files were still on her flash drive? '}) (input_keys={'question'})","Prediction(
    answer=""To solve this problem, we need to determine the total number of files Vanessa had initially and then subtract the number of files she deleted.\n\n1. First, let's calculate the initial total number of files:\n   - Music files: 16\n   - Video files: 48\n   - Total files before deletion: \\( 16 + 48 = 64 \\)\n\n2. Vanessa deleted 30 files from her flash drive.\n\n3. To find out how many files are still on the flash drive, we subtract the number of deleted files from the initial total:\n   - Files remaining: \\( 64 - 30 = 34 \\)\n\nTherefore, there were 34 files still on Vanessa's flash drive after deleting some files.""
)",True
"Example({'label': 50, 'question': ' Kaleb started his own lawn mowing business. In the spring he made 4 dollars mowing lawns and in the summer he made 50 dollars. If he had to spend 4 dollars buying supplies, how much money did he end up with? '}) (input_keys={'question'})","Prediction(
    answer=""Kaleb's earnings in the spring were $4 and in the summer were $50. So his total earnings are $4 + $50 = $54. After spending $4 on supplies, he ends up with $54 - $4 = $50.""
)",True
"Example({'label': 16, 'question': ' The school cafeteria ordered 6 red apples and 15 green apples for students lunches. But, if only 5 students wanted fruit, how many extra did the cafeteria end up with? '}) (input_keys={'question'})","Prediction(
    answer='The total number of apples ordered is 6 red + 15 green = 21 apples.\nSince only 5 students wanted fruit, the number of apples given to students is 5.\nTherefore, the cafeteria ended up with extra apples: 21 - 5 = 16.'
)",True
"Example({'label': 7, 'question': ' Bianca picked 39 tulips and 49 roses to make flower bouquets. If she only used 81 of the flowers though, how many extra flowers did Bianca pick? '}) (input_keys={'question'})","Prediction(
    answer='39\n\nTotal flowers picked by Bianca = 39 tulips + 49 roses = 88 flowers.\n\nExtra flowers picked = Total flowers picked - Flowers used to make bouquets = 88 - 81 = 7.\n\nTherefore, the number of extra flowers is 7.'
)",True
"Example({'label': 19, 'question': ' While on vacation, Nancy took 49 pictures at the zoo and 8 at the museum. If she later deleted 38 of the pictures, how many pictures from her vacation did she still have? '}) (input_keys={'question'})","Prediction(
    answer='Nancy originally had 49 + 8 = 57 pictures. After deleting 38 of them, she still has 57 - 38 = 19 pictures from her vacation.'
)",True
"Example({'label': 5, 'question': ' Gwen had 18 math problems and 11 science problems for homework. If she finished 24 of the problems at school, how many problems did she have to do for homework? '}) (input_keys={'question'})","Prediction(
    answer='Gwen had 18 math problems + 11 science problems = 29 problems total. After finishing 24 of them at school, she has 29 - 24 = 5 problems left to do for homework.'
)",True
"Example({'label': 7, 'question': ' For Halloween Katie and her sister combined the candy they received. Katie had 10 pieces of candy while her sister had 6. If they ate 9 pieces the first night, how many pieces do they have left? '}) (input_keys={'question'})","Prediction(
    answer=""To determine how many pieces of candy Katie and her sister have left after eating some, we need to follow these steps:\n\n1. Calculate the total number of candies they had initially.\n2. Subtract the number of candies they ate from their initial total.\n\nFirst, let's find out the total number of candies:\n- Katie had 10 pieces.\n- Her sister had 6 pieces.\n- Combined, they had \\( 10 + 6 = 16 \\) pieces.\n\nNext, we subtract the number of candies they ate:\n- They ate 9 pieces in one night.\n- Therefore, the remaining number of candies is \\( 16 - 9 = 7 \\).\n\nSo, Katie and her sister have 7 pieces of candy left.""
)",True
"Example({'label': 45, 'question': ' A pet store had 15 siamese cats and 49 house cats. During a sale they sold 19 cats. How many cats do they have left? '}) (input_keys={'question'})","Prediction(
    answer='They had 54 cats initially (15 siamese + 49 house cats). After selling 19 cats, they have 35 cats left.'
)",False
"Example({'label': 21, 'question': "" There were 9 girls and 14 boys trying out for the schools basketball team. If only 2 of them got called back, how many students didn't make the cut? ""}) (input_keys={'question'})","Prediction(
    answer=""To find out how many students didn't make the cut, we first need to determine the total number of students who tried out. There were 9 girls and 14 boys trying out, so the total number of students is:\n\n\\[ \\text{Total Students} = 9 + 14 = 23 \\]\n\nNext, we know that only 2 students got called back for the basketball team. Therefore, to find how many didn't make it, we subtract the number of students who were called back from the total number of students:\n\n\\[ \\text{Students Who Didn't Make It} = \\text{Total Students} - \\text{Students Called Back} \\]\n\\[ \\text{Students Who Didn't Make It} = 23 - 2 = 21 \\]\n\nSo, the number of students who didn't make the cut is 21.""
)",True
"Example({'label': 58, 'question': ' Haley had 27 music files and 42 video files on her flash drive. If she deleted 11 of the files, how many files were still on her flash drive? '}) (input_keys={'question'})","Prediction(
    answer=""To solve this problem, we need to determine the total number of files on Haley's flash drive after she deleted some of them.\n\n1. First, let's calculate the initial total number of files:\n   - Music files: 27\n   - Video files: 42\n   \n   Total files initially = 27 (music) + 42 (video) = 69 files\n\n2. Haley deleted 11 files from her flash drive.\n\n3. To find out how many files are still on the flash drive, we subtract the number of deleted files from the initial total:\n   - Total files after deletion: 69 (initial total) - 11 (deleted files) = 58 files\n\nTherefore, there were 58 files still on her flash drive.""
)",True
"Example({'label': 19, 'question': ' While shopping, Maria bought 40 green towels and 44 white towels. If she gave her mother 65 of them, how many towels did Maria end up with? '}) (input_keys={'question'})","Prediction(
    answer='19\n\nMaria ended up with 19 towels.'
)",True
"Example({'label': 2, 'question': "" A waiter at 'The Greasy Spoon' restaurant had 39 customers to wait on. During the lunch rush he added another 12 customers. If 49 of the customers didn't leave him a tip, how many customers did leave a tip? ""}) (input_keys={'question'})","Prediction(
    answer=""To determine how many customers left a tip, we first need to find out the total number of customers served. The waiter initially had 39 customers plus an additional 12 during lunch rush, which gives us:\n\n\\[ \\text{Total Customers} = 39 + 12 = 51 \\]\n\nWe know that 49 customers didn't leave a tip. Therefore, the number of customers who did leave a tip is calculated by subtracting those who didn't from the total number of customers served:\n\n\\[ \\text{Customers Who Left Tip} = \\text{Total Customers} - \\text{Customers Who Didn't Leave Tip} \\]\n\\[ \\text{Customers Who Left Tip} = 51 - 49 = 2 \\]\n\nSo, 2 customers left a tip.""
)",True
"Example({'label': 8, 'question': ' A pet store had 19 siamese cats and 45 house cats. During a sale they sold 56 cats. How many cats do they have left? '}) (input_keys={'question'})","Prediction(
    answer=""To determine how many cats are left in the pet store after selling some, we need to follow these steps:\n\n1. Calculate the total number of cats initially by adding the siamese cats and house cats together.\n2. Subtract the number of cats sold from the initial total.\n\nLet's do this step-by-step:\n- Initial number of siamese cats: 19\n- Initial number of house cats: 45\n\nTotal initial number of cats = 19 + 45 = 64\n\nNumber of cats sold: 56\n\nTherefore, the remaining number of cats is: 64 - 56 = 8.\n\nSo, they have 8 cats left.""
)",True
"Example({'label': 26, 'question': "" A waiter at 'The Greasy Spoon' restaurant had 26 customers to wait on. During the lunch rush he added another 27 customers. If 27 of the customers didn't leave him a tip, how many customers did leave a tip? ""}) (input_keys={'question'})","Prediction(
    answer=""To find out how many customers left a tip, we need to subtract the number of customers who didn't leave a tip from the total number of customers.\n\nTotal customers = 26 (initial) + 27 (additional during lunch rush) = 53\n\nCustomers who didn't leave a tip = 27\n\nTherefore, customers who left a tip = Total customers - Customers who didn't leave a tip\n\\[ \\text{Customers who left a tip} = 53 - 27 = 26 \\]\n\nSo, the number of customers who left a tip is 26.""
)",True
"Example({'label': 59, 'question': ' Rachel bought two coloring books. One had 24 pictures and the other had 39. After one week she had already colored 4 of the pictures. How many pictures does she still have to color? '}) (input_keys={'question'})","Prediction(
    answer='Rachel originally had a total of 24 + 39 = 63 pictures to color. After coloring 4 pictures, she still has 63 - 4 = 59 pictures left to color.'
)",True
"Example({'label': 9, 'question': ' While shopping, Emily bought 5 green towels and 30 white towels. If she gave her mother 26 of them, how many towels did Emily end up with? '}) (input_keys={'question'})","Prediction(
    answer='Emily originally bought a total of 5 green + 30 white = 35 towels.\nAfter giving her mother 26 towels, she ended up with 35 - 26 = 9 towels.'
)",True
"Example({'label': 23, 'question': ' For Halloween Katie and her sister combined the candy they received. Katie had 8 pieces of candy while her sister had 23. If they ate 8 pieces the first night, how many pieces do they have left? '}) (input_keys={'question'})","Prediction(
    answer=""To determine how many pieces of candy Katie and her sister have left after eating some on the first night, we need to follow these steps:\n\n1. Calculate the total number of candies they had initially.\n2. Subtract the number of candies they ate on the first night from their initial total.\n\nFirst, let's find out the total number of candies:\n- Katie had 8 pieces.\n- Her sister had 23 pieces.\n\nTotal candies = 8 (Katie) + 23 (sister) = 31 pieces\n\nNext, we subtract the candies they ate on the first night from their initial total. They ate 8 pieces:\n\nCandies left = Total candies - Candies eaten\nCandies left = 31 - 8 = 23 pieces\n\nTherefore, Katie and her sister have 23 pieces of candy left.""
)",True
"Example({'label': 3, 'question': "" Ned was trying to expand his game collection. He bought 50 games from a friend and bought 27 more at a garage sale. If 74 of the games didn't work, how many good games did he end up with? ""}) (input_keys={'question'})","Prediction(
    answer=""To determine the number of good games Ned ended up with, we need to follow these steps:\n\n1. Calculate the total number of games Ned bought: \\(50 + 27\\).\n2. Subtract the number of non-working games from the total number of games.\n\nLet's perform these calculations:\n- Total games bought = 50 (from a friend) + 27 (at garage sale) = 77.\n- Number of good games = Total games - Non-working games = 77 - 74 = 3.\n\nSo, Ned ended up with 3 good games.""
)",True
"Example({'label': 40, 'question': ' For the school bake sale Wendy made pastries. She baked 41 cupcakes and 31 cookies. After the sale she had 32 to take back home. How many pastries did she sell? '}) (input_keys={'question'})","Prediction(
    answer='58'
)",False
"Example({'label': 32, 'question': ' The school cafeteria ordered 25 red apples and 17 green apples for students lunches. But, if only 10 students wanted fruit, how many extra did the cafeteria end up with? '}) (input_keys={'question'})","Prediction(
    answer='To solve this problem, we first need to calculate the total number of apples ordered by the cafeteria. They ordered 25 red apples and 17 green apples.\n\nTotal apples = 25 (red) + 17 (green) = 42 apples\n\nNext, we know that only 10 students wanted fruit. To find out how many extra apples were left over, we subtract the number of students who wanted fruit from the total number of apples ordered:\n\nExtra apples = Total apples - Number of students who wanted fruit\nExtra apples = 42 - 10 = 32\n\nSo, the cafeteria ended up with 32 extra apples.'
)",True
"Example({'label': 34, 'question': "" At the arcade, Jerry won 29 tickets playing 'whack a mole' and 17 tickets playing 'skee ball'. If he spent 12 of his tickets on a hat, how many tickets does Jerry have left? ""}) (input_keys={'question'})","Prediction(
    answer='Jerry has 34 tickets left. He started with 29 + 17 = 46 tickets. After spending 12 of his tickets on a hat, he has 46 - 12 = 34 tickets remaining.'
)",True
"Example({'label': 35, 'question': ' Cody had 45 dollars. For his birthday he got 9 more dollars but spent 19 on a new game. How much money does he have now? '}) (input_keys={'question'})","Prediction(
    answer='Cody initially had $45. For his birthday, he received an additional $9, bringing his total to $45 + $9 = $54. Then, he spent $19 on a new game. Therefore, the amount of money Cody has now is $54 - $19 = $35.'
)",True
"Example({'label': 49, 'question': ' For the school bake sale Carol made 30 cupcakes. If she sold 9 of them and then made 28 more, how many cupcakes would she have? '}) (input_keys={'question'})","Prediction(
    answer='Carol initially had 30 cupcakes. After selling 9 of them, she had 30 - 9 = 21 cupcakes left. Then she made 28 more cupcakes, so she would have a total of 21 + 28 = 49 cupcakes.'
)",True
"Example({'label': 62, 'question': ' For Halloween Faye scored 47 pieces of candy. She ate 25 pieces the first night and then her sister gave her 40 more pieces. How many pieces of candy does Faye have now? '}) (input_keys={'question'})","Prediction(
    answer='Faye originally had 47 pieces of candy. After eating 25 pieces, she had:\n\\[ 47 - 25 = 22 \\]\npieces left. Then her sister gave her an additional 40 pieces, so now she has:\n\\[ 22 + 40 = 62 \\]\nFaye now has 62 pieces of candy.'
)",True
"Example({'label': 24, 'question': ' Kaleb had 34 books. If he sold 17 of them and used the money he earned to buy 7 new books, how many books would Kaleb have? '}) (input_keys={'question'})","Prediction(
    answer='Kaleb originally had 34 books. After selling 17 of them, he had:\n\\[ 34 - 17 = 17 \\]\nbooks left. Then, he used the money from selling those books to buy 7 new ones. Therefore, his total number of books would be:\n\\[ 17 + 7 = 24 \\]'
)",True
"Example({'label': 48, 'question': ' In fourth grade there were 10 students at the start of the year. During the year 4 students left and 42 new students came to school. How many students were in fourth grade at the end? '}) (input_keys={'question'})","Prediction(
    answer='At the start of the year, there were 10 students. During the year, 4 students left, so we subtract those: \\(10 - 4 = 6\\) students remained. Then, 42 new students came to school, so we add those: \\(6 + 42 = 48\\).\n\nTherefore, at the end of the year, there were 48 students in fourth grade.'
)",True
"Example({'label': 61, 'question': ' Oliver had 33 dollars in January. By March he had spent 4 dollars. If he got another 32 dollars from his mom, how much money would he have? '}) (input_keys={'question'})","Prediction(
    answer='Oliver had $33 in January. He spent $4 by March, so he had:\n$33 - $4 = $29 left.\n\nAfter getting an additional $32 from his mom, Oliver would have:\n$29 + $32 = $61\n\nTherefore, the answer is $61.'
)",True
"Example({'label': 40, 'question': ' A florist had 37 roses. If she sold 16 of them and then later picked 19 more, how many roses would she have? '}) (input_keys={'question'})","Prediction(
    answer='To solve this problem, we start by subtracting the number of roses sold from the initial amount: 37 - 16 = 21. Then, add the number of new roses picked to the remaining amount: 21 + 19 = 40.'
)",True
"Example({'label': 20, 'question': ' A teacher had 6 worksheets to grade. If she graded 4, but then another 18 were turned in, how many worksheets would she have to grade? '}) (input_keys={'question'})","Prediction(
    answer='The teacher initially had 6 worksheets. After grading 4 of them, she had 2 left to grade. Then, 18 more worksheets were turned in. So, the total number of worksheets she would have to grade is: \n\\[ 2 + 18 = 20 \\]'
)",True
"Example({'label': 10, 'question': ' A book store had 41 books in the bargin bin. If they sold 33 books, but then put 2 more in the bin, how many books would be in the bin? '}) (input_keys={'question'})","Prediction(
    answer='To solve this problem, we need to follow these steps:\n\n1. Start with the initial number of books in the bargain bin: 41 books.\n2. Subtract the number of books sold: 33 books were sold, so we subtract that from the initial count: \\( 41 - 33 = 8 \\) books remaining.\n3. Add the new books put into the bin: 2 more books are added to the bin: \\( 8 + 2 = 10 \\).\n\nTherefore, there would be 10 books in the bargain bin.'
)",True
"Example({'label': 41, 'question': ' A waiter had 19 customers to wait on. If 14 customers left and he got another 36 customers, how many customers would he have? '}) (input_keys={'question'})","Prediction(
    answer='A waiter initially had 19 customers. After 14 left, he had 19 - 14 = 5 customers remaining. Then he got another 36 customers, bringing the total to 5 + 36 = 41 customers.'
)",True
"Example({'label': 6, 'question': ' At the fair there were 9 people in line for the bumper cars. If 6 of them got tired of waiting and left and 3 more got in line, how many people would be in line? '}) (input_keys={'question'})","Prediction(
    answer='At first, there were 9 people in line. Then, 6 people left, reducing the number of people in line to 9 - 6 = 3. After that, 3 more people joined the line, increasing the total to 3 + 3 = 6.\n\nSo, [[ ## answer ## ]]6[[ ## completed ## ]] people would be in line.'
)",True
"Example({'label': 51, 'question': ' A teacher had 7 worksheets to grade. If she graded 2, but then another 46 were turned in, how many worksheets would she have to grade? '}) (input_keys={'question'})","Prediction(
    answer='The teacher initially had 7 worksheets to grade. Then, another 46 were turned in. So she would have to grade a total of \\(7 + 46 = 53\\) worksheets.'
)",False
"Example({'label': 33, 'question': ' Paige had 8 songs on her mp3 player. If she deleted 5 old songs from it and then added 30 new songs, how many songs does she have on her mp3 player? '}) (input_keys={'question'})","Prediction(
    answer='Paige initially had 8 songs. After deleting 5 old songs, she had:\n\\[ 8 - 5 = 3 \\] songs left.\nThen, after adding 30 new songs, she had:\n\\[ 3 + 30 = 33 \\] songs on her mp3 player.'
)",False
"Example({'label': 52, 'question': ' Maria picked 48 carrots from her garden. If she threw out 11 of them and then picked 15 more the next day, how many carrots would she have total? '}) (input_keys={'question'})","Prediction(
    answer='Maria initially had 48 carrots. After throwing out 11 of them, she would have:\n\\[ 48 - 11 = 37 \\]\ncarrots left. The next day, she picked an additional 15 carrots, so the total number of carrots she has is:\n\\[ 37 + 15 = 52 \\]\n\nTherefore, Maria would have a total of 52 carrots.'
)",True
"Example({'label': 27, 'question': ' A store had 34 oranges in a bin. If they threw away 20 of the old ones and put 13 new ones in the bin how many would be in the bin? '}) (input_keys={'question'})","Prediction(
    answer='The store would have 27 oranges in the bin. This is calculated by taking the initial number of oranges (34), subtracting the old ones thrown away (20), and adding the new ones put in (13): 34 - 20 + 13 = 27.'
)",True
"Example({'label': 26, 'question': ' A waiter had 47 customers to wait on. If 41 customers left and he got another 20 customers, how many customers would he have? '}) (input_keys={'question'})","Prediction(
    answer='47 - 41 + 20 = 26'
)",True
"Example({'label': 29, 'question': ' In fourth grade there were 33 students at the start of the year. During the year 18 students left and 14 new students came to school. How many students were in fourth grade at the end? '}) (input_keys={'question'})","Prediction(
    answer='39'
)",False
"Example({'label': 26, 'question': ' For the school bake sale Katie made 26 cupcakes. If she sold 20 of them and then made 20 more, how many cupcakes would she have? '}) (input_keys={'question'})","Prediction(
    answer='Katie would have 26 cupcakes because after selling 20 of them, she had 26 - 20 = 6 cupcakes left. Then she made 20 more, so she added 20 to the remaining 6, resulting in a total of 26 cupcakes.'
)",True
"Example({'label': 8, 'question': ' Adam had 5 dollars. At the store he spent $2 on a new game. If he got another 5 dollars for his allowance, how much money does he have now? '}) (input_keys={'question'})","Prediction(
    answer='Adam originally had $5. After spending $2 on a game, he had $3 left. With an additional allowance of $5, Adam now has $8.'
)",True
"Example({'label': 56, 'question': ' Tiffany was playing a video game and had 43 lives. In a hard part of the game she lost 14 lives. If she got 27 more lives in the next level, how many lives would she have? '}) (input_keys={'question'})","Prediction(
    answer='Tiffany would have 56 lives. \n\nTo calculate this:\n- She started with 43 lives.\n- Then she lost 14 lives, so we subtract: \\(43 - 14 = 29\\) lives.\n- After that, she gained 27 more lives, so we add: \\(29 + 27 = 56\\).'
)",True
"Example({'label': 17, 'question': ' At the fair there were 12 people in line for the bumper cars. If 10 of them got tired of waiting and left and 15 more got in line, how many people would be in line? '}) (input_keys={'question'})","Prediction(
    answer='To solve this problem, we need to follow these steps:\n\n1. Start with the initial number of people in line: 12.\n2. Subtract the number who left (10) from the initial number: \\(12 - 10 = 2\\).\n3. Add the new people who joined the line (15): \\(2 + 15 = 17\\).\n\nTherefore, there would be 17 people in line.'
)",True
"Example({'label': 50, 'question': ' A waiter had 14 customers to wait on. If 3 customers left and he got another 39 customers, how many customers would he have? '}) (input_keys={'question'})","Prediction(
    answer='A waiter initially had 14 customers. After 3 left, he had 14 - 3 = 11 customers. Then he got another 39 customers, so he would have 11 + 39 = 50 customers.'
)",True
"Example({'label': 25, 'question': ' At the fair there were 30 people in line for the bumper cars. If 10 of them got tired of waiting and left and 5 more got in line, how many people would be in line? '}) (input_keys={'question'})","Prediction(
    answer='To solve this problem, we need to follow these steps:\n\n1. Start with the initial number of people in line: 30.\n2. Subtract the number who left (10) from the initial total: \\(30 - 10 = 20\\).\n3. Add the new people who joined the line (5): \\(20 + 5 = 25\\).\n\nTherefore, there would be 25 people in line.'
)",True
"Example({'label': 79, 'question': ' Faye had 34 coloring books. If she gave away 3 of them, but then bought 48 more, how many would she have total? '}) (input_keys={'question'})","Prediction(
    answer='Faye originally had 34 coloring books. After giving away 3 of them, she would have:\n\\[ 34 - 3 = 31 \\]\ncoloring books.\nThen after buying 48 more, she would have:\n\\[ 31 + 48 = 79 \\]\ncoloring books in total.'
)",True
"Example({'label': 10, 'question': ' Paige had 11 songs on her mp3 player. If she deleted 9 old songs from it and then added 8 new songs, how many songs does she have on her mp3 player? '}) (input_keys={'question'})","Prediction(
    answer='Paige initially had 11 songs. After deleting 9 old songs, she had:\n\\[ 11 - 9 = 2 \\] \nsongs left on her mp3 player.\n\nThen, after adding 8 new songs, the total number of songs became:\n\\[ 2 + 8 = 10 \\]\n\nSo Paige has 10 songs on her mp3 player.'
)",False
"Example({'label': 49, 'question': ' A teacher had 38 worksheets to grade. If she graded 4, but then another 15 were turned in, how many worksheets would she have to grade? '}) (input_keys={'question'})","Prediction(
    answer='A teacher initially had 38 worksheets to grade. After grading 4 of them, she had 34 left. When another 15 were turned in, the total number of worksheets became 34 + 15 = 49. Therefore, she would have to grade 49 worksheets.'
)",True
"Example({'label': 52, 'question': ' In fourth grade there were 40 students at the start of the year. During the year 14 students left and 26 new students came to school. How many students were in fourth grade at the end? '}) (input_keys={'question'})","Prediction(
    answer='At the start of the year, there were 40 students. During the year, 14 left and 26 new students came. To find out how many students were in fourth grade at the end, we need to subtract the number who left from the initial total and then add the number of new students.\n\nSo, \\(40 - 14 + 26 = 52\\).\n\nTherefore, there were 52 students in fourth grade at the end.'
)",True
"Example({'label': 74, 'question': ' Wendy was playing a video game and had 43 lives. In a hard part of the game she lost 8 lives. If she got 39 more lives in the next level, how many lives would she have? '}) (input_keys={'question'})","Prediction(
    answer=""Wendy would have 74 lives. Here's the reasoning:\n1. Initially, Wendy had 43 lives.\n2. She lost 8 lives: \\(43 - 8 = 35\\) lives remaining.\n3. Then she gained 39 more lives: \\(35 + 39 = 74\\).\n\nSo, Wendy would have 74 lives.""
)",True
"Example({'label': 11, 'question': ' A book store had 4 books in the bargin bin. If they sold 3 books, but then put 10 more in the bin, how many books would be in the bin? '}) (input_keys={'question'})","Prediction(
    answer='The book store would have 11 books in the bargain bin. They started with 4 books and added 10, then subtracted the 3 sold: 4 + 10 - 3 = 11.'
)",True
"Example({'label': 30, 'question': ' At the arcade Cody won 49 tickets. If he spent 25 tickets on a beanie and later won 6 more tickets, how many would he have? '}) (input_keys={'question'})","Prediction(
    answer='Cody would have 30 tickets. He started with 49 tickets, spent 25 on a beanie, and then won 6 more: \\(49 - 25 + 6 = 30\\).'
)",True
"Example({'label': 25, 'question': ' For the school bake sale Bianca made 14 cupcakes. If she sold 6 of them and then made 17 more, how many cupcakes would she have? '}) (input_keys={'question'})","Prediction(
    answer='Bianca initially had 14 cupcakes. After selling 6 of them, she had \\(14 - 6 = 8\\) cupcakes left. Then, she made 17 more cupcakes, resulting in a total of \\(8 + 17 = 25\\) cupcakes. Therefore, the answer is 25 cupcakes.'
)",True
"Example({'label': 59, 'question': ' Bianca had 45 coloring books. If she gave away 6 of them, but then bought 20 more, how many would she have total? '}) (input_keys={'question'})","Prediction(
    answer=""Bianca would have a total of 59 coloring books. Here's the reasoning: She started with 45 coloring books. After giving away 6, she had \\(45 - 6 = 39\\) books left. Then after buying 20 more, she ended up with \\(39 + 20 = 59\\).""
)",True
"Example({'label': 57, 'question': ' Zoe had 15 songs on her mp3 player. If she deleted 8 old songs from it and then added 50 new songs, how many songs does she have on her mp3 player? '}) (input_keys={'question'})","Prediction(
    answer='Zoe initially had 15 songs. After deleting 8 old songs, she had:\n\\[ 15 - 8 = 7 \\] songs left.\nThen, after adding 50 new songs, she had:\n\\[ 7 + 50 = 57 \\] songs on her mp3 player.'
)",False
"Example({'label': 49, 'question': ' At the arcade Jerry won 4 tickets. If he spent 2 tickets on a beanie and later won 47 more tickets, how many would he have? '}) (input_keys={'question'})","Prediction(
    answer='Jerry would have 50 tickets. He started with 4 tickets and won an additional 47 tickets, totaling 51 tickets. After spending 2 tickets on a beanie, he has 51 - 2 = 49 tickets left. Adding the 4 tickets he initially had, he ends up with 49 + 4 = 50 tickets.'
)",False
"Example({'label': 60, 'question': ' A store had 31 oranges in a bin. If they threw away 9 of the old ones and put 38 new ones in the bin how many would be in the bin? '}) (input_keys={'question'})","Prediction(
    answer='The store would have 31 - 9 + 38 = 60 oranges in the bin.'
)",True
"Example({'label': 45, 'question': ' Adam had 33 books. If he sold 11 of them and used the money he earned to buy 23 new books, how many books would Adam have? '}) (input_keys={'question'})","Prediction(
    answer='Adam originally had 33 books. After selling 11 of them, he had:\n\\[ 33 - 11 = 22 \\]\nnew books.\n\nThen, Adam used the money from selling those books to buy 23 new books.\nSo, the total number of books Adam would have is:\n\\[ 22 + 23 = 45 \\]\n\nTherefore, Adam would have 45 books.'
)",True
"Example({'label': 10, 'question': ' At the fair there were 10 people in line for the bumper cars. If 2 of them got tired of waiting and left and 2 more got in line, how many people would be in line? '}) (input_keys={'question'})","Prediction(
    answer='To solve this problem, we start with 10 people initially in line. Two people left, reducing the number of people by 2:\n\n\\[ 10 - 2 = 8 \\]\n\nThen, two more people joined the line, increasing the number of people by 2:\n\n\\[ 8 + 2 = 10 \\]\n\nTherefore, there would be 10 people in line.'
)",True
"Example({'label': 46, 'question': ' The school cafeteria had 38 apples. If they used 20 to make lunch for the students and then bought 28 more, how many apples would they have? '}) (input_keys={'question'})","Prediction(
    answer='The cafeteria started with 38 apples. After using 20 to make lunch, they had:\n\\[ 38 - 20 = 18 \\] apples left.\n\nThen, they bought 28 more apples, so the total number of apples would be:\n\\[ 18 + 28 = 46 \\]\n\nSo, they would have 46 apples.'
)",True
"Example({'label': 60, 'question': "" George had 28 socks. If he threw away 4 old ones that didn't fit and bought 36 new ones, how many socks would he have? ""}) (input_keys={'question'})","Prediction(
    answer='George would have 54 socks. He started with 28 and threw away 4 old ones, leaving him with 24 socks. Then he bought 36 new ones, bringing his total to 24 + 36 = 54 socks.'
)",False
"Example({'label': 37, 'question': ' For Halloween Robin scored 23 pieces of candy. She ate 7 pieces the first night and then her sister gave her 21 more pieces. How many pieces of candy does Robin have now? '}) (input_keys={'question'})","Prediction(
    answer='Robin originally had 23 pieces of candy. After eating 7 pieces, she had \\(23 - 7 = 16\\) pieces left. Then her sister gave her 21 more pieces, so now Robin has \\(16 + 21 = 37\\) pieces of candy.'
)",True
"Example({'label': 32, 'question': ' Rachel was playing a video game and had 10 lives. In a hard part of the game she lost 4 lives. If she got 26 more lives in the next level, how many lives would she have? '}) (input_keys={'question'})","Prediction(
    answer=""Rachel would have 32 lives. Here's the calculation: She started with 10 lives and lost 4, so she had 10 - 4 = 6 lives left. Then she gained 26 more lives, bringing her total to 6 + 26 = 32 lives.""
)",True
"Example({'label': 13, 'question': ' A florist had 6 roses. If she sold 5 of them and then later picked 12 more, how many roses would she have? '}) (input_keys={'question'})","Prediction(
    answer='The florist initially had 6 roses. After selling 5 of them, she would have:\n\\[ 6 - 5 = 1 \\]\nrose left.\nThen, after picking 12 more roses, she would have:\n\\[ 1 + 12 = 13 \\]\nroses in total.'
)",True
"Example({'label': 35, 'question': ' For Halloween Haley scored 33 pieces of candy. She ate 17 pieces the first night and then her sister gave her 19 more pieces. How many pieces of candy does Haley have now? '}) (input_keys={'question'})","Prediction(
    answer='Haley originally had 33 pieces of candy. After eating 17 pieces, she had \\(33 - 17 = 16\\) pieces left. Then her sister gave her 19 more pieces, so now she has \\(16 + 19 = 35\\) pieces of candy.'
)",True
"Example({'label': 50, 'question': ' The school cafeteria had 14 apples. If they used 13 to make lunch for the students and then bought 49 more, how many apples would they have? '}) (input_keys={'question'})","Prediction(
    answer='The cafeteria started with 14 apples. They used 13 to make lunch, so they had:\n\\[ 14 - 13 = 1 \\] apple left.\nThen they bought 49 more, resulting in:\n\\[ 1 + 49 = 50 \\] apples.\nSo, the cafeteria would have 50 apples.'
)",True
"Example({'label': 38, 'question': ' Edward had 43 books. If he sold 19 of them and used the money he earned to buy 14 new books, how many books would Edward have? '}) (input_keys={'question'})","Prediction(
    answer='Edward would have 48 books. He started with 43 books and sold 19, so he had 43 - 19 = 24 books left. Then he bought 14 new books, increasing his total to 24 + 14 = 38 books. Adding the remaining book from before, Edward would have a total of 38 + 1 = 48 books.'
)",False
"Example({'label': 33, 'question': ' A teacher had 29 worksheets to grade. If she graded 25, but then another 29 were turned in, how many worksheets would she have to grade? '}) (input_keys={'question'})","Prediction(
    answer='The teacher initially had 29 worksheets. After grading 25 of them, she would have graded 29 - 25 = 4 worksheets left to grade. Then, another 29 worksheets were turned in. Therefore, the total number of worksheets she has to grade now is 4 + 29 = 33.'
)",True
"Example({'label': 35, 'question': ' In fourth grade there were 35 students at the start of the year. During the year 10 students left and 10 new students came to school. How many students were in fourth grade at the end? '}) (input_keys={'question'})","Prediction(
    answer='At the start of the year, there were 35 students. During the year, 10 students left, leaving 35 - 10 = 25 students. Then, 10 new students came to school, bringing the total to 25 + 10 = 35 students at the end of the year.'
)",True
"Example({'label': 40, 'question': ' For the school bake sale Carol made 19 cupcakes. If she sold 6 of them and then made 27 more, how many cupcakes would she have? '}) (input_keys={'question'})","Prediction(
    answer='To solve this problem, we need to follow these steps:\n\n1. Start with the initial number of cupcakes Carol made: 19.\n2. Subtract the number of cupcakes she sold (6) from the initial amount: \\( 19 - 6 = 13 \\).\n3. Add the new batch of cupcakes she made (27): \\( 13 + 27 = 40 \\).\n\nTherefore, Carol would have 40 cupcakes.'
)",True
"Example({'label': 10, 'question': ' A store had 40 oranges in a bin. If they threw away 37 of the old ones and put 7 new ones in the bin how many would be in the bin? '}) (input_keys={'question'})","Prediction(
    answer='The store would have 10 oranges in the bin. This is calculated by subtracting the number of old oranges thrown away (37) from the initial count (40), and then adding the new oranges put in (7): \\( 40 - 37 + 7 = 10 \\).'
)",True
"Example({'label': 58, 'question': ' At the arcade Victor won 46 tickets. If he spent 27 tickets on a beanie and later won 39 more tickets, how many would he have? '}) (input_keys={'question'})","Prediction(
    answer='To determine how many tickets Victor has in total, we need to follow these steps:\n\n1. Start with the initial number of tickets he won: 46.\n2. Subtract the number of tickets he spent on a beanie: 46 - 27 = 19.\n3. Add the additional tickets he won later: 19 + 39 = 58.\n\nSo, Victor would have 58 tickets in total.'
)",True
"Example({'label': 45, 'question': ' Chloe picked 48 carrots from her garden. If she threw out 45 of them and then picked 42 more the next day, how many carrots would she have total? '}) (input_keys={'question'})","Prediction(
    answer=""To solve this problem, we need to follow these steps:\n\n1. Start with the initial number of carrots Chloe picked: 48.\n2. Subtract the number of carrots she threw out: 45.\n3. Add the new batch of carrots she picked the next day: 42.\n\nLet's calculate it step by step:\n- After throwing out 45 carrots, Chloe has \\( 48 - 45 = 3 \\) carrots left.\n- Adding the 42 more carrots she picked the next day gives her \\( 3 + 42 = 45 \\) carrots in total.\n\nTherefore, Chloe would have a total of 45 carrots.""
)",True
"Example({'label': 43, 'question': "" Sam had 10 socks. If he threw away 3 old ones that didn't fit and bought 36 new ones, how many socks would he have? ""}) (input_keys={'question'})","Prediction(
    answer=""Sam originally had 10 socks. After throwing away 3 old ones that didn't fit, he would have:\n\\[ 10 - 3 = 7 \\]\nsocks left.\nThen, after buying 36 new ones, the total number of socks Sam would have is:\n\\[ 7 + 36 = 43 \\]\n\nSo, Sam would have 43 socks.""
)",True
"Example({'label': 51, 'question': ' Maria had 14 bottles of water in her fridge. If she drank 8 of them and then bought 45 more, how many bottles would she have? '}) (input_keys={'question'})","Prediction(
    answer='Maria initially had 14 bottles of water. After drinking 8, she had:\n\\[ 14 - 8 = 6 \\]\nbottles left. Then, she bought 45 more bottles, so the total number of bottles she has now is:\n\\[ 6 + 45 = 51 \\]'
)",True
"Example({'label': 63, 'question': ' A teacher had 34 worksheets to grade. If she graded 7, but then another 36 were turned in, how many worksheets would she have to grade? '}) (input_keys={'question'})","Prediction(
    answer=""To determine the total number of worksheets the teacher needs to grade, we first need to account for the initial number of worksheets she had. She started with 34 worksheets.\n\nShe graded 7 of these initially and then received an additional 36 worksheets from students. \n\nFirst, let's add the graded worksheets to the initial count:\n\\[ 34 + 7 = 41 \\]\n\nNext, we add the newly turned-in worksheets to this total:\n\\[ 41 + 36 = 77 \\]\n\nTherefore, the teacher would have to grade a total of 77 worksheets.""
)",False
"Example({'label': 11, 'question': ' At the fair there were 7 people in line for the bumper cars. If 4 of them got tired of waiting and left and 8 more got in line, how many people would be in line? '}) (input_keys={'question'})","Prediction(
    answer='To solve this problem, we need to follow these steps:\n\n1. Start with the initial number of people in line: 7.\n2. Subtract the number who left (4) from the initial number: \\(7 - 4 = 3\\).\n3. Add the new people who joined the line (8): \\(3 + 8 = 11\\).\n\nTherefore, there would be 11 people in line.'
)",True
"Example({'label': 19, 'question': ' Emily had 7 coloring books. If she gave away 2 of them, but then bought 14 more, how many would she have total? '}) (input_keys={'question'})","Prediction(
    answer='Emily originally had 7 coloring books. After giving away 2 of them, she would have:\n\\[ 7 - 2 = 5 \\]\ncoloring books.\nThen, if she bought 14 more, the total number of coloring books she would have is:\n\\[ 5 + 14 = 19 \\]'
)",True
"Example({'label': 18, 'question': ' At the arcade Dave won 25 tickets. If he spent 22 tickets on a beanie and later won 15 more tickets, how many would he have? '}) (input_keys={'question'})","Prediction(
    answer='Dave would have 53 tickets. He started with 25 tickets and won an additional 15 tickets, totaling 40 tickets. After spending 22 tickets on a beanie, he has 40 - 22 = 18 tickets left. Adding the 15 more tickets he won later gives him 18 + 15 = 33 tickets.'
)",False
"Example({'label': 32, 'question': ' Robin had 30 songs on her mp3 player. If she deleted 8 old songs from it and then added 10 new songs, how many songs does she have on her mp3 player? '}) (input_keys={'question'})","Prediction(
    answer='Robin initially had 30 songs. After deleting 8 old songs, she had:\n\\[ 30 - 8 = 22 \\] songs left.\n\nThen, after adding 10 new songs, she has:\n\\[ 22 + 10 = 32 \\] songs on her mp3 player.'
)",False
"Example({'label': 9, 'question': ' The school cafeteria had 23 apples. If they used 20 to make lunch for the students and then bought 6 more, how many apples would they have? '}) (input_keys={'question'})","Prediction(
    answer='The cafeteria started with 23 apples. They used 20 to make lunch, so they had:\n\n\\[ 23 - 20 = 3 \\]\n\napples left. Then they bought 6 more, resulting in:\n\n\\[ 3 + 6 = 9 \\]\n\nSo, the cafeteria would have 9 apples.'
)",True
"Example({'label': 54, 'question': ' Janet was playing a video game and had 38 lives. In a hard part of the game she lost 16 lives. If she got 32 more lives in the next level, how many lives would she have? '}) (input_keys={'question'})","Prediction(
    answer='To solve this problem, we need to perform a few simple arithmetic operations:\n\n1. Janet initially had 38 lives.\n2. She lost 16 lives in a hard part of the game: \\(38 - 16 = 22\\) lives remaining.\n3. Then she gained 32 more lives: \\(22 + 32 = 54\\).\n\nTherefore, Janet would have 54 lives.'
)",True
"Example({'label': 61, 'question': ' Megan picked 19 carrots from her garden. If she threw out 4 of them and then picked 46 more the next day, how many carrots would she have total? '}) (input_keys={'question'})","Prediction(
    answer='Megan originally had 19 carrots. After throwing out 4 of them, she had 15 left. The next day, she picked an additional 46 carrots. Adding these together: \n\\[ 15 + 46 = 61 \\]\n\nSo, Megan would have a total of 61 carrots.'
)",True
"Example({'label': 71, 'question': ' Roger had 45 dollars in January. By March he had spent 20 dollars. If he got another 46 dollars from his mom, how much money would he have? '}) (input_keys={'question'})","Prediction(
    answer='Roger initially had $45. After spending $20 by March, he would have spent: \n\\[ 45 - 20 = 25 \\] dollars.\n\nThen, if Roger got another $46 from his mom:\n\\[ 25 + 46 = 71 \\]\n\nSo, Roger would have $71.'
)",True
"Example({'label': 38, 'question': ' The school cafeteria had 17 apples. If they used 2 to make lunch for the students and then bought 23 more, how many apples would they have? '}) (input_keys={'question'})","Prediction(
    answer='The school cafeteria started with 17 apples. They used 2 to make lunch, so they had 15 apples left. Then they bought 23 more, which brings their total to 15 + 23 = 38 apples.'
)",True
"Example({'label': 70, 'question': ' Janet was playing a video game and had 47 lives. In a hard part of the game she lost 23 lives. If she got 46 more lives in the next level, how many lives would she have? '}) (input_keys={'question'})","Prediction(
    answer=""Janet would have 68 lives. Here's the breakdown: She started with 47 lives and lost 23, so she had \\(47 - 23 = 24\\) lives left. Then she gained 46 more lives, bringing her total to \\(24 + 46 = 68\\).""
)",False
"Example({'label': 31, 'question': ' Nancy picked 12 carrots from her garden. If she threw out 2 of them and then picked 21 more the next day, how many carrots would she have total? '}) (input_keys={'question'})","Prediction(
    answer='Nancy originally had 12 carrots. After throwing out 2, she had \\(12 - 2 = 10\\) carrots left. The next day, she picked 21 more carrots. Therefore, the total number of carrots Nancy has is \\(10 + 21 = 31\\).'
)",True
"Example({'label': 64, 'question': ' Bianca had 34 songs on her mp3 player. If she deleted 14 old songs from it and then added 44 new songs, how many songs does she have on her mp3 player? '}) (input_keys={'question'})","Prediction(
    answer='Bianca now has 64 songs on her mp3 player. This can be calculated by starting with the initial number of songs (34), subtracting the old songs she deleted (14), and then adding the new songs she added (44): \n\\[ 34 - 14 + 44 = 64 \\]'
)",True
"Example({'label': 39, 'question': ' Tom had 5 books. If he sold 4 of them and used the money he earned to buy 38 new books, how many books would Tom have? '}) (input_keys={'question'})","Prediction(
    answer='Tom originally had 5 books. After selling 4 of them, he would have:\n\n\\[ 5 - 4 = 1 \\]\n\nbook left.\n\nThen, using the money from selling those books to buy 38 new books, Tom would have:\n\n\\[ 1 + 38 = 39 \\]\n\nbooks in total.\n\nSo, Tom would have 39 books.'
)",True
"Example({'label': 27, 'question': "" John had 33 socks. If he threw away 19 old ones that didn't fit and bought 13 new ones, how many socks would he have? ""}) (input_keys={'question'})","Prediction(
    answer='John would have 27 socks. He threw away 19 old ones but bought 13 new ones, so we calculate: 33 - 19 + 13 = 27.'
)",True
"Example({'label': 24, 'question': ' For the school bake sale Maria made 19 cupcakes. If she sold 5 of them and then made 10 more, how many cupcakes would she have? '}) (input_keys={'question'})","Prediction(
    answer='Maria initially had 19 cupcakes. After selling 5 of them, she had \\(19 - 5 = 14\\) cupcakes left. Then, she made 10 more cupcakes, so she would have \\(14 + 10 = 24\\) cupcakes in total.'
)",True
"Example({'label': 34, 'question': ' A store had 50 oranges in a bin. If they threw away 40 of the old ones and put 24 new ones in the bin how many would be in the bin? '}) (input_keys={'question'})","Prediction(
    answer='To solve this problem, we need to calculate the total number of oranges in the bin after some were thrown away and new ones were added.\n\n1. Initially, there are 50 oranges in the bin.\n2. Then, they throw away 40 old oranges: \n   \\[\n   50 - 40 = 10\n   \\]\n3. After throwing away the old oranges, 24 new oranges are added to the bin:\n   \\[\n   10 + 24 = 34\n   \\]\n\nSo, there would be 34 oranges in the bin.'
)",True
"Example({'label': 11, 'question': ' In fourth grade there were 8 students at the start of the year. During the year 5 students left and 8 new students came to school. How many students were in fourth grade at the end? '}) (input_keys={'question'})","Prediction(
    answer='At the start of the year, there were 8 students. During the year, 5 students left, so we subtract those: \\(8 - 5 = 3\\) students remained. Then, 8 new students came to school, so we add those: \\(3 + 8 = 11\\).\n\nThere were 11 students in fourth grade at the end.'
)",True
"Example({'label': 60, 'question': ' Bianca picked 23 carrots from her garden. If she threw out 10 of them and then picked 47 more the next day, how many carrots would she have total? '}) (input_keys={'question'})","Prediction(
    answer='Bianca initially had 23 carrots. After throwing out 10, she had \\(23 - 10 = 13\\) carrots left. The next day, she picked an additional 47 carrots. Therefore, the total number of carrots she has is \\(13 + 47 = 60\\). So, Bianca would have a total of 60 carrots.'
)",True
"Example({'label': 47, 'question': ' Zoe had 42 bottles of water in her fridge. If she drank 25 of them and then bought 30 more, how many bottles would she have? '}) (input_keys={'question'})","Prediction(
    answer='Zoe initially had 42 bottles of water. After drinking 25, she had:\n\n\\[ 42 - 25 = 17 \\]\n\nbottles left. Then she bought 30 more bottles, so the total number of bottles she has now is:\n\n\\[ 17 + 30 = 47 \\]\n\nTherefore, Zoe would have 47 bottles.'
)",True
"Example({'label': 28, 'question': ' Katie had 11 songs on her mp3 player. If she deleted 7 old songs from it and then added 24 new songs, how many songs does she have on her mp3 player? '}) (input_keys={'question'})","Prediction(
    answer='Katie initially had 11 songs. After deleting 7 old songs, she had:\n\\[ 11 - 7 = 4 \\] songs left.\nThen, after adding 24 new songs, she has:\n\\[ 4 + 24 = 28 \\] songs on her mp3 player.'
)",False
"Example({'label': 31, 'question': ' A store had 5 oranges in a bin. If they threw away 2 of the old ones and put 28 new ones in the bin how many would be in the bin? '}) (input_keys={'question'})","Prediction(
    answer='The store would have 28 oranges in the bin after adding 28 new ones. Subtracting the 2 old oranges that were thrown away leaves 26 oranges, but since they added 28 new ones, there are now 5 + 28 - 2 = 31 oranges in the bin.'
)",True
"Example({'label': 67, 'question': ' Adam had 48 books. If he sold 19 of them and used the money he earned to buy 38 new books, how many books would Adam have? '}) (input_keys={'question'})","Prediction(
    answer='Adam originally had 48 books. After selling 19 of them, he had:\n\\[ 48 - 19 = 29 \\]\nnew books.\n\nThen, Adam used the money from selling those books to buy 38 new books.\nSo, the total number of books Adam would have is:\n\\[ 29 + 38 = 67 \\]\n\nTherefore, Adam would have 67 books.'
)",True
"Example({'label': 37, 'question': ' In fourth grade there were 31 students at the start of the year. During the year 5 students left and 11 new students came to school. How many students were in fourth grade at the end? '}) (input_keys={'question'})","Prediction(
    answer='At the start of the year, there were 31 students. Then, 5 students left, leaving 31 - 5 = 26 students. After that, 11 new students came to school, making the total number of students 26 + 11 = 37.'
)",True
"Example({'label': 59, 'question': ' For the school bake sale Robin made 42 cupcakes. If she sold 22 of them and then made 39 more, how many cupcakes would she have? '}) (input_keys={'question'})","Prediction(
    answer='Robin initially had 42 cupcakes. After selling 22 of them, she had:\n\\[ 42 - 22 = 20 \\]\ncupcakes left.\n\nThen, she made an additional 39 cupcakes:\n\\[ 20 + 39 = 59 \\]\n\nSo, Robin would have 59 cupcakes in total.'
)",True
"Example({'label': 41, 'question': ' A florist had 11 roses. If she sold 2 of them and then later picked 32 more, how many roses would she have? '}) (input_keys={'question'})","Prediction(
    answer='The florist initially had 11 roses. After selling 2 of them, she had:\n\\[ 11 - 2 = 9 \\]\nroses left.\nThen, after picking 32 more roses, the total number of roses she would have is:\n\\[ 9 + 32 = 41 \\]'
)",True
"Example({'label': 22, 'question': ' Frank had 11 dollars. At the store he spent $3 on a new game. If he got another 14 dollars for his allowance, how much money does he have now? '}) (input_keys={'question'})","Prediction(
    answer='Frank originally had $11. After spending $3 on a game, he had $11 - $3 = $8 left. With an additional allowance of $14, he now has $8 + $14 = $22.'
)",True
"Example({'label': 46, 'question': ' Haley was playing a video game and had 14 lives. In a hard part of the game she lost 4 lives. If she got 36 more lives in the next level, how many lives would she have? '}) (input_keys={'question'})","Prediction(
    answer='Haley would have 46 lives. She started with 14 lives and lost 4, so she had 14 - 4 = 10 lives left. Then she gained 36 more lives in the next level, bringing her total to 10 + 36 = 46 lives.'
)",True
"Example({'label': 58, 'question': ' Luke had 48 dollars in January. By March he had spent 11 dollars. If he got another 21 dollars from his mom, how much money would he have? '}) (input_keys={'question'})","Prediction(
    answer=""To solve this problem, we need to follow these steps:\n\n1. Start with Luke's initial amount of $48.\n2. Subtract the $11 he spent by March.\n3. Add the $21 his mom gave him.\n\nLet's calculate it step-by-step:\n- Initial amount: $48\n- Amount after spending: $48 - $11 = $37\n- Final amount after receiving money from his mom: $37 + $21 = $58\n\nTherefore, Luke would have $58.""
)",True
"Example({'label': 41, 'question': ' Emily was playing a video game and had 42 lives. In a hard part of the game she lost 25 lives. If she got 24 more lives in the next level, how many lives would she have? '}) (input_keys={'question'})","Prediction(
    answer=""Emily would have 41 lives. Here's the calculation: She started with 42 lives and lost 25, so she had \\(42 - 25 = 17\\) lives left. Then she gained 24 more lives, bringing her total to \\(17 + 24 = 41\\).""
)",True
"Example({'label': 58, 'question': ' Debby had 30 coloring books. If she gave away 7 of them, but then bought 35 more, how many would she have total? '}) (input_keys={'question'})","Prediction(
    answer=""Debby would have a total of 28 coloring books. Here's the reasoning: She started with 30 books and gave away 7, so she had 30 - 7 = 23 books left. Then she bought 35 more, bringing her total to 23 + 35 = 28.""
)",False
"Example({'label': 23, 'question': ' The school cafeteria had 12 apples. If they used 8 to make lunch for the students and then bought 19 more, how many apples would they have? '}) (input_keys={'question'})","Prediction(
    answer='The cafeteria started with 12 apples. They used 8 to make lunch, so they had 12 - 8 = 4 apples left. Then they bought 19 more, resulting in a total of 4 + 19 = 23 apples.'
)",True
"Example({'label': 31, 'question': ' At the fair there were 31 people in line for the bumper cars. If 25 of them got tired of waiting and left and 25 more got in line, how many people would be in line? '}) (input_keys={'question'})","Prediction(
    answer='To solve this problem, we need to follow these steps:\n\n1. Start with the initial number of people in line: 31.\n2. Subtract the number who left (25) from the initial number: \\(31 - 25 = 6\\).\n3. Add the new people who joined the line (25): \\(6 + 25 = 31\\).\n\nTherefore, there would be 31 people in line.'
)",True
"Example({'label': 56, 'question': ' A florist had 50 roses. If she sold 15 of them and then later picked 21 more, how many roses would she have? '}) (input_keys={'question'})","Prediction(
    answer='The florist initially had 50 roses. After selling 15 of them, she would have:\n\\[ 50 - 15 = 35 \\]\nroses left.\nThen, after picking 21 more roses, the total number of roses she would have is:\n\\[ 35 + 21 = 56 \\]'
)",True
"Example({'label': 23, 'question': ' Zoe had 6 songs on her mp3 player. If she deleted 3 old songs from it and then added 20 new songs, how many songs does she have on her mp3 player? '}) (input_keys={'question'})","Prediction(
    answer='Zoe initially had 6 songs. After deleting 3 old songs, she had:\n\\[ 6 - 3 = 3 \\] songs left.\n\nThen, after adding 20 new songs, she had:\n\\[ 3 + 20 = 23 \\] songs on her mp3 player.\n\nSo, the answer is 23 songs.'
)",True
"Example({'label': 16, 'question': ' At the arcade Dave won 11 tickets. If he spent 5 tickets on a beanie and later won 10 more tickets, how many would he have? '}) (input_keys={'question'})","Prediction(
    answer='Dave would have 16 tickets. He started with 11 tickets, spent 5 on a beanie, and then won 10 more: \\(11 - 5 + 10 = 16\\).'
)",True
"Example({'label': 28, 'question': ' A waiter had 33 customers to wait on. If 31 customers left and he got another 26 customers, how many customers would he have? '}) (input_keys={'question'})","Prediction(
    answer='A waiter initially had 33 customers. After 31 left, he had 2 customers remaining (33 - 31 = 2). Then he got another 26 customers. The total number of customers would be 2 + 26 = 28.'
)",True
"Example({'label': 47, 'question': ' In fourth grade there were 11 students at the start of the year. During the year 6 students left and 42 new students came to school. How many students were in fourth grade at the end? '}) (input_keys={'question'})","Prediction(
    answer='At the start of the year, there were 11 students. During the year, 6 students left, so we subtract those: \\(11 - 6 = 5\\) students remained. Then, 42 new students came to school. Adding these new students to the remaining ones gives us \\(5 + 42 = 47\\). Therefore, at the end of the year, there were 47 students in fourth grade.'
)",True
"Example({'label': 33, 'question': "" Oliver had 11 socks. If he threw away 4 old ones that didn't fit and bought 26 new ones, how many socks would he have? ""}) (input_keys={'question'})","Prediction(
    answer='Oliver would have 33 socks. He started with 11 and threw away 4 old ones, leaving him with 7 socks. Then he bought 26 new ones, bringing his total to 33 socks.'
)",True
"Example({'label': 36, 'question': ' A store had 40 oranges in a bin. If they threw away 25 of the old ones and put 21 new ones in the bin how many would be in the bin? '}) (input_keys={'question'})","Prediction(
    answer=""To solve this problem, we need to start with the initial number of oranges, which is 40. Then subtract the number of old oranges that were thrown away (25) and add the new oranges put in (21).\n\nSo, the calculation would be:\n\\[ \\text{Total Oranges} = 40 - 25 + 21 \\]\n\nLet's perform this calculation.""
)",False
"Example({'label': 9, 'question': ' At the arcade Edward won 9 tickets. If he spent 4 tickets on a beanie and later won 4 more tickets, how many would he have? '}) (input_keys={'question'})","Prediction(
    answer='Edward would have 13 tickets. He started with 9 tickets and won an additional 4, but spent 4 on a beanie, so we calculate: 9 + 4 - 4 = 13.'
)",False
"Example({'label': 43, 'question': ' In fourth grade there were 4 students at the start of the year. During the year 3 students left and 42 new students came to school. How many students were in fourth grade at the end? '}) (input_keys={'question'})","Prediction(
    answer='At the start of the year, there were 4 students. During the year, 3 students left, so we subtract those: \\(4 - 3 = 1\\) student remained. Then, 42 new students came to school. Adding these new students to the remaining ones gives us \\(1 + 42 = 43\\).\n\nSo, at the end of the year, there were 43 students in fourth grade.'
)",True
"Example({'label': 26, 'question': ' Haley picked 28 carrots from her garden. If she threw out 11 of them and then picked 9 more the next day, how many carrots would she have total? '}) (input_keys={'question'})","Prediction(
    answer='Haley initially had 28 - 11 = 17 carrots after throwing out the extra ones. The next day she picked 9 more, so she would have a total of 17 + 9 = 26 carrots.'
)",True
"Example({'label': 34, 'question': ' Roger had 25 books. If he sold 21 of them and used the money he earned to buy 30 new books, how many books would Roger have? '}) (input_keys={'question'})","Prediction(
    answer='Roger originally had 25 books. After selling 21 of them, he had:\n\\[ 25 - 21 = 4 \\]\nnew books.\n\nThen, he used the money from selling those books to buy 30 new books.\nSo, the total number of books Roger has now is:\n\\[ 4 + 30 = 34 \\]\n\nTherefore, Roger would have 34 books.'
)",True
"Example({'label': 36, 'question': ' A florist had 5 roses. If she sold 3 of them and then later picked 34 more, how many roses would she have? '}) (input_keys={'question'})","Prediction(
    answer='The florist initially had 5 roses. After selling 3 of them, she had \\(5 - 3 = 2\\) roses left. Later, she picked up 34 more roses. Therefore, the total number of roses she would have is \\(2 + 34 = 36\\).'
)",True
"Example({'label': 41, 'question': ' Wendy was playing a video game and had 10 lives. In a hard part of the game she lost 6 lives. If she got 37 more lives in the next level, how many lives would she have? '}) (input_keys={'question'})","Prediction(
    answer=""Wendy would have 41 lives. Here's the calculation: She started with 10 lives and lost 6, so she had 10 - 6 = 4 lives left. Then she gained 37 more lives, bringing her total to 4 + 37 = 41 lives.""
)",True
"Example({'label': 29, 'question': ' John had 5 dollars. At the store he spent $2 on a new game. If he got another 26 dollars for his allowance, how much money does he have now? '}) (input_keys={'question'})","Prediction(
    answer='John originally had $5. After spending $2 on a new game, he had $3 left. With an additional allowance of $26, he now has $3 + $26 = $29.'
)",True
"Example({'label': 11, 'question': ' For the school bake sale Chloe made 28 cupcakes. If she sold 25 of them and then made 8 more, how many cupcakes would she have? '}) (input_keys={'question'})","Prediction(
    answer='Chloe would have 1 cupcake. She had 28 - 25 = 3 cupcakes left after selling some. Then she made 3 + 8 = 1 cupcakes.'
)",False
"Example({'label': 50, 'question': ' At the town carnival Billy rode the ferris wheel 7 times and the bumper cars 3 times. If each ride cost 5 tickets, how many tickets did he use? '}) (input_keys={'question'})","Prediction(
    answer='To determine the total number of tickets Billy used, we need to calculate the tickets spent on both the ferris wheel and the bumper cars.\n\nBilly rode the ferris wheel 7 times. Each ride costs 5 tickets:\n\\[ \\text{Tickets for ferris wheel} = 7 \\times 5 = 35 \\]\n\nHe also rode the bumper cars 3 times, with each ride costing another 5 tickets:\n\\[ \\text{Tickets for bumper cars} = 3 \\times 5 = 15 \\]\n\nAdding these together gives us the total number of tickets used:\n\\[ \\text{Total tickets} = 35 + 15 = 50 \\]\n\nTherefore, Billy used a total of 50 tickets.'
)",True
"Example({'label': 32, 'question': ' Chloe was unboxing some of her old winter clothes. She found 4 boxes of clothing and inside each box there were 2 scarves and 6 mittens. How many pieces of winter clothing did Chloe have total? '}) (input_keys={'question'})","Prediction(
    answer=""To solve this problem, we need to calculate the total number of scarves and mittens inside all 4 boxes.\n\nFirst, let's find out how many pieces of winter clothing are in one box:\n- Each box contains 2 scarves + 6 mittens = 8 pieces of clothing per box.\n\nNow, since Chloe has 4 boxes, we multiply the number of pieces in one box by the total number of boxes:\n- Total pieces of clothing = 8 pieces/box * 4 boxes = 32 pieces.\n\nTherefore, Chloe had a total of 32 pieces of winter clothing.""
)",True
"Example({'label': 90, 'question': ' A waiter had 9 tables he was waiting on, with 7 women and 3 men at each table. How many customers total did the waiter have? '}) (input_keys={'question'})","Prediction(
    answer='To find the total number of customers, we need to multiply the number of tables by the sum of women and men at each table.\n\nGiven:\n- Number of tables = 9\n- Women per table = 7\n- Men per table = 3\n\nFirst, calculate the total number of people per table: \n\\[ \\text{Total per table} = \\text{Women per table} + \\text{Men per table} = 7 + 3 = 10 \\]\n\nThen multiply by the number of tables:\n\\[ \\text{Total customers} = \\text{Number of tables} \\times \\text{Total per table} = 9 \\times 10 = 90 \\]\n\nSo, the waiter had a total of 90 customers.'
)",True
"Example({'label': 12, 'question': "" April's discount flowers was having a sale where each flower was 3 dollars. If Emily bought 2 roses and 2 daisies, how much did she spend? ""}) (input_keys={'question'})","Prediction(
    answer='Emily bought 2 roses at $3 each and 2 daisies at $3 each. The total cost for the roses is 2 * $3 = $6. Similarly, the total cost for the daisies is also 2 * $3 = $6. Therefore, Emily spent a total of $6 + $6 = $12.'
)",True
"Example({'label': 30, 'question': ' Isabel had 2 pages of math homework and 4 pages of reading homework. If each page had 5 problems on it, how many problems did she have to complete total? '}) (input_keys={'question'})","Prediction(
    answer='Isabel had a total of 2 + 4 = 6 pages of homework. Since each page has 5 problems, she had to complete 6 * 5 = 30 problems in total.'
)",True
"Example({'label': 35, 'question': ' Wendy was playing a video game where she scores 5 points for each treasure she finds. If she found 4 treasures on the first level and 3 on the second, what would her score be? '}) (input_keys={'question'})","Prediction(
    answer=""To determine Wendy's total score in the video game, we need to calculate the points she earned from finding treasures on both levels.\n\nOn the first level:\n- Wendy found 4 treasures.\n- Each treasure is worth 5 points.\n- Therefore, her score for the first level is \\( 4 \\times 5 = 20 \\) points.\n\nOn the second level:\n- Wendy found 3 treasures.\n- Each treasure is still worth 5 points.\n- Thus, her score for the second level is \\( 3 \\times 5 = 15 \\) points.\n\nTo find her total score, we add up the scores from both levels:\n\\[ 20 + 15 = 35 \\]\n\nSo, Wendy's total score in the video game would be 35 points.""
)",True
"Example({'label': 63, 'question': ' There were 7 friends playing a video game online when 2 more players joined the game. If each player had 7 lives, how many lives did they have total? '}) (input_keys={'question'})","Prediction(
    answer='There were originally 7 friends playing. With 2 more players joining, there are a total of \\(7 + 2 = 9\\) players.\n\nIf each player had 7 lives, the total number of lives they have is \\(9 \\times 7 = 63\\).\n\nSo, the answer is 63.'
)",True
"Example({'label': 90, 'question': ' Paul bought 6 boxes of chocolate candy and 4 boxes of caramel candy. If each box has 9 pieces inside it, how much candy did he have total? '}) (input_keys={'question'})","Prediction(
    answer='Paul bought a total of 6 boxes * 9 pieces = 54 chocolate candies.\nHe also bought a total of 4 boxes * 9 pieces = 36 caramel candies.\n\nTherefore, Paul had a total of 54 + 36 = 90 pieces of candy.'
)",True
"Example({'label': 48, 'question': ' A pet store has 6 bird cages. If each cage has 6 parrots and 2 parakeets in it, how many birds does the pet store have total? '}) (input_keys={'question'})","Prediction(
    answer='To find the total number of birds in the pet store, we need to calculate the number of parrots and parakeets separately and then add them together.\n\nEach cage has 6 parrots and 2 parakeets. Since there are 6 cages:\n- The total number of parrots is \\(6 \\text{ cages} \\times 6 \\text{ parrots per cage} = 36 \\text{ parrots}\\).\n- The total number of parakeets is \\(6 \\text{ cages} \\times 2 \\text{ parakeets per cage} = 12 \\text{ parakeets}\\).\n\nAdding these together gives the total number of birds:\n\\[ 36 \\text{ parrots} + 12 \\text{ parakeets} = 48 \\text{ birds}.\\]\n\nTherefore, the pet store has a total of 48 birds.'
)",True
"Example({'label': 72, 'question': ' Rachel was organizing her book case making sure each of the shelves had exactly 9 books on it. If she had 6 shelves of mystery books and 2 shelves of picture books, how many books did she have total? '}) (input_keys={'question'})","Prediction(
    answer=""Rachel had a total of 60 books. Here's the calculation: \n- Mystery books shelves: 6 shelves * 9 books = 54 books\n- Picture books shelves: 2 shelves * 9 books = 18 books\n- Total books: 54 books + 18 books = 72 books\n\nTherefore, the answer is 72.""
)",True
"Example({'label': 49, 'question': ' Rachel was unboxing some of her old winter clothes. She found 7 boxes of clothing and inside each box there were 3 scarves and 4 mittens. How many pieces of winter clothing did Rachel have total? '}) (input_keys={'question'})","Prediction(
    answer=""Rachel had a total of 53 pieces of winter clothing. Here's the calculation: \n- Each box contained 3 scarves + 4 mittens = 7 items.\n- With 7 boxes, she had 7 boxes * 7 items/box = 53 items.""
)",False
"Example({'label': 36, 'question': ' A pet store has 9 bird cages. If each cage has 2 parrots and 2 parakeets in it, how many birds does the pet store have total? '}) (input_keys={'question'})","Prediction(
    answer='To find the total number of birds in the pet store, we first need to calculate the number of parrots and parakeets in one cage. Each cage has 2 parrots and 2 parakeets.\n\nTotal number of birds per cage = Number of parrots + Number of parakeets\nTotal number of birds per cage = 2 + 2\nTotal number of birds per cage = 4\n\nNow, we multiply the total number of birds in one cage by the total number of cages to find the total number of birds in the pet store.\n\nTotal number of birds in the pet store = Total number of birds per cage * Number of cages\nTotal number of birds in the pet store = 4 * 9\nTotal number of birds in the pet store = 36'
)",True
"Example({'label': 80, 'question': ' Cody bought 7 boxes of chocolate candy and 3 boxes of caramel candy. If each box has 8 pieces inside it, how much candy did he have total? '}) (input_keys={'question'})","Prediction(
    answer=""Cody had a total of 76 pieces of candy. Here's the reasoning:\n\n- Chocolate candy: 7 boxes * 8 pieces/box = 56 pieces\n- Caramel candy: 3 boxes * 8 pieces/box = 24 pieces\n\nTotal pieces of candy: 56 + 24 = 80 pieces.\n\nHowever, there seems to be a mistake in the calculation. Let's correct it:\n\n- Chocolate candy: 7 boxes * 8 pieces/box = 56 pieces\n- Caramel candy: 3 boxes * 8 pieces/box = 24 pieces\n\nTotal pieces of candy: 56 + 24 = 80 pieces.\n\nThe total amount of candy Cody had is 80 pieces.""
)",True
"Example({'label': 21, 'question': "" At Billy's Restaurant a group with 2 adults and 5 children came in to eat. If each meal cost 3 dollars, how much was the bill? ""}) (input_keys={'question'})","Prediction(
    answer='The total number of meals is 2 (adults) + 5 (children) = 7 meals. Each meal costs $3, so the bill would be 7 * 3 = $21.'
)",True
"Example({'label': 72, 'question': ' Paul was collecting cans for recycling. On Saturday he filled 6 bags up and on Sunday he filled 3 more bags. If each bag had 8 cans in it, how many cans did he pick up total? '}) (input_keys={'question'})","Prediction(
    answer='To find the total number of cans Paul picked up, we need to follow these steps:\n\n1. Calculate the total number of bags he filled over the weekend.\n2. Multiply that by the number of cans per bag.\n\nHe filled 6 bags on Saturday and 3 more bags on Sunday. So, the total number of bags is:\n\\[ 6 + 3 = 9 \\]\n\nEach bag contains 8 cans. Therefore, the total number of cans can be calculated as:\n\\[ 9 \\text{ bags} \\times 8 \\text{ cans per bag} = 72 \\text{ cans} \\]\n\nSo, Paul picked up a total of 72 cans.'
)",True
"Example({'label': 50, 'question': ' While playing a trivia game, Adam answered 5 questions correct in the first half and 5 questions correct in the second half. If each question was worth 5 points, what was his final score? '}) (input_keys={'question'})","Prediction(
    answer=""Adam's total score is 50 points. He answered 5 questions correctly in the first half, which gives him \\(5 \\times 5 = 25\\) points. In the second half, he also answered 5 questions correctly, earning another \\(5 \\times 5 = 25\\) points. Therefore, his final score is \\(25 + 25 = 50\\).""
)",True
"Example({'label': 32, 'question': "" Haley's favorite band was holding a concert where tickets were 4 dollars each. Haley bought 3 tickets for herself and her friends and 5 extra tickets in case anyone else wanted to go. How much did she spend? ""}) (input_keys={'question'})","Prediction(
    answer='Haley bought a total of 3 + 5 = 8 tickets. Since each ticket costs $4, she spent 8 * $4 = $32.'
)",True
"Example({'label': 30, 'question': ' Luke was putting his spare change into piles. He had 5 piles of quarters and 5 piles of dimes. If each pile had 3 coins in it, how many coins did he have total? '}) (input_keys={'question'})","Prediction(
    answer=""Luke had a total of 20 coins. Here's the calculation: He has 5 piles of quarters and 5 piles of dimes, each containing 3 coins. So, (5 piles * 3 quarters) + (5 piles * 3 dimes) = 15 quarters + 15 dimes = 30 coins in total.""
)",True
"Example({'label': 64, 'question': ' Victor and his friend were buying trick decks from the magic shop for 8 dollars each. How much did they spend if Victor bought 6 decks and his friend bought 2 decks? '}) (input_keys={'question'})","Prediction(
    answer='To solve this problem, we need to calculate the total cost of the trick decks that Victor and his friend bought.\n\nVictor bought 6 decks at $8 each:\n\\[ 6 \\text{ decks} \\times \\$8/\\text{deck} = \\$48 \\]\n\nHis friend bought 2 decks at $8 each:\n\\[ 2 \\text{ decks} \\times \\$8/\\text{deck} = \\$16 \\]\n\nNow, we add the costs together to find the total amount spent:\n\\[ \\$48 + \\$16 = \\$64 \\]\n\nTherefore, Victor and his friend spent a total of $64.'
)",True
"Example({'label': 90, 'question': ' Katie had 7 pages of math homework and 3 pages of reading homework. If each page had 9 problems on it, how many problems did she have to complete total? '}) (input_keys={'question'})","Prediction(
    answer=""To determine the total number of problems Katie had to complete, we need to calculate the problems from both her math homework and reading homework.\n\nFirst, let's find out how many pages she has in total:\n\\[ \\text{Total pages} = 7 (\\text{math}) + 3 (\\text{reading}) = 10 \\text{ pages} \\]\n\nEach page contains 9 problems. Therefore, the total number of problems is calculated by multiplying the total number of pages by the number of problems per page:\n\\[ \\text{Total problems} = 10 \\times 9 = 90 \\]\n\nSo, Katie had to complete a total of 90 problems.""
)",True
"Example({'label': 56, 'question': ' Faye was playing a video game where she scores 7 points for each treasure she finds. If she found 2 treasures on the first level and 6 on the second, what would her score be? '}) (input_keys={'question'})","Prediction(
    answer=""Faye's score is calculated by multiplying the points per treasure by the number of treasures found. On the first level, she found 2 treasures earning her \\(2 \\times 7 = 14\\) points. On the second level, she found 6 treasures earning her \\(6 \\times 7 = 42\\) points. Her total score is therefore \\(14 + 42 = 56\\). Thus, Faye's final score is 56.""
)",True
"Example({'label': 72, 'question': ' Gwen was organizing her book case making sure each of the shelves had exactly 9 books on it. If she had 3 shelves of mystery books and 5 shelves of picture books, how many books did she have total? '}) (input_keys={'question'})","Prediction(
    answer=""Gwen had a total of 42 books. Here's the calculation: She had 3 shelves of mystery books with 9 books each, which is \\(3 \\times 9 = 27\\) books, and she also had 5 shelves of picture books with 9 books each, which is \\(5 \\times 9 = 45\\) books. Adding these together gives a total of \\(27 + 45 = 42\\) books.""
)",False
"Example({'label': 24, 'question': ' There were 2 friends playing a video game online when 2 more players joined the game. If each player had 6 lives, how many lives did they have total? '}) (input_keys={'question'})","Prediction(
    answer='There were originally 2 friends + 2 more players = 4 players in total. If each player had 6 lives, they had a total of 4 * 6 = 24 lives.'
)",True
"Example({'label': 48, 'question': ' Wendy bought 4 new chairs and 4 new tables for her house. If she spent 6 minutes on each piece furniture putting it together, how many minutes did it take her to finish? '}) (input_keys={'question'})","Prediction(
    answer='Wendy bought 4 chairs + 4 tables = 8 pieces of furniture. If she spent 6 minutes on each piece furniture putting it together, it took her 8 * 6 = 48 minutes to finish.'
)",True
"Example({'label': 30, 'question': "" April's discount flowers was having a sale where each flower was 3 dollars. If Zoe bought 8 roses and 2 daisies, how much did she spend? ""}) (input_keys={'question'})","Prediction(
    answer='Zoe bought 8 roses at $3 each, so the cost of the roses is 8 * $3 = $24.\n She also bought 2 daisies at $3 each, so the cost of the daisies is 2 * $3 = $6.\n Therefore, the total amount she spent is $24 + $6 = $30.'
)",True
"Example({'label': 60, 'question': ' Paige was unboxing some of her old winter clothes. She found 6 boxes of clothing and inside each box there were 5 scarves and 5 mittens. How many pieces of winter clothing did Paige have total? '}) (input_keys={'question'})","Prediction(
    answer=""Paige had a total of 48 pieces of winter clothing. Explanation: There are 6 boxes, with 5 scarves in each box, so that's 30 scarves (6 x 5). Additionally, there are 6 boxes, with 5 mittens in each box, which totals to 30 mittens (6 x 5). Adding the scarves and mittens together gives us a total of 48 pieces of winter clothing.""
)",False
"Example({'label': 42, 'question': ' Sam was collecting cans for recycling. On Saturday he filled 4 bags up and on Sunday he filled 3 more bags. If each bag had 6 cans in it, how many cans did he pick up total? '}) (input_keys={'question'})","Prediction(
    answer='To find the total number of cans Sam picked up, we first need to determine how many bags he filled over the weekend. On Saturday, he filled 4 bags, and on Sunday, he filled 3 more bags.\n\nTotal bags = Bags on Saturday + Bags on Sunday\nTotal bags = 4 + 3\nTotal bags = 7\n\nEach bag contained 6 cans, so we multiply the total number of bags by the number of cans per bag to find the total number of cans:\n\nTotal cans = Total bags * Cans per bag\nTotal cans = 7 * 6\nTotal cans = 42\n\nTherefore, Sam picked up a total of 42 cans.'
)",True
"Example({'label': 45, 'question': ' George was working as a sacker at a grocery store where he made 5 dollars an hour. On Monday he worked 7 hours and on Tuesday he worked 2 hours. How much money did George make in those two days? '}) (input_keys={'question'})","Prediction(
    answer='George made $45 in those two days.'
)",True
"Example({'label': 15, 'question': ' While playing a trivia game, Frank answered 3 questions correct in the first half and 2 questions correct in the second half. If each question was worth 3 points, what was his final score? '}) (input_keys={'question'})","Prediction(
    answer=""Frank's total score is calculated by adding up the points he earned from both halves of the game. In the first half, he answered 3 questions correctly, each worth 3 points, so that gives him \\(3 \\times 3 = 9\\) points. In the second half, he answered 2 questions correctly, earning \\(2 \\times 3 = 6\\) points. Adding these together, his final score is \\(9 + 6 = 15\\). Therefore, Frank's final score is 15.""
)",True
"Example({'label': 72, 'question': ' Edward and his friend were buying trick decks from the magic shop for 9 dollars each. How much did they spend if Edward bought 4 decks and his friend bought 4 decks? '}) (input_keys={'question'})","Prediction(
    answer='27'
)",False
"Example({'label': 64, 'question': ' Tom and his friend were buying trick decks from the magic shop for 8 dollars each. How much did they spend if Tom bought 3 decks and his friend bought 5 decks? '}) (input_keys={'question'})","Prediction(
    answer=""To solve this problem, we need to calculate the total cost of the trick decks that Tom and his friend bought.\n\nFirst, let's find out how much Tom spent on his 3 decks:\n- Cost per deck: $8\n- Number of decks Tom bought: 3\n\n\\[ \\text{Tom's total} = 8 \\times 3 = 24 \\]\n\nNext, we calculate how much his friend spent on the 5 decks he bought:\n- Number of decks his friend bought: 5\n\n\\[ \\text{Friend's total} = 8 \\times 5 = 40 \\]\n\nNow, to find out the total amount they both spent together, we add Tom's total and his friend's total:\n\n\\[ \\text{Total cost} = 24 + 40 = 64 \\]\n\nTherefore, the answer is that they spent $64 in total.""
)",True
"Example({'label': 70, 'question': ' While shopping for music online, Megan bought 2 country albums and 8 pop albums. Each album came with a lyric sheet and had 7 songs. How many songs did Megan buy total? '}) (input_keys={'question'})","Prediction(
    answer='Megan bought a total of 70 songs. She bought 2 * 7 = 14 country songs and 8 * 7 = 56 pop songs, for a total of 14 + 56 = 70 songs. \n\n[[## completed ##]]'
)",True
"Example({'label': 60, 'question': ' Victor was working as a sacker at a grocery store where he made 6 dollars an hour. On Monday he worked 5 hours and on Tuesday he worked 5 hours. How much money did Victor make in those two days? '}) (input_keys={'question'})","Prediction(
    answer='Victor made $60 in those two days. He worked a total of 10 hours (5 hours on Monday + 5 hours on Tuesday) at a rate of $6 per hour, so his total earnings are 10 * 6 = $60.'
)",True
"Example({'label': 54, 'question': ' A pet store has 6 bird cages. If each cage has 2 parrots and 7 parakeets in it, how many birds does the pet store have total? '}) (input_keys={'question'})","Prediction(
    answer='To find the total number of birds in the pet store, we first need to calculate the number of parrots and parakeets in one cage, and then multiply by the total number of cages.\n\nEach cage has 2 parrots and 7 parakeets. So, each cage has a total of:\n\\[ \\text{Birds per cage} = 2 + 7 = 9 \\]\n\nSince there are 6 cages, the total number of birds in the pet store is:\n\\[ \\text{Total birds} = 9 \\times 6 = 54 \\]\n\nTherefore, the pet store has a total of 54 birds.'
)",True
"Example({'label': 32, 'question': ' Maria bought 2 new chairs and 2 new tables for her house. If she spent 8 minutes on each piece furniture putting it together, how many minutes did it take her to finish? '}) (input_keys={'question'})","Prediction(
    answer='Maria bought a total of 2 chairs + 2 tables = 4 pieces of furniture. If she spent 8 minutes on each piece, it took her 4 * 8 = 32 minutes to finish.'
)",True
"Example({'label': 32, 'question': ' Olivia was playing a video game where she scores 8 points for each treasure she finds. If she found 2 treasures on the first level and 2 on the second, what would her score be? '}) (input_keys={'question'})","Prediction(
    answer=""To determine Olivia's total score, we need to calculate the points she earned from finding treasures on both levels.\n\nOn the first level:\n- She found 2 treasures.\n- Each treasure is worth 8 points.\n- Therefore, her score for the first level = \\( 2 \\times 8 = 16 \\) points.\n\nOn the second level:\n- She also found 2 treasures.\n- Again, each treasure is worth 8 points.\n- Thus, her score for the second level = \\( 2 \\times 8 = 16 \\) points.\n\nAdding both levels together to get her total score:\n- Total score = Score from first level + Score from second level\n- Total score = \\( 16 + 16 = 32 \\)\n\nTherefore, Olivia's final score is 32 points.""
)",True
"Example({'label': 48, 'question': ' A waiter had 6 tables he was waiting on, with 3 women and 5 men at each table. How many customers total did the waiter have? '}) (input_keys={'question'})","Prediction(
    answer='To find the total number of customers the waiter had, we need to calculate the number of people at each table and then multiply by the number of tables.\n\n1. First, determine the number of people at one table: 3 women + 5 men = 8 people.\n2. Then, multiply this number by the number of tables: 8 people/table * 6 tables = 48 customers.\n\nTherefore, the waiter had a total of 48 customers.'
)",True
"Example({'label': 70, 'question': ' Faye was selling her necklaces at a garage sale. She sold 3 bead necklaces and 7 gem stone necklaces. If each necklace cost 7 dollars, how much money did she earn? '}) (input_keys={'question'})","Prediction(
    answer='Faye sold a total of 3 + 7 = 10 necklaces. If each necklace cost $7, she earned 10 * $7 = $70.'
)",True
"Example({'label': 63, 'question': ' At the town carnival Oliver rode the ferris wheel 5 times and the bumper cars 4 times. If each ride cost 7 tickets, how many tickets did he use? '}) (input_keys={'question'})","Prediction(
    answer=""To determine the total number of tickets Oliver used, we need to calculate the tickets spent on both the ferris wheel and the bumper cars.\n\nFirst, let's find out how many tickets he used for the ferris wheel:\n- He rode the ferris wheel 5 times.\n- Each ride costs 7 tickets.\n\nTickets for ferris wheel rides = \\( 5 \\times 7 = 35 \\) tickets\n\nNext, we calculate the tickets spent on the bumper cars:\n- He rode the bumper cars 4 times.\n- Each ride also costs 7 tickets.\n\nTickets for bumper cars rides = \\( 4 \\times 7 = 28 \\) tickets\n\nNow, let's add up all the tickets used:\nTotal tickets used = Tickets for ferris wheel rides + Tickets for bumper cars rides\n\\[ Total\\ tickets\\ used = 35 + 28 = 63 \\]\n\nTherefore, Oliver used a total of 63 tickets.""
)",True
"Example({'label': 56, 'question': ' There were 5 friends playing a video game online when 2 more players joined the game. If each player had 8 lives, how many lives did they have total? '}) (input_keys={'question'})","Prediction(
    answer='There were originally 5 friends playing. With 2 more players joining, there are a total of \\(5 + 2 = 7\\) players.\n\nEach player had 8 lives, so the total number of lives is \\(7 \\times 8 = 56\\).\n\nTherefore, the total number of lives they have together is 56.'
)",True
"Example({'label': 21, 'question': ' Katie was selling her necklaces at a garage sale. She sold 4 bead necklaces and 3 gem stone necklaces. If each necklace cost 3 dollars, how much money did she earn? '}) (input_keys={'question'})","Prediction(
    answer=""To determine how much money Katie earned from selling her necklaces at the garage sale, we need to calculate the total earnings from both the bead necklaces and the gem stone necklaces.\n\nFirst, let's find out the total number of necklaces sold:\n- She sold 4 bead necklaces.\n- She also sold 3 gem stone necklaces.\n\nAdding these together gives us a total of \\( 4 + 3 = 7 \\) necklaces.\n\nNext, we need to calculate her earnings. Each necklace costs $3:\n\n\\[\n\\text{Total Earnings} = (\\text{Number of Bead Necklaces Sold}) \\times (\\text{Price per Necklace}) + (\\text{Number of Gem Stone Necklaces Sold}) \\times (\\text{Price per Necklace})\n\\]\n\nSubstituting the values we have:\n\\[\n\\text{Total Earnings} = 4 \\times 3 + 3 \\times 3\n\\]\n\\[\n\\text{Total Earnings} = 12 + 9\n\\]\n\\[\n\\text{Total Earnings} = 21\n\\]\n\nTherefore, Katie earned $21 from selling her necklaces at the garage sale.""
)",True
"Example({'label': 48, 'question': ' Edward was working as a sacker at a grocery store where he made 6 dollars an hour. On Monday he worked 3 hours and on Tuesday he worked 5 hours. How much money did Edward make in those two days? '}) (input_keys={'question'})","Prediction(
    answer='Edward made $36 in those two days.'
)",False
"Example({'label': 24, 'question': ' While playing a trivia game, Mike answered 3 questions correct in the first half and 5 questions correct in the second half. If each question was worth 3 points, what was his final score? '}) (input_keys={'question'})","Prediction(
    answer=""Mike's final score is 24 points. He scored 3 points for each of the 3 questions in the first half, which totals to \\(3 \\times 3 = 9\\) points. In the second half, he scored 5 questions correct, adding another \\(5 \\times 3 = 15\\) points. Therefore, his total score is \\(9 + 15 = 24\\).""
)",True
"Example({'label': 32, 'question': ' Amy was playing a video game where she scores 4 points for each treasure she finds. If she found 6 treasures on the first level and 2 on the second, what would her score be? '}) (input_keys={'question'})","Prediction(
    answer=""Amy's score from finding treasures is calculated by multiplying the number of treasures found by the points per treasure. On the first level, she found 6 treasures, scoring \\(6 \\times 4 = 24\\) points. On the second level, she found 2 treasures, scoring \\(2 \\times 4 = 8\\) points. Adding these together, her total score is \\(24 + 8 = 32\\). Therefore, Amy's final score is 32.""
)",True
"Example({'label': 63, 'question': ' A waiter had 9 tables he was waiting on, with 4 women and 3 men at each table. How many customers total did the waiter have? '}) (input_keys={'question'})","Prediction(
    answer='The waiter had a total of 63 customers.\n(9 tables * (4 women + 3 men) = 63 customers)'
)",True
"Example({'label': 54, 'question': ' Chloe was organizing her book case making sure each of the shelves had exactly 6 books on it. If she had 5 shelves of mystery books and 4 shelves of picture books, how many books did she have total? '}) (input_keys={'question'})","Prediction(
    answer='Chloe had a total of 50 books. She had 5 shelves of mystery books with 6 books each, which is \\(5 \\times 6 = 30\\) books. She also had 4 shelves of picture books with 6 books each, which is \\(4 \\times 6 = 24\\) books. Adding these together gives a total of \\(30 + 24 = 50\\) books.'
)",False
"Example({'label': 72, 'question': ' While shopping for music online, Isabel bought 6 country albums and 2 pop albums. Each album came with a lyric sheet and had 9 songs. How many songs did Isabel buy total? '}) (input_keys={'question'})","Prediction(
    answer=""To solve this problem, we need to calculate the total number of songs Isabel bought. Here's how we can break it down:\n\n1. **Country Albums**: Isabel bought 6 country albums.\n   - Each album has 9 songs.\n   - Total songs from country albums = \\( 6 \\times 9 = 54 \\) songs.\n\n2. **Pop Albums**: Isabel bought 2 pop albums.\n   - Each album also has 9 songs.\n   - Total songs from pop albums = \\( 2 \\times 9 = 18 \\) songs.\n\n3. **Total Songs**: To find the total number of songs, we add the songs from both types of albums together:\n   - Total songs = \\( 54 + 18 = 72 \\).\n\nTherefore, Isabel bought a total of 72 songs.""
)",True
"Example({'label': 18, 'question': "" At Oliver's Restaurant a group with 2 adults and 4 children came in to eat. If each meal cost 3 dollars, how much was the bill? ""}) (input_keys={'question'})","Prediction(
    answer='The total number of meals is 2 (adults) + 4 (children) = 6 meals.\nEach meal costs $3, so the total bill is 6 * $3 = $18.'
)",True
"Example({'label': 30, 'question': ' Tiffany had 6 pages of math homework and 4 pages of reading homework. If each page had 3 problems on it, how many problems did she have to complete total? '}) (input_keys={'question'})","Prediction(
    answer='Tiffany had a total of \\(6 + 4 = 10\\) pages of homework. Since each page has 3 problems, she had to complete \\(10 \\times 3 = 30\\) problems in total.'
)",True
"Example({'label': 27, 'question': "" April's discount flowers was having a sale where each flower was 3 dollars. If Robin bought 5 roses and 4 daisies, how much did she spend? ""}) (input_keys={'question'})","Prediction(
    answer='Robin bought 5 roses at $3 each and 4 daisies at $3 each. The total cost for the roses is \\(5 \\times 3 = 15\\) dollars, and the total cost for the daisies is \\(4 \\times 3 = 12\\) dollars. Therefore, Robin spent a total of \\(15 + 12 = 27\\) dollars.'
)",True
"Example({'label': 80, 'question': ' Zoe was unboxing some of her old winter clothes. She found 8 boxes of clothing and inside each box there were 4 scarves and 6 mittens. How many pieces of winter clothing did Zoe have total? '}) (input_keys={'question'})","Prediction(
    answer='Zoe had a total of 8 boxes * (4 scarves + 6 mittens) = 8 * 10 = 80 pieces of winter clothing.'
)",True
"Example({'label': 12, 'question': ' There were 2 friends playing a video game online when 2 more players joined the game. If each player had 3 lives, how many lives did they have total? '}) (input_keys={'question'})","Prediction(
    answer='There were originally 2 friends + 2 more players = 4 players in total. If each player had 3 lives, they had a total of 4 players * 3 lives/player = 12 lives.'
)",True
"Example({'label': 28, 'question': ' Adam bought 2 boxes of chocolate candy and 5 boxes of caramel candy. If each box has 4 pieces inside it, how much candy did he have total? '}) (input_keys={'question'})","Prediction(
    answer='Adam had a total of 30 pieces of candy. He had 2 * 4 = 8 pieces of chocolate candy and 5 * 4 = 20 pieces of caramel candy. So in total Adam had 8 + 20 = 30 pieces of candy.'
)",False
"Example({'label': 72, 'question': ' A pet store has 8 bird cages. If each cage has 2 parrots and 7 parakeets in it, how many birds does the pet store have total? '}) (input_keys={'question'})","Prediction(
    answer='To find the total number of birds in the pet store, we first need to calculate the number of parrots and parakeets in one cage. Each cage has 2 parrots and 7 parakeets.\n\nTotal number of birds per cage = Number of parrots + Number of parakeets\nTotal number of birds per cage = 2 + 7\nTotal number of birds per cage = 9\n\nNow, we multiply the total number of birds in one cage by the number of cages to get the total number of birds in the pet store.\n\nTotal number of birds in the pet store = Total number of birds per cage * Number of cages\nTotal number of birds in the pet store = 9 * 8\nTotal number of birds in the pet store = 72'
)",True
"Example({'label': 60, 'question': "" Lana's favorite band was holding a concert where tickets were 6 dollars each. Lana bought 8 tickets for herself and her friends and 2 extra tickets in case anyone else wanted to go. How much did she spend? ""}) (input_keys={'question'})","Prediction(
    answer='Lana spent $56 on concert tickets.'
)",False
"Example({'label': 56, 'question': "" At Tom's Restaurant a group with 2 adults and 5 children came in to eat. If each meal cost 8 dollars, how much was the bill? ""}) (input_keys={'question'})","Prediction(
    answer=""To calculate the total bill at Tom's Restaurant, we need to determine the cost of meals for both adults and children. Given that each meal costs $8:\n\n- The group consists of 2 adults and 5 children.\n- Therefore, there are a total of \\(2 + 5 = 7\\) people in the group.\n\nThe total cost is calculated by multiplying the number of people by the cost per person:\n\\[ \\text{Total Cost} = 7 \\times 8 = \\$56 \\]\n\nThus, the bill for the group at Tom's Restaurant would be $56.""
)",True
"Example({'label': 32, 'question': ' Gwen was organizing her book case making sure each of the shelves had exactly 4 books on it. If she had 5 shelves of mystery books and 3 shelves of picture books, how many books did she have total? '}) (input_keys={'question'})","Prediction(
    answer='Gwen had a total of 28 books. She had 5 shelves of mystery books with 4 books each, which is \\(5 \\times 4 = 20\\) books. She also had 3 shelves of picture books with 4 books each, which is \\(3 \\times 4 = 12\\) books. Adding these together gives a total of \\(20 + 12 = 32\\) books.'
)",True
"Example({'label': 72, 'question': ' While shopping for music online, Isabel bought 4 country albums and 5 pop albums. Each album came with a lyric sheet and had 8 songs. How many songs did Isabel buy total? '}) (input_keys={'question'})","Prediction(
    answer='To determine the total number of songs Isabel bought, we need to calculate the number of songs in the country albums and pop albums separately, and then add them together.\n\nIsabel bought 4 country albums. Each album has 8 songs.\nSo, the total number of songs from the country albums is \\( 4 \\times 8 = 32 \\) songs.\n\nShe also bought 5 pop albums. Each album has 8 songs.\nThus, the total number of songs from the pop albums is \\( 5 \\times 8 = 40 \\) songs.\n\nAdding these together gives us the total number of songs Isabel bought:\n\\[ 32 + 40 = 72 \\]\n\nTherefore, Isabel bought a total of 72 songs.'
)",True
"Example({'label': 90, 'question': ' Megan was selling her necklaces at a garage sale. She sold 7 bead necklaces and 3 gem stone necklaces. If each necklace cost 9 dollars, how much money did she earn? '}) (input_keys={'question'})","Prediction(
    answer=""To determine how much money Megan earned from selling her necklaces at the garage sale, we need to calculate the total sales of both bead necklaces and gem stone necklaces.\n\nFirst, let's find out the total number of necklaces sold:\n- She sold 7 bead necklaces.\n- She also sold 3 gem stone necklaces.\n\nAdding these together gives us a total of \\( 7 + 3 = 10 \\) necklaces.\n\nNext, we need to calculate the total earnings. Each necklace was sold for $9:\n\nTotal earnings can be calculated by multiplying the number of necklaces sold by the price per necklace:\n\\[ 10 \\text{ necklaces} \\times \\$9/\\text{necklace} = \\$90 \\]\n\nTherefore, Megan earned a total of \\( \\$90 \\).""
)",True
"Example({'label': 63, 'question': ' Rachel was playing a video game where she scores 9 points for each treasure she finds. If she found 5 treasures on the first level and 2 on the second, what would her score be? '}) (input_keys={'question'})","Prediction(
    answer=""To determine Rachel's total score in the video game, we need to calculate the points she earned from finding treasures on both levels.\n\nOn the first level:\n- She found 5 treasures.\n- Each treasure is worth 9 points.\n- Therefore, her score for the first level is \\( 5 \\times 9 = 45 \\) points.\n\nOn the second level:\n- She found 2 treasures.\n- Each treasure is still worth 9 points.\n- Therefore, her score for the second level is \\( 2 \\times 9 = 18 \\) points.\n\nTo find her total score, we add up the scores from both levels: \n\\[ 45 + 18 = 63 \\]\n\nSo, Rachel's total score in the video game would be 63 points.""
)",True
"Example({'label': 60, 'question': "" April's discount flowers was having a sale where each flower was 6 dollars. If Katie bought 5 roses and 5 daisies, how much did she spend? ""}) (input_keys={'question'})","Prediction(
    answer='To determine how much Katie spent on flowers, we need to calculate the total cost of the roses and daisies she bought. Each flower costs $6.\n\nKatie bought 5 roses and 5 daisies, which means she bought a total of \\(5 + 5 = 10\\) flowers.\n\nThe total amount spent is calculated by multiplying the number of flowers by the price per flower:\n\\[ \\text{Total cost} = 10 \\times \\$6 = \\$60. \\]\n\nSo, Katie spent $60 in total.'
)",True
"Example({'label': 72, 'question': ' A pet store has 9 bird cages. If each cage has 2 parrots and 6 parakeets in it, how many birds does the pet store have total? '}) (input_keys={'question'})","Prediction(
    answer='To find the total number of birds in the pet store, we first need to calculate the number of parrots and parakeets in one cage. Each cage has 2 parrots and 6 parakeets.\n\nTotal birds per cage = Number of parrots + Number of parakeets\n                    = 2 + 6\n                    = 8\n\nNow that we know there are 8 birds in each cage, we can find the total number of birds for all cages by multiplying this number by the total number of cages:\n\nTotal birds = Total birds per cage * Number of cages\n            = 8 * 9\n            = 72\n\nTherefore, the pet store has a total of 72 birds.'
)",True
"Example({'label': 42, 'question': ' Roger was putting his spare change into piles. He had 3 piles of quarters and 3 piles of dimes. If each pile had 7 coins in it, how many coins did he have total? '}) (input_keys={'question'})","Prediction(
    answer='To solve this problem, we need to calculate the total number of quarters and dimes Roger has.\n\nRoger had 3 piles of quarters. Each pile contained 7 coins:\n\\[ \\text{Total quarters} = 3 \\times 7 = 21 \\]\n\nSimilarly, he had 3 piles of dimes. Each pile also contained 7 coins:\n\\[ \\text{Total dimes} = 3 \\times 7 = 21 \\]\n\nTo find the total number of coins (quarters and dimes), we add these two totals together:\n\\[ \\text{Total coins} = \\text{Total quarters} + \\text{Total dimes} = 21 + 21 = 42 \\]\n\nTherefore, Roger had a total of 42 coins.'
)",True
"Example({'label': 32, 'question': ' There were 2 friends playing a video game online when 2 more players joined the game. If each player had 8 lives, how many lives did they have total? '}) (input_keys={'question'})","Prediction(
    answer='To solve this problem, we first need to determine the total number of players. Initially, there were 2 friends playing, and then 2 more joined. So, the total number of players is:\n\n\\[ \\text{Total Players} = 2 + 2 = 4 \\]\n\nEach player has 8 lives. Therefore, the total number of lives can be calculated by multiplying the total number of players by the number of lives each player has:\n\n\\[ \\text{Total Lives} = \\text{Total Players} \\times \\text{Lives per Player} = 4 \\times 8 = 32 \\]\n\nSo, they had a total of 32 lives.'
)",True
"Example({'label': 63, 'question': ' A waiter had 7 tables he was waiting on, with 7 women and 2 men at each table. How many customers total did the waiter have? '}) (input_keys={'question'})","Prediction(
    answer='The waiter had a total of 63 customers.\nTo calculate this, we multiply the number of tables by the sum of women and men at each table: \\(7 \\text{ tables} \\times (7 \\text{ women} + 2 \\text{ men}) = 7 \\times 9 = 63\\).'
)",True
"Example({'label': 48, 'question': ' Tiffany was playing a video game where she scores 6 points for each treasure she finds. If she found 3 treasures on the first level and 5 on the second, what would her score be? '}) (input_keys={'question'})","Prediction(
    answer=""Tiffany's score from finding treasures is calculated as follows: \n\n- On the first level, she found 3 treasures. Her score for this level would be \\(3 \\times 6 = 18\\) points.\n- On the second level, she found 5 treasures. Her score for this level would be \\(5 \\times 6 = 30\\) points.\n\nAdding these scores together: \n\\[18 + 30 = 48\\]\n\nTherefore, her total score is 48 points.""
)",True
"Example({'label': 24, 'question': ' While shopping for music online, Zoe bought 3 country albums and 5 pop albums. Each album came with a lyric sheet and had 3 songs. How many songs did Zoe buy total? '}) (input_keys={'question'})","Prediction(
    answer=""Zoe bought a total of 24 songs. Here's the calculation: She bought 3 country albums and 5 pop albums, which is a total of \\(3 + 5 = 8\\) albums. Since each album has 3 songs, she bought \\(8 \\times 3 = 24\\) songs in total.""
)",True
"Example({'label': 70, 'question': ' Megan was organizing her book case making sure each of the shelves had exactly 7 books on it. If she had 8 shelves of mystery books and 2 shelves of picture books, how many books did she have total? '}) (input_keys={'question'})","Prediction(
    answer='Megan had 8 shelves of mystery books with 7 books each, which totals to \\(8 \\times 7 = 56\\) books. She also had 2 shelves of picture books with 7 books each, totaling \\(2 \\times 7 = 14\\) books. Therefore, the total number of books she had is \\(56 + 14 = 70\\).'
)",True
"Example({'label': 36, 'question': ' Isabel was selling her necklaces at a garage sale. She sold 3 bead necklaces and 3 gem stone necklaces. If each necklace cost 6 dollars, how much money did she earn? '}) (input_keys={'question'})","Prediction(
    answer=""To determine how much money Isabel earned from selling her necklaces at the garage sale, we need to calculate the total earnings from both the bead necklaces and the gem stone necklaces.\n\n1. She sold 3 bead necklaces.\n2. Each necklace cost $6.\n   - Total earnings from bead necklaces = Number of bead necklaces × Price per necklace\n   - Total earnings from bead necklaces = 3 × $6\n\n3. She also sold 3 gem stone necklaces.\n4. Each necklace still costs $6.\n   - Total earnings from gem stone necklaces = Number of gem stone necklaces × Price per necklace\n   - Total earnings from gem stone necklaces = 3 × $6\n\nNow, we add the total earnings from both types of necklaces to find out how much money Isabel earned in total.\n\nLet's calculate this.""
)",False
"Example({'label': 40, 'question': ' Frank was collecting cans for recycling. On Saturday he filled 5 bags up and on Sunday he filled 3 more bags. If each bag had 5 cans in it, how many cans did he pick up total? '}) (input_keys={'question'})","Prediction(
    answer='To find the total number of cans Frank picked up, we need to follow these steps:\n\n1. Calculate the total number of bags he filled over the weekend.\n2. Multiply that by the number of cans per bag.\n\nHe filled 5 bags on Saturday and 3 more bags on Sunday. So, the total number of bags is:\n\\[ 5 + 3 = 8 \\]\n\nEach bag contains 5 cans. Therefore, the total number of cans he picked up is:\n\\[ 8 \\text{ bags} \\times 5 \\text{ cans per bag} = 40 \\text{ cans} \\]\n\nSo, Frank picked up a total of 40 cans.'
)",True
"Example({'label': 48, 'question': "" April's discount flowers was having a sale where each flower was 8 dollars. If Vanessa bought 3 roses and 3 daisies, how much did she spend? ""}) (input_keys={'question'})","Prediction(
    answer=""To determine how much Vanessa spent on flowers, we need to calculate the total cost of 3 roses and 3 daisies. Given that each flower costs $8, we can find the total by multiplying the number of flowers by the price per flower.\n\nTotal cost = (Number of roses + Number of daisies) * Price per flower\nTotal cost = (3 + 3) * 8\n\nNow let's calculate this.""
)",False
"Example({'label': 80, 'question': ' Will was working as a sacker at a grocery store where he made 8 dollars an hour. On Monday he worked 8 hours and on Tuesday he worked 2 hours. How much money did Will make in those two days? '}) (input_keys={'question'})","Prediction(
    answer='32\n\nWill made $8 per hour. On Monday he worked 8 hours, so he earned 8 * 8 = $64. On Tuesday he worked 2 hours, so he earned 8 * 2 = $16. In total, Will made $64 + $16 = $80 in those two days.'
)",True
"Example({'label': 40, 'question': ' Rachel bought 7 new chairs and 3 new tables for her house. If she spent 4 minutes on each piece furniture putting it together, how many minutes did it take her to finish? '}) (input_keys={'question'})","Prediction(
    answer='Rachel bought a total of 7 chairs + 3 tables = 10 pieces of furniture. If she spent 4 minutes on each piece, it took her 10 * 4 = 40 minutes to finish.'
)",True
"Example({'label': 80, 'question': ' While playing a trivia game, Adam answered 8 questions correct in the first half and 2 questions correct in the second half. If each question was worth 8 points, what was his final score? '}) (input_keys={'question'})","Prediction(
    answer=""Adam's total score is calculated by adding up the points from both halves of the game. In the first half, he answered 8 questions correctly, each worth 8 points: \\(8 \\times 8 = 64\\) points. In the second half, he answered 2 questions correctly, each also worth 8 points: \\(2 \\times 8 = 16\\) points. Adding these together gives his final score: \\(64 + 16 = 80\\). Therefore, Adam's final score is 80.""
)",True
"Example({'label': 40, 'question': ' A pet store has 4 bird cages. If each cage has 8 parrots and 2 parakeets in it, how many birds does the pet store have total? '}) (input_keys={'question'})","Prediction(
    answer='The total number of birds is calculated by adding parrots and parakeets in all cages. Each cage has 8 parrots + 2 parakeets = 10 birds per cage. With 4 cages, the pet store has a total of 4 * 10 = 40 birds.'
)",True
"Example({'label': 40, 'question': ' Kaleb was collecting cans for recycling. On Saturday he filled 5 bags up and on Sunday he filled 5 more bags. If each bag had 4 cans in it, how many cans did he pick up total? '}) (input_keys={'question'})","Prediction(
    answer=""To find the total number of cans Kaleb picked up, we need to follow these steps:\n\n1. Calculate the total number of bags filled over both days.\n2. Multiply the total number of bags by the number of cans per bag.\n\nLet's do this step-by-step:\n- On Saturday, he filled 5 bags.\n- On Sunday, he filled another 5 bags.\n- So in total, he filled \\(5 + 5 = 10\\) bags over both days.\n- Each bag had 4 cans inside it.\n\nNow we multiply the total number of bags by the number of cans per bag:\n\\[ 10 \\text{ bags} \\times 4 \\text{ cans/bag} = 40 \\text{ cans} \\]\n\nTherefore, Kaleb picked up a total of 40 cans.""
)",True
"Example({'label': 72, 'question': ' Bianca was organizing her book case making sure each of the shelves had exactly 8 books on it. If she had 5 shelves of mystery books and 4 shelves of picture books, how many books did she have total? '}) (input_keys={'question'})","Prediction(
    answer=""Bianca had a total of 50 books. Here's the calculation: She had 40 mystery books (5 shelves * 8 books) and 4 picture books (4 shelves * 1 book), which sums up to 50 books in total.""
)",False
"Example({'label': 20, 'question': ' Billy was putting his spare change into piles. He had 2 piles of quarters and 3 piles of dimes. If each pile had 4 coins in it, how many coins did he have total? '}) (input_keys={'question'})","Prediction(
    answer='To solve this problem, we need to calculate the total number of quarters and dimes Billy has.\n\nBilly had 2 piles of quarters. Since each pile contains 4 coins:\n\\[ \\text{Total quarters} = 2 \\times 4 = 8 \\]\n\nHe also had 3 piles of dimes. Each pile containing 4 coins:\n\\[ \\text{Total dimes} = 3 \\times 4 = 12 \\]\n\nAdding the total number of quarters and dimes together gives us the total number of coins:\n\\[ \\text{Total coins} = \\text{Total quarters} + \\text{Total dimes} = 8 + 12 = 20 \\]\n\nTherefore, Billy had a total of 20 coins.'
)",True
"Example({'label': 81, 'question': ' Chloe was playing a video game where she scores 9 points for each treasure she finds. If she found 6 treasures on the first level and 3 on the second, what would her score be? '}) (input_keys={'question'})","Prediction(
    answer=""Chloe's score from finding treasures is calculated by multiplying the number of treasures found by the points per treasure. On the first level, she found 6 treasures, giving her \\(6 \\times 9 = 54\\) points. On the second level, she found 3 treasures, adding another \\(3 \\times 9 = 27\\) points to her score. Her total score is therefore \\(54 + 27 = 81\\).""
)",True
"Example({'label': 64, 'question': ' While shopping for music online, Nancy bought 3 country albums and 5 pop albums. Each album came with a lyric sheet and had 8 songs. How many songs did Nancy buy total? '}) (input_keys={'question'})","Prediction(
    answer='Nancy bought a total of 64 songs. She bought 3 * 8 = 24 country songs and 5 * 8 = 40 pop songs, for a total of 24 + 40 = 64 songs.'
)",True
"Example({'label': 21, 'question': ' Lana was unboxing some of her old winter clothes. She found 3 boxes of clothing and inside each box there were 3 scarves and 4 mittens. How many pieces of winter clothing did Lana have total? '}) (input_keys={'question'})","Prediction(
    answer=""Lana had a total of 21 pieces of winter clothing. Explanation: There are 3 boxes, with 3 scarves in each box, so that's 3 * 3 = 9 scarves. Also, there are 4 mittens in each box, so that's 3 * 4 = 12 mittens. In total, she had 9 + 12 = 21 pieces of winter clothing.""
)",True
"Example({'label': 35, 'question': ' Frank and his friend were buying trick decks from the magic shop for 7 dollars each. How much did they spend if Frank bought 3 decks and his friend bought 2 decks? '}) (input_keys={'question'})","Prediction(
    answer='To solve this problem, we need to calculate the total cost of the trick decks that Frank and his friend bought.\n\nFrank bought 3 decks at $7 each:\n\\[ \\text{Cost for Frank} = 3 \\times 7 = 21 \\]\n\nHis friend bought 2 decks at $7 each:\n\\[ \\text{Cost for Friend} = 2 \\times 7 = 14 \\]\n\nNow, we add the costs together to find the total amount spent:\n\\[ \\text{Total Cost} = 21 + 14 = 35 \\]\n\nTherefore, Frank and his friend spent a total of $35.'
)",True
"Example({'label': 40, 'question': ' A waiter had 5 tables he was waiting on, with 5 women and 3 men at each table. How many customers total did the waiter have? '}) (input_keys={'question'})","Prediction(
    answer='The waiter had a total of 40 customers.\n(5 women + 3 men) * 5 tables = 40 customers'
)",True
"Example({'label': 60, 'question': ' There were 8 friends playing a video game online when 2 more players joined the game. If each player had 6 lives, how many lives did they have total? '}) (input_keys={'question'})","Prediction(
    answer='There were originally 8 friends + 2 more players = 10 players in total. If each player had 6 lives, they had a total of 10 * 6 = 60 lives.'
)",True
"Example({'label': 63, 'question': ' Sam was collecting cans for recycling. On Saturday he filled 3 bags up and on Sunday he filled 4 more bags. If each bag had 9 cans in it, how many cans did he pick up total? '}) (input_keys={'question'})","Prediction(
    answer=""To determine the total number of cans Sam picked up, we need to follow these steps:\n\n1. Calculate the total number of bags filled over both days.\n2. Multiply the total number of bags by the number of cans per bag.\n\nFirst, let's calculate the total number of bags:\n- On Saturday, he filled 3 bags.\n- On Sunday, he filled 4 more bags.\n\nTotal bags = Bags on Saturday + Bags on Sunday\nTotal bags = 3 + 4\n\nNow we multiply this total by the number of cans per bag (9 cans):\nTotal cans = Total bags * Cans per bag\n\nLet's calculate:""
)",False
"Example({'label': 60, 'question': "" April's discount flowers was having a sale where each flower was 6 dollars. If Maria bought 7 roses and 3 daisies, how much did she spend? ""}) (input_keys={'question'})","Prediction(
    answer=""To determine how much Maria spent on flowers, we need to calculate the total cost of the roses and daisies she bought. Each flower costs $6.\n\nFirst, let's find out the total cost of the roses:\n- Maria bought 7 roses.\n- The cost per rose is $6.\n- Total cost for roses = Number of roses * Cost per rose\n\\[ \\text{Total cost for roses} = 7 \\times 6 = \\$42 \\]\n\nNext, let's find out the total cost of the daisies:\n- Maria bought 3 daisies.\n- The cost per daisy is $6.\n- Total cost for daisies = Number of daisies * Cost per daisy\n\\[ \\text{Total cost for daisies} = 3 \\times 6 = \\$18 \\]\n\nNow, let's add the total costs together to find out how much Maria spent:\n\\[ \\text{Total amount spent} = \\text{Total cost for roses} + \\text{Total cost for daisies} \\]\n\\[ \\text{Total amount spent} = 42 + 18 = \\$60 \\]\n\nTherefore, Maria spent $60 in total.""
)",True
"Example({'label': 48, 'question': ' Dave was working as a sacker at a grocery store where he made 6 dollars an hour. On Monday he worked 6 hours and on Tuesday he worked 2 hours. How much money did Dave make in those two days? '}) (input_keys={'question'})","Prediction(
    answer='Dave made $36 on Monday by working 6 hours at a rate of $6/hour. On Tuesday he worked 2 hours, earning $12 (2 * $6). In total, over those two days, Dave made $48.'
)",True
"Example({'label': 48, 'question': ' Nancy was organizing her book case making sure each of the shelves had exactly 6 books on it. If she had 2 shelves of mystery books and 6 shelves of picture books, how many books did she have total? '}) (input_keys={'question'})","Prediction(
    answer='Nancy had 2 shelves of mystery books, which means she had 2 * 6 = 12 mystery books.\nShe also had 6 shelves of picture books, meaning she had 6 * 6 = 36 picture books.\n\nIn total, Nancy had 12 + 36 = 48 books.'
)",True
"Example({'label': 30, 'question': ' While shopping for music online, Faye bought 2 country albums and 3 pop albums. Each album came with a lyric sheet and had 6 songs. How many songs did Faye buy total? '}) (input_keys={'question'})","Prediction(
    answer='Faye bought a total of 18 songs. She bought 2 * 6 = 12 country songs, and 3 * 6 = 18 pop songs. So in total she bought 12 + 18 = 30 songs.'
)",True
"Example({'label': 30, 'question': ' Tom was putting his spare change into piles. He had 2 piles of quarters and 4 piles of dimes. If each pile had 5 coins in it, how many coins did he have total? '}) (input_keys={'question'})","Prediction(
    answer=""To determine the total number of coins Tom had, we need to calculate the number of quarters and dimes separately and then sum them up.\n\nFirst, let's find out how many quarters he has:\n- He has 2 piles of quarters.\n- Each pile contains 5 quarters.\nSo, the total number of quarters is \\(2 \\times 5 = 10\\) quarters.\n\nNext, we'll calculate the number of dimes:\n- He has 4 piles of dimes.\n- Each pile contains 5 dimes.\nThus, the total number of dimes is \\(4 \\times 5 = 20\\) dimes.\n\nNow, let's add up all the coins:\n- Total quarters: 10\n- Total dimes: 20\n\nTherefore, the total number of coins Tom has is \\(10 + 20 = 30\\).""
)",True
"Example({'label': 30, 'question': ' While playing a trivia game, George answered 6 questions correct in the first half and 4 questions correct in the second half. If each question was worth 3 points, what was his final score? '}) (input_keys={'question'})","Prediction(
    answer=""George's total score is 30 points. He scored 6 questions correct in the first half at 3 points each, which totals to \\(6 \\times 3 = 18\\) points. In the second half, he got 4 questions correct at 3 points each, totaling \\(4 \\times 3 = 12\\) points. Adding both halves together gives his final score of \\(18 + 12 = 30\\) points.""
)",True
"Example({'label': 32, 'question': ' Lana was unboxing some of her old winter clothes. She found 4 boxes of clothing and inside each box there were 2 scarves and 6 mittens. How many pieces of winter clothing did Lana have total? '}) (input_keys={'question'})","Prediction(
    answer='To determine the total number of pieces of winter clothing Lana had, we need to calculate the number of scarves and mittens in each box and then multiply by the number of boxes.\n\n1. Each box contains 2 scarves + 6 mittens = 8 pieces of clothing.\n2. Since there are 4 boxes, the total number of pieces of winter clothing is 4 * 8 = 32.\n\nTherefore, Lana had a total of 32 pieces of winter clothing.'
)",True
"Example({'label': 30, 'question': ' At the town carnival Oliver rode the ferris wheel 7 times and the bumper cars 3 times. If each ride cost 3 tickets, how many tickets did he use? '}) (input_keys={'question'})","Prediction(
    answer=""To determine the total number of tickets Oliver used, we need to calculate the tickets spent on both the ferris wheel and the bumper cars.\n\nFirst, let's find out how many tickets he used for the ferris wheel:\n- He rode the ferris wheel 7 times.\n- Each ride costs 3 tickets.\n- Therefore, the total number of tickets used for the ferris wheel is \\( 7 \\times 3 = 21 \\) tickets.\n\nNext, let's find out how many tickets he used for the bumper cars:\n- He rode the bumper cars 3 times.\n- Each ride also costs 3 tickets.\n- Therefore, the total number of tickets used for the bumper cars is \\( 3 \\times 3 = 9 \\) tickets.\n\nNow we add up all the tickets used:\n- Tickets from ferris wheel: 21\n- Tickets from bumper cars: 9\n\nTotal tickets used: \\( 21 + 9 = 30 \\)\n\nSo, Oliver used a total of 30 tickets.""
)",True
"Example({'label': 40, 'question': ' Sarah had 4 pages of math homework and 6 pages of reading homework. If each page had 4 problems on it, how many problems did she have to complete total? '}) (input_keys={'question'})","Prediction(
    answer='Sarah had a total of \\(4 + 6 = 10\\) pages of homework. Since each page has 4 problems, she had to complete \\(10 \\times 4 = 40\\) problems in total.'
)",True
"Example({'label': 40, 'question': ' Kaleb was collecting cans for recycling. On Saturday he filled 4 bags up and on Sunday he filled 6 more bags. If each bag had 4 cans in it, how many cans did he pick up total? '}) (input_keys={'question'})","Prediction(
    answer=""To solve this problem, we need to calculate the total number of cans Kaleb collected over the weekend.\n\nFirst, let's determine how many bags he filled:\n- On Saturday, he filled 4 bags.\n- On Sunday, he filled 6 more bags.\n\nTotal number of bags = 4 (Saturday) + 6 (Sunday) = 10 bags\n\nNext, we know that each bag contains 4 cans. Therefore, the total number of cans can be calculated as:\n\\[ \\text{Total Cans} = \\text{Number of Bags} \\times \\text{Cans per Bag} \\]\n\\[ \\text{Total Cans} = 10 \\times 4 = 40 \\]\n\nSo, Kaleb picked up a total of 40 cans.""
)",True
"Example({'label': 54, 'question': ' Edward and his friend were buying trick decks from the magic shop for 6 dollars each. How much did they spend if Edward bought 3 decks and his friend bought 6 decks? '}) (input_keys={'question'})","Prediction(
    answer=""To solve this problem, we need to calculate the total cost of the trick decks that Edward and his friend bought.\n\nFirst, let's find out how much Edward spent:\n- Each deck costs $6.\n- Edward bought 3 decks.\n\nEdward's spending: \\( 3 \\text{ decks} \\times \\$6/\\text{deck} = \\$18 \\).\n\nNext, we calculate how much his friend spent:\n- His friend bought 6 decks at the same price of $6 per deck.\n\nHis friend's spending: \\( 6 \\text{ decks} \\times \\$6/\\text{deck} = \\$36 \\).\n\nNow, to find out the total amount they both spent together, we add Edward's and his friend's expenses:\n- Total cost: \\( \\$18 + \\$36 = \\$54 \\).\n\nTherefore, Edward and his friend spent a total of $54.""
)",True
"Example({'label': 48, 'question': ' Emily bought 4 new chairs and 2 new tables for her house. If she spent 8 minutes on each piece furniture putting it together, how many minutes did it take her to finish? '}) (input_keys={'question'})","Prediction(
    answer='4 * 8 + 2 * 8 = 32 + 16 = 48 minutes'
)",True
"Example({'label': 72, 'question': ' A waiter had 9 tables he was waiting on, with 2 women and 6 men at each table. How many customers total did the waiter have? '}) (input_keys={'question'})","Prediction(
    answer='To find the total number of customers the waiter had, we need to calculate the number of people at each table and then multiply by the number of tables.\n\nEach table has 2 women + 6 men = 8 people.\nThe waiter was waiting on 9 tables, so the total number of customers is:\n\\[ 8 \\text{ people/table} \\times 9 \\text{ tables} = 72 \\text{ people} \\]'
)",True
"Example({'label': 27, 'question': ' There were 4 friends playing a video game online when 5 more players joined the game. If each player had 3 lives, how many lives did they have total? '}) (input_keys={'question'})","Prediction(
    answer='First, we need to find out the total number of players in the game. Initially, there were 4 friends and then 5 more players joined. So, the total number of players is:\n\n\\[ \\text{Total Players} = 4 + 5 = 9 \\]\n\nEach player had 3 lives. Therefore, the total number of lives can be calculated by multiplying the total number of players by the number of lives each player has:\n\n\\[ \\text{Total Lives} = 9 \\times 3 = 27 \\]\n\nSo, they have a total of 27 lives.'
)",True
"Example({'label': 72, 'question': ' While shopping for music online, Janet bought 6 country albums and 2 pop albums. Each album came with a lyric sheet and had 9 songs. How many songs did Janet buy total? '}) (input_keys={'question'})","Prediction(
    answer='To determine the total number of songs Janet bought, we need to calculate the number of songs in each type of album she purchased and then sum them up.\n\nJanet bought 6 country albums. Each album has 9 songs.\nSo, the total number of songs from country albums is \\(6 \\times 9 = 54\\) songs.\n\nShe also bought 2 pop albums. Each album has 9 songs.\nThus, the total number of songs from pop albums is \\(2 \\times 9 = 18\\) songs.\n\nAdding these together gives us the total number of songs Janet bought:\n\\[ 54 + 18 = 72 \\]\n\nTherefore, Janet bought a total of 72 songs.'
)",True
"Example({'label': 8, 'question': ' The schools debate team had 26 boys and 46 girls on it. If they were split into groups of 9 how many groups could they make? '}) (input_keys={'question'})","Prediction(
    answer='They can form 8 groups with 9 people each, as \\( (26 + 46) = 72 \\), and \\( 72 / 9 = 8 \\).\n\n[[## completed ##]]'
)",True
"Example({'label': 8, 'question': ' Robin uploaded 35 pictures from her phone and 5 from her camera to facebook. If she sorted the pics into 5 different albums with the same amount of pics in each album, how many pictures were in each of the albums? '}) (input_keys={'question'})","Prediction(
    answer='To find out how many pictures were in each of the albums, we first need to calculate the total number of pictures Robin uploaded. She uploaded 35 pictures from her phone and 5 from her camera, so the total is:\n\n\\[ \\text{Total Pictures} = 35 + 5 = 40 \\]\n\nRobin then sorted these pictures into 5 different albums with an equal amount in each album. To find out how many pictures were in each album, we divide the total number of pictures by the number of albums:\n\n\\[ \\text{Pictures per Album} = \\frac{\\text{Total Pictures}}{\\text{Number of Albums}} = \\frac{40}{5} = 8 \\]\n\nTherefore, there were 8 pictures in each of the albums.'
)",True
"Example({'label': 6, 'question': ' Kaleb had saved up 21 dollars. If he received another 15 dollars for his allowance, how many 6 dollar toys could he buy? '}) (input_keys={'question'})","Prediction(
    answer='Kaleb had a total of $21 + $15 = $36. He could buy $36 / $6 = 6 toys.'
)",True
"Example({'label': 6, 'question': ' Olivia was making baggies of cookies with 9 cookies in each bag. If she had 13 chocolate chip cookies and 41 oatmeal cookies, how many baggies could she make? '}) (input_keys={'question'})","Prediction(
    answer='Olivia can make 5 baggies of cookies. She will have 7 leftover chocolate chip cookies and 19 leftover oatmeal cookies.'
)",False
"Example({'label': 9, 'question': ' Luke made 9 dollars mowing lawns and 18 dollars weed eating. If he only spent 3 dollar a week, how long would the money last him? '}) (input_keys={'question'})","Prediction(
    answer=""To determine how long Luke's money will last, we first need to calculate his total earnings. He made $9 from mowing lawns and $18 from weed eating. Adding these together gives us:\n\n\\[ 9 + 18 = 27 \\]\n\nLuke has a weekly spending of $3. To find out how many weeks his money will last, we divide his total earnings by his weekly spending:\n\n\\[ 27 \\div 3 = 9 \\]\n\nTherefore, Luke's money would last him for 9 weeks.""
)",True
"Example({'label': 9, 'question': "" There school's baseball team had 48 new players and 6 returning players. If the coach put them into groups with 6 players in each group, how many groups would there be? ""}) (input_keys={'question'})","Prediction(
    answer='There are a total of \\(48 + 6 = 54\\) players. If each group consists of 6 players, there would be \\(54 \\div 6 = 9\\) groups.'
)",True
"Example({'label': 7, 'question': ' For a birthday party Jerry bought 41 regular sodas and 22 diet sodas. If his fridge would only hold 9 on each shelf, how many shelves would he fill up? '}) (input_keys={'question'})","Prediction(
    answer='To solve this problem, we first need to find out the total number of sodas Jerry bought. He bought 41 regular sodas and 22 diet sodas.\n\nTotal sodas = Regular sodas + Diet sodas\nTotal sodas = 41 + 22\nTotal sodas = 63\n\nNow, we know that each shelf can hold 9 sodas. To find out how many shelves Jerry would fill up with his total of 63 sodas, we divide the total number of sodas by the number of sodas per shelf.\n\nNumber of shelves needed = Total sodas / Sodas per shelf\nNumber of shelves needed = 63 / 9\nNumber of shelves needed = 7\n\nTherefore, Jerry would fill up 7 shelves.'
)",True
"Example({'label': 4, 'question': ' Paige and her friends were recycling paper for their class. For every 4 pounds they recycled they earned one point. If Paige recycled 14 pounds and her friends recycled 2 pounds, how many points did they earn? '}) (input_keys={'question'})","Prediction(
    answer=""To determine the total number of points Paige and her friends earned from recycling paper, we need to follow these steps:\n\n1. Calculate the total pounds recycled by Paige and her friends.\n2. Determine how many points they earned based on the given rate (1 point for every 4 pounds).\n\nPaige recycled 14 pounds and her friends recycled 2 pounds:\n- Total pounds recycled = 14 + 2\n\nLet's calculate the total number of points:\n\n1. Calculate total pounds:\n   \\[\n   \\text{Total pounds} = 14 + 2\n   \\]\n\n2. Determine the number of points earned:\n   - Points per 4 pounds = 1 point\n   - Total points = (Total pounds) / 4\n\nLet's perform these calculations.""
)",True
"Example({'label': 4, 'question': ' For homework Nancy had 17 math problems and 15 spelling problems. If she can finish 8 problems in an hour how long will it take her to finish all the problems? '}) (input_keys={'question'})","Prediction(
    answer=""To solve this problem, we need to calculate the total number of problems Nancy has to complete and then determine how long it will take her based on her rate.\n\n1. **Total Problems**: \n   - Math problems: 17\n   - Spelling problems: 15\n   \n   Total problems = 17 + 15\n\n2. **Time Calculation**:\n   - Nancy can finish 8 problems in an hour.\n   \n   Time required (in hours) to complete all the problems = \\(\\frac{\\text{Total Problems}}{\\text{Problems per Hour}}\\)\n\nLet's calculate:\n\n\\[ \\text{Total Problems} = 17 + 15 = 32 \\]\n\n\\[ \\text{Time Required} = \\frac{32}{8} = 4 \\, \\text{hours} \\]\n\nTherefore, it will take Nancy 4 hours to finish all the problems.""
)",True
"Example({'label': 6, 'question': ' Will was organizing his baseball cards in a binder with 3 on each page. If he had 8 new cards and 10 old cards to put in the binder, how many pages would he use? '}) (input_keys={'question'})","Prediction(
    answer='To determine how many pages Will will use, we first need to find out the total number of cards he has. He has 8 new cards and 10 old cards, so the total number of cards is:\n\n\\[ \\text{Total Cards} = 8 + 10 = 18 \\]\n\nSince each page can hold 3 cards, the number of pages needed is calculated by dividing the total number of cards by the number of cards per page and rounding up to ensure all cards are accommodated. \n\n\\[ \\text{Pages Needed} = \\lceil \\frac{\\text{Total Cards}}{\\text{Cards Per Page}} \\rceil = \\lceil \\frac{18}{3} \\rceil = 6 \\]\n\nTherefore, Will will use 6 pages.'
)",True
"Example({'label': 8, 'question': ' The schools debate team had 11 boys and 45 girls on it. If they were split into groups of 7 how many groups could they make? '}) (input_keys={'question'})","Prediction(
    answer='To determine how many groups of 7 can be made from the total number of students on the debate team, we first need to find out the total number of students. There are 11 boys and 45 girls, so the total number of students is:\n\n\\[ \\text{Total Students} = 11 + 45 = 56 \\]\n\nNext, we divide the total number of students by the group size (7) to find out how many groups can be made:\n\n\\[ \\text{Number of Groups} = \\frac{\\text{Total Students}}{\\text{Group Size}} = \\frac{56}{7} = 8 \\]\n\nTherefore, they could make 8 groups.'
)",True
"Example({'label': 4, 'question': ' A group of 4 friends went into a restaurant. The chef already had 9 chicken wings cooked but cooked 7 more for the group. If they each got the same amount how many would each person get? '}) (input_keys={'question'})","Prediction(
    answer='To solve this problem, we first need to determine the total number of chicken wings available. The chef initially had 9 chicken wings cooked and added 7 more. Therefore, the total number of chicken wings is:\n\n\\[ \\text{Total Chicken Wings} = 9 + 7 = 16 \\]\n\nThere are 4 friends who will share these chicken wings equally. To find out how many each person gets, we divide the total number of chicken wings by the number of friends:\n\n\\[ \\text{Chicken Wings per Person} = \\frac{\\text{Total Chicken Wings}}{\\text{Number of Friends}} = \\frac{16}{4} = 4 \\]\n\nEach person would get 4 chicken wings.'
)",True
"Example({'label': 9, 'question': ' A vase can hold 6 flowers. If you had 7 carnations and 47 roses, how many vases would you need to hold the flowers? '}) (input_keys={'question'})","Prediction(
    answer='To determine the number of vases needed, we first calculate the total number of flowers: 7 carnations + 47 roses = 54 flowers. Since each vase can hold 6 flowers, we divide the total number of flowers by the capacity of one vase: 54 ÷ 6 = 9 vases.'
)",True
"Example({'label': 7, 'question': ' A pet shelter had 9 puppies when another 12 were brought in. If 3 puppies a day are adopted, how long would it take for all of them to be adopted? '}) (input_keys={'question'})","Prediction(
    answer='To solve this problem, we first need to determine the total number of puppies. Initially, there were 9 puppies, and another 12 were brought in. So, the total number of puppies is:\n\n\\[ \\text{Total puppies} = 9 + 12 = 21 \\]\n\nNext, we know that 3 puppies are adopted each day. To find out how many days it will take for all 21 puppies to be adopted, we divide the total number of puppies by the number of puppies adopted per day:\n\n\\[ \\text{Days required} = \\frac{\\text{Total puppies}}{\\text{Puppies adopted per day}} = \\frac{21}{3} = 7 \\]\n\nTherefore, it will take 7 days for all the puppies to be adopted.'
)",True
"Example({'label': 3, 'question': ' Roger was helping the cafeteria workers pick up lunch trays, but he could only carry 4 trays at a time. If he had to pick up 10 trays from one table and 2 trays from another, how many trips will he make? '}) (input_keys={'question'})","Prediction(
    answer='To determine the total number of trips Roger needs to make, we first need to calculate the total number of trays he has to pick up. He has 10 trays from one table and 2 trays from another, which sums up to:\n\n\\[ 10 + 2 = 12 \\text{ trays} \\]\n\nSince Roger can carry 4 trays at a time, we divide the total number of trays by the number he can carry per trip:\n\n\\[ \\frac{12}{4} = 3 \\text{ trips} \\]\n\nTherefore, Roger will make 3 trips to pick up all the trays.'
)",True
"Example({'label': 2, 'question': ' A toy store had 4 giant stuffed bears in stock when they got another shipment with 10 bears in it. The put the bears onto shelves with 7 on each shelf. How many shelves did they use? '}) (input_keys={'question'})","Prediction(
    answer=""They used 2 shelves. Here's the reasoning: The toy store started with 4 bears in stock and received another shipment of 10 bears, bringing the total to 14 bears (4 + 10 = 14). Since they put 7 bears on each shelf, they would use 2 shelves (14 / 7 = 2) because 3 shelves would require at least 21 bears (3 * 7 = 21), which is more than the total number of bears.""
)",False
"Example({'label': 8, 'question': ' John made 6 dollars mowing lawns and 18 dollars weed eating. If he only spent 3 dollar a week, how long would the money last him? '}) (input_keys={'question'})","Prediction(
    answer=""John made a total of $6 from mowing lawns and $18 from weed eating, which sums up to $24. If he spends $3 per week, we can calculate how many weeks his money will last by dividing the total amount by the weekly spending: \n\n\\[ \\text{Number of Weeks} = \\frac{\\$24}{\\$3/\\text{week}} = 8 \\]\n\nSo, John's money would last him for 8 weeks.""
)",True
"Example({'label': 9, 'question': "" Wendy's old washing machine could only wash 8 pieces of clothing at a time. If she had to wash 39 shirts and 33 sweaters how many loads would she have to do? ""}) (input_keys={'question'})","Prediction(
    answer='To determine the number of loads Wendy needs to wash her clothes, we first need to calculate the total number of pieces of clothing. She has 39 shirts and 33 sweaters, so the total is \\(39 + 33 = 72\\) pieces of clothing.\n\nSince her washing machine can only handle 8 pieces at a time, we divide the total number of clothes by the capacity of the washer: \\(\\frac{72}{8} = 9\\).\n\nTherefore, Wendy would have to do 9 loads.'
)",True
"Example({'label': 2, 'question': "" Debby's class is going on a field trip to the zoo. If each van can hold 4 people and there are 2 students and 6 adults going, how many vans will they need? ""}) (input_keys={'question'})","Prediction(
    answer='To determine the number of vans needed, we first calculate the total number of people going on the trip. There are 2 students and 6 adults, so the total is:\n\n\\[ \\text{Total People} = 2 + 6 = 8 \\]\n\nEach van can hold 4 people. To find out how many vans are needed, we divide the total number of people by the capacity of each van:\n\n\\[ \\text{Vans Needed} = \\left\\lceil \\frac{\\text{Total People}}{\\text{Van Capacity}} \\right\\rceil = \\left\\lceil \\frac{8}{4} \\right\\rceil = 2 \\]\n\nSince dividing 8 by 4 gives us exactly 2, they will need 2 vans.'
)",True
"Example({'label': 2, 'question': ' Isabel uploaded 2 pictures from her phone and 4 from her camera to facebook. If she sorted the pics into 3 different albums with the same amount of pics in each album, how many pictures were in each of the albums? '}) (input_keys={'question'})","Prediction(
    answer='To determine how many pictures Isabel placed in each album, we first need to calculate the total number of pictures she uploaded. She uploaded 2 pictures from her phone and 4 pictures from her camera.\n\nTotal pictures = Pictures from phone + Pictures from camera\nTotal pictures = 2 + 4\nTotal pictures = 6\n\nIsabel then sorted these pictures into 3 different albums with an equal amount in each album. To find out how many pictures are in each album, we divide the total number of pictures by the number of albums.\n\nPictures per album = Total pictures / Number of albums\nPictures per album = 6 / 3\nPictures per album = 2'
)",True
"Example({'label': 7, 'question': "" While playing at the arcade, Frank won 33 tickets playing 'whack a mole' and 9 tickets playing 'skee ball'. If he was trying to buy candy that cost 6 tickets a piece, how many could he buy? ""}) (input_keys={'question'})","Prediction(
    answer='Frank won a total of 33 + 9 = 42 tickets. With each candy costing 6 tickets, he could buy 42 / 6 = 7 pieces of candy.'
)",True
"Example({'label': 8, 'question': ' Mike made 14 dollars mowing lawns and 26 dollars weed eating. If he only spent 5 dollar a week, how long would the money last him? '}) (input_keys={'question'})","Prediction(
    answer='Mike made a total of $14 + $26 = $40. If he spends $5 per week, the money would last him $40 / $5 = 8 weeks.'
)",True
"Example({'label': 6, 'question': ' Gwen and her friends were recycling paper for their class. For every 3 pounds they recycled they earned one point. If Gwen recycled 5 pounds and her friends recycled 13 pounds, how many points did they earn? '}) (input_keys={'question'})","Prediction(
    answer=""To determine the total number of points Gwen and her friends earned from recycling paper, we need to follow these steps:\n\n1. Calculate the total pounds recycled by adding Gwen's and her friends' contributions.\n2. Determine how many points they earn per pound recycled (which is 3 pounds per point).\n3. Divide the total pounds recycled by the number of pounds per point to find out the total points earned.\n\nLet's do this step-by-step:\n\n1. Total pounds recycled = Gwen's pounds + Friends' pounds\n   \\[ \\text{Total pounds} = 5 + 13 = 18 \\]\n\n2. Points per pound = 3\n\n3. Total points earned = Total pounds / Points per pound\n   \\[ \\text{Total points} = \\frac{18}{3} = 6 \\]\n\nTherefore, they earned a total of 6 points.""
)",True
"Example({'label': 4, 'question': ' Robin uploaded 31 pictures from her phone and 5 from her camera to facebook. If she sorted the pics into 9 different albums with the same amount of pics in each album, how many pictures were in each of the albums? '}) (input_keys={'question'})","Prediction(
    answer='To determine how many pictures were in each of the 9 different albums, we first need to find out the total number of pictures Robin uploaded. She uploaded 31 pictures from her phone and 5 from her camera.\n\nTotal pictures = Pictures from phone + Pictures from camera\nTotal pictures = 31 + 5\nTotal pictures = 36\n\nNow that we know there are a total of 36 pictures, we can divide this number by the number of albums (9) to find out how many pictures were in each album.\n\nPictures per album = Total pictures / Number of albums\nPictures per album = 36 / 9\nPictures per album = 4\n\nTherefore, there were 4 pictures in each of the albums.'
)",True
"Example({'label': 2, 'question': ' For Halloween Megan received 11 pieces of candy from neighbors and 5 pieces from her older sister. If she only ate 8 pieces a day, how long would the candy last her? '}) (input_keys={'question'})","Prediction(
    answer=""To determine how long Megan's candy will last, we first need to calculate the total number of pieces of candy she received. She got 11 pieces from neighbors and 5 pieces from her older sister. Adding these together gives:\n\n\\[ 11 + 5 = 16 \\]\n\nNext, we know that Megan eats 8 pieces of candy per day. To find out how many days the candy will last, we divide the total number of pieces by the number of pieces she eats each day:\n\n\\[ \\frac{16}{8} = 2 \\]\n\nTherefore, the candy would last her for 2 days.""
)",True
"Example({'label': 7, 'question': ' Maria was making baggies of cookies with 5 cookies in each bag. If she had 33 chocolate chip cookies and 2 oatmeal cookies, how many baggies could she make? '}) (input_keys={'question'})","Prediction(
    answer='Maria can make 5 baggies of cookies. She will have 3 chocolate chip cookies and 2 oatmeal cookies left over.'
)",False
"Example({'label': 2, 'question': "" There school's baseball team had 4 new players and 6 returning players. If the coach put them into groups with 5 players in each group, how many groups would there be? ""}) (input_keys={'question'})","Prediction(
    answer='There are a total of \\(4 + 6 = 10\\) new players. When these 10 players are divided into groups of 5, there would be \\( \\frac{10}{5} = 2 \\) groups.'
)",True
"Example({'label': 5, 'question': ' A pet shelter had 5 puppies when another 35 were brought in. If 8 puppies a day are adopted, how long would it take for all of them to be adopted? '}) (input_keys={'question'})","Prediction(
    answer='To solve this problem, we first need to determine the total number of puppies. Initially, there are 5 puppies at the shelter, and another 35 are brought in. So, the total number of puppies is:\n\n\\[ 5 + 35 = 40 \\]\n\nNext, we know that 8 puppies are adopted each day. To find out how many days it will take for all 40 puppies to be adopted, we divide the total number of puppies by the number of puppies adopted per day:\n\n\\[ \\frac{40}{8} = 5 \\text{ days} \\]\n\nTherefore, it would take 5 days for all of them to be adopted.'
)",True
"Example({'label': 3, 'question': "" Nancy's class is going on a field trip to the zoo. If each van can hold 5 people and there are 12 students and 3 adults going, how many vans will they need? ""}) (input_keys={'question'})","Prediction(
    answer=""To determine the number of vans needed, we first calculate the total number of people going on the trip. There are 12 students and 3 adults, so the total is:\n\n\\[ \\text{Total People} = 12 + 3 = 15 \\]\n\nEach van can hold 5 people. To find out how many vans are needed, we divide the total number of people by the capacity of one van:\n\n\\[ \\text{Vans Needed} = \\frac{\\text{Total People}}{\\text{Van Capacity}} = \\frac{15}{5} = 3 \\]\n\nSince the division results in a whole number, they will need exactly 3 vans. If there were any remainder, an additional van would be needed.\n\nTherefore, Nancy's class will need 3 vans for their field trip to the zoo.""
)",True
"Example({'label': 8, 'question': ' Dave was helping the cafeteria workers pick up lunch trays, but he could only carry 9 trays at a time. If he had to pick up 17 trays from one table and 55 trays from another, how many trips will he make? '}) (input_keys={'question'})","Prediction(
    answer='To determine the total number of trips Dave needs to make, we first need to calculate the total number of trays he has to pick up. He had to pick up 17 trays from one table and 55 trays from another table. So, the total number of trays is:\n\n\\[ \\text{Total trays} = 17 + 55 = 72 \\]\n\nSince Dave can carry 9 trays at a time, we need to divide the total number of trays by the number of trays he can carry per trip to find out how many trips he needs to make. \n\n\\[ \\text{Number of trips} = \\frac{\\text{Total trays}}{\\text{T trays per trip}} = \\frac{72}{9} = 8 \\]\n\nTherefore, Dave will need to make 8 trips.'
)",True
"Example({'label': 8, 'question': ' For a birthday party George bought 10 regular sodas and 22 diet sodas. If his fridge would only hold 4 on each shelf, how many shelves would he fill up? '}) (input_keys={'question'})","Prediction(
    answer='George bought a total of \\(10 + 22 = 32\\) sodas. Since his fridge can hold 4 sodas on each shelf, he would fill up \\( \\lceil \\frac{32}{4} \\rceil = 8 \\) shelves.'
)",True
"Example({'label': 8, 'question': ' The schools debate team had 28 boys and 4 girls on it. If they were split into groups of 4 how many groups could they make? '}) (input_keys={'question'})","Prediction(
    answer=""To determine how many groups of 4 can be made from the total number of students on the debate team, we first need to calculate the total number of students. There are 28 boys and 4 girls, so the total number of students is:\n\n\\[ \\text{Total Students} = 28 + 4 \\]\n\nNext, we divide this total by the group size (which is 4) to find out how many groups can be made.\n\nLet's calculate it.""
)",False
"Example({'label': 3, 'question': ' Maria was making baggies of cookies with 8 cookies in each bag. If she had 5 chocolate chip cookies and 19 oatmeal cookies, how many baggies could she make? '}) (input_keys={'question'})","Prediction(
    answer='Maria can make 5 baggies of cookies. Each baggie contains 8 cookies, so with 5 chocolate chip cookies and 19 oatmeal cookies (a total of 24 cookies), she can fill 5 full baggies.'
)",False
"Example({'label': 9, 'question': ' For Halloween Sarah received 66 pieces of candy from neighbors and 15 pieces from her older sister. If she only ate 9 pieces a day, how long would the candy last her? '}) (input_keys={'question'})","Prediction(
    answer=""To determine how long Sarah's candy will last, we first need to calculate the total number of pieces of candy she received. She got 66 pieces from neighbors and 15 pieces from her older sister. Adding these together gives:\n\n\\[ 66 + 15 = 81 \\]\n\nNext, we know that Sarah eats 9 pieces a day. To find out how many days the candy will last, we divide the total number of pieces by the number of pieces she eats per day:\n\n\\[ \\frac{81}{9} = 9 \\]\n\nTherefore, the candy will last her for 9 days.""
)",True
"Example({'label': 9, 'question': ' Henry was helping the cafeteria workers pick up lunch trays, but he could only carry 9 trays at a time. If he had to pick up 29 trays from one table and 52 trays from another, how many trips will he make? '}) (input_keys={'question'})","Prediction(
    answer='To determine the total number of trips Henry needs to make, we first need to calculate the total number of trays he has to pick up. He had 29 trays from one table and 52 trays from another table. Adding these together gives:\n\n\\[ 29 + 52 = 81 \\]\n\nSince Henry can carry 9 trays at a time, we divide the total number of trays by the number of trays he can carry per trip to find out how many trips he needs to make:\n\n\\[ \\frac{81}{9} = 9 \\]\n\nTherefore, Henry will need to make 9 trips.'
)",True
"Example({'label': 4, 'question': ' Tiffany uploaded 7 pictures from her phone and 13 from her camera to facebook. If she sorted the pics into 5 different albums with the same amount of pics in each album, how many pictures were in each of the albums? '}) (input_keys={'question'})","Prediction(
    answer='Tiffany uploaded a total of 7 + 13 = 20 pictures. If she sorted these pics into 5 different albums with an equal amount of pictures in each album, there would be 20 / 5 = 4 pictures in each album.'
)",True
"Example({'label': 2, 'question': ' A toy store had 5 giant stuffed bears in stock when they got another shipment with 7 bears in it. The put the bears onto shelves with 6 on each shelf. How many shelves did they use? '}) (input_keys={'question'})","Prediction(
    answer='They had a total of 5 + 7 = 12 bears. To find out how many shelves they used, we divide the total number of bears by the number of bears per shelf: 12 / 6 = 2 shelves.'
)",True
"Example({'label': 9, 'question': ' Paul made 68 dollars mowing lawns and 13 dollars weed eating. If he only spent 9 dollar a week, how long would the money last him? '}) (input_keys={'question'})","Prediction(
    answer='Paul made a total of $68 + $13 = $81. If he spends $9 per week, the money would last him $81 / $9 = 9 weeks.'
)",True
"Example({'label': 2, 'question': "" While playing at the arcade, Edward won 3 tickets playing 'whack a mole' and 5 tickets playing 'skee ball'. If he was trying to buy candy that cost 4 tickets a piece, how many could he buy? ""}) (input_keys={'question'})","Prediction(
    answer='Edward had a total of 3 + 5 = 8 tickets. Therefore, with each piece of candy costing 4 tickets, Edward can buy 8 / 4 = 2 pieces of candy.\n\n[[## completed ##]]'
)",True
"Example({'label': 6, 'question': "" Megan's class is going on a field trip to the zoo. If each van can hold 5 people and there are 25 students and 5 adults going, how many vans will they need? ""}) (input_keys={'question'})","Prediction(
    answer='To determine the number of vans needed, we first calculate the total number of people going on the trip. There are 25 students and 5 adults, so the total is \\(25 + 5 = 30\\) people.\n\nEach van can hold 5 people. To find out how many vans are needed, we divide the total number of people by the capacity of each van: \\(\\frac{30}{5} = 6\\).\n\nSince we cannot have a fraction of a van and all 30 people need transportation, they will need to rent 6 vans.'
)",True
"Example({'label': 4, 'question': ' Luke was organizing his baseball cards in a binder with 3 on each page. If he had 3 new cards and 9 old cards to put in the binder, how many pages would he use? '}) (input_keys={'question'})","Prediction(
    answer='To determine how many pages Luke will use, we first need to find out the total number of cards he has. He has 3 new cards and 9 old cards, so:\n\n\\[ \\text{Total cards} = 3 + 9 = 12 \\]\n\nSince each page in the binder holds 3 cards, we divide the total number of cards by the number of cards per page to find out how many pages are needed:\n\n\\[ \\text{Pages used} = \\frac{\\text{Total cards}}{\\text{Cards per page}} = \\frac{12}{3} = 4 \\]\n\nTherefore, Luke will use 4 pages.'
)",True
"Example({'label': 3, 'question': ' A group of 3 friends went into a restaurant. The chef already had 6 chicken wings cooked but cooked 3 more for the group. If they each got the same amount how many would each person get? '}) (input_keys={'question'})","Prediction(
    answer=""To determine how many chicken wings each of the 3 friends gets, we need to follow these steps:\n\n1. Calculate the total number of chicken wings available.\n2. Divide this total by the number of friends.\n\nFirst, let's calculate the total number of chicken wings:\n- The chef already had 6 chicken wings cooked.\n- The chef cooked an additional 3 chicken wings for the group.\n\nTotal chicken wings = Initial chicken wings + Additional chicken wings\nTotal chicken wings = 6 + 3\n\nNow we need to divide this total by the number of friends (3):\nNumber of chicken wings per person = Total chicken wings / Number of friends\n\nLet's perform these calculations.""
)",True
"Example({'label': 5, 'question': ' Olivia uploaded 5 pictures from her phone and 35 from her camera to facebook. If she sorted the pics into 8 different albums with the same amount of pics in each album, how many pictures were in each of the albums? '}) (input_keys={'question'})","Prediction(
    answer='Olivia uploaded a total of 5 + 35 = 40 pictures. When these pictures are divided into 8 albums with an equal number of photos in each, there will be 40 / 8 = 5 pictures per album.'
)",True
"Example({'label': 4, 'question': ' A toy store had 6 giant stuffed bears in stock when they got another shipment with 18 bears in it. The put the bears onto shelves with 6 on each shelf. How many shelves did they use? '}) (input_keys={'question'})","Prediction(
    answer='They had 24 bears in total because 6 + 18 equals 24. Since each shelf holds 6 bears, they used 4 shelves because 24 divided by 6 equals 4.'
)",True
"Example({'label': 2, 'question': ' Jerry was helping the cafeteria workers pick up lunch trays, but he could only carry 8 trays at a time. If he had to pick up 9 trays from one table and 7 trays from another, how many trips will he make? '}) (input_keys={'question'})","Prediction(
    answer='Jerry needs to make a total of 3 trips. For the 9 trays from one table, he will need 1 trip (since 9 ÷ 8 = 1 remainder 1). For the 7 trays from another table, he will need 1 more trip (since 7 ÷ 8 = 0 remainder 7), and then he needs to make an additional trip for the remaining tray. Therefore, in total, he will make 3 trips.'
)",False
"Example({'label': 5, 'question': ' A vase can hold 5 flowers. If you had 6 carnations and 19 roses, how many vases would you need to hold the flowers? '}) (input_keys={'question'})","Prediction(
    answer='To solve this problem, we first need to determine the total number of flowers. We have 6 carnations and 19 roses, so the total number of flowers is \\(6 + 19 = 25\\).\n\nEach vase can hold 5 flowers. To find out how many vases are needed, we divide the total number of flowers by the capacity of each vase: \\(\\frac{25}{5} = 5\\).\n\nTherefore, you would need 5 vases to hold all the flowers.'
)",True
"Example({'label': 9, 'question': ' Haley and her friends were recycling paper for their class. For every 3 pounds they recycled they earned one point. If Haley recycled 11 pounds and her friends recycled 16 pounds, how many points did they earn? '}) (input_keys={'question'})","Prediction(
    answer=""To determine the total number of points Haley and her friends earned from recycling paper, we need to follow these steps:\n\n1. Calculate the total pounds recycled by adding Haley's and her friends' contributions.\n2. Determine how many points they earn per pound based on the given ratio (3 pounds for 1 point).\n3. Divide the total pounds by 3 to find out the number of points.\n\nLet's perform these calculations step-by-step:\n\n1. Total pounds recycled:\n   - Haley: 11 pounds\n   - Friends: 16 pounds\n   - Total: \\( 11 + 16 = 27 \\) pounds\n\n2. Points per pound (ratio): 3 pounds earn 1 point, so for every 1 pound they recycle, they get \\( \\frac{1}{3} \\) of a point.\n\n3. Calculate the total points:\n   - Total points: \\( 27 \\text{ pounds} \\times \\frac{1}{3} \\text{ points per pound} = 9 \\text{ points} \\)\n\nTherefore, Haley and her friends earned 9 points.""
)",True
"Example({'label': 9, 'question': ' A pet shelter had 17 puppies when another 55 were brought in. If 8 puppies a day are adopted, how long would it take for all of them to be adopted? '}) (input_keys={'question'})","Prediction(
    answer='To solve this problem, we first need to determine the total number of puppies. Initially, there were 17 puppies, and another 55 were brought in. So, the total number of puppies is:\n\n\\[ 17 + 55 = 72 \\]\n\nNext, we know that 8 puppies are adopted each day. To find out how many days it will take for all 72 puppies to be adopted, we divide the total number of puppies by the number of puppies adopted per day:\n\n\\[ \\frac{72}{8} = 9 \\]\n\nTherefore, it would take 9 days for all of them to be adopted.'
)",True
"Example({'label': 7, 'question': "" There school's baseball team had 12 new players and 44 returning players. If the coach put them into groups with 8 players in each group, how many groups would there be? ""}) (input_keys={'question'})","Prediction(
    answer='There are a total of \\(12 + 44 = 56\\) new players. If these players are put into groups of 8, there would be \\(\\frac{56}{8} = 7\\) groups.'
)",True
"Example({'label': 5, 'question': ' Frank had saved up 3 dollars. If he received another 37 dollars for his allowance, how many 8 dollar toys could he buy? '}) (input_keys={'question'})","Prediction(
    answer='Frank had a total of \\(3 + 37 = 40\\) dollars. With each toy costing $8, he could buy \\(\\frac{40}{8} = 5\\) toys.'
)",True
"Example({'label': 4, 'question': ' Luke was organizing his baseball cards in a binder with 3 on each page. If he had 3 new cards and 9 old cards to put in the binder, how many pages would he use? '}) (input_keys={'question'})","Prediction(
    answer='To determine how many pages Luke will use, we first need to find out the total number of cards he has. He has 3 new cards and 9 old cards, so:\n\n\\[ \\text{Total cards} = 3 + 9 = 12 \\]\n\nSince each page in the binder holds 3 cards, we divide the total number of cards by the number of cards per page to find out how many pages are needed:\n\n\\[ \\text{Pages used} = \\frac{\\text{Total cards}}{\\text{Cards per page}} = \\frac{12}{3} = 4 \\]\n\nTherefore, Luke will use 4 pages.'
)",True
"Example({'label': 3, 'question': ' A group of 3 friends went into a restaurant. The chef already had 6 chicken wings cooked but cooked 3 more for the group. If they each got the same amount how many would each person get? '}) (input_keys={'question'})","Prediction(
    answer=""To determine how many chicken wings each of the 3 friends gets, we need to follow these steps:\n\n1. Calculate the total number of chicken wings available.\n2. Divide this total by the number of friends.\n\nFirst, let's calculate the total number of chicken wings:\n- The chef already had 6 chicken wings cooked.\n- The chef cooked an additional 3 chicken wings for the group.\n\nTotal chicken wings = Initial chicken wings + Additional chicken wings\nTotal chicken wings = 6 + 3\n\nNow we need to divide this total by the number of friends (3):\nNumber of chicken wings per person = Total chicken wings / Number of friends\n\nLet's perform these calculations.""
)",True
"Example({'label': 5, 'question': ' Olivia uploaded 5 pictures from her phone and 35 from her camera to facebook. If she sorted the pics into 8 different albums with the same amount of pics in each album, how many pictures were in each of the albums? '}) (input_keys={'question'})","Prediction(
    answer='Olivia uploaded a total of 5 + 35 = 40 pictures. When these pictures are divided into 8 albums with an equal number of photos in each, there will be 40 / 8 = 5 pictures per album.'
)",True
"Example({'label': 4, 'question': ' A toy store had 6 giant stuffed bears in stock when they got another shipment with 18 bears in it. The put the bears onto shelves with 6 on each shelf. How many shelves did they use? '}) (input_keys={'question'})","Prediction(
    answer='They had 24 bears in total because 6 + 18 equals 24. Since each shelf holds 6 bears, they used 4 shelves because 24 divided by 6 equals 4.'
)",True
"Example({'label': 2, 'question': ' Jerry was helping the cafeteria workers pick up lunch trays, but he could only carry 8 trays at a time. If he had to pick up 9 trays from one table and 7 trays from another, how many trips will he make? '}) (input_keys={'question'})","Prediction(
    answer='Jerry needs to make a total of 3 trips. For the 9 trays from one table, he will need 1 trip (since 9 ÷ 8 = 1 remainder 1). For the 7 trays from another table, he will need 1 more trip (since 7 ÷ 8 = 0 remainder 7), and then he needs to make an additional trip for the remaining tray. Therefore, in total, he will make 3 trips.'
)",False
"Example({'label': 5, 'question': ' A vase can hold 5 flowers. If you had 6 carnations and 19 roses, how many vases would you need to hold the flowers? '}) (input_keys={'question'})","Prediction(
    answer='To solve this problem, we first need to determine the total number of flowers. We have 6 carnations and 19 roses, so the total number of flowers is \\(6 + 19 = 25\\).\n\nEach vase can hold 5 flowers. To find out how many vases are needed, we divide the total number of flowers by the capacity of each vase: \\(\\frac{25}{5} = 5\\).\n\nTherefore, you would need 5 vases to hold all the flowers.'
)",True
"Example({'label': 9, 'question': ' Haley and her friends were recycling paper for their class. For every 3 pounds they recycled they earned one point. If Haley recycled 11 pounds and her friends recycled 16 pounds, how many points did they earn? '}) (input_keys={'question'})","Prediction(
    answer=""To determine the total number of points Haley and her friends earned from recycling paper, we need to follow these steps:\n\n1. Calculate the total pounds recycled by adding Haley's and her friends' contributions.\n2. Determine how many points they earn per pound based on the given ratio (3 pounds for 1 point).\n3. Divide the total pounds by 3 to find out the number of points.\n\nLet's perform these calculations step-by-step:\n\n1. Total pounds recycled:\n   - Haley: 11 pounds\n   - Friends: 16 pounds\n   - Total: \\( 11 + 16 = 27 \\) pounds\n\n2. Points per pound (ratio): 3 pounds earn 1 point, so for every 1 pound they recycle, they get \\( \\frac{1}{3} \\) of a point.\n\n3. Calculate the total points:\n   - Total points: \\( 27 \\text{ pounds} \\times \\frac{1}{3} \\text{ points per pound} = 9 \\text{ points} \\)\n\nTherefore, Haley and her friends earned 9 points.""
)",True
"Example({'label': 9, 'question': ' A pet shelter had 17 puppies when another 55 were brought in. If 8 puppies a day are adopted, how long would it take for all of them to be adopted? '}) (input_keys={'question'})","Prediction(
    answer='To solve this problem, we first need to determine the total number of puppies. Initially, there were 17 puppies, and another 55 were brought in. So, the total number of puppies is:\n\n\\[ 17 + 55 = 72 \\]\n\nNext, we know that 8 puppies are adopted each day. To find out how many days it will take for all 72 puppies to be adopted, we divide the total number of puppies by the number of puppies adopted per day:\n\n\\[ \\frac{72}{8} = 9 \\]\n\nTherefore, it would take 9 days for all of them to be adopted.'
)",True
"Example({'label': 7, 'question': "" There school's baseball team had 12 new players and 44 returning players. If the coach put them into groups with 8 players in each group, how many groups would there be? ""}) (input_keys={'question'})","Prediction(
    answer='There are a total of \\(12 + 44 = 56\\) new players. If these players are put into groups of 8, there would be \\(\\frac{56}{8} = 7\\) groups.'
)",True
"Example({'label': 5, 'question': ' Frank had saved up 3 dollars. If he received another 37 dollars for his allowance, how many 8 dollar toys could he buy? '}) (input_keys={'question'})","Prediction(
    answer='Frank had a total of \\(3 + 37 = 40\\) dollars. With each toy costing $8, he could buy \\(\\frac{40}{8} = 5\\) toys.'
)",True
"Example({'label': 9, 'question': ' A pet shelter had 8 puppies when another 19 were brought in. If 3 puppies a day are adopted, how long would it take for all of them to be adopted? '}) (input_keys={'question'})","Prediction(
    answer='To solve this problem, we first need to determine the total number of puppies. Initially, there are 8 puppies at the shelter, and another 19 are brought in. So, the total number of puppies is:\n\n\\[ 8 + 19 = 27 \\]\n\nNext, we know that 3 puppies are adopted each day. To find out how many days it will take for all 27 puppies to be adopted, we divide the total number of puppies by the number of puppies adopted per day:\n\n\\[ \\frac{27}{3} = 9 \\]\n\nTherefore, it would take 9 days for all the puppies to be adopted.'
)",True
"Example({'label': 5, 'question': ' For homework Faye had 13 math problems and 2 spelling problems. If she can finish 3 problems in an hour how long will it take her to finish all the problems? '}) (input_keys={'question'})","Prediction(
    answer=""To solve this problem, we first need to find out how many math and spelling problems Faye has in total. She has 13 math problems and 2 spelling problems, so that's a total of:\n\n\\[ \\text{Total Problems} = 13 + 2 = 15 \\]\n\nFaye can finish 3 problems per hour. To find out how many hours it will take her to finish all the problems, we divide the total number of problems by the rate at which she works:\n\n\\[ \\text{Time Required (hours)} = \\frac{\\text{Total Problems}}{\\text{Problems Per Hour}} = \\frac{15}{3} = 5 \\]\n\nSo it will take Faye 5 hours to finish all her problems.""
)",True
"Example({'label': 5, 'question': ' Sam had saved up 8 dollars. If he received another 7 dollars for his allowance, how many 3 dollar toys could he buy? '}) (input_keys={'question'})","Prediction(
    answer='Sam had saved up $8 and received an additional $7 from his allowance. Therefore, he could spend a total of:\n\n\\[ 8 + 7 = 15 \\] dollars.\n\nTo find out how many 3 dollar toys he can buy with $15, we divide the total amount by the price per toy:\n\n\\[ 15 \\div 3 = 5 \\]\n\nSo, Sam could buy 5 three-dollar toys.'
)",True
"Example({'label': 9, 'question': ' Bianca and her friends were recycling paper for their class. For every 3 pounds they recycled they earned one point. If Bianca recycled 24 pounds and her friends recycled 3 pounds, how many points did they earn? '}) (input_keys={'question'})","Prediction(
    answer=""To determine the total number of points Bianca and her friends earned from recycling paper, we need to follow these steps:\n\n1. Calculate how many pounds of paper Bianca recycled.\n2. Add the pounds of paper recycled by her friends.\n3. Determine how many points they earn per pound of recycled paper.\n4. Divide the total pounds of recycled paper by the number of points earned per pound.\n\nLet's do this step-by-step:\n- Bianca recycled 24 pounds of paper.\n- Her friends recycled 3 pounds of paper.\n- For every 3 pounds, they earn 1 point.\n\nTotal pounds of paper: \\( 24 + 3 = 27 \\) pounds\n\nPoints earned per pound: \\( \\frac{1}{3} \\)\n\nTotal points earned: \\( 27 \\times \\frac{1}{3} = 9 \\) points\n\nTherefore, they earned a total of 9 points.""
)",True
"Example({'label': 5, 'question': "" There school's baseball team had 31 new players and 4 returning players. If the coach put them into groups with 7 players in each group, how many groups would there be? ""}) (input_keys={'question'})","Prediction(
    answer='There are a total of \\(31 + 4 = 35\\) players. If they are put into groups with 7 players in each group, there would be \\(35 \\div 7 = 5\\) groups.'
)",True
"Example({'label': 4, 'question': ' Oliver was organizing his baseball cards in a binder with 3 on each page. If he had 2 new cards and 10 old cards to put in the binder, how many pages would he use? '}) (input_keys={'question'})","Prediction(
    answer='To determine how many pages Oliver will use, we first need to calculate the total number of cards he has. He has 2 new cards and 10 old cards, so:\n\n\\[ \\text{Total cards} = 2 + 10 = 12 \\]\n\nSince each page can hold 3 cards, we divide the total number of cards by the number of cards per page to find out how many pages are needed. If there is a remainder, an additional page will be required.\n\n\\[ \\text{Pages needed} = \\left\\lceil \\frac{\\text{Total cards}}{\\text{Cards per page}} \\right\\rceil = \\left\\lceil \\frac{12}{3} \\right\\rceil = 4 \\]\n\nOliver would use 4 pages.'
)",True
"Example({'label': 2, 'question': ' Paul made 3 dollars mowing lawns and 3 dollars weed eating. If he only spent 3 dollar a week, how long would the money last him? '}) (input_keys={'question'})","Prediction(
    answer='If Paul made $3 from mowing lawns and $3 from weed eating, he would have a total of:\n$3 + $3 = $6\n\nSince he spends $3 per week, his money would last him:\n$6 ÷ $3/week = 2 weeks\n\nTherefore, the answer is that the money would last him for 2 weeks.'
)",True
"Example({'label': 8, 'question': ' Robin was making baggies of cookies with 6 cookies in each bag. If she had 23 chocolate chip cookies and 25 oatmeal cookies, how many baggies could she make? '}) (input_keys={'question'})","Prediction(
    answer='Robin can make 7 baggies of cookies. She will have 1 chocolate chip cookie left over because 23 divided by 6 is 3 remainder 5, and 25 divided by 6 is 4 remainder 1. Each bag contains 6 cookies, so she can only fill 6 * 7 = 42 cookies in total with the ingredients she has. Adding the leftover cookies from each type of cookie gives us a total of 38 cookies (5 + 1). Therefore, Robin can make 7 full baggies and have some leftover cookies.'
)",False
"Example({'label': 5, 'question': ' The schools debate team had 5 boys and 40 girls on it. If they were split into groups of 9 how many groups could they make? '}) (input_keys={'question'})","Prediction(
    answer='To determine how many groups of 9 can be made from the debate team, we first need to find out the total number of students on the team. There are 5 boys and 40 girls, so the total number of students is:\n\n\\[ \\text{Total Students} = 5 + 40 = 45 \\]\n\nNext, we divide the total number of students by the group size (9) to find out how many groups can be made. We use integer division for this purpose since partial groups are not possible.\n\n\\[ \\text{Number of Groups} = \\left\\lfloor \\frac{\\text{Total Students}}{9} \\right\\rfloor = \\left\\lfloor \\frac{45}{9} \\right\\rfloor = 5 \\]\n\nSo, they can make 5 groups.'
)",True
"Example({'label': 5, 'question': ' At a company picnic 23 managers and 7 employees decided to start a game of volleyball. If they split into 6 teams how many people would be on each team? '}) (input_keys={'question'})","Prediction(
    answer='To solve this problem, we first need to find out the total number of participants. There are 23 managers and 7 employees at the picnic, so there are a total of \\(23 + 7 = 30\\) people.\n\nNext, these 30 people will be split into 6 teams. To determine how many people would be on each team, we need to divide the total number of participants by the number of teams: \\(\\frac{30}{6} = 5\\).\n\nTherefore, there would be 5 people on each team.'
)",True
"Example({'label': 8, 'question': ' For a birthday party Cody bought 4 regular sodas and 44 diet sodas. If his fridge would only hold 6 on each shelf, how many shelves would he fill up? '}) (input_keys={'question'})","Prediction(
    answer='Cody bought a total of 4 + 44 = 48 sodas. Since the fridge holds 6 sodas per shelf, Cody would need 48 / 6 = 8 shelves to fit all the sodas.'
)",True
"Example({'label': 3, 'question': "" Robin's class is going on a field trip to the zoo. If each van can hold 8 people and there are 22 students and 2 adults going, how many vans will they need? ""}) (input_keys={'question'})","Prediction(
    answer=""To determine the number of vans needed, we first calculate the total number of people going on the trip. There are 22 students and 2 adults, so:\n\n\\[ \\text{Total people} = 22 + 2 = 24 \\]\n\nEach van can hold 8 people. To find out how many vans are needed, we divide the total number of people by the capacity of one van:\n\n\\[ \\text{Vans needed} = \\left\\lceil \\frac{\\text{Total people}}{\\text{Van capacity}} \\right\\rceil = \\left\\lceil \\frac{24}{8} \\right\\rceil = 3 \\]\n\nSince we can't have a fraction of a van, if the division results in a number that isn't an integer, we need to round up to ensure everyone has a seat. In this case, 24 divided by 8 is exactly 3, so they will need 3 vans.""
)",True
"Example({'label': 2, 'question': ' Ned was helping the cafeteria workers pick up lunch trays, but he could only carry 5 trays at a time. If he had to pick up 5 trays from one table and 5 trays from another, how many trips will he make? '}) (input_keys={'question'})","Prediction(
    answer='To determine the total number of trips Ned needs to make, we first need to calculate the total number of trays he has to pick up. He has 5 trays from one table and another 5 trays from a different table, which sums up to:\n\n\\[ 5 + 5 = 10 \\text{ trays} \\]\n\nSince Ned can carry 5 trays at a time, we divide the total number of trays by the number he can carry per trip:\n\n\\[ \\frac{10}{5} = 2 \\text{ trips} \\]\n\nTherefore, Ned will make 2 trips.'
)",True
"Example({'label': 2, 'question': "" There school's baseball team had 2 new players and 6 returning players. If the coach put them into groups with 4 players in each group, how many groups would there be? ""}) (input_keys={'question'})","Prediction(
    answer='There are a total of \\(2 + 6 = 8\\) players. If they are divided into groups of 4, there would be \\( \\frac{8}{4} = 2 \\) groups.'
)",True
"Example({'label': 6, 'question': ' For homework Amy had 18 math problems and 6 spelling problems. If she can finish 4 problems in an hour how long will it take her to finish all the problems? '}) (input_keys={'question'})","Prediction(
    answer='Amy has a total of 18 math problems + 6 spelling problems = 24 problems to complete. If she can finish 4 problems in an hour, it will take her 24 problems ÷ 4 problems/hour = 6 hours to finish all the problems.'
)",True
"Example({'label': 6, 'question': ' Maria was making baggies of cookies with 3 cookies in each bag. If she had 2 chocolate chip cookies and 16 oatmeal cookies, how many baggies could she make? '}) (input_keys={'question'})","Prediction(
    answer='Maria can make 6 baggies of cookies. She will have 2 chocolate chip cookies per bag (3 cookies total per bag) which is enough for 0.67 baggies, and she has 16 oatmeal cookies which is enough for 5.33 baggies. Combining both types of cookies, the limiting factor is the chocolate chip ones, so she can make a maximum of 6 baggies.'
)",True
"Example({'label': 9, 'question': "" Sarah's old washing machine could only wash 5 pieces of clothing at a time. If she had to wash 43 shirts and 2 sweaters how many loads would she have to do? ""}) (input_keys={'question'})","Prediction(
    answer='Sarah has a total of \\(43 + 2 = 45\\) pieces of clothing. Since her washing machine can only handle 5 pieces at a time, she would have to do \\(\\lceil \\frac{45}{5} \\rceil = 9\\) loads.'
)",True
"Example({'label': 2, 'question': ' A pet shelter had 3 puppies when another 3 were brought in. If 3 puppies a day are adopted, how long would it take for all of them to be adopted? '}) (input_keys={'question'})","Prediction(
    answer='To solve this problem, we first need to determine the total number of puppies. Initially, there were 3 puppies at the shelter, and another 3 were brought in. So, the total number of puppies is:\n\n\\[ \\text{Total Puppies} = 3 + 3 = 6 \\]\n\nNext, we know that 3 puppies are adopted each day. To find out how many days it will take for all 6 puppies to be adopted, we divide the total number of puppies by the number of puppies adopted per day:\n\n\\[ \\text{Days Needed} = \\frac{\\text{Total Puppies}}{\\text{Puppies Adopted Per Day}} = \\frac{6}{3} = 2 \\]\n\nTherefore, it will take 2 days for all the puppies to be adopted.'
)",True
"Example({'label': 5, 'question': "" While playing at the arcade, Luke won 2 tickets playing 'whack a mole' and 13 tickets playing 'skee ball'. If he was trying to buy candy that cost 3 tickets a piece, how many could he buy? ""}) (input_keys={'question'})","Prediction(
    answer='Luke won a total of \\(2 + 13 = 15\\) tickets. \n\nHe can buy \\(\\frac{15}{3} = 5\\) pieces of candy.'
)",True
"Example({'label': 6, 'question': ' A group of 3 friends went into a restaurant. The chef already had 8 chicken wings cooked but cooked 10 more for the group. If they each got the same amount how many would each person get? '}) (input_keys={'question'})","Prediction(
    answer='To determine how many chicken wings each of the 3 friends gets, we first need to calculate the total number of chicken wings available. The chef initially had 8 chicken wings cooked and then cooked an additional 10 more.\n\nTotal chicken wings = Initial chicken wings + Additional chicken wings\nTotal chicken wings = 8 + 10\nTotal chicken wings = 18\n\nNow, we divide this total by the number of friends to find out how many each person gets:\n\nChicken wings per person = Total chicken wings / Number of friends\nChicken wings per person = 18 / 3\nChicken wings per person = 6\n\nEach person would get 6 chicken wings.'
)",True
"Example({'label': 3, 'question': "" Nancy's old washing machine could only wash 9 pieces of clothing at a time. If she had to wash 19 shirts and 8 sweaters how many loads would she have to do? ""}) (input_keys={'question'})","Prediction(
    answer='To determine the number of loads Nancy needs to wash her clothes, we first need to calculate the total number of pieces of clothing she has. She has 19 shirts and 8 sweaters, which sums up to:\n\n\\[ 19 + 8 = 27 \\text{ pieces of clothing} \\]\n\nSince her washing machine can only handle 9 pieces at a time, we divide the total number of clothes by the capacity of the washer:\n\n\\[ \\frac{27}{9} = 3 \\]\n\nTherefore, Nancy would have to do 3 loads.'
)",True
"Example({'label': 2, 'question': ' Paul had saved up 3 dollars. If he received another 7 dollars for his allowance, how many 5 dollar toys could he buy? '}) (input_keys={'question'})","Prediction(
    answer='Paul would have a total of 3 + 7 = 10 dollars. With each toy costing 5 dollars, he could buy 10 / 5 = 2 five-dollar toys.'
)",True
"Example({'label': 9, 'question': ' Jerry made 14 dollars mowing lawns and 31 dollars weed eating. If he only spent 5 dollar a week, how long would the money last him? '}) (input_keys={'question'})","Prediction(
    answer='Jerry made a total of $14 (mowing lawns) + $31 (weed eating) = $45.\n\nIf he spends $5 per week, the money would last him $45 / $5 = 9 weeks.'
)",True
"Example({'label': 5, 'question': "" While playing at the arcade, Ned won 26 tickets playing 'whack a mole' and 19 tickets playing 'skee ball'. If he was trying to buy candy that cost 9 tickets a piece, how many could he buy? ""}) (input_keys={'question'})","Prediction(
    answer='Ned won a total of \\(26 + 19 = 45\\) tickets. With each piece of candy costing 9 tickets, he could buy \\(\\frac{45}{9} = 5\\) pieces of candy.'
)",True
"Example({'label': 9, 'question': ' Luke was helping the cafeteria workers pick up lunch trays, but he could only carry 4 trays at a time. If he had to pick up 20 trays from one table and 16 trays from another, how many trips will he make? '}) (input_keys={'question'})","Prediction(
    answer='To determine the total number of trips Luke needs to make, we first calculate the total number of trays he has to pick up. He had to collect 20 trays from one table and 16 trays from another table. Therefore, the total number of trays is:\n\n\\[ \\text{Total Trays} = 20 + 16 = 36 \\]\n\nSince Luke can carry 4 trays at a time, we divide the total number of trays by the number of trays he can carry per trip to find out how many trips he needs to make. \n\n\\[ \\text{Number of Trips} = \\frac{\\text{Total Trays}}{\\text{Trousps Per Trip}} = \\frac{36}{4} = 9 \\]\n\nTherefore, Luke will need to make 9 trips.'
)",True
"Example({'label': 4, 'question': ' Vanessa and her friends were recycling paper for their class. For every 9 pounds they recycled they earned one point. If Vanessa recycled 20 pounds and her friends recycled 16 pounds, how many points did they earn? '}) (input_keys={'question'})","Prediction(
    answer=""To determine the total number of points Vanessa and her friends earned from recycling paper, we need to follow these steps:\n\n1. Calculate the total pounds of paper recycled.\n2. Determine how many points they earn per pound.\n3. Divide the total pounds by the points per pound.\n\nFirst, let's calculate the total pounds of paper:\n- Vanessa recycled 20 pounds.\n- Her friends recycled 16 pounds.\n- Total pounds = 20 + 16 = 36 pounds.\n\nNext, we know that for every 9 pounds they recycle, they earn one point. So, to find out how many points they earned, we divide the total pounds by 9:\n- Points = \\(\\frac{36}{9} = 4\\) points.\n\nTherefore, Vanessa and her friends earned a total of 4 points.""
)",True
"Example({'label': 9, 'question': ' A pet shelter had 2 puppies when another 34 were brought in. If 4 puppies a day are adopted, how long would it take for all of them to be adopted? '}) (input_keys={'question'})","Prediction(
    answer='To solve this problem, we first need to determine the total number of puppies at the shelter. Initially, there are 2 puppies, and another 34 are brought in. So, the total number of puppies is:\n\n\\[ \\text{Total Puppies} = 2 + 34 = 36 \\]\n\nNext, we know that 4 puppies are adopted each day. To find out how many days it will take for all the puppies to be adopted, we divide the total number of puppies by the number of puppies adopted per day:\n\n\\[ \\text{Days Needed} = \\frac{\\text{Total Puppies}}{\\text{Puppies Adopted Per Day}} = \\frac{36}{4} = 9 \\]\n\nTherefore, it will take 9 days for all the puppies to be adopted.'
)",True
"Example({'label': 3, 'question': ' At a company picnic 9 managers and 15 employees decided to start a game of volleyball. If they split into 8 teams how many people would be on each team? '}) (input_keys={'question'})","Prediction(
    answer='To solve this problem, we first need to determine the total number of participants. There are 9 managers and 15 employees at the company picnic, making a total of:\n\n\\[ 9 + 15 = 24 \\]\n\nNext, these 24 people will be split into 8 teams. We can find out how many people would be on each team by dividing the total number of participants by the number of teams:\n\n\\[ \\frac{24}{8} = 3 \\]\n\nTherefore, there would be 3 people on each team.'
)",True
"Example({'label': 8, 'question': ' John was organizing his baseball cards in a binder with 3 on each page. If he had 8 new cards and 16 old cards to put in the binder, how many pages would he use? '}) (input_keys={'question'})","Prediction(
    answer='To determine how many pages John will use, we first need to find out the total number of cards he has. He has 8 new cards and 16 old cards, so:\n\n\\[ \\text{Total number of cards} = 8 + 16 = 24 \\]\n\nSince each page can hold 3 cards, we divide the total number of cards by the number of cards per page to find out how many pages are needed:\n\n\\[ \\text{Number of pages used} = \\frac{\\text{Total number of cards}}{\\text{Cards per page}} = \\frac{24}{3} = 8 \\]\n\nTherefore, John will use 8 pages.'
)",True
"Example({'label': 6, 'question': ' Wendy uploaded 22 pictures from her phone and 2 from her camera to facebook. If she sorted the pics into 4 different albums with the same amount of pics in each album, how many pictures were in each of the albums? '}) (input_keys={'question'})","Prediction(
    answer='To determine how many pictures Wendy placed in each album, we first need to find out the total number of pictures she uploaded. She uploaded 22 pictures from her phone and 2 from her camera, which gives us a total of:\n\n\\[ 22 + 2 = 24 \\text{ pictures} \\]\n\nNext, we know that these 24 pictures were evenly distributed into 4 albums. To find out how many pictures are in each album, we divide the total number of pictures by the number of albums:\n\n\\[ \\frac{24}{4} = 6 \\text{ pictures per album} \\]\n\nTherefore, there were 6 pictures in each of the albums.'
)",True
"Example({'label': 3, 'question': ' A toy store had 17 giant stuffed bears in stock when they got another shipment with 10 bears in it. The put the bears onto shelves with 9 on each shelf. How many shelves did they use? '}) (input_keys={'question'})","Prediction(
    answer='To determine how many shelves were used, we first need to find out the total number of bears. The toy store started with 17 giant stuffed bears and received another shipment containing 10 more bears. Therefore, the total number of bears is:\n\n\\[ 17 + 10 = 27 \\]\n\nNext, these bears are placed on shelves with 9 bears each. To find out how many shelves were used, we divide the total number of bears by the number of bears per shelf:\n\n\\[ 27 \\div 9 = 3 \\]\n\nThus, they used 3 shelves.'
)",True
"Example({'label': 6, 'question': ' Zoe and her friends were recycling paper for their class. For every 8 pounds they recycled they earned one point. If Zoe recycled 25 pounds and her friends recycled 23 pounds, how many points did they earn? '}) (input_keys={'question'})","Prediction(
    answer='To determine the total number of points Zoe and her friends earned, we first need to calculate the total pounds of paper they recycled together. Zoe recycled 25 pounds and her friends recycled 23 pounds.\n\nTotal pounds recycled = 25 + 23 = 48 pounds\n\nFor every 8 pounds recycled, they earn one point. To find out how many points they earned, we divide the total pounds by 8:\n\nPoints earned = Total pounds / 8\n              = 48 / 8\n              = 6 points\n\nTherefore, Zoe and her friends earned a total of 6 points.'
)",True
"Example({'label': 9, 'question': ' Billy was organizing his baseball cards in a binder with 5 on each page. If he had 3 new cards and 42 old cards to put in the binder, how many pages would he use? '}) (input_keys={'question'})","Prediction(
    answer='To determine how many pages Billy will use, we first need to find out the total number of cards he has. He has 3 new cards and 42 old cards.\n\nTotal cards = New cards + Old cards\nTotal cards = 3 + 42\nTotal cards = 45\n\nSince each page in the binder holds 5 cards, we divide the total number of cards by the number of cards per page to find out how many pages are needed:\n\nPages used = Total cards / Cards per page\nPages used = 45 / 5\nPages used = 9\n\nBilly would use 9 pages.'
)",True
"Example({'label': 8, 'question': ' For a birthday party Tom bought 4 regular sodas and 52 diet sodas. If his fridge would only hold 7 on each shelf, how many shelves would he fill up? '}) (input_keys={'question'})","Prediction(
    answer='To solve this problem, we first need to determine the total number of sodas Tom bought. He bought 4 regular sodas and 52 diet sodas.\n\nTotal sodas = 4 + 52 = 56\n\nNext, we know that each shelf can hold 7 sodas. We want to find out how many shelves are needed to store all the sodas.\n\nNumber of shelves required = Total sodas / Sodas per shelf\nNumber of shelves required = 56 / 7 = 8\n\nTherefore, Tom would fill up 8 shelves with his sodas.'
)",True
"Example({'label': 4, 'question': ' Victor was helping the cafeteria workers pick up lunch trays, but he could only carry 7 trays at a time. If he had to pick up 23 trays from one table and 5 trays from another, how many trips will he make? '}) (input_keys={'question'})","Prediction(
    answer='To determine the total number of trips Victor needs to make, we first need to calculate the total number of trays he has to pick up. He had to pick up 23 trays from one table and 5 trays from another table. Adding these together gives us:\n\n\\[ 23 + 5 = 28 \\]\n\nVictor can carry 7 trays at a time, so we need to find out how many trips he needs to make to carry all 28 trays. We do this by dividing the total number of trays by the number of trays he can carry per trip:\n\n\\[ \\frac{28}{7} = 4 \\]\n\nTherefore, Victor will make 4 trips.'
)",True
"Example({'label': 3, 'question': ' Paul had saved up 4 dollars. If he received another 11 dollars for his allowance, how many 5 dollar toys could he buy? '}) (input_keys={'question'})","Prediction(
    answer='Paul would have a total of 4 + 11 = 15 dollars. With each toy costing 5 dollars, he could buy 15 / 5 = 3 toys.'
)",True
"Example({'label': 9, 'question': ' Katie uploaded 30 pictures from her phone and 51 from her camera to facebook. If she sorted the pics into 9 different albums with the same amount of pics in each album, how many pictures were in each of the albums? '}) (input_keys={'question'})","Prediction(
    answer='To determine how many pictures are in each of the 9 different albums, we first need to find out the total number of pictures Katie uploaded. She uploaded 30 pictures from her phone and 51 pictures from her camera.\n\nTotal pictures = Pictures from phone + Pictures from camera\nTotal pictures = 30 + 51\nTotal pictures = 81\n\nNow that we know there are a total of 81 pictures, we can divide this number by the number of albums to find out how many pictures are in each album. There are 9 different albums.\n\nPictures per album = Total pictures / Number of albums\nPictures per album = 81 / 9\nPictures per album = 9\n\nTherefore, there are 9 pictures in each of the albums.'
)",True
"Example({'label': 6, 'question': "" Debby's class is going on a field trip to the zoo. If each van can hold 9 people and there are 40 students and 14 adults going, how many vans will they need? ""}) (input_keys={'question'})","Prediction(
    answer='To determine the number of vans needed, we first calculate the total number of people going on the trip. There are 40 students and 14 adults, so the total is \\(40 + 14 = 54\\) people.\n\nEach van can hold 9 people. We divide the total number of people by the capacity of each van to find out how many vans are needed: \\(\\frac{54}{9} = 6\\).\n\nSince we cannot have a fraction of a van, if there is any remainder from this division, an additional van will be required. In this case, since \\(54\\) divided by \\(9\\) gives no remainder, they only need exactly 6 vans.\n\nTherefore, the number of vans needed is 6.'
)",True
"Example({'label': 2, 'question': ' For Halloween Emily received 5 pieces of candy from neighbors and 13 pieces from her older sister. If she only ate 9 pieces a day, how long would the candy last her? '}) (input_keys={'question'})","Prediction(
    answer=""To determine how long Emily's candy will last, we first need to calculate the total number of pieces of candy she received. She got 5 pieces from neighbors and 13 pieces from her older sister. Adding these together gives:\n\n\\[ 5 + 13 = 18 \\]\n\nEmily eats 9 pieces a day. To find out how many days the candy will last, we divide the total number of pieces by the number she eats per day:\n\n\\[ \\frac{18}{9} = 2 \\]\n\nSo, Emily's candy will last her for 2 days.""
)",True
"Example({'label': 9, 'question': ' Frank made 5 dollars mowing lawns and 58 dollars weed eating. If he only spent 7 dollar a week, how long would the money last him? '}) (input_keys={'question'})","Prediction(
    answer='Frank made a total of $5 + $58 = $63. If he spends $7 per week, the money would last him $63 / $7 = 9 weeks.'
)",True
"Example({'label': 36, 'question': ' A new building needed 14 windows. The builder had already installed 5 of them. If it takes 4 hours to install each window, how long will it take him to install the rest? '}) (input_keys={'question'})","Prediction(
    answer='To solve this problem, we first need to determine how many windows are left to be installed. The builder needs to install 14 windows in total and has already installed 5 of them.\n\nNumber of remaining windows = Total windows - Installed windows\nNumber of remaining windows = 14 - 5\nNumber of remaining windows = 9\n\nNext, we need to calculate the time it will take to install these remaining windows. Given that each window takes 4 hours to install:\n\nTotal installation time = Number of remaining windows * Time per window\nTotal installation time = 9 * 4\nTotal installation time = 36 hours'
)",True
"Example({'label': 45, 'question': ' A chef needs to cook 16 potatoes. He has already cooked 7. If each potato takes 5 minutes to cook, how long will it take him to cook the rest? '}) (input_keys={'question'})","Prediction(
    answer='To find out how long it will take to cook the rest of the potatoes, we first need to determine how many potatoes still need to be cooked. The chef needs to cook 16 potatoes in total and has already cooked 7, so:\n\n\\[ \\text{Potatoes left} = 16 - 7 = 9 \\]\n\nEach potato takes 5 minutes to cook, therefore the time required to cook the remaining potatoes is:\n\n\\[ \\text{Time needed} = 9 \\times 5 = 45 \\text{ minutes} \\]\n\nSo it will take him 45 minutes to cook the rest of the potatoes.'
)",True
"Example({'label': 42, 'question': ' Ned bought 14 boxes of chocolate candy and gave 7 to his little brother. If each box has 6 pieces inside it, how many pieces did Ned still have? '}) (input_keys={'question'})","Prediction(
    answer='To determine how many pieces of chocolate candy Ned still had, we can follow these steps:\n\n1. Calculate the total number of boxes Ned initially bought: 14 boxes.\n2. Determine how many boxes he gave to his little brother: 7 boxes.\n3. Subtract the given boxes from the initial total to find out how many boxes Ned has left: \\( 14 - 7 = 7 \\) boxes.\n4. Each box contains 6 pieces of chocolate candy, so we multiply the number of remaining boxes by the number of pieces per box: \\( 7 \\times 6 = 42 \\).\n\nNed still had 42 pieces of chocolate candy.'
)",True
"Example({'label': 30, 'question': ' There were 11 friends playing a video game online when 5 players quit. If each player left had 5 lives, how many lives did they have total? '}) (input_keys={'question'})","Prediction(
    answer='There were originally \\(11 - 5 = 6\\) players left in the game. If each of these remaining players had 5 lives, they had a total of \\(6 \\times 5 = 30\\) lives.'
)",True
"Example({'label': 25, 'question': ' Henry earned 5 dollars for each lawn he mowed. If he had 12 lawns to mow, but forgot to mow 7 of them, how much money did he actually earn? '}) (input_keys={'question'})","Prediction(
    answer='To determine how much money Henry earned, we first need to find out how many lawns he actually mowed. He had 12 lawns to mow but forgot to mow 7 of them. Therefore, the number of lawns he did mow is:\n\n\\[ 12 - 7 = 5 \\]\n\nSince Henry earns $5 for each lawn he mows and he mowed 5 lawns, his total earnings are:\n\n\\[ 5 \\text{ dollars/lawn} \\times 5 \\text{ lawns} = 25 \\text{ dollars} \\]\n\nSo, the amount of money Henry actually earned is $25.'
)",True
"Example({'label': 18, 'question': "" A trivia team had 5 members total, but during a game 2 members didn't show up. If each member that did show up scored 6 points, how many points were scored total? ""}) (input_keys={'question'})","Prediction(
    answer=""To find the total points scored, we first need to determine how many members actually showed up. The team originally had 5 members, but 2 didn't show up, so:\n\n\\[ \\text{Members that did show up} = 5 - 2 = 3 \\]\n\nEach of these members scored 6 points, so the total points scored is:\n\n\\[ \\text{Total Points} = 3 \\times 6 = 18 \\]\n\nTherefore, the total number of points scored is 18.""
)",True
"Example({'label': 16, 'question': ' A painter needed to paint 10 rooms in a building. Each room takes 8 hours to paint. If he already painted 8 rooms, how much longer will he take to paint the rest? '}) (input_keys={'question'})","Prediction(
    answer='To determine how much longer the painter needs to work on painting the remaining rooms, we first need to calculate the total number of hours required to paint all 10 rooms. Since each room takes 8 hours to paint, the total time for all rooms is:\n\n\\[ \\text{Total time} = 10 \\text{ rooms} \\times 8 \\text{ hours/room} = 80 \\text{ hours} \\]\n\nThe painter has already painted 8 rooms. The number of remaining rooms is:\n\n\\[ \\text{Remaining rooms} = 10 - 8 = 2 \\text{ rooms} \\]\n\nSince each room takes 8 hours to paint, the time required for the remaining rooms is:\n\n\\[ \\text{Time for remaining rooms} = 2 \\text{ rooms} \\times 8 \\text{ hours/room} = 16 \\text{ hours} \\]\n\nTherefore, the painter will take an additional 16 hours to finish painting all the rooms.'
)",True
"Example({'label': 12, 'question': ' In a video game, each enemy defeated gives you 3 points. If a level has 6 enemies total and you destroy all but 2 of them, how many points would you earn? '}) (input_keys={'question'})","Prediction(
    answer='To determine the number of points earned, we first need to find out how many enemies were actually defeated. If there are 6 enemies total and you destroy all but 2, that means you defeat \\(6 - 2 = 4\\) enemies.\n\nSince each enemy defeated gives you 3 points, defeating 4 enemies would give you \\(4 \\times 3 = 12\\) points.\n\nTherefore, the answer is 12 points.'
)",True
"Example({'label': 45, 'question': "" Wendy earned 5 points for each bag of cans she recycled. If she had 11 bags, but didn't recycle 2 of them, how many points would she have earned? ""}) (input_keys={'question'})","Prediction(
    answer=""To determine Wendy's total points, we first need to find out how many bags of cans she actually recycled. She had 11 bags but didn't recycle 2 of them.\n\nNumber of bags recycled = Total bags - Unrecycled bags\nNumber of bags recycled = 11 - 2\nNumber of bags recycled = 9\n\nNow, we know that for each bag recycled, Wendy earns 5 points. So, to find the total points:\n\nTotal points = Number of bags recycled * Points per bag\nTotal points = 9 * 5\nTotal points = 45""
)",True
"Example({'label': 9, 'question': ' Each chocolate bar in a box cost $3. If a box had 7 bars total and Olivia sold all but 4 bars, how much money would she have made? '}) (input_keys={'question'})","Prediction(
    answer='To determine how much money Olivia made from selling all but 4 chocolate bars in a box that originally had 7 bars, we can follow these steps:\n\n1. Calculate the total number of bars sold: \\(7 - 4 = 3\\) bars.\n2. Each bar costs $3.\n3. Therefore, the total amount of money made is \\(3 \\text{ bars} \\times \\$3/\\text{bar} = \\$9\\).\n\nOlivia would have made $9.'
)",True
"Example({'label': 54, 'question': ' Kaleb bought 14 boxes of chocolate candy and gave 5 to his little brother. If each box has 6 pieces inside it, how many pieces did Kaleb still have? '}) (input_keys={'question'})","Prediction(
    answer='Kaleb originally had 14 boxes * 6 pieces per box = 84 pieces of chocolate candy. After giving his little brother 5 pieces, he still has 84 - 5 = 79 pieces.'
)",False
"Example({'label': 15, 'question': ' At a restaurant each adult meal costs $3 and kids eat free. If a group of 12 people came in and 7 were kids, how much would it cost for the group to eat? '}) (input_keys={'question'})","Prediction(
    answer='If there are 12 people in total and 7 of them are kids (who eat free), then the remaining 5 must be adults who will pay for their meals. Since each adult meal costs $3, the total cost for the adult meals would be 5 * $3 = $15.'
)",True
"Example({'label': 72, 'question': ' Jerry had 7 action figures, but needed 16 total for a complete collection. If each one costs $8, how much money would he need to finish his collection? '}) (input_keys={'question'})","Prediction(
    answer='To determine how much money Jerry needs to finish his collection, we first need to find out how many more action figures he needs. He already has 7 action figures and wants a total of 16.\n\nNumber of additional action figures needed = Total desired - Current possession\n= 16 - 7\n= 9\n\nEach action figure costs $8, so the cost for 9 additional action figures is:\n\nTotal cost = Number of additional action figures * Cost per action figure\n= 9 * $8\n= $72\n\nTherefore, Jerry would need $72 to finish his collection.'
)",True
"Example({'label': 72, 'question': ' In a video game, each enemy defeated gives you 9 points. If a level has 11 enemies total and you destroy all but 3 of them, how many points would you earn? '}) (input_keys={'question'})","Prediction(
    answer='To determine the number of points earned, we first need to calculate how many enemies were actually defeated. If there are 11 enemies total and you destroy all but 3 of them, that means you defeat \\(11 - 3 = 8\\) enemies.\n\nSince each enemy defeated gives you 9 points, defeating 8 enemies would give you \\(8 \\times 9 = 72\\) points.\n\nSo the answer is:'
)",True
"Example({'label': 72, 'question': ' There were 16 friends playing a video game online when 7 players quit. If each player left had 8 lives, how many lives did they have total? '}) (input_keys={'question'})","Prediction(
    answer='To determine the total number of lives the remaining players had, we first need to find out how many players were left after some quit. Initially, there were 16 friends playing, and 7 players quit.\n\nNumber of players who quit: \\( 7 \\)\n\nTotal number of players initially: \\( 16 \\)\n\nNumber of players remaining: \n\\[ 16 - 7 = 9 \\]\n\nEach player had 8 lives. Therefore, the total number of lives for the remaining players is:\n\\[ 9 \\text{ players} \\times 8 \\text{ lives per player} = 72 \\text{ lives} \\]\n\nSo, they have a total of \\( 72 \\) lives.'
)",True
"Example({'label': 20, 'question': ' A new building needed 10 windows. The builder had already installed 6 of them. If it takes 5 hours to install each window, how long will it take him to install the rest? '}) (input_keys={'question'})","Prediction(
    answer='To solve this problem, we first need to determine how many windows are left to be installed. The total number of windows needed is 10, and the builder has already installed 6 windows. Therefore, the remaining windows to be installed are:\n\n\\[ \\text{Remaining Windows} = 10 - 6 = 4 \\]\n\nNext, we need to calculate how long it will take to install these remaining windows. Given that each window takes 5 hours to install, the total time required is:\n\n\\[ \\text{Total Time} = \\text{Remaining Windows} \\times \\text{Time per Window} = 4 \\times 5 = 20 \\]\n\nSo, it will take the builder 20 hours to install the rest of the windows.'
)",True
"Example({'label': 36, 'question': ' Adam earned 9 dollars for each lawn he mowed. If he had 12 lawns to mow, but forgot to mow 8 of them, how much money did he actually earn? '}) (input_keys={'question'})","Prediction(
    answer='Adam was supposed to mow 12 lawns but forgot about 8 of them. So he actually mowed 12 - 8 = 4 lawns.\n\nSince he earned $9 per lawn, his total earnings would be 4 * $9 = $36.'
)",True
"Example({'label': 64, 'question': "" A trivia team had 12 members total, but during a game 4 members didn't show up. If each member that did show up scored 8 points, how many points were scored total? ""}) (input_keys={'question'})","Prediction(
    answer=""To determine the total number of points scored by the trivia team, we need to follow these steps:\n\n1. Calculate how many members did show up: \n   - Total members = 12\n   - Members who didn't show up = 4\n   - Members who showed up = Total members - Members who didn't show up = 12 - 4\n\n2. Each member who showed up scored 8 points:\n   - Points per member = 8\n   \n3. Calculate the total points scored by multiplying the number of members who showed up by the points each member scored.\n\nLet's perform these calculations:\n\n- Members who showed up = 12 - 4 = 8\n- Total points scored = Members who showed up * Points per member = 8 * 8\n\nNow, let's compute the total points:""
)",False
"Example({'label': 56, 'question': "" Mike had 16 video games but 8 of them weren't working. If he wanted to sell the working games for $7 each, how much money could he earn? ""}) (input_keys={'question'})","Prediction(
    answer='Mike has 16 - 8 = 8 working video games. If he sells them for $7 each, he could earn 8 * $7 = $56.'
)",True
"Example({'label': 49, 'question': ' A painter needed to paint 12 rooms in a building. Each room takes 7 hours to paint. If he already painted 5 rooms, how much longer will he take to paint the rest? '}) (input_keys={'question'})","Prediction(
    answer='To determine how much longer the painter needs to finish painting the remaining rooms, we first calculate the total number of hours required to paint all 12 rooms. Each room takes 7 hours, so:\n\nTotal hours needed = Number of rooms * Hours per room\nTotal hours needed = 12 * 7\nTotal hours needed = 84\n\nThe painter has already painted 5 rooms, which took:\nHours for 5 rooms = 5 * 7\nHours for 5 rooms = 35\n\nNow we subtract the hours spent from the total hours required to find out how much longer he needs:\n\nRemaining hours = Total hours needed - Hours for 5 rooms\nRemaining hours = 84 - 35\nRemaining hours = 49\n\nThe painter will take an additional 49 hours to paint the rest of the rooms.'
)",True
"Example({'label': 15, 'question': ' There were 8 friends playing a video game online when 5 players quit. If each player left had 5 lives, how many lives did they have total? '}) (input_keys={'question'})","Prediction(
    answer='To determine the total number of lives the remaining players had, we first need to find out how many players were left after some quit. Initially, there were 8 friends playing, and 5 players quit.\n\nNumber of players who quit: \\( 5 \\)\n\nTotal number of players initially: \\( 8 \\)\n\nNumber of players remaining: \n\\[ 8 - 5 = 3 \\]\n\nEach player had 5 lives. Therefore, the total number of lives for the remaining players is:\n\\[ 3 \\text{ players} \\times 5 \\text{ lives per player} = 15 \\text{ lives} \\]\n\nSo, they have a total of \\( 15 \\) lives.'
)",True
"Example({'label': 27, 'question': "" A trivia team had 15 members total, but during a game 6 members didn't show up. If each member that did show up scored 3 points, how many points were scored total? ""}) (input_keys={'question'})","Prediction(
    answer=""To determine the total number of points scored by the trivia team, we need to follow these steps:\n\n1. Calculate how many members did show up: \\( 15 \\text{ (total members)} - 6 \\text{ (members who didn't show up)} = 9 \\text{ members showed up} \\).\n2. Each member that showed up scored 3 points, so the total points are calculated as: \\( 9 \\text{ (showed up members)} \\times 3 \\text{ (points per member)} = 27 \\text{ points} \\).\n\nTherefore, the total number of points scored is 27.""
)",True
"Example({'label': 63, 'question': "" Ned had 15 video games but 6 of them weren't working. If he wanted to sell the working games for $7 each, how much money could he earn? ""}) (input_keys={'question'})","Prediction(
    answer='To determine how much money Ned could earn by selling his working video games, we need to follow these steps:\n\n1. Calculate the number of working video games: \\( 15 - 6 = 9 \\) games.\n2. Determine the total earnings if each game is sold for $7: \\( 9 \\times 7 = 63 \\).\n\nTherefore, Ned could earn $63 by selling his working video games.'
)",True
"Example({'label': 42, 'question': ' Each chocolate bar in a box cost $6. If a box had 13 bars total and Zoe sold all but 6 bars, how much money would she have made? '}) (input_keys={'question'})","Prediction(
    answer='To determine how much money Zoe would make by selling all but 6 bars of chocolate from a box that originally had 13 bars, we can follow these steps:\n\n1. Calculate the number of bars sold: Since Zoe sold all but 6 bars, she sold \\(13 - 6 = 7\\) bars.\n2. Calculate the total money made: Each bar costs $6, so selling 7 bars would yield \\(7 \\times 6 = 42\\) dollars.\n\nTherefore, Zoe would have made $42.'
)",True
"Example({'label': 16, 'question': ' Will bought 7 boxes of chocolate candy and gave 3 to his little brother. If each box has 4 pieces inside it, how many pieces did Will still have? '}) (input_keys={'question'})","Prediction(
    answer='16'
)",True
"Example({'label': 24, 'question': "" Mike invited 13 friends to a birthday party, but 7 couldn't come. If he wanted to buy enough cupcakes so each person could have exactly 4, how many should he buy? ""}) (input_keys={'question'})","Prediction(
    answer=""Mike invited 13 friends but 7 couldn't come, so only \\(13 - 7 = 6\\) friends could attend the party. If he wants each person to have exactly 4 cupcakes, then for the 6 attendees and himself (the host), Mike should buy \\(6 + 1 = 7\\) people's worth of cupcakes. Therefore, he needs to buy \\(7 \\times 4 = 28\\) cupcakes.""
)",False
"Example({'label': 10, 'question': ' In a video game, each enemy defeated gives you 5 points. If a level has 8 enemies total and you destroy all but 6 of them, how many points would you earn? '}) (input_keys={'question'})","Prediction(
    answer='To determine the number of points earned, we first need to find out how many enemies were actually defeated. If there are 8 enemies in total and you destroy all but 6 of them, that means you defeated \\(8 - 6 = 2\\) enemies.\n\nSince each enemy defeated gives you 5 points, defeating 2 enemies would give you \\(2 \\times 5 = 10\\) points.\n\nTherefore, the answer is 10 points.'
)",True
"Example({'label': 54, 'question': ' Roger earned 9 dollars for each lawn he mowed. If he had 14 lawns to mow, but forgot to mow 8 of them, how much money did he actually earn? '}) (input_keys={'question'})","Prediction(
    answer='To determine how much money Roger earned, we first need to find out how many lawns he actually mowed. He had 14 lawns to mow but forgot about 8 of them.\n\nNumber of lawns mowed = Total lawns - Forgotten lawns\nNumber of lawns mowed = 14 - 8\nNumber of lawns mowed = 6\n\nRoger earns $9 for each lawn he mows. Therefore, the total amount earned can be calculated as:\n\nTotal earnings = Number of lawns mowed * Earnings per lawn\nTotal earnings = 6 * 9\nTotal earnings = $54'
)",True
"Example({'label': 4, 'question': ' A magician was selling magic card decks for 2 dollars each. If he started with 5 decks and by the end of the day he had 3 left, how much money did he earn? '}) (input_keys={'question'})","Prediction(
    answer='To determine how much money the magician earned, we first need to find out how many decks of magic cards he sold. He started with 5 decks and had 3 left by the end of the day. Therefore, the number of decks sold is:\n\n\\[ \\text{Decks Sold} = \\text{Initial Decks} - \\text{Remaining Decks} \\]\n\\[ \\text{Decks Sold} = 5 - 3 \\]\n\\[ \\text{Decks Sold} = 2 \\]\n\nEach deck was sold for $2. Therefore, the total money earned is:\n\n\\[ \\text{Total Money Earned} = \\text{Number of Decks Sold} \\times \\text{Price per Deck} \\]\n\\[ \\text{Total Money Earned} = 2 \\times 2 \\]\n\\[ \\text{Total Money Earned} = 4 \\]\n\nSo, the magician earned $4.'
)",True
"Example({'label': 36, 'question': ' A chef needs to cook 12 potatoes. He has already cooked 6. If each potato takes 6 minutes to cook, how long will it take him to cook the rest? '}) (input_keys={'question'})","Prediction(
    answer='To determine how long it will take the chef to cook the remaining potatoes, we first need to find out how many potatoes are left to be cooked. The chef needs to cook 12 potatoes in total and has already cooked 6 of them.\n\nNumber of potatoes left = Total potatoes - Cooked potatoes\nNumber of potatoes left = 12 - 6\nNumber of potatoes left = 6\n\nEach potato takes 6 minutes to cook, so the time required to cook the remaining potatoes is:\n\nTime required = Number of potatoes left * Time per potato\nTime required = 6 * 6\nTime required = 36 minutes\n\nTherefore, it will take him 36 minutes to cook the rest of the potatoes.'
)",True
"Example({'label': 18, 'question': ' A new building needed 9 windows. The builder had already installed 6 of them. If it takes 6 hours to install each window, how long will it take him to install the rest? '}) (input_keys={'question'})","Prediction(
    answer='To solve this problem, we first need to determine how many windows are left to be installed. The total number of windows needed is 9, and the builder has already installed 6 of them.\n\nNumber of remaining windows = Total windows - Installed windows\nNumber of remaining windows = 9 - 6\nNumber of remaining windows = 3\n\nNext, we need to calculate how long it will take to install these remaining windows. Given that each window takes 6 hours to install:\n\nTotal time required = Number of remaining windows * Time per window\nTotal time required = 3 * 6\nTotal time required = 18 hours'
)",True
"Example({'label': 81, 'question': ' At the fair Adam bought 13 tickets. After riding the ferris wheel he had 4 tickets left. If each ticket cost 9 dollars, how much money did Adam spend riding the ferris wheel? '}) (input_keys={'question'})","Prediction(
    answer='To determine how much money Adam spent on the Ferris wheel, we need to follow these steps:\n\n1. Calculate the number of tickets Adam used for the Ferris wheel.\n2. Multiply the number of tickets by the cost per ticket.\n\nAdam started with 13 tickets and had 4 left after riding the Ferris wheel. Therefore, he used:\n\\[ \\text{Tickets used} = 13 - 4 = 9 \\]\n\nEach ticket costs $9. Thus, the total amount spent on the Ferris wheel is:\n\\[ \\text{Total cost} = 9 \\times 9 = \\$81 \\]\n\nSo Adam spent $81 riding the Ferris wheel.'
)",True
"Example({'label': 21, 'question': ' Dave bought 12 boxes of chocolate candy and gave 5 to his little brother. If each box has 3 pieces inside it, how many pieces did Dave still have? '}) (input_keys={'question'})","Prediction(
    answer='Dave originally had 12 boxes * 3 pieces per box = 36 pieces of chocolate candy. After giving 5 pieces to his little brother, Dave still has 36 - 5 = 31 pieces.'
)",False
"Example({'label': 10, 'question': ' John had 5 action figures, but needed 7 total for a complete collection. If each one costs $5, how much money would he need to finish his collection? '}) (input_keys={'question'})","Prediction(
    answer='John currently has 5 action figures but needs a total of 7. This means he needs to buy \\(7 - 5 = 2\\) more action figures.\n\nEach one costs $5, so the total cost would be \\(2 \\times 5 = 10\\).\n\nTherefore, John would need $10 to finish his collection.'
)",True
"Example({'label': 32, 'question': ' A painter needed to paint 9 rooms in a building. Each room takes 8 hours to paint. If he already painted 5 rooms, how much longer will he take to paint the rest? '}) (input_keys={'question'})","Prediction(
    answer='To determine how much longer the painter needs to spend painting the remaining rooms, we first need to calculate the total number of hours required to paint all 9 rooms. Since each room takes 8 hours to paint, the total time needed for all rooms is:\n\n\\[ \\text{Total time} = 9 \\times 8 = 72 \\text{ hours} \\]\n\nThe painter has already painted 5 rooms, which took:\n\n\\[ \\text{Time spent on 5 rooms} = 5 \\times 8 = 40 \\text{ hours} \\]\n\nNow we can calculate the remaining time needed to paint the rest of the rooms by subtracting the time already spent from the total time required:\n\n\\[ \\text{Remaining time} = 72 - 40 = 32 \\text{ hours} \\]\n\nSo, the painter will take an additional 32 hours to finish painting the remaining rooms.'
)",True
"Example({'label': 20, 'question': ' Each chocolate bar in a box cost $4. If a box had 8 bars total and Emily sold all but 3 bars, how much money would she have made? '}) (input_keys={'question'})","Prediction(
    answer='Emily would have made $20.'
)",True
"Example({'label': 15, 'question': "" At lunch a waiter had 10 customers and 5 of them didn't leave a tip. If he got $3 each from the ones who did tip, how much money did he earn? ""}) (input_keys={'question'})","Prediction(
    answer=""To determine how much money the waiter earned, we first need to find out how many customers left a tip. Given that there were 10 customers in total and 5 didn't leave a tip, the number of customers who did leave a tip is:\n\n\\[ \\text{Number of customers who tipped} = 10 - 5 = 5 \\]\n\nNext, we calculate the total amount earned from these customers. Each customer who tipped left $3:\n\n\\[ \\text{Total earnings} = 5 \\times 3 = 15 \\]\n\nTherefore, the waiter earned $15.""
)",True
"Example({'label': 16, 'question': ' A worksheet had 4 problems on it. If a teacher had 9 worksheets to grade and had already graded 5 of them, how many more problems does she have to grade? '}) (input_keys={'question'})","Prediction(
    answer=""To solve this problem, we first need to determine how many worksheets are left for the teacher to grade. She had 9 worksheets in total and has already graded 5 of them.\n\nNumber of remaining worksheets = Total worksheets - Worksheets graded\nNumber of remaining worksheets = 9 - 5\nNumber of remaining worksheets = 4\n\nSince each worksheet contains 4 problems, we can now calculate how many more problems the teacher needs to grade:\n\nProblems per worksheet = 4\nTotal number of remaining worksheets = 4\nTotal number of problems left to grade = Number of remaining worksheets * Problems per worksheet\nTotal number of problems left to grade = 4 * 4\n\nLet's perform this calculation.""
)",False
"Example({'label': 40, 'question': "" Will invited 9 friends to a birthday party, but 4 couldn't come. If he wanted to buy enough cupcakes so each person could have exactly 8, how many should he buy? ""}) (input_keys={'question'})","Prediction(
    answer=""To determine how many cupcakes Will needs to buy, we first need to calculate the total number of people who will be at his party. He invited 9 friends, but 4 couldn't come, so:\n\n\\[ \\text{Total guests} = 9 - 4 = 5 \\]\n\nNext, since each person should have exactly 8 cupcakes and there are 5 people attending the party, we calculate the total number of cupcakes needed by multiplying the number of guests by the number of cupcakes per guest:\n\n\\[ \\text{Total cupcakes needed} = 5 \\times 8 = 40 \\]\n\nTherefore, Will needs to buy 40 cupcakes.""
)",True
"Example({'label': 45, 'question': ' A magician was selling magic card decks for 9 dollars each. If he started with 12 decks and by the end of the day he had 7 left, how much money did he earn? '}) (input_keys={'question'})","Prediction(
    answer='To determine how much money the magician earned, we first need to find out how many magic card decks he sold. He started with 12 decks and had 7 left by the end of the day. Therefore, the number of decks sold is:\n\n\\[ \\text{Decks Sold} = 12 - 7 = 5 \\]\n\nEach deck was sold for $9. Thus, the total money earned can be calculated as follows:\n\n\\[ \\text{Total Money Earned} = 5 \\times 9 = 45 \\]\n\nSo, the magician earned $45.'
)",True
"Example({'label': 6, 'question': ' A chef needs to cook 9 potatoes. He has already cooked 7. If each potato takes 3 minutes to cook, how long will it take him to cook the rest? '}) (input_keys={'question'})","Prediction(
    answer='It will take 6 potatoes * 3 minutes per potato = 18 minutes to cook the rest.'
)",False
"Example({'label': 45, 'question': ' A magician was selling magic card decks for 5 dollars each. If he started with 14 decks and by the end of the day he had 5 left, how much money did he earn? '}) (input_keys={'question'})","Prediction(
    answer='To determine how much money the magician earned, we first need to find out how many magic card decks he sold. He started with 14 decks and had 5 left by the end of the day. Therefore, the number of decks sold is:\n\n\\[ \\text{Decks Sold} = \\text{Initial Decks} - \\text{Remaining Decks} \\]\n\\[ \\text{Decks Sold} = 14 - 5 \\]\n\\[ \\text{Decks Sold} = 9 \\]\n\nEach deck was sold for $5. Therefore, the total money earned is:\n\n\\[ \\text{Total Money Earned} = \\text{Number of Decks Sold} \\times \\text{Price per Deck} \\]\n\\[ \\text{Total Money Earned} = 9 \\times 5 \\]\n\\[ \\text{Total Money Earned} = 45 \\]\n\nSo, the magician earned $45.'
)",True
"Example({'label': 18, 'question': ' Each chocolate bar in a box cost $3. If a box had 9 bars total and Wendy sold all but 3 bars, how much money would she have made? '}) (input_keys={'question'})","Prediction(
    answer='To determine how much money Wendy made from selling all but 3 chocolate bars in a box of 9, we can follow these steps:\n\n1. Calculate the total number of chocolate bars sold: \\(9 - 3 = 6\\) bars.\n2. Each bar costs $3, so multiply the number of bars sold by the cost per bar to find the total amount made: \\(6 \\times 3 = 18\\).\n\nWendy would have made $18.'
)",True
"Example({'label': 24, 'question': ' A painter needed to paint 12 rooms in a building. Each room takes 3 hours to paint. If he already painted 4 rooms, how much longer will he take to paint the rest? '}) (input_keys={'question'})","Prediction(
    answer='To determine how much longer the painter needs to finish painting the remaining rooms, we first calculate the total number of hours required to paint all 12 rooms. Since each room takes 3 hours to paint, the total time needed is \\(12 \\times 3 = 36\\) hours.\n\nThe painter has already painted 4 rooms, which took \\(4 \\times 3 = 12\\) hours. Therefore, the remaining number of rooms to be painted is \\(12 - 4 = 8\\), and the time required for these rooms is \\(8 \\times 3 = 24\\) hours.\n\nThe painter will need an additional \\(24\\) hours to finish painting the rest of the rooms. Thus, the answer is 24 hours.'
)",True
"Example({'label': 36, 'question': ' Adam bought 13 boxes of chocolate candy and gave 7 to his little brother. If each box has 6 pieces inside it, how many pieces did Adam still have? '}) (input_keys={'question'})","Prediction(
    answer='Adam originally had 13 boxes * 6 pieces per box = 78 pieces of chocolate candy. After giving his little brother 7 boxes, he gave away 7 boxes * 6 pieces per box = 42 pieces. Therefore, Adam still has 78 - 42 = 36 pieces of chocolate candy.'
)",True
"Example({'label': 28, 'question': ' At a restaurant each adult meal costs $7 and kids eat free. If a group of 13 people came in and 9 were kids, how much would it cost for the group to eat? '}) (input_keys={'question'})","Prediction(
    answer='If there are 13 people total and 9 are kids, then the remaining 4 must be adults. Since each adult meal costs $7, the total cost for the meals of the adults is 4 * $7 = $28.'
)",True
"Example({'label': 20, 'question': "" A trivia team had 7 members total, but during a game 2 members didn't show up. If each member that did show up scored 4 points, how many points were scored total? ""}) (input_keys={'question'})","Prediction(
    answer=""To determine the total number of points scored by the trivia team, we need to follow these steps:\n\n1. Calculate how many members actually showed up for the game.\n2. Multiply the number of members who showed up by the points each member scored.\n\nGiven:\n- Total members: 7\n- Members who didn't show up: 2\n\nFirst, calculate the number of members who did show up:\n\\[ \\text{Members who showed up} = \\text{Total members} - \\text{Members who didn't show up} \\]\n\\[ \\text{Members who showed up} = 7 - 2 = 5 \\]\n\nEach member scored 4 points. Therefore, the total number of points scored is:\n\\[ \\text{Total points} = \\text{Number of members who showed up} \\times \\text{Points per member} \\]\n\\[ \\text{Total points} = 5 \\times 4 = 20 \\]\n\nSo, the trivia team scored a total of 20 points.""
)",True
"Example({'label': 12, 'question': "" Kaleb had 10 video games but 8 of them weren't working. If he wanted to sell the working games for $6 each, how much money could he earn? ""}) (input_keys={'question'})","Prediction(
    answer='Kaleb has 10 - 8 = 2 working video games. If he sells each one for $6, he could earn 2 * $6 = $12.'
)",True
"Example({'label': 35, 'question': "" April's discount flowers was having a sale where each rose was 7 dollars. If April started with 9 roses and had 4 roses left, how much money did she earn? ""}) (input_keys={'question'})","Prediction(
    answer='To determine how much money April earned from selling her roses, we first need to calculate how many roses she sold. She started with 9 roses and had 4 left after the sale.\n\nNumber of roses sold = Initial number of roses - Number of roses left\nNumber of roses sold = 9 - 4\nNumber of roses sold = 5\n\nEach rose was sold for $7, so we can calculate her earnings by multiplying the number of roses sold by the price per rose:\n\nEarnings = Number of roses sold * Price per rose\nEarnings = 5 * 7\nEarnings = 35\n\nTherefore, April earned $35 from selling the roses.'
)",True
"Example({'label': 32, 'question': "" At lunch a waiter had 9 customers and 5 of them didn't leave a tip. If he got $8 each from the ones who did tip, how much money did he earn? ""}) (input_keys={'question'})","Prediction(
    answer=""To determine how much money the waiter earned, we need to follow these steps:\n\n1. Calculate the number of customers who did leave a tip.\n2. Multiply that number by the amount each tipped.\n\nGiven:\n- Total customers = 9\n- Customers who didn't leave a tip = 5\n\nFirst, calculate the number of customers who left a tip:\n\\[ \\text{Customers who left a tip} = \\text{Total customers} - \\text{Customers who didn't leave a tip} \\]\n\\[ \\text{Customers who left a tip} = 9 - 5 = 4 \\]\n\nNext, multiply the number of customers who tipped by the amount each tipped:\n\\[ \\text{Total earnings} = \\text{Number of customers who tipped} \\times \\text{Amount per customer}\n\\]\n\\[ \\text{Total earnings} = 4 \\times \\$8 = \\$32 \\]\n\nTherefore, the waiter earned $32.""
)",True
"Example({'label': 48, 'question': ' A new building needed 14 windows. The builder had already installed 8 of them. If it takes 8 hours to install each window, how long will it take him to install the rest? '}) (input_keys={'question'})","Prediction(
    answer='To solve this problem, we first need to determine how many windows are left to be installed. The total number of windows needed is 14, and the builder has already installed 8 of them. Therefore, the remaining windows to be installed are:\n\n\\[ \\text{Remaining Windows} = 14 - 8 = 6 \\]\n\nNext, we need to calculate how long it will take to install these remaining windows. Given that it takes 8 hours to install each window, the total time required is:\n\n\\[ \\text{Total Time Required} = 6 \\times 8 = 48 \\text{ hours} \\]\n\nSo, it will take him 48 hours to install the rest of the windows.'
)",True
"Example({'label': 45, 'question': "" Bianca earned 5 points for each bag of cans she recycled. If she had 17 bags, but didn't recycle 8 of them, how many points would she have earned? ""}) (input_keys={'question'})","Prediction(
    answer='Bianca recycled 17 - 8 = 9 bags of cans. Therefore, she would have earned 5 * 9 = 45 points.'
)",True
"Example({'label': 72, 'question': ' A chef needs to cook 15 potatoes. He has already cooked 6. If each potato takes 8 minutes to cook, how long will it take him to cook the rest? '}) (input_keys={'question'})","Prediction(
    answer='To determine how long it will take the chef to cook the remaining potatoes, we first need to find out how many potatoes still need to be cooked. The chef needs to cook 15 potatoes in total and has already cooked 6 of them.\n\nSo, the number of potatoes left is:\n\\[ 15 - 6 = 9 \\]\n\nEach potato takes 8 minutes to cook. Therefore, for the remaining 9 potatoes, it will take:\n\\[ 9 \\times 8 = 72 \\text{ minutes} \\]'
)",True
"Example({'label': 30, 'question': ' Henry had 3 action figures, but needed 8 total for a complete collection. If each one costs $6, how much money would he need to finish his collection? '}) (input_keys={'question'})","Prediction(
    answer='To determine how much money Henry needs to finish his collection, we first calculate the number of additional action figures he needs. He already has 3 action figures and wants a total of 8.\n\nNumber of additional action figures needed = Total desired - Current possession\n= 8 - 3\n= 5\n\nEach action figure costs $6, so the total cost for the additional action figures is:\n\nTotal cost = Number of additional action figures * Cost per action figure\n= 5 * $6\n= $30\n\nTherefore, Henry would need $30 to finish his collection.'
)",True
"Example({'label': 64, 'question': ' John earned 8 dollars for each lawn he mowed. If he had 15 lawns to mow, but forgot to mow 7 of them, how much money did he actually earn? '}) (input_keys={'question'})","Prediction(
    answer='John actually mowed 15 - 7 = 8 lawns. Therefore, he earned 8 * 8 = 64 dollars.'
)",True
"Example({'label': 24, 'question': ' There were 10 friends playing a video game online when 7 players quit. If each player left had 8 lives, how many lives did they have total? '}) (input_keys={'question'})","Prediction(
    answer='To determine the total number of lives the remaining players had, we first need to find out how many players were left after 7 quit. Initially, there were 10 friends playing.\n\n\\[ \\text{Remaining Players} = 10 - 7 = 3 \\]\n\nEach of these remaining players had 8 lives. Therefore, the total number of lives can be calculated as:\n\n\\[ \\text{Total Lives} = \\text{Number of Remaining Players} \\times \\text{Lives per Player} \\]\n\\[ \\text{Total Lives} = 3 \\times 8 = 24 \\]\n\nSo, they had a total of 24 lives.'
)",True
"Example({'label': 40, 'question': ' In a video game, each enemy defeated gives you 8 points. If a level has 7 enemies total and you destroy all but 2 of them, how many points would you earn? '}) (input_keys={'question'})","Prediction(
    answer='46\n\nTo calculate this, first determine how many enemies were actually defeated: 7 total enemies - 2 not destroyed = 5 enemies defeated. Each enemy gives 8 points, so 5 enemies * 8 points/enemy = 40 points from defeating the enemies. Additionally, since all enemies would give 7 * 8 = 56 points if all were defeated, you lose 6 points (56 total - 40 earned) for not destroying all enemies.'
)",True
"Example({'label': 63, 'question': ' A painter needed to paint 11 rooms in a building. Each room takes 7 hours to paint. If he already painted 2 rooms, how much longer will he take to paint the rest? '}) (input_keys={'question'})","Prediction(
    answer='To determine how much longer the painter needs to finish painting the remaining rooms, we first calculate the total number of hours required to paint all 11 rooms. Since each room takes 7 hours to paint, the total time needed is \\(11 \\times 7 = 77\\) hours.\n\nThe painter has already painted 2 rooms, which took \\(2 \\times 7 = 14\\) hours. Therefore, the remaining number of rooms to be painted is \\(11 - 2 = 9\\), and the time required for these rooms is \\(9 \\times 7 = 63\\) hours.\n\nTo find out how much longer he needs to work, we subtract the time already spent from the total time needed: \\(77 - 14 = 63\\) hours. Thus, the painter will need an additional 63 hours to finish painting all rooms.'
)",True
"Example({'label': 32, 'question': "" Dave had 10 video games but 2 of them weren't working. If he wanted to sell the working games for $4 each, how much money could he earn? ""}) (input_keys={'question'})","Prediction(
    answer='Dave has 10 - 2 = 8 working video games. If he sells each game for $4, he could earn 8 * $4 = $32.'
)",True
"Example({'label': 32, 'question': ' A worksheet had 4 problems on it. If a teacher had 16 worksheets to grade and had already graded 8 of them, how many more problems does she have to grade? '}) (input_keys={'question'})","Prediction(
    answer='To solve this problem, we first need to determine how many worksheets are left for grading. The teacher had 16 worksheets in total and has already graded 8 of them.\n\nNumber of worksheets left = Total number of worksheets - Number of worksheets graded\nNumber of worksheets left = 16 - 8\nNumber of worksheets left = 8\n\nEach worksheet contains 4 problems, so we can find the total number of problems by multiplying the number of remaining worksheets by the number of problems per worksheet.\n\nTotal number of problems to grade = Number of worksheets left * Number of problems per worksheet\nTotal number of problems to grade = 8 * 4\nTotal number of problems to grade = 32'
)",True
"Example({'label': 14, 'question': ' A worksheet had 2 problems on it. If a teacher had 14 worksheets to grade and had already graded 7 of them, how many more problems does she have to grade? '}) (input_keys={'question'})","Prediction(
    answer='To determine how many more problems the teacher has to grade, we first need to find out how many worksheets she still needs to grade. She had 14 worksheets in total and has already graded 7 of them.\n\nNumber of worksheets left = Total worksheets - Worksheets graded\nNumber of worksheets left = 14 - 7\nNumber of worksheets left = 7\n\nSince each worksheet contains 2 problems, we can calculate the number of problems she still needs to grade by multiplying the number of remaining worksheets by the number of problems per worksheet.\n\nNumber of problems left = Number of worksheets left * Problems per worksheet\nNumber of problems left = 7 * 2\nNumber of problems left = 14'
)",True
"Example({'label': 36, 'question': "" April's discount flowers was having a sale where each rose was 4 dollars. If April started with 13 roses and had 4 roses left, how much money did she earn? ""}) (input_keys={'question'})","Prediction(
    answer='April sold 9 roses (13 - 4 = 9). At a price of $4 per rose, she earned 9 * 4 = $36.'
)",True
"Example({'label': 35, 'question': ' At a restaurant each adult meal costs $5 and kids eat free. If a group of 15 people came in and 8 were kids, how much would it cost for the group to eat? '}) (input_keys={'question'})","Prediction(
    answer=""To solve this problem, we need to calculate the total cost of meals for 15 people where 8 are kids who eat free. This means only adults will be charged.\n\nGiven:\n- Cost per adult meal = $5\n- Number of adults (since there are 8 kids) = Total number of people - Number of kids = 15 - 8\n\nLet's calculate the total cost for the group.""
)",False
"Example({'label': 42, 'question': ' Zoe baked 5 brownies, but needed 11 total for her party. If she used 7 cups of flour on each one, how much cups of flour does she still need? '}) (input_keys={'question'})","Prediction(
    answer='To determine how many cups of flour Zoe still needs, we first need to calculate the total number of brownies she needs and then find out how much more flour is required.\n\n1. **Total Brownies Needed**: Zoe needed 11 total brownies for her party.\n2. **Brownies Already Baked**: She baked 5 brownies already.\n3. **Remaining Brownies to Bake**: \n   \\[\n   11 - 5 = 6\n   \\]\n4. **Cups of Flour per Brownie**: Each brownie requires 7 cups of flour.\n\nNow, we calculate the total amount of flour needed for the remaining brownies:\n\\[\n6 \\text{ brownies} \\times 7 \\text{ cups/brownie} = 42 \\text{ cups}\n\\]\n\nTherefore, Zoe still needs **42 cups** of flour.'
)",True
"Example({'label': 20, 'question': ' A painter needed to paint 6 rooms in a building. Each room takes 5 hours to paint. If he already painted 2 rooms, how much longer will he take to paint the rest? '}) (input_keys={'question'})","Prediction(
    answer='To determine how much longer the painter needs to spend painting the remaining rooms, we first need to calculate the total number of hours required to paint all 6 rooms. Since each room takes 5 hours to paint, the total time needed for all rooms is:\n\n\\[ \\text{Total time} = 6 \\text{ rooms} \\times 5 \\text{ hours/room} = 30 \\text{ hours} \\]\n\nThe painter has already painted 2 rooms. The number of rooms left to paint is:\n\n\\[ \\text{Rooms left} = 6 - 2 = 4 \\text{ rooms} \\]\n\nSince each room takes 5 hours, the time required to paint the remaining rooms is:\n\n\\[ \\text{Time for remaining rooms} = 4 \\text{ rooms} \\times 5 \\text{ hours/room} = 20 \\text{ hours} \\]\n\nTherefore, the painter will take an additional 20 hours to finish painting all 6 rooms.'
)",False
"Example({'label': 16, 'question': ' Each chocolate bar in a box cost $4. If a box had 11 bars total and Vanessa sold all but 7 bars, how much money would she have made? '}) (input_keys={'question'})","Prediction(
    answer='To determine how much money Vanessa made from selling all but 7 chocolate bars out of a box that originally had 11 bars, we can follow these steps:\n\n1. Calculate the total number of bars sold: \\(11 - 7 = 4\\) bars.\n2. Each bar costs $4.\n3. Therefore, the total amount of money made from selling 4 bars is \\(4 \\times 4 = \\$16\\).\n\nSo Vanessa would have made $16.'
)",True
"Example({'label': 16, 'question': "" Gwen earned 8 points for each bag of cans she recycled. If she had 4 bags, but didn't recycle 2 of them, how many points would she have earned? ""}) (input_keys={'question'})","Prediction(
    answer=""To determine how many points Gwen earned, we first need to calculate how many bags of cans she actually recycled. She had 4 bags but didn't recycle 2 of them, so:\n\n\\[ \\text{Recycled Bags} = 4 - 2 = 2 \\]\n\nSince she earns 8 points for each bag of cans she recycles and she recycled 2 bags, the total points earned would be:\n\n\\[ \\text{Total Points} = 2 \\times 8 = 16 \\]\n\nTherefore, Gwen would have earned 16 points.""
)",True
"Example({'label': 24, 'question': ' A new building needed 12 windows. The builder had already installed 6 of them. If it takes 4 hours to install each window, how long will it take him to install the rest? '}) (input_keys={'question'})","Prediction(
    answer='It will take 12 - 6 = 6 windows to be installed. Since it takes 4 hours to install each window, it will take 6 * 4 = 24 hours to install the rest.'
)",True
"Example({'label': 63, 'question': ' A chef needs to cook 15 potatoes. He has already cooked 8. If each potato takes 9 minutes to cook, how long will it take him to cook the rest? '}) (input_keys={'question'})","Prediction(
    answer='To determine how long it will take the chef to cook the remaining potatoes, we first need to find out how many potatoes still need to be cooked. The chef needs to cook 15 potatoes in total and has already cooked 8 of them.\n\nNumber of potatoes left to cook = Total potatoes - Cooked potatoes\nNumber of potatoes left to cook = 15 - 8\nNumber of potatoes left to cook = 7\n\nEach potato takes 9 minutes to cook. Therefore, the time required to cook the remaining potatoes is:\n\nTime required = Number of potatoes left * Time per potato\nTime required = 7 * 9\nTime required = 63 minutes\n\nSo, it will take him 63 minutes to cook the rest of the potatoes.'
)",True
"Example({'label': 35, 'question': "" A trivia team had 14 members total, but during a game 7 members didn't show up. If each member that did show up scored 5 points, how many points were scored total? ""}) (input_keys={'question'})","Prediction(
    answer=""To determine the total number of points scored by the trivia team, we need to follow these steps:\n\n1. Calculate how many members did show up: \\( 14 \\text{ (total members)} - 7 \\text{ (members who didn't show up)} = 7 \\text{ members} \\).\n2. Each member that showed up scored 5 points: \\( 7 \\text{ members} \\times 5 \\text{ points/member} = 35 \\text{ points} \\).\n\nTherefore, the total number of points scored is 35.""
)",True
"Example({'label': 48, 'question': ' A chef needs to cook 13 potatoes. He has already cooked 5. If each potato takes 6 minutes to cook, how long will it take him to cook the rest? '}) (input_keys={'question'})","Prediction(
    answer='It will take 36 minutes to cook the rest of the potatoes.'
)",False
"Example({'label': 45, 'question': "" A trivia team had 11 members total, but during a game 6 members didn't show up. If each member that did show up scored 9 points, how many points were scored total? ""}) (input_keys={'question'})","Prediction(
    answer=""To find the total points scored, we first need to determine how many members did show up. The team originally had 11 members, but 6 didn't show up, so:\n\n\\[ \\text{Members who showed up} = 11 - 6 = 5 \\]\n\nEach member that showed up scored 9 points, so the total points scored is:\n\n\\[ \\text{Total points} = 5 \\times 9 = 45 \\]\n\nTherefore, the total number of points scored is 45.""
)",True
"Example({'label': 18, 'question': ' Each chocolate bar in a box cost $2. If a box had 13 bars total and Rachel sold all but 4 bars, how much money would she have made? '}) (input_keys={'question'})","Prediction(
    answer='Rachel would have made $20 by selling all but 4 bars from a box of 13 chocolate bars at $2 each.'
)",False
"Example({'label': 10, 'question': ' Isabel baked 3 brownies, but needed 5 total for her party. If she used 5 cups of flour on each one, how much cups of flour does she still need? '}) (input_keys={'question'})","Prediction(
    answer='To determine how many cups of flour Isabel still needs, we first need to calculate the total amount of flour she has used on the brownies she baked.\n\nIsabel baked 3 brownies. If each one requires 5 cups of flour:\n\\[ \\text{Total flour used} = 3 \\text{ brownies} \\times 5 \\text{ cups per brownie} = 15 \\text{ cups} \\]\n\nShe needs a total of 5 brownies for her party, but she has already baked 3. Therefore, the number of additional brownies needed is:\n\\[ \\text{Additional brownies needed} = 5 - 3 = 2 \\text{ brownies} \\]\n\nSince each brownie requires 5 cups of flour:\n\\[ \\text{Total flour still needed} = 2 \\text{ brownies} \\times 5 \\text{ cups per brownie} = 10 \\text{ cups} \\]\n\nThus, Isabel still needs 10 cups of flour.'
)",True
"Example({'label': 24, 'question': ' A worksheet had 3 problems on it. If a teacher had 15 worksheets to grade and had already graded 7 of them, how many more problems does she have to grade? '}) (input_keys={'question'})","Prediction(
    answer=""To determine how many more problems the teacher has to grade, we first need to find out how many worksheets she still needs to grade. She started with 15 worksheets and has already graded 7 of them.\n\nNumber of remaining worksheets = Total worksheets - Worksheets graded\nNumber of remaining worksheets = 15 - 7\n\nEach worksheet contains 3 problems, so the total number of problems in the remaining worksheets is:\n\nTotal problems to be graded = Number of remaining worksheets * Problems per worksheet\n\nLet's calculate this.""
)",False
"Example({'label': 27, 'question': "" At lunch a waiter had 7 customers and 4 of them didn't leave a tip. If he got $9 each from the ones who did tip, how much money did he earn? ""}) (input_keys={'question'})","Prediction(
    answer=""To solve this problem, we first need to determine how many customers left a tip. Since there were 7 customers in total and 4 didn't leave a tip, that means \\(7 - 4 = 3\\) customers did leave a tip.\n\nNext, since each of these 3 customers left $9 as a tip, the total amount earned from tips is \\(3 \\times 9 = 27\\).\n\nTherefore, the answer is $27.""
)",True
"Example({'label': 27, 'question': "" April's discount flowers was having a sale where each rose was 9 dollars. If April started with 11 roses and had 8 roses left, how much money did she earn? ""}) (input_keys={'question'})","Prediction(
    answer='To determine how much money April earned from selling her roses, we first need to calculate how many roses she sold. She started with 11 roses and had 8 left after the sale.\n\nNumber of roses sold = Initial number of roses - Number of roses left\nNumber of roses sold = 11 - 8\nNumber of roses sold = 3\n\nEach rose was sold for $9, so we can calculate her earnings by multiplying the number of roses sold by the price per rose:\n\nEarnings = Number of roses sold * Price per rose\nEarnings = 3 * 9\nEarnings = 27\n\nTherefore, April earned $27 from selling the roses.'
)",True
"Example({'label': 18, 'question': ' Tom bought 14 boxes of chocolate candy and gave 8 to his little brother. If each box has 3 pieces inside it, how many pieces did Tom still have? '}) (input_keys={'question'})","Prediction(
    answer=""To determine how many pieces of chocolate candy Tom still had, we need to follow these steps:\n\n1. Calculate the total number of boxes Tom initially bought: 14 boxes.\n2. Determine how many pieces are in each box: 3 pieces per box.\n3. Subtract the number of boxes given away (8) from the initial number of boxes (14).\n4. Multiply the remaining number of boxes by the number of pieces per box to find out how many pieces Tom still has.\n\nLet's do these calculations:\n\n1. Total number of boxes initially: 14\n2. Number of boxes given away: 8\n3. Remaining boxes: \\( 14 - 8 = 6 \\)\n4. Pieces in each box: 3\n5. Total pieces Tom still has: \\( 6 \\times 3 = 18 \\)\n\nSo, Tom still had 18 pieces of chocolate candy.""
)",True
"Example({'label': 12, 'question': ' At a restaurant each adult meal costs $2 and kids eat free. If a group of 15 people came in and 9 were kids, how much would it cost for the group to eat? '}) (input_keys={'question'})","Prediction(
    answer='If there are 15 people in total and 9 of them are kids (who eat free), then the remaining 6 must be adults who will pay $2 each for their meal. The cost for the adult meals is therefore 6 * $2 = $12.'
)",True
"Example({'label': 32, 'question': ' Edward earned 4 dollars for each lawn he mowed. If he had 17 lawns to mow, but forgot to mow 9 of them, how much money did he actually earn? '}) (input_keys={'question'})","Prediction(
    answer='Edward mowed 17 - 9 = 8 lawns. Therefore, he earned 4 * 8 = 32 dollars.'
)",True
"Example({'label': 56, 'question': ' A new building needed 11 windows. The builder had already installed 4 of them. If it takes 8 hours to install each window, how long will it take him to install the rest? '}) (input_keys={'question'})","Prediction(
    answer='It takes 8 hours to install each window, so to find out how long it will take to install the rest of the windows, we first need to determine how many windows are left. The builder had already installed 4 windows, and a total of 11 windows were needed, so there are \\(11 - 4 = 7\\) windows remaining.\n\nTo calculate the time required to install these 7 windows: \n\\[ \\text{Time} = 7 \\times 8 \\text{ hours} = 56 \\text{ hours} \\]'
)",True
"Example({'label': 30, 'question': ' Tom bought 12 boxes of chocolate candy and gave 7 to his little brother. If each box has 6 pieces inside it, how many pieces did Tom still have? '}) (input_keys={'question'})","Prediction(
    answer='Tom originally had \\(12 \\text{ boxes} \\times 6 \\text{ pieces per box} = 72 \\text{ pieces}\\).\n\nAfter giving 7 boxes to his little brother, he gave away \\(7 \\text{ boxes} \\times 6 \\text{ pieces per box} = 42 \\text{ pieces}\\).\n\nSo, Tom still has \\(72 - 42 = 30\\) pieces.'
)",True
"Example({'label': 30, 'question': ' John had 6 action figures, but needed 11 total for a complete collection. If each one costs $6, how much money would he need to finish his collection? '}) (input_keys={'question'})","Prediction(
    answer='To solve this problem, we first need to determine how many more action figures John needs. He already has 6 action figures but wants a total of 11. So he needs:\n\n\\[ \\text{Additional action figures needed} = 11 - 6 = 5 \\]\n\nEach additional action figure costs $6. Therefore, the total cost for these 5 additional action figures is:\n\n\\[ \\text{Total cost} = 5 \\times 6 = \\$30 \\]\n\nSo John would need $30 to finish his collection.'
)",True
"Example({'label': 72, 'question': ' At a restaurant each adult meal costs $8 and kids eat free. If a group of 11 people came in and 2 were kids, how much would it cost for the group to eat? '}) (input_keys={'question'})","Prediction(
    answer='If there are 11 people in total and 2 of them are kids (who eat for free), then the number of adults is 11 - 2 = 9. Since each adult meal costs $8, the total cost for the meals would be 9 * $8 = $72.'
)",True
"Example({'label': 27, 'question': ' At the fair Kaleb bought 6 tickets. After riding the ferris wheel he had 3 tickets left. If each ticket cost 9 dollars, how much money did Kaleb spend riding the ferris wheel? '}) (input_keys={'question'})","Prediction(
    answer='To determine how much money Kaleb spent on the Ferris wheel, we need to follow these steps:\n\n1. Calculate the number of tickets Kaleb used for the Ferris wheel.\n2. Determine the cost based on the number of tickets used.\n\nKaleb initially had 6 tickets and was left with 3 after riding the Ferris wheel. Therefore:\n\\[ \\text{Tickets used} = 6 - 3 = 3 \\]\n\nEach ticket costs $9, so the total amount spent is:\n\\[ \\text{Total cost} = 3 \\times 9 = \\$27 \\]\n\nThus, Kaleb spent $27 on the Ferris wheel.'
)",True
"Example({'label': 72, 'question': ' Tiffany baked 8 brownies, but needed 17 total for her party. If she used 8 cups of flour on each one, how much cups of flour does she still need? '}) (input_keys={'question'})","Prediction(
    answer='To determine how many more cups of flour Tiffany needs, we first calculate the total amount of flour used on the 8 brownies she has already baked. Since each brownie requires 8 cups of flour:\n\nTotal flour used = Number of brownies * Cups of flour per brownie\nTotal flour used = 8 * 8\nTotal flour used = 64 cups\n\nTiffany needs a total of 17 brownies for her party, so she still needs to bake:\nNumber of additional brownies needed = Total required - Brownies already baked\nNumber of additional brownies needed = 17 - 8\nNumber of additional brownies needed = 9\n\nTherefore, the amount of flour she still needs is:\nTotal flour needed = Number of additional brownies * Cups of flour per brownie\nTotal flour needed = 9 * 8\nTotal flour needed = 72 cups\n\nSo Tiffany still needs 72 cups of flour.'
)",True
"Example({'label': 21, 'question': ' In a video game, each enemy defeated gives you 7 points. If a level has 11 enemies total and you destroy all but 8 of them, how many points would you earn? '}) (input_keys={'question'})","Prediction(
    answer='To determine the number of points earned, we first need to find out how many enemies were actually defeated. If there are 11 enemies total and you destroy all but 8 of them, that means you defeated \\(11 - 8 = 3\\) enemies.\n\nSince each enemy defeated gives you 7 points, defeating 3 enemies would give you \\(3 \\times 7 = 21\\) points.\n\nTherefore, the answer is 21 points.'
)",True
"Example({'label': 56, 'question': ' A magician was selling magic card decks for 7 dollars each. If he started with 16 decks and by the end of the day he had 8 left, how much money did he earn? '}) (input_keys={'question'})","Prediction(
    answer='A magician started with 16 decks and ended up with 8 decks. This means he sold 16 - 8 = 8 decks.\n\nEach deck costs $7, so by selling 8 decks, he earned 8 * $7 = $56.\n\nTherefore, the amount of money he earned is $56.'
)",True
"Example({'label': 30, 'question': ' There were 13 friends playing a video game online when 8 players quit. If each player left had 6 lives, how many lives did they have total? '}) (input_keys={'question'})","Prediction(
    answer='To determine the total number of lives the remaining players had, we first need to find out how many players were left after 8 quit. Initially, there were 13 friends playing.\n\n\\[ \\text{Remaining Players} = 13 - 8 = 5 \\]\n\nNext, each player who stayed had 6 lives.\n\n\\[ \\text{Total Lives} = \\text{Number of Remaining Players} \\times \\text{Lives per Player} \\]\n\\[ \\text{Total Lives} = 5 \\times 6 = 30 \\]\n\nTherefore, the total number of lives they had is 30.'
)",True
"Example({'label': 6, 'question': "" At lunch a waiter had 7 customers and 5 of them didn't leave a tip. If he got $3 each from the ones who did tip, how much money did he earn? ""}) (input_keys={'question'})","Prediction(
    answer=""To determine how much money the waiter earned, we need to follow these steps:\n\n1. Calculate the number of customers who did leave a tip.\n2. Multiply that number by the amount each tipped customer gave.\n\nGiven:\n- Total customers = 7\n- Customers who didn't leave a tip = 5\n\nFirst, calculate the number of customers who left a tip:\n\\[ \\text{Customers who left a tip} = \\text{Total customers} - \\text{Customers who didn't leave a tip} \\]\n\\[ \\text{Customers who left a tip} = 7 - 5 = 2 \\]\n\nNext, calculate the total amount earned from these customers:\n\\[ \\text{Amount earned per customer} = \\$3 \\]\n\\[ \\text{Total amount earned} = \\text{Number of customers who left a tip} \\times \\text{Amount earned per customer} \\]\n\\[ \\text{Total amount earned} = 2 \\times 3 = \\$6 \\]\n\nSo, the waiter earned $6.""
)",True
"Example({'label': 63, 'question': ' At the fair Adam bought 10 tickets. After riding the ferris wheel he had 3 tickets left. If each ticket cost 9 dollars, how much money did Adam spend riding the ferris wheel? '}) (input_keys={'question'})","Prediction(
    answer=""To solve this problem, we need to determine how many tickets Adam spent on the Ferris wheel. We know that he initially had 10 tickets and after riding the Ferris wheel, he had 3 tickets left.\n\nTickets used for the Ferris wheel = Initial tickets - Tickets remaining\nTickets used for the Ferris wheel = 10 - 3\n\nCost per ticket = $9\n\nTotal cost spent on the Ferris wheel = Tickets used * Cost per ticket\nTotal cost spent on the Ferris wheel = (10 - 3) * 9\n\nLet's calculate this.""
)",False
"Example({'label': 63, 'question': ' A worksheet had 7 problems on it. If a teacher had 17 worksheets to grade and had already graded 8 of them, how many more problems does she have to grade? '}) (input_keys={'question'})","Prediction(
    answer=""To determine how many more problems the teacher has to grade, we first need to find out how many worksheets she still needs to grade. She had 17 worksheets in total and has already graded 8 of them.\n\nNumber of worksheets left = Total worksheets - Worksheets already graded\nNumber of worksheets left = 17 - 8\n\nNext, since each worksheet contains 7 problems, we multiply the number of remaining worksheets by the number of problems per worksheet to find out how many more problems she needs to grade:\n\nProblems left = Number of worksheets left * Problems per worksheet\n\nLet's calculate this.""
)",False
"Example({'label': 12, 'question': "" A trivia team had 9 members total, but during a game 3 members didn't show up. If each member that did show up scored 2 points, how many points were scored total? ""}) (input_keys={'question'})","Prediction(
    answer=""To determine the total number of points scored by the trivia team, we need to follow these steps:\n\n1. Calculate how many members actually showed up for the game.\n2. Multiply the number of members who showed up by the points each member scored.\n\nInitially, there were 9 members in total. Since 3 members didn't show up:\n- Number of members who did show up = Total members - Members who didn't show up\n- Points per member = 2\n\nLet's calculate this.""
)",False
"Example({'label': 30, 'question': "" Mike had 15 video games but 9 of them weren't working. If he wanted to sell the working games for $5 each, how much money could he earn? ""}) (input_keys={'question'})","Prediction(
    answer='Mike has 15 - 9 = 6 working video games. If he sells each one for $5, he could earn 6 * $5 = $30.'
)",True
"Example({'label': 36, 'question': ' Edward earned 9 dollars for each lawn he mowed. If he had 6 lawns to mow, but forgot to mow 2 of them, how much money did he actually earn? '}) (input_keys={'question'})","Prediction(
    answer='Edward earned money from 6 - 2 = 4 lawns. Therefore, Edward earned 9 * 4 = 36 dollars.'
)",True
"Example({'label': 14, 'question': ' At a restaurant each adult meal costs $2 and kids eat free. If a group of 9 people came in and 2 were kids, how much would it cost for the group to eat? '}) (input_keys={'question'})","Prediction(
    answer=""To determine the total cost for the group of 9 people at the restaurant, we need to calculate the cost based on the given information: adult meals cost $2 each, and kids eat free.\n\nGiven that there are 2 kids in the group, they don't contribute to the meal cost. Therefore, all 7 adults will be charged for their meals.\n\nThe total cost can be calculated as follows:\n\\[ \\text{Total Cost} = (\\text{Number of Adults}) \\times (\\text{Cost per Adult Meal}) \\]\n\\[ \\text{Total Cost} = 7 \\times \\$2 \\]\n\\[ \\text{Total Cost} = \\$14 \\]""
)",True
"Example({'label': 54, 'question': ' Chloe baked 7 brownies, but needed 16 total for her party. If she used 6 cups of flour on each one, how much cups of flour does she still need? '}) (input_keys={'question'})","Prediction(
    answer='To determine how many more cups of flour Chloe needs, we first calculate the total amount of flour used on the 7 brownies she has already baked. Since each brownie requires 6 cups of flour:\n\nTotal flour used = Number of brownies * Cups of flour per brownie\nTotal flour used = 7 * 6\nTotal flour used = 42 cups\n\nChloe needs a total of 16 brownies for her party, so the number of additional brownies she needs to bake is:\n\nAdditional brownies needed = Total required - Brownies already baked\nAdditional brownies needed = 16 - 7\nAdditional brownies needed = 9\n\nNow we calculate how much more flour is needed for these additional brownies:\n\nTotal cups of flour still needed = Additional brownies * Cups of flour per brownie\nTotal cups of flour still needed = 9 * 6\nTotal cups of flour still needed = 54 cups\n\nTherefore, Chloe needs 54 cups of flour to bake the remaining brownies.'
)",True
"Example({'label': 15, 'question': ' There were 8 friends playing a video game online when 3 players quit. If each player left had 3 lives, how many lives did they have total? '}) (input_keys={'question'})","Prediction(
    answer='There were originally \\(8 - 3 = 5\\) players left in the game. If each of these remaining players had 3 lives, they had a total of \\(5 \\times 3 = 15\\) lives.'
)",True
"Example({'label': 6, 'question': "" Sam invited 9 friends to a birthday party, but 6 couldn't come. If he wanted to buy enough cupcakes so each person could have exactly 2, how many should he buy? ""}) (input_keys={'question'})","Prediction(
    answer=""Sam invited 9 friends but 6 couldn't come, so only \\(9 - 6 = 3\\) friends could attend the party. Including Sam himself, there would be a total of \\(3 + 1 = 4\\) people at the party. If each person is to have exactly 2 cupcakes, then Sam should buy \\(4 \\times 2 = 8\\) cupcakes.""
)",False
"Example({'label': 72, 'question': "" Megan earned 8 points for each bag of cans she recycled. If she had 14 bags, but didn't recycle 5 of them, how many points would she have earned? ""}) (input_keys={'question'})","Prediction(
    answer=""To determine how many points Megan earned, we first need to find out how many bags of cans she actually recycled. She had 14 bags but didn't recycle 5 of them.\n\nNumber of bags recycled = Total bags - Unrecycled bags\nNumber of bags recycled = 14 - 5\nNumber of bags recycled = 9\n\nNow, we know that Megan earns 8 points for each bag of cans she recycles. So, to find out the total points earned:\n\nTotal points = Number of bags recycled * Points per bag\nTotal points = 9 * 8\nTotal points = 72\n\nTherefore, Megan would have earned 72 points.""
)",True
"Example({'label': 5, 'question': ' Will had 57 dollars. If he spent 27 bucks on a new game, how many 6 dollar toys could he buy with the money he had left? '}) (input_keys={'question'})","Prediction(
    answer='After spending $27 on a new game, Will has $57 - $27 = $30 left.\n\nTo find out how many 6-dollar toys he can buy with $30, we divide: $30 / $6 = 5 toys.'
)",True
"Example({'label': 3, 'question': ' A pet store had 18 puppies. In one day they sold 3 of them and put the rest into cages with 5 in each cage. How many cages did they use? '}) (input_keys={'question'})","Prediction(
    answer='To determine how many cages were used, we first need to find out how many puppies are left after selling 3 of them. Initially, there were 18 puppies.\n\n\\[ \\text{Remaining puppies} = 18 - 3 = 15 \\]\n\nNext, these remaining puppies are placed into cages with 5 in each cage. To find the number of cages used, we divide the number of remaining puppies by the number of puppies per cage:\n\n\\[ \\text{Number of cages} = \\frac{\\text{Remaining puppies}}{\\text{Puppies per cage}} = \\frac{15}{5} = 3 \\]\n\nTherefore, they used 3 cages.'
)",True
"Example({'label': 6, 'question': ' Luke had 47 pieces of clothing to wash. He put 17 of them in one load, but decided to split the rest into 5 equal loads. How many pieces of clothing could go in each of the small loads? '}) (input_keys={'question'})","Prediction(
    answer='To determine how many pieces of clothing can be placed in each of the smaller loads, we first need to find out how many clothes Luke has left after washing one load.\n\nLuke had 47 pieces initially and put 17 into one load. So, he has:\n\\[ 47 - 17 = 30 \\]\npieces of clothing remaining.\n\nThese 30 pieces are split into 5 equal loads. Therefore, each small load will contain:\n\\[ \\frac{30}{5} = 6 \\]\n\nSo, there will be 6 pieces of clothing in each of the smaller loads.'
)",True
"Example({'label': 8, 'question': "" Edward bought 79 tickets at the state fair. He spent 23 tickets at the 'dunk a clown' booth and decided to use the rest on rides. If each ride cost 7 tickets, how many rides could he go on? ""}) (input_keys={'question'})","Prediction(
    answer='Edward had 79 - 23 = 56 tickets left for rides. Since each ride costs 7 tickets, he could go on 56 / 7 = 8 rides.'
)",True
"Example({'label': 5, 'question': "" Katie baked 18 cupcakes for her school's bake sale. If her brother, Todd, ate 8 of them how many packages could she make if she put 2 cupcake in each package? ""}) (input_keys={'question'})","Prediction(
    answer='To determine how many packages Katie can make, we first need to find out how many cupcakes she has left after Todd ate some. She originally baked 18 cupcakes and Todd ate 8 of them:\n\n\\[ \\text{Remaining cupcakes} = 18 - 8 = 10 \\]\n\nNext, we want to know how many packages she can make with the remaining cupcakes if each package contains 2 cupcakes:\n\n\\[ \\text{Number of packages} = \\frac{\\text{Remaining cupcakes}}{\\text{Cupcakes per package}} = \\frac{10}{2} = 5 \\]\n\nTherefore, Katie could make 5 packages.'
)",True
"Example({'label': 9, 'question': ' Megan had 93 files on her computer. She deleted 21 of them and put the rest into folders with 8 files in each one. How many folders did Megan end up with? '}) (input_keys={'question'})","Prediction(
    answer=""To determine how many folders Megan ended up with, we need to follow these steps:\n\n1. Subtract the number of files she deleted from her initial total.\n2. Divide the remaining files by the number of files per folder.\n\nLet's calculate this step-by-step:\n- Initial files: 93\n- Files deleted: 21\n\nFirst, subtract the deleted files from the initial count:\n\\[ 93 - 21 = 72 \\]\n\nNow, divide the remaining files into folders with 8 files each:\n\\[ 72 \\div 8 = 9 \\]\n\nTherefore, Megan ended up with 9 folders.""
)",True
"Example({'label': 7, 'question': ' Wendy uploaded 79 pictures to Facebook. She put 44 pics into one album and put the rest into 5 different albums. How many pictures were in each album? '}) (input_keys={'question'})","Prediction(
    answer='To determine how many pictures Wendy put into each of the 5 different albums, we first need to find out how many pictures were placed in these albums. We know that she uploaded a total of 79 pictures and that 44 pictures were put into one album.\n\nFirst, subtract the number of pictures in the single album from the total number of pictures:\n\\[ \\text{Pictures in remaining albums} = 79 - 44 = 35 \\]\n\nNext, these 35 pictures are distributed evenly among the 5 different albums. To find out how many pictures each of these albums contains, we divide the number of pictures by the number of albums:\n\\[ \\text{Pictures per album} = \\frac{35}{5} = 7 \\]\n\nTherefore, each of the 5 different albums contains 7 pictures.'
)",True
"Example({'label': 8, 'question': ' Isabel had 72 homework problems. She finished 32 of them but still had 5 pages of problems to do. If each page has the same number of problems on it, how many problems are on each page? '}) (input_keys={'question'})","Prediction(
    answer='To solve this problem, we first need to determine how many homework problems Isabel has left to complete. She had 72 problems initially and finished 32 of them.\n\n\\[ \\text{Problems left} = 72 - 32 = 40 \\]\n\nIsabel still needs to do these 40 problems across 5 pages. To find out how many problems are on each page, we divide the number of remaining problems by the number of pages:\n\n\\[ \\text{Problems per page} = \\frac{40}{5} = 8 \\]\n\nTherefore, there are 8 problems on each page.'
)",True
"Example({'label': 6, 'question': ' The cafeteria had 62 apples. For lunch they handed out 8 to students and decided to use the rest to make pies. If each pie takes 9 apples, how many pies could they make? '}) (input_keys={'question'})","Prediction(
    answer=""To determine how many pies can be made from the remaining apples, we need to follow these steps:\n\n1. Calculate the number of apples left after handing out 8 to students.\n2. Determine how many pies can be made with the leftover apples, given that each pie requires 9 apples.\n\nFirst, let's find out how many apples are left:\n\\[ \\text{Remaining apples} = 62 - 8 = 54 \\]\n\nNext, we need to figure out how many pies can be made from these remaining apples. Since each pie takes 9 apples, we divide the number of remaining apples by 9:\n\n\\[ \\text{Number of pies} = \\frac{\\text{Remaining apples}}{\\text{Apples per pie}} = \\frac{54}{9} = 6 \\]\n\nTherefore, they could make 6 pies.""
)",True
"Example({'label': 9, 'question': ' Mike made 101 dollars mowing lawns over the summer. If he spent 47 dollars buying new mower blades, how many 6 dollar games could he buy with the money he had left? '}) (input_keys={'question'})","Prediction(
    answer='Mike had 101 - 47 = $54 left after buying new mower blades. With this money, he could buy 54 / 6 = 9 six-dollar games.'
)",True
"Example({'label': 5, 'question': "" Paige's team won their dodgeball game and scored 41 points total. If Paige scored 11 of the points and everyone else scored 6 points each, how many players were on her team? ""}) (input_keys={'question'})","Prediction(
    answer=""To solve this problem, we need to determine the number of players on Paige's team. We know that Paige scored 11 points and everyone else scored 6 points each.\n\nFirst, let's subtract Paige's score from the total:\n41 - 11 = 30\n\nThis means the remaining points were scored by other members of her team. To find out how many players contributed these points, we divide the remaining points by the number of points per player:\n30 ÷ 6 = 5\n\nSince this result includes Paige herself, we need to add one more player (Paige) to our count:\n5 + 1 = 6\n\nTherefore, there were 6 players on her team.""
)",False
"Example({'label': 9, 'question': ' Oliver is at the library helping put away books. There are 46 book to put away total but a librarian takes 10 of them and leaves Oliver with the rest. If he can fit 4 books on a shelf, how many shelves will he need? '}) (input_keys={'question'})","Prediction(
    answer='To determine how many shelves Oliver needs, we first calculate the number of books left after the librarian takes 10. There are initially 46 books:\n\n\\[ \\text{Books left} = 46 - 10 = 36 \\]\n\nNext, since each shelf can hold 4 books, we need to find out how many shelves are required for these 36 books. We do this by dividing the number of books by the capacity of one shelf:\n\n\\[ \\text{Shelves needed} = \\frac{36}{4} = 9 \\]\n\nTherefore, Oliver will need 9 shelves.'
)",True
"Example({'label': 3, 'question': ' Emily was planting vegetables in her garden. She started with 41 seeds and planted 29 of them in the big garden and in each of her small gardens put 4 seeds each. How many small gardens did Emily have? '}) (input_keys={'question'})","Prediction(
    answer='Emily planted 29 seeds in the big garden and 4 seeds each in her small gardens. To find out how many small gardens she had, we first subtract the number of seeds planted in the big garden from the total number of seeds: \\(41 - 29 = 12\\) seeds were planted in the small gardens.\n\nSince she put 4 seeds in each small garden, the number of small gardens is calculated by dividing the number of seeds planted in the small gardens by the number of seeds per garden: \\(12 \\div 4 = 3\\).\n\nTherefore, Emily had 3 small gardens. The answer is 3.'
)",True
"Example({'label': 8, 'question': ' Edward made 37 dollars mowing lawns over the summer. If he spent 21 dollars buying new mower blades, how many 2 dollar games could he buy with the money he had left? '}) (input_keys={'question'})","Prediction(
    answer='Edward had $37 - $21 = $16 left after buying new mower blades. With this money, he could buy $16 / $2 = 8 games.'
)",True
"Example({'label': 5, 'question': ' A pet store had 81 puppies. In one day they sold 41 of them and put the rest into cages with 8 in each cage. How many cages did they use? '}) (input_keys={'question'})","Prediction(
    answer=""To determine how many cages were used, we first need to find out how many puppies are left after selling 41 of them from the original 81. Then, we'll divide the remaining number of puppies by the number per cage (8) to find the total number of cages.\n\nFirst, calculate the number of puppies left:\n\\[ \\text{Puppies left} = 81 - 41 = 40 \\]\n\nNext, determine how many cages are needed for these puppies if each cage holds 8 puppies:\n\\[ \\text{Number of cages used} = \\frac{\\text{Puppies left}}{\\text{Puppies per cage}} = \\frac{40}{8} = 5 \\]\n\nSo, the pet store used 5 cages.""
)",True
"Example({'label': 6, 'question': "" There are 65 students trying out for the school's trivia teams. If 17 of them didn't get picked for the team and the rest were put into 8 groups, how many students would be in each group? ""}) (input_keys={'question'})","Prediction(
    answer=""To determine how many students are in each group, we first need to find out how many students were picked for the trivia teams. Given that 65 students tried out and 17 didn't get picked, we can calculate the number of students who did make it as follows:\n\n\\[ \\text{Number of students who made it} = 65 - 17 = 48 \\]\n\nNext, these 48 students are divided into 8 groups. To find out how many students are in each group, we divide the total number of students by the number of groups:\n\n\\[ \\text{Students per group} = \\frac{48}{8} = 6 \\]\n\nTherefore, there would be 6 students in each group.""
)",True
"Example({'label': 2, 'question': ' Tom had 57 dollars. If he spent 49 bucks on a new game, how many 4 dollar toys could he buy with the money he had left? '}) (input_keys={'question'})","Prediction(
    answer=""To determine how many $4$ dollar toys Tom can buy with the money he has left after purchasing a new game, we need to follow these steps:\n\n1. Calculate the amount of money Tom has left after buying the game.\n2. Determine how many $4$ dollar toys he can purchase with the remaining money.\n\nFirst, let's calculate the leftover money:\n\\[ \\text{Leftover Money} = 57 - 49 = 8 \\]\n\nNow we know that Tom has $8$ dollars left and each toy costs $4$. To find out how many toys he can buy, we divide the leftover money by the cost of one toy:\n\\[ \\text{Number of Toys} = \\frac{\\text{Leftover Money}}{\\text{Cost per Toy}} = \\frac{8}{4} = 2 \\]\n\nTherefore, Tom could buy $2$ toys.""
)",True
"Example({'label': 7, 'question': ' Isabel picked 66 flowers for her friend’s wedding. She was making bouquets with 8 flowers in each one. If 10 of the flowers wilted before the wedding, how many bouquets could she still make? '}) (input_keys={'question'})","Prediction(
    answer='4\n4 bouquets could Isabel still make.'
)",False
"Example({'label': 8, 'question': ' For Halloween Sarah received 108 pieces of candy. She ate 36 pieces then placed the rest into piles with 9 in each pile. How many piles could she make? '}) (input_keys={'question'})","Prediction(
    answer='Sarah had \\(108 - 36 = 72\\) pieces of candy left. She could make \\(\\frac{72}{9} = 8\\) piles.'
)",True
"Example({'label': 7, 'question': ' Nancy had 80 files on her computer. She deleted 31 of them and put the rest into folders with 7 files in each one. How many folders did Nancy end up with? '}) (input_keys={'question'})","Prediction(
    answer=""To determine how many folders Nancy ended up with, we need to follow these steps:\n\n1. Subtract the number of files she deleted from the total number of files.\n2. Divide the remaining files by the number of files per folder.\n\nLet's do this step-by-step calculation:\n- Total files: 80\n- Files deleted: 31\n\nFirst, calculate the number of files left after deleting some:\n\\[ \\text{Remaining files} = 80 - 31 = 49 \\]\n\nNext, divide these remaining files into folders with 7 files each to find out how many folders she has:\n\\[ \\text{Number of folders} = \\frac{\\text{Remaining files}}{\\text{Files per folder}} = \\frac{49}{7} = 7 \\]\n\nTherefore, Nancy ended up with 7 folders.""
)",True
"Example({'label': 9, 'question': "" There are 36 students trying out for the school's trivia teams. If 9 of them didn't get picked for the team and the rest were put into 3 groups, how many students would be in each group? ""}) (input_keys={'question'})","Prediction(
    answer=""To determine how many students are in each group, we first need to find out how many students were picked for the trivia teams. There were 36 students trying out, and 9 of them didn't get picked. So, the number of students who got picked is:\n\n\\[ 36 - 9 = 27 \\]\n\nNext, these 27 students are divided into 3 groups. To find how many students are in each group, we divide 27 by 3:\n\n\\[ 27 \\div 3 = 9 \\]\n\nTherefore, there would be 9 students in each group.""
)",True
"Example({'label': 9, 'question': ' The cafeteria had 96 apples. For lunch they handed out 42 to students and decided to use the rest to make pies. If each pie takes 6 apples, how many pies could they make? '}) (input_keys={'question'})","Prediction(
    answer='They had 96 - 42 = 54 apples left.\n Each pie takes 6 apples, so they could make 54 / 6 = 9 pies.'
)",True
"Example({'label': 9, 'question': ' A pet store had 64 puppies. In one day they sold 28 of them and put the rest into cages with 4 in each cage. How many cages did they use? '}) (input_keys={'question'})","Prediction(
    answer='To determine how many cages were used, we first need to find out how many puppies are left after selling 28 of them. The pet store started with 64 puppies and sold 28, so:\n\n\\[ \\text{Puppies remaining} = 64 - 28 = 36 \\]\n\nNext, these remaining puppies were placed into cages with 4 in each cage. To find out how many cages are needed, we divide the number of remaining puppies by the number of puppies per cage:\n\n\\[ \\text{Number of cages used} = \\frac{\\text{Puppies remaining}}{\\text{Puppies per cage}} = \\frac{36}{4} = 9 \\]\n\nTherefore, they used 9 cages.'
)",True
"Example({'label': 2, 'question': ' Edward was selling his old games. He started out with 35 but sold 19 of them. He packed the rest up putting 8 games into each box. How many boxes did he have to use? '}) (input_keys={'question'})","Prediction(
    answer='Edward started with 35 - 19 = 16 games. Since he put 8 games into each box, he had to use 16 / 8 = 2 boxes.'
)",True
"Example({'label': 4, 'question': ' Frank made 19 dollars mowing lawns over the summer. If he spent 11 dollars buying new mower blades, how many 2 dollar games could he buy with the money he had left? '}) (input_keys={'question'})","Prediction(
    answer='Frank had $19 - $11 = $8 left after buying new mower blades. With this money, he could buy $8 / $2 = 4 games.'
)",True
"Example({'label': 7, 'question': ' Megan had 40 homework problems. She finished 26 of them but still had 2 pages of problems to do. If each page has the same number of problems on it, how many problems are on each page? '}) (input_keys={'question'})","Prediction(
    answer='To solve this problem, we first need to determine how many homework problems Megan has left to complete. She had 40 problems initially and finished 26 of them.\n\n\\[ \\text{Problems left} = 40 - 26 = 14 \\]\n\nWe know that these remaining 14 problems are spread across 2 pages. To find out how many problems are on each page, we divide the number of problems by the number of pages:\n\n\\[ \\text{Problems per page} = \\frac{14}{2} = 7 \\]\n\nTherefore, there are 7 problems on each page.'
)",True
"Example({'label': 7, 'question': ' Wendy picked 103 flowers for her friend’s wedding. She was making bouquets with 8 flowers in each one. If 47 of the flowers wilted before the wedding, how many bouquets could she still make? '}) (input_keys={'question'})","Prediction(
    answer='To determine how many bouquets Wendy can still make, we need to follow these steps:\n\n1. Calculate the total number of flowers available after some wilted.\n2. Determine how many bouquets she can make with the remaining flowers.\n\nFirst, subtract the wilted flowers from the total picked:\n\\[ 103 - 47 = 56 \\]\n\nNext, divide this number by the number of flowers per bouquet to find out how many complete bouquets she can make:\n\\[ 56 \\div 8 = 7 \\]\n\nTherefore, Wendy could still make 7 bouquets.'
)",True
"Example({'label': 4, 'question': ' Kaleb had 39 pieces of clothing to wash. He put 19 of them in one load, but decided to split the rest into 5 equal loads. How many pieces of clothing could go in each of the small loads? '}) (input_keys={'question'})","Prediction(
    answer=""To determine how many pieces of clothing can be placed in each of the smaller loads, we need to follow these steps:\n\n1. Subtract the number of clothes Kaleb put in one load from the total number of clothes.\n2. Divide the remaining clothes by 5 (since he split the rest into 5 equal loads).\n\nLet's calculate this step-by-step.\n\nTotal pieces of clothing: 39\nPieces of clothing put in one load: 19\n\nRemaining pieces of clothing to be divided into smaller loads:\n\\[ 39 - 19 = 20 \\]\n\nNow, we need to divide these remaining clothes equally among the 5 smaller loads:\n\\[ \\frac{20}{5} = 4 \\]\n\nTherefore, each of the small loads will contain 4 pieces of clothing.""
)",True
"Example({'label': 2, 'question': "" A company invited 18 people to a luncheon, but 12 of them didn't show up. If the tables they had held 3 people each, how many tables do they need? ""}) (input_keys={'question'})","Prediction(
    answer=""To solve this problem, we first need to determine how many people actually attended the luncheon. The company invited 18 people, but only 12 showed up.\n\n\\[ \\text{People who attended} = \\text{Total Invited} - \\text{Didn't Show Up} \\]\n\\[ \\text{People who attended} = 18 - 12 = 6 \\]\n\nNext, we need to find out how many tables are required if each table can hold 3 people. We do this by dividing the number of attendees by the capacity per table.\n\n\\[ \\text{Number of Tables Needed} = \\frac{\\text{People who attended}}{\\text{Capacity per Table}} \\]\n\\[ \\text{Number of Tables Needed} = \\frac{6}{3} = 2 \\]\n\nTherefore, they need 2 tables.""
)",True
"Example({'label': 8, 'question': ' Mike is at the library helping put away books. There are 82 book to put away total but a librarian takes 10 of them and leaves Mike with the rest. If he can fit 9 books on a shelf, how many shelves will he need? '}) (input_keys={'question'})","Prediction(
    answer='To determine how many shelves Mike needs, we first calculate the number of books left after the librarian takes 10. \n\nTotal books: 82 \nBooks taken by the librarian: 10\n\n\\[ \\text{Books left} = 82 - 10 = 72 \\]\n\nNext, we need to find out how many shelves are required if each shelf can hold 9 books.\n\n\\[ \\text{Number of shelves needed} = \\left\\lceil \\frac{\\text{Books left}}{\\text{Books per shelf}} \\right\\rceil = \\left\\lceil \\frac{72}{9} \\right\\rceil \\]\n\nSince \\( \\frac{72}{9} = 8 \\), and 8 is already an integer, no ceiling operation is needed.\n\nTherefore, Mike will need 8 shelves.'
)",True
"Example({'label': 6, 'question': ' A pet store had 78 puppies. In one day they sold 30 of them and put the rest into cages with 8 in each cage. How many cages did they use? '}) (input_keys={'question'})","Prediction(
    answer='To determine how many cages were used, we first need to find out how many puppies are left after selling 30 of them. The pet store started with 78 puppies and sold 30, so:\n\n\\[ \\text{Remaining puppies} = 78 - 30 = 48 \\]\n\nNext, these remaining puppies were placed into cages with 8 in each cage. To find out how many cages are needed, we divide the number of remaining puppies by the number of puppies per cage:\n\n\\[ \\text{Number of cages used} = \\frac{\\text{Remaining puppies}}{\\text{Puppies per cage}} = \\frac{48}{8} = 6 \\]\n\nTherefore, they used 6 cages.'
)",True
"Example({'label': 2, 'question': ' Bianca uploaded 33 pictures to Facebook. She put 27 pics into one album and put the rest into 3 different albums. How many pictures were in each album? '}) (input_keys={'question'})","Prediction(
    answer='To find out how many pictures were in each of the 3 different albums, we first need to determine how many pictures Bianca put into those albums. We know that she uploaded a total of 33 pictures and placed 27 pictures into one album.\n\n1. Subtract the number of pictures in the first album from the total number of pictures:\n   \\[\n   33 - 27 = 6\n   \\]\n   \nSo, Bianca put 6 pictures into the remaining 3 albums. To find out how many pictures were in each of these albums, we divide the number of pictures by the number of albums:\n\n2. Divide the remaining number of pictures by the number of albums:\n   \\[\n   6 \\div 3 = 2\n   \\]\n\nTherefore, there are 2 pictures in each of the other 3 albums.'
)",False
"Example({'label': 8, 'question': "" Emily's team won their dodgeball game and scored 39 points total. If Emily scored 23 of the points and everyone else scored 2 points each, how many players were on her team? ""}) (input_keys={'question'})","Prediction(
    answer=""To solve this problem, we need to determine the number of players on Emily's dodgeball team.\n\nFirst, let's calculate how many points were scored by everyone else. Since Emily scored 23 points and her team scored a total of 39 points:\n\\[ \\text{Points scored by others} = \\text{Total points} - \\text{Emily's points} = 39 - 23 = 16 \\]\n\nNext, we know that each player (excluding Emily) scored 2 points. Let \\( n \\) be the number of players on her team excluding Emily. Therefore:\n\\[ \\text{Points scored by others} = 2n \\]\nGiven that this equals to 16 points:\n\\[ 2n = 16 \\]\nSolving for \\( n \\):\n\\[ n = \\frac{16}{2} = 8 \\]\n\nEmily's team consists of Emily plus the other players. Therefore, the total number of players on her team is:\n\\[ \\text{Total players} = n + 1 = 8 + 1 = 9 \\]\n\nSo, there were 9 players on Emily's team.""
)",False
"Example({'label': 8, 'question': "" A company invited 47 people to a luncheon, but 7 of them didn't show up. If the tables they had held 5 people each, how many tables do they need? ""}) (input_keys={'question'})","Prediction(
    answer=""To determine the number of tables needed, we first calculate the total number of people who did show up. The company invited 47 people, but 7 didn't show up, so:\n\n\\[ \\text{Total attendees} = 47 - 7 = 40 \\]\n\nEach table holds 5 people. To find out how many tables are needed, we divide the total number of attendees by the capacity of each table and round up to ensure everyone has a seat (since you can't have a fraction of a table):\n\n\\[ \\text{Number of tables} = \\lceil \\frac{\\text{Total attendees}}{\\text{Table capacity}} \\rceil = \\lceil \\frac{40}{5} \\rceil = 8 \\]\n\nSo, they need 8 tables.""
)",True
"Example({'label': 4, 'question': ' A waiter had 44 customers in his section. If 12 of them left and the rest of his tables had 8 people at each table, how many tables did he have? '}) (input_keys={'question'})","Prediction(
    answer=""To solve this problem, we need to determine the number of tables the waiter had. Here's a step-by-step breakdown:\n\n1. Initially, there were 44 customers.\n2. Out of these, 12 customers left. Therefore, the number of remaining customers is:\n   \\[\n   44 - 12 = 32\n   \\]\n3. The rest of his tables had 8 people at each table. Let's denote the number of such tables as \\( x \\). Thus, we have:\n   \\[\n   8x = 32\n   \\]\n4. Solving for \\( x \\):\n   \\[\n   x = \\frac{32}{8} = 4\n   \\]\n\nTherefore, the waiter had 4 tables.""
)",True
"Example({'label': 5, 'question': ' A store had 40 coloring books in stock. They ended up putting them on sale and getting rid of 20 of them. The put the ones they still had onto shelves with 4 on each shelf. How many shelves did they use? '}) (input_keys={'question'})","Prediction(
    answer='To determine how many shelves were used, we need to follow these steps:\n\n1. Calculate the number of coloring books left after the sale.\n2. Determine how many shelves are needed if 4 coloring books are placed on each shelf.\n\nInitially, there were 40 coloring books in stock. After selling 20 of them, the store had:\n\\[ 40 - 20 = 20 \\text{ coloring books} \\]\n\nNext, we need to find out how many shelves are required if each shelf holds 4 coloring books. We do this by dividing the number of remaining coloring books by the number of books per shelf:\n\\[ \\frac{20}{4} = 5 \\text{ shelves} \\]\n\nTherefore, they used 5 shelves.'
)",True
"Example({'label': 7, 'question': "" There are 64 students trying out for the school's trivia teams. If 36 of them didn't get picked for the team and the rest were put into 4 groups, how many students would be in each group? ""}) (input_keys={'question'})","Prediction(
    answer=""To find out how many students are in each group, we first need to determine how many students were picked for the team. There are 64 students trying out, and 36 of them didn't get picked. So, the number of students who got picked is:\n\n\\[ \\text{Students on the team} = 64 - 36 = 28 \\]\n\nNext, we need to divide these 28 students into 4 groups. To find out how many students are in each group, we perform the division:\n\n\\[ \\text{Students per group} = \\frac{28}{4} = 7 \\]\n\nTherefore, there would be 7 students in each group.""
)",True
"Example({'label': 6, 'question': ' Kaleb was selling his old games. He started out with 76 but sold 46 of them. He packed the rest up putting 5 games into each box. How many boxes did he have to use? '}) (input_keys={'question'})","Prediction(
    answer='To determine how many boxes Kaleb had to use, we first need to find out how many games he has left after selling 46 of his initial 76 games. \n\nNumber of games left = Initial number of games - Number of games sold  \nNumber of games left = 76 - 46  \nNumber of games left = 30\n\nNow, we know that Kaleb packed the remaining games into boxes with 5 games in each box. To find out how many boxes he used, we divide the total number of games by the number of games per box.\n\nNumber of boxes = Number of games left / Number of games per box  \nNumber of boxes = 30 / 5  \nNumber of boxes = 6\n\nTherefore, Kaleb had to use 6 boxes.'
)",True
"Example({'label': 9, 'question': ' Jerry is at the library helping put away books. There are 34 book to put away total but a librarian takes 7 of them and leaves Jerry with the rest. If he can fit 3 books on a shelf, how many shelves will he need? '}) (input_keys={'question'})","Prediction(
    answer='To determine how many shelves Jerry needs, we first need to find out how many books are left after the librarian takes 7 of them. Initially, there were 34 books in total.\n\n1. Calculate the number of books left:\n   \\[\n   34 - 7 = 27\n   \\]\n\n2. Next, determine how many shelves Jerry will need if he can fit 3 books on each shelf:\n   \\[\n   \\frac{27}{3} = 9\n   \\]\n\nJerry will need 9 shelves to store the remaining books.'
)",True
"Example({'label': 6, 'question': ' Nancy was planting vegetables in her garden. She started with 52 seeds and planted 28 of them in the big garden and in each of her small gardens put 4 seeds each. How many small gardens did Nancy have? '}) (input_keys={'question'})","Prediction(
    answer='Nancy planted 28 seeds in the big garden. This leaves her with \\(52 - 28 = 24\\) seeds to plant in small gardens.\n\nSince she put 4 seeds in each of her small gardens, the number of small gardens can be found by dividing the remaining seeds by the number of seeds per small garden: \\(\\frac{24}{4} = 6\\).\n\nTherefore, Nancy had 6 small gardens.'
)",True
"Example({'label': 9, 'question': ' Will had 83 dollars. If he spent 47 bucks on a new game, how many 4 dollar toys could he buy with the money he had left? '}) (input_keys={'question'})","Prediction(
    answer='Will could buy 9 four dollar toys.'
)",True
"Example({'label': 6, 'question': ' Bianca was planting vegetables in her garden. She started with 52 seeds and planted 40 of them in the big garden and in each of her small gardens put 2 seeds each. How many small gardens did Bianca have? '}) (input_keys={'question'})","Prediction(
    answer='Bianca planted 40 seeds in the big garden, leaving her with 52 - 40 = 12 seeds to plant in small gardens. Since she put 2 seeds in each of her small gardens, she had 12 / 2 = 6 small gardens.'
)",True
"Example({'label': 3, 'question': ' A waiter had 21 customers in his section. If 12 of them left and the rest of his tables had 3 people at each table, how many tables did he have? '}) (input_keys={'question'})","Prediction(
    answer=""To solve this problem, we need to determine the number of tables the waiter had. Here's a step-by-step breakdown:\n\n1. Initially, there were 21 customers.\n2. Out of these, 12 customers left, so the remaining customers are \\(21 - 12 = 9\\).\n3. The rest of his tables (which is now 9 people) had 3 people at each table.\n\nTo find out how many tables he had with 3 people at each table:\n\\[ \\text{Number of tables} = \\frac{\\text{Remaining customers}}{\\text{People per table}} = \\frac{9}{3} = 3 \\]\n\nTherefore, the waiter had 3 tables.""
)",True
"Example({'label': 5, 'question': "" There are 25 students trying out for the school's trivia teams. If 15 of them didn't get picked for the team and the rest were put into 2 groups, how many students would be in each group? ""}) (input_keys={'question'})","Prediction(
    answer=""To determine how many students are in each of the two groups, we first need to find out how many students were picked for the trivia teams. We know that 25 students tried out and 15 didn't get picked. So, the number of students who got picked is:\n\n\\[ \\text{Number of students picked} = 25 - 15 = 10 \\]\n\nThese 10 students are then divided into 2 groups. To find how many students are in each group, we divide the number of students picked by the number of groups:\n\n\\[ \\text{Students per group} = \\frac{10}{2} = 5 \\]\n\nTherefore, there would be 5 students in each group.""
)",True
"Example({'label': 5, 'question': ' The cafeteria had 47 apples. For lunch they handed out 27 to students and decided to use the rest to make pies. If each pie takes 4 apples, how many pies could they make? '}) (input_keys={'question'})","Prediction(
    answer='To determine how many pies can be made from the remaining apples, we first need to find out how many apples are left after handing out 27 apples. The cafeteria started with 47 apples and handed out 27:\n\n\\[ \\text{Remaining apples} = 47 - 27 = 20 \\]\n\nEach pie requires 4 apples. To find the number of pies that can be made, we divide the remaining apples by the number of apples needed per pie:\n\n\\[ \\text{Number of pies} = \\frac{\\text{Remaining apples}}{\\text{Apples per pie}} = \\frac{20}{4} = 5 \\]\n\nTherefore, they could make 5 pies.'
)",True
"Example({'label': 6, 'question': "" Megan baked 68 cupcakes for her school's bake sale. If her brother, Todd, ate 32 of them how many packages could she make if she put 6 cupcake in each package? ""}) (input_keys={'question'})","Prediction(
    answer='To determine how many packages Megan can make, we first need to find out how many cupcakes she has left after Todd ate some of them. She originally had 68 cupcakes and Todd ate 32 of them:\n\n\\[ \\text{Remaining cupcakes} = 68 - 32 = 36 \\]\n\nNext, we want to know how many packages Megan can make with the remaining cupcakes if each package contains 6 cupcakes. We do this by dividing the number of remaining cupcakes by the number of cupcakes per package:\n\n\\[ \\text{Number of packages} = \\frac{\\text{Remaining cupcakes}}{\\text{Cupcakes per package}} = \\frac{36}{6} = 6 \\]\n\nSo, Megan could make 6 packages.'
)",True
"Example({'label': 9, 'question': ' A store had 120 coloring books in stock. They ended up putting them on sale and getting rid of 39 of them. The put the ones they still had onto shelves with 9 on each shelf. How many shelves did they use? '}) (input_keys={'question'})","Prediction(
    answer='To determine how many shelves were used, we first need to find out how many coloring books are left after the sale. Initially, there were 120 coloring books in stock. After selling 39 of them, the store has:\n\n\\[ 120 - 39 = 81 \\]\n\nNext, these remaining books are placed on shelves with 9 books per shelf. To find out how many shelves are needed, we divide the number of remaining books by the number of books per shelf:\n\n\\[ 81 \\div 9 = 9 \\]\n\nTherefore, they used 9 shelves.'
)",True
"Example({'label': 3, 'question': ' Isabel uploaded 25 pictures to Facebook. She put 10 pics into one album and put the rest into 5 different albums. How many pictures were in each album? '}) (input_keys={'question'})","Prediction(
    answer='To determine how many pictures were in each of the 5 different albums, we first need to find out how many pictures Isabel put into those albums. We know that she uploaded a total of 25 pictures and placed 10 pictures into one album.\n\nFirst, subtract the number of pictures in the single album from the total number of pictures:\n\\[ 25 - 10 = 15 \\]\n\nNow, these remaining 15 pictures were distributed evenly among the 5 different albums. To find out how many pictures are in each of those albums, we divide the number of remaining pictures by the number of albums:\n\\[ 15 \\div 5 = 3 \\]\n\nTherefore, there are 3 pictures in each of the 5 different albums.'
)",False
"Example({'label': 8, 'question': ' Sarah had 60 homework problems. She finished 20 of them but still had 5 pages of problems to do. If each page has the same number of problems on it, how many problems are on each page? '}) (input_keys={'question'})","Prediction(
    answer='To determine how many problems are on each page, we first need to find out how many pages of homework Sarah still has left to do. She had 60 problems initially and finished 20 of them. So, the number of problems she still needs to finish is:\n\n\\[ 60 - 20 = 40 \\]\n\nWe are told that these remaining 40 problems are spread across 5 pages. To find out how many problems are on each page, we divide the total number of remaining problems by the number of pages:\n\n\\[ \\frac{40}{5} = 8 \\]\n\nTherefore, there are 8 problems on each page.'
)",True
"Example({'label': 4, 'question': ' Mike made 42 dollars mowing lawns over the summer. If he spent 10 dollars buying new mower blades, how many 8 dollar games could he buy with the money he had left? '}) (input_keys={'question'})","Prediction(
    answer='Mike had $42 - $10 = $32 left after buying new mower blades. With this money, he could buy $\\frac{32}{8} = 4$ games.'
)",True
"Example({'label': 3, 'question': ' Will had 59 pieces of clothing to wash. He put 32 of them in one load, but decided to split the rest into 9 equal loads. How many pieces of clothing could go in each of the small loads? '}) (input_keys={'question'})","Prediction(
    answer='There were 59 - 32 = 27 clothes that needed to be split into 9 equal loads. Each of these smaller loads would have 27 / 9 = 3 pieces of clothing.'
)",True
"Example({'label': 7, 'question': ' Oliver made 35 dollars mowing lawns over the summer. If he spent 7 dollars buying new mower blades, how many 4 dollar games could he buy with the money he had left? '}) (input_keys={'question'})","Prediction(
    answer=""To determine how many $4 games Oliver can buy after spending on new mower blades, we need to follow these steps:\n\n1. Calculate the amount of money Oliver has left after buying the mower blades.\n2. Determine how many $4 games he can purchase with the remaining money.\n\nLet's start by calculating the leftover money:\n- Oliver initially had $35.\n- He spent $7 on new mower blades.\n- Therefore, the leftover money is \\( 35 - 7 = 28 \\) dollars.\n\nNext, we need to find out how many $4 games he can buy with $28. We do this by dividing the remaining amount by the cost of one game:\n\\[ \\frac{28}{4} = 7 \\]\n\nSo, Oliver could buy 7 games with the money he had left.""
)",True
"Example({'label': 3, 'question': ' Emily was planting vegetables in her garden. She started with 42 seeds and planted 36 of them in the big garden and in each of her small gardens put 2 seeds each. How many small gardens did Emily have? '}) (input_keys={'question'})","Prediction(
    answer='Emily planted 36 seeds in the big garden and used the remaining seeds to plant in small gardens. She started with 42 seeds, so she had:\n\n\\[ 42 - 36 = 6 \\]\n\nseeds left for the small gardens. Since each small garden got 2 seeds, the number of small gardens is:\n\n\\[ \\frac{6}{2} = 3 \\]\n\nTherefore, Emily had 3 small gardens.'
)",True
"Example({'label': 4, 'question': "" There are 17 students trying out for the school's trivia teams. If 5 of them didn't get picked for the team and the rest were put into 3 groups, how many students would be in each group? ""}) (input_keys={'question'})","Prediction(
    answer=""To determine how many students are in each group, we first need to find out how many students were picked for the trivia teams. There were 17 students trying out, and 5 of them didn't get picked. So, the number of students who got picked is:\n\n\\[ 17 - 5 = 12 \\]\n\nThese 12 students are then divided into 3 groups. To find how many students are in each group, we divide 12 by 3:\n\n\\[ 12 \\div 3 = 4 \\]\n\nTherefore, there would be 4 students in each group.""
)",True
"Example({'label': 2, 'question': "" Katie's team won their dodgeball game and scored 12 points total. If Katie scored 4 of the points and everyone else scored 4 points each, how many players were on her team? ""}) (input_keys={'question'})","Prediction(
    answer=""To solve this problem, we need to determine the number of players on Katie's team.\n\n1. The total points scored by Katie's team is 12.\n2. Katie herself scored 4 points.\n3. Let \\( x \\) be the number of other players who each scored 4 points.\n\nThe equation representing the total points can be written as:\n\\[ 4 + 4x = 12 \\]\n\nSolving for \\( x \\):\n\\[ 4x = 12 - 4 \\]\n\\[ 4x = 8 \\]\n\\[ x = 2 \\]\n\nSo, there are 2 other players. Including Katie herself, the total number of players on her team is:\n\\[ 1 + 2 = 3 \\]\n\nTherefore, the answer is that there were 3 players on Katie's team.""
)",False
"Example({'label': 4, 'question': "" Megan baked 71 cupcakes for her school's bake sale. If her brother, Todd, ate 43 of them how many packages could she make if she put 7 cupcake in each package? ""}) (input_keys={'question'})","Prediction(
    answer='To determine how many packages Megan can make, we first need to find out how many cupcakes she has left after Todd ate some. She originally had 71 cupcakes and Todd ate 43 of them.\n\n\\[ \\text{Remaining cupcakes} = 71 - 43 = 28 \\]\n\nNext, we need to figure out how many packages Megan can make with the remaining cupcakes if each package contains 7 cupcakes.\n\n\\[ \\text{Number of packages} = \\frac{\\text{Remaining cupcakes}}{\\text{Cupcakes per package}} = \\frac{28}{7} = 4 \\]\n\nTherefore, Megan could make 4 packages.'
)",True
"Example({'label': 2, 'question': ' Wendy uploaded 45 pictures to Facebook. She put 27 pics into one album and put the rest into 9 different albums. How many pictures were in each album? '}) (input_keys={'question'})","Prediction(
    answer='To find out how many pictures were in each of the 9 different albums, we first need to determine how many pictures Wendy put into those albums. We know that she uploaded a total of 45 pictures and placed 27 pictures into one album.\n\nFirst, subtract the number of pictures in the single album from the total number of pictures:\n\\[ 45 - 27 = 18 \\]\n\nNow, these remaining 18 pictures were distributed evenly among the 9 different albums. To find out how many pictures are in each of those albums, we divide the number of remaining pictures by the number of albums:\n\\[ 18 \\div 9 = 2 \\]\n\nTherefore, there are 2 pictures in each of the 9 different albums.'
)",False
"Example({'label': 7, 'question': ' A store had 86 coloring books in stock. They ended up putting them on sale and getting rid of 37 of them. The put the ones they still had onto shelves with 7 on each shelf. How many shelves did they use? '}) (input_keys={'question'})","Prediction(
    answer='To determine how many shelves were used, we first need to find out how many coloring books are left after the sale. The store started with 86 coloring books and sold 37 of them.\n\n\\[ \\text{Remaining coloring books} = 86 - 37 = 49 \\]\n\nNext, these remaining books are placed on shelves with 7 books per shelf. To find out how many shelves were used, we divide the number of remaining books by the number of books per shelf:\n\n\\[ \\text{Number of shelves} = \\frac{\\text{Remaining coloring books}}{\\text{Books per shelf}} = \\frac{49}{7} = 7 \\]\n\nTherefore, they used 7 shelves.'
)",True
"Example({'label': 9, 'question': ' The cafeteria had 50 apples. For lunch they handed out 5 to students and decided to use the rest to make pies. If each pie takes 5 apples, how many pies could they make? '}) (input_keys={'question'})","Prediction(
    answer=""To determine how many pies can be made from the remaining apples, we need to follow these steps:\n\n1. Subtract the number of apples handed out to students from the total number of apples.\n2. Divide the result by the number of apples needed for each pie.\n\nLet's perform these calculations:\n- Total apples: 50\n- Apples handed out: 5\n\nFirst, calculate the remaining apples after handing out some to students:\n\\[ \\text{Remaining apples} = 50 - 5 = 45 \\]\n\nNext, determine how many pies can be made with the remaining apples. Each pie requires 5 apples:\n\\[ \\text{Number of pies} = \\frac{\\text{Remaining apples}}{\\text{Apples per pie}} = \\frac{45}{5} = 9 \\]\n\nTherefore, they could make 9 pies.""
)",True
"Example({'label': 9, 'question': ' Nancy had 101 homework problems. She finished 47 of them but still had 6 pages of problems to do. If each page has the same number of problems on it, how many problems are on each page? '}) (input_keys={'question'})","Prediction(
    answer='To determine the number of problems Nancy has per page, we first need to find out how many pages she still needs to complete. She had 101 homework problems in total and finished 47 of them. Therefore, the number of problems left is:\n\n\\[ \\text{Problems left} = 101 - 47 = 54 \\]\n\nNancy has 6 pages of problems left to do. To find out how many problems are on each page, we divide the remaining problems by the number of pages:\n\n\\[ \\text{Problems per page} = \\frac{\\text{Problems left}}{\\text{Pages left}} = \\frac{54}{6} = 9 \\]\n\nSo, there are 9 problems on each page.'
)",True
"Example({'label': 3, 'question': ' Paige had 27 files on her computer. She deleted 9 of them and put the rest into folders with 6 files in each one. How many folders did Paige end up with? '}) (input_keys={'question'})","Prediction(
    answer='Paige started with 27 - 9 = 18 files after deleting some. Dividing these equally into folders of 6 files each, she ended up with 18 / 6 = 3 folders.'
)",True
"Example({'label': 6, 'question': ' For Halloween Bianca received 78 pieces of candy. She ate 30 pieces then placed the rest into piles with 8 in each pile. How many piles could she make? '}) (input_keys={'question'})","Prediction(
    answer='Bianca had 78 - 30 = 48 pieces of candy left. She could make 48 / 8 = 6 piles.'
)",True
"Example({'label': 5, 'question': "" A company invited 45 people to a luncheon, but 35 of them didn't show up. If the tables they had held 2 people each, how many tables do they need? ""}) (input_keys={'question'})","Prediction(
    answer=""To solve this problem, we first need to determine how many people actually attended the luncheon. The company invited 45 people, but only 35 didn't show up, so:\n\n\\[ \\text{People who attended} = \\text{Total invited} - \\text{Didn't show up} \\]\n\\[ \\text{People who attended} = 45 - 35 = 10 \\]\n\nNext, we need to find out how many tables are required if each table can hold 2 people. We divide the number of attendees by the capacity per table:\n\n\\[ \\text{Number of tables needed} = \\frac{\\text{People who attended}}{\\text{Capacity per table}} \\]\n\\[ \\text{Number of tables needed} = \\frac{10}{2} = 5 \\]\n\nTherefore, they need 5 tables.""
)",True
"Example({'label': 8, 'question': ' Haley uploaded 65 pictures to Facebook. She put 17 pics into one album and put the rest into 6 different albums. How many pictures were in each album? '}) (input_keys={'question'})","Prediction(
    answer='To solve this problem, we first need to determine how many pictures Haley put into the 6 different albums. We know that she uploaded a total of 65 pictures and placed 17 pictures in one album.\n\nFirst, subtract the number of pictures in the single album from the total:\n\\[ 65 - 17 = 48 \\]\n\nNow, we need to distribute these remaining 48 pictures evenly among the 6 different albums. To find out how many pictures are in each of these albums, divide the number of remaining pictures by the number of albums:\n\\[ 48 \\div 6 = 8 \\]\n\nTherefore, there were 8 pictures in each of the other 6 albums.'
)",False
"Example({'label': 9, 'question': ' A pet store had 102 puppies. In one day they sold 21 of them and put the rest into cages with 9 in each cage. How many cages did they use? '}) (input_keys={'question'})","Prediction(
    answer='To determine how many cages were used, we first need to find out how many puppies are left after selling 21 of them. Initially, there were 102 puppies.\n\n\\[ \\text{Remaining puppies} = 102 - 21 = 81 \\]\n\nNext, these remaining puppies are placed into cages with 9 in each cage. To find the number of cages used, we divide the number of remaining puppies by the number of puppies per cage:\n\n\\[ \\text{Number of cages} = \\frac{\\text{Remaining puppies}}{\\text{Puppies per cage}} = \\frac{81}{9} = 9 \\]\n\nTherefore, they used 9 cages.'
)",True
"Example({'label': 8, 'question': ' Roger had 120 pieces of clothing to wash. He put 48 of them in one load, but decided to split the rest into 9 equal loads. How many pieces of clothing could go in each of the small loads? '}) (input_keys={'question'})","Prediction(
    answer='To determine how many pieces of clothing can be put into each of the 9 equal loads, we first need to find out how many clothes are left after one load is taken.\n\nRoger initially had 120 pieces. He put 48 in one load, so:\n\\[ \\text{Remaining clothes} = 120 - 48 = 72 \\]\n\nThese remaining clothes are split into 9 equal loads. Therefore, each of the small loads will contain:\n\\[ \\text{Clothes per small load} = \\frac{72}{9} = 8 \\]\n\nSo, there can be 8 pieces of clothing in each of the small loads.'
)",True
"Example({'label': 2, 'question': ' Wendy picked 45 flowers for her friend’s wedding. She was making bouquets with 5 flowers in each one. If 35 of the flowers wilted before the wedding, how many bouquets could she still make? '}) (input_keys={'question'})","Prediction(
    answer='To determine how many bouquets Wendy can still make, we need to follow these steps:\n\n1. Calculate the total number of flowers available after some wilted.\n2. Determine how many bouquets can be made from the remaining flowers.\n\nFirst, Wendy originally picked 45 flowers and 35 of them wilted:\n\\[ \\text{Remaining flowers} = 45 - 35 = 10 \\]\n\nEach bouquet requires 5 flowers. To find out how many bouquets she can make with the remaining 10 flowers:\n\\[ \\text{Number of bouquets} = \\frac{\\text{Remaining flowers}}{\\text{Flowers per bouquet}} = \\frac{10}{5} = 2 \\]\n\nTherefore, Wendy could still make 2 bouquets.'
)",True
"Example({'label': 6, 'question': "" Isabel baked 39 cupcakes for her school's bake sale. If her brother, Todd, ate 21 of them how many packages could she make if she put 3 cupcake in each package? ""}) (input_keys={'question'})","Prediction(
    answer='To determine how many packages Isabel can make, we first need to find out how many cupcakes she has left after Todd ate some. She originally had 39 cupcakes and Todd ate 21 of them.\n\n\\[ \\text{Remaining cupcakes} = 39 - 21 = 18 \\]\n\nNext, we need to figure out how many packages Isabel can make with the remaining cupcakes if each package contains 3 cupcakes.\n\n\\[ \\text{Number of packages} = \\frac{\\text{Remaining cupcakes}}{\\text{Cupcakes per package}} = \\frac{18}{3} = 6 \\]\n\nTherefore, Isabel could make 6 packages.'
)",True
"Example({'label': 7, 'question': ' Sarah had 55 homework problems. She finished 6 of them but still had 7 pages of problems to do. If each page has the same number of problems on it, how many problems are on each page? '}) (input_keys={'question'})","Prediction(
    answer='To determine how many problems are on each page, we first need to find out how many pages of homework Sarah still has left to do. She had 7 pages left after finishing 6 problems.\n\nFirst, calculate the total number of problems she finished:\n\\[ \\text{Total problems finished} = 6 \\]\n\nNext, determine the total number of problems on the remaining pages:\n\\[ \\text{Total problems on remaining pages} = 7 \\times x \\]\nwhere \\(x\\) is the number of problems per page.\n\nSince Sarah had a total of 55 homework problems initially and she has finished 6 of them, we can set up the following equation to find out how many problems are on each page:\n\\[ 55 - 6 = 7x \\]\n\nSimplify the left side of the equation:\n\\[ 49 = 7x \\]\n\nNow solve for \\(x\\):\n\\[ x = \\frac{49}{7} \\]\n\\[ x = 7 \\]\n\nTherefore, there are 7 problems on each page.'
)",True
"Example({'label': 6, 'question': "" There are 58 students trying out for the school's trivia teams. If 10 of them didn't get picked for the team and the rest were put into 8 groups, how many students would be in each group? ""}) (input_keys={'question'})","Prediction(
    answer=""To find out how many students are in each group, we first need to determine how many students got picked for the teams. There were 58 students trying out, and 10 didn't get picked. So, \\(58 - 10 = 48\\) students got picked.\n\nThese 48 students were then divided into 8 groups. To find out how many students are in each group, we divide the number of students by the number of groups: \\(48 \\div 8 = 6\\).\n\nTherefore, there would be 6 students in each group.""
)",True
"Example({'label': 5, 'question': ' Paige picked 53 flowers for her friend’s wedding. She was making bouquets with 7 flowers in each one. If 18 of the flowers wilted before the wedding, how many bouquets could she still make? '}) (input_keys={'question'})","Prediction(
    answer='Paige originally had 53 - 18 = 35 flowers that were not wilted. She could still make 35 / 7 = 5 bouquets.'
)",True
"Example({'label': 2, 'question': ' A waiter had 22 customers in his section. If 14 of them left and the rest of his tables had 4 people at each table, how many tables did he have? '}) (input_keys={'question'})","Prediction(
    answer=""To solve this problem, we need to determine the number of tables the waiter had. Here's a step-by-step breakdown:\n\n1. Initially, there were 22 customers.\n2. Out of these, 14 left, so the remaining customers are \\(22 - 14 = 8\\).\n3. The rest of his tables (which is what we need to find out) had 4 people at each table.\n\nGiven that the number of remaining customers is 8 and they were seated at tables with 4 people each, we can calculate the number of tables by dividing the remaining customers by the number of people per table:\n\\[ \\text{Number of tables} = \\frac{\\text{Remaining customers}}{\\text{People per table}} = \\frac{8}{4} = 2. \\]\n\nTherefore, the waiter had 2 tables.""
)",True
"Example({'label': 5, 'question': ' Luke was selling his old games. He started out with 39 but sold 19 of them. He packed the rest up putting 4 games into each box. How many boxes did he have to use? '}) (input_keys={'question'})","Prediction(
    answer=""To determine how many boxes Luke had to use, we need to follow these steps:\n\n1. Calculate the number of games left after selling 19 out of 39.\n2. Determine how many boxes are needed if he puts 4 games in each box.\n\nFirst, let's calculate the number of games left:\n\\[ \\text{Games left} = 39 - 19 = 20 \\]\n\nNext, we need to find out how many boxes are required for these 20 games, with each box containing 4 games. We do this by dividing the total number of games by the number of games per box:\n\\[ \\text{Number of boxes} = \\frac{\\text{Games left}}{\\text{Games per box}} = \\frac{20}{4} = 5 \\]\n\nTherefore, Luke had to use 5 boxes.""
)",True
"Example({'label': 3, 'question': "" Haley baked 20 cupcakes for her school's bake sale. If her brother, Todd, ate 11 of them how many packages could she make if she put 3 cupcake in each package? ""}) (input_keys={'question'})","Prediction(
    answer='To determine how many packages Haley can make, we first need to find out how many cupcakes she has left after Todd ate some. She originally baked 20 cupcakes and Todd ate 11 of them:\n\n\\[ \\text{Remaining cupcakes} = 20 - 11 = 9 \\]\n\nNext, we want to know how many packages she can make with the remaining cupcakes if each package contains 3 cupcakes:\n\n\\[ \\text{Number of packages} = \\frac{\\text{Remaining cupcakes}}{\\text{Cupcakes per package}} = \\frac{9}{3} = 3 \\]\n\nTherefore, Haley could make 3 packages.'
)",True
"Example({'label': 3, 'question': ' A pet store had 13 puppies. In one day they sold 7 of them and put the rest into cages with 2 in each cage. How many cages did they use? '}) (input_keys={'question'})","Prediction(
    answer='To determine how many cages were used, we first need to find out how many puppies are left after selling 7 of them. Initially, there were 13 puppies.\n\n\\[ \\text{Remaining puppies} = 13 - 7 = 6 \\]\n\nNext, these remaining puppies are placed into cages with 2 in each cage. To find the number of cages used, we divide the number of remaining puppies by the number of puppies per cage:\n\n\\[ \\text{Number of cages} = \\frac{\\text{Remaining puppies}}{\\text{Puppies per cage}} = \\frac{6}{2} = 3 \\]\n\nTherefore, they used 3 cages.'
)",True
"Example({'label': 3, 'question': ' A store had 27 coloring books in stock. They ended up putting them on sale and getting rid of 6 of them. The put the ones they still had onto shelves with 7 on each shelf. How many shelves did they use? '}) (input_keys={'question'})","Prediction(
    answer='To determine how many shelves were used, we first need to find out how many coloring books are left after the sale. Initially, there were 27 coloring books in stock. After selling 6 of them, the store has:\n\n\\[ 27 - 6 = 21 \\]\n\nNext, these remaining coloring books are placed on shelves with 7 books per shelf. To find out how many shelves are needed, we divide the number of remaining books by the number of books per shelf:\n\n\\[ 21 \\div 7 = 3 \\]\n\nTherefore, they used 3 shelves.'
)",True
"Example({'label': 9, 'question': ' Wendy had 82 files on her computer. She deleted 37 of them and put the rest into folders with 5 files in each one. How many folders did Wendy end up with? '}) (input_keys={'question'})","Prediction(
    answer=""To determine how many folders Wendy ended up with, we need to follow these steps:\n\n1. Calculate the number of files left after deleting 37 files from the initial 82 files.\n2. Determine how many folders can be made with the remaining files, given that each folder contains 5 files.\n\nLet's start by calculating the number of files Wendy has left:\n\\[ \\text{Remaining files} = 82 - 37 \\]\n\nNext, we'll calculate the number of folders she can make with these files. Since each folder holds 5 files, we divide the remaining files by 5 and take the integer part of the result (since you can't have a fraction of a folder):\n\\[ \\text{Number of folders} = \\left\\lfloor \\frac{\\text{Remaining files}}{5} \\right\\rfloor \\]\n\nLet's perform these calculations.""
)",False
"Example({'label': 2, 'question': ' Kaleb had 12 dollars. If he spent 8 bucks on a new game, how many 2 dollar toys could he buy with the money he had left? '}) (input_keys={'question'})","Prediction(
    answer=""To determine how many 2-dollar toys Kaleb can buy after spending $8 on a new game, we need to follow these steps:\n\n1. Calculate how much money Kaleb has left after his purchase.\n2. Determine how many 2-dollar toys he can buy with the remaining money.\n\nLet's start by calculating the amount of money Kaleb has left:\n- Initial amount: $12\n- Amount spent on game: $8\n\nMoney left = Initial amount - Amount spent\n\\[ \\text{Money left} = \\$12 - \\$8 = \\$4 \\]\n\nNow, we need to find out how many 2-dollar toys he can buy with the remaining $4:\n- Cost of one toy: $2\n- Number of toys that can be bought = Money left / Cost per toy\n\n\\[ \\text{Number of toys} = \\frac{\\$4}{\\$2} = 2 \\]\n\nTherefore, Kaleb could buy 2 two-dollar toys with the money he had left.""
)",True
"Example({'label': 3, 'question': ' Sarah was planting vegetables in her garden. She started with 21 seeds and planted 12 of them in the big garden and in each of her small gardens put 3 seeds each. How many small gardens did Sarah have? '}) (input_keys={'question'})","Prediction(
    answer='Sarah planted 12 seeds in the big garden and used the remaining seeds to plant in small gardens. She started with 21 seeds, so she had:\n\n\\[ 21 - 12 = 9 \\]\n\nseeds left for the small gardens. Since each small garden got 3 seeds, we can find out how many small gardens there were by dividing the number of remaining seeds by the number of seeds per small garden:\n\n\\[ 9 \\div 3 = 3 \\]\n\nTherefore, Sarah had 3 small gardens.'
)",True
"Example({'label': 5, 'question': ' Nancy uploaded 51 pictures to Facebook. She put 11 pics into one album and put the rest into 8 different albums. How many pictures were in each album? '}) (input_keys={'question'})","Prediction(
    answer='To solve this problem, we first need to determine how many pictures Nancy put into the 8 different albums. We know that she uploaded a total of 51 pictures and placed 11 pictures in one album.\n\nFirst, subtract the number of pictures in the single album from the total number of pictures:\n\\[ 51 - 11 = 40 \\]\n\nNow, these remaining 40 pictures are distributed evenly among the 8 different albums. To find out how many pictures each of these albums contains, we divide the number of remaining pictures by the number of albums:\n\\[ 40 \\div 8 = 5 \\]\n\nTherefore, each of the 8 different albums contains 5 pictures.'
)",True
"Example({'label': 2, 'question': "" A company invited 24 people to a luncheon, but 10 of them didn't show up. If the tables they had held 7 people each, how many tables do they need? ""}) (input_keys={'question'})","Prediction(
    answer=""To determine the number of tables needed, we first calculate the total number of people who did show up to the luncheon. The company invited 24 people, but 10 didn't show up, so:\n\n\\[ \\text{People who showed up} = 24 - 10 = 14 \\]\n\nNext, since each table can hold 7 people, we divide the number of people who showed up by the capacity of each table to find out how many tables are needed:\n\n\\[ \\text{Number of tables needed} = \\frac{\\text{People who showed up}}{\\text{Capacity per table}} = \\frac{14}{7} = 2 \\]\n\nTherefore, they need 2 tables.""
)",True
"Example({'label': 5, 'question': "" Bianca's team won their dodgeball game and scored 75 points total. If Bianca scored 45 of the points and everyone else scored 6 points each, how many players were on her team? ""}) (input_keys={'question'})","Prediction(
    answer=""To determine the number of players on Bianca's team, we need to account for both Bianca's points and the points scored by her teammates.\n\n1. **Bianca's Points**: 45 points.\n2. **Points Scored by Each Teammate**: 6 points per player.\n3. **Total Points Scored by Teammates**: Let \\( n \\) be the number of teammates. Therefore, the total points scored by teammates is \\( 6n \\).\n\nThe team's total score is given as 75 points:\n\\[ 45 + 6n = 75 \\]\n\nSolving for \\( n \\):\n\\[ 6n = 75 - 45 \\]\n\\[ 6n = 30 \\]\n\\[ n = 5 \\]\n\nSo, there are 5 teammates. Including Bianca herself:\n\\[ n + 1 = 5 + 1 = 6 \\]\n\nTherefore, the total number of players on her team is **6**.""
)",False
"Example({'label': 3, 'question': ' For Halloween Emily received 54 pieces of candy. She ate 33 pieces then placed the rest into piles with 7 in each pile. How many piles could she make? '}) (input_keys={'question'})","Prediction(
    answer=""To determine how many piles Emily can make, we need to follow these steps:\n\n1. Calculate the number of pieces left after she ate 33 pieces.\n2. Divide the remaining pieces by 7 (the number per pile) to find out how many full piles she can create.\n\nFirst, let's calculate the total number of pieces left:\n\\[ \\text{Total Pieces} = 54 - 33 = 21 \\]\n\nNow we divide these pieces into piles with 7 in each:\n\\[ \\text{Number of Piles} = \\frac{\\text{Total Pieces}}{\\text{Pieces per Pile}} = \\frac{21}{7} = 3 \\]\n\nSo, Emily could make 3 full piles.""
)",True
"Example({'label': 7, 'question': ' Haley was planting vegetables in her garden. She started with 56 seeds and planted 35 of them in the big garden and in each of her small gardens put 3 seeds each. How many small gardens did Haley have? '}) (input_keys={'question'})","Prediction(
    answer='Haley planted 35 seeds in the big garden, so she had 56 - 35 = 21 seeds left to plant in small gardens. Since each small garden got 3 seeds, she could have up to 21 / 3 = 7 small gardens.'
)",True
"Example({'label': 2, 'question': ' A store had 48 coloring books in stock. They ended up putting them on sale and getting rid of 38 of them. The put the ones they still had onto shelves with 5 on each shelf. How many shelves did they use? '}) (input_keys={'question'})","Prediction(
    answer='To determine how many shelves were used, we need to follow these steps:\n\n1. Calculate the number of coloring books left after the sale: \\( 48 - 38 = 10 \\) books.\n2. Determine how many shelves are needed if each shelf holds 5 books: \\( \\frac{10}{5} = 2 \\) shelves.\n\nTherefore, they used 2 shelves.'
)",True
"Example({'label': 4, 'question': ' Roger is at the library helping put away books. There are 14 book to put away total but a librarian takes 2 of them and leaves Roger with the rest. If he can fit 3 books on a shelf, how many shelves will he need? '}) (input_keys={'question'})","Prediction(
    answer='To determine how many shelves Roger will need, we first need to find out how many books he has left after the librarian takes 2 of them. Initially, there are 14 books in total.\n\n\\[ \\text{Books left} = 14 - 2 = 12 \\]\n\nNext, since each shelf can hold 3 books, we divide the number of remaining books by the capacity of a single shelf to find out how many shelves are needed:\n\n\\[ \\text{Shelves needed} = \\frac{\\text{Books left}}{\\text{Books per shelf}} = \\frac{12}{3} = 4 \\]\n\nTherefore, Roger will need 4 shelves.'
)",True
"Example({'label': 8, 'question': ' A pet store had 56 puppies. In one day they sold 24 of them and put the rest into cages with 4 in each cage. How many cages did they use? '}) (input_keys={'question'})","Prediction(
    answer='To determine how many cages were used, we first need to find out how many puppies are left after selling 24 of them. Initially, there were 56 puppies.\n\n\\[ \\text{Remaining puppies} = 56 - 24 = 32 \\]\n\nNext, these remaining puppies are placed into cages with 4 in each cage. To find the number of cages used, we divide the number of remaining puppies by the number of puppies per cage:\n\n\\[ \\text{Number of cages} = \\frac{\\text{Remaining puppies}}{\\text{Puppies per cage}} = \\frac{32}{4} = 8 \\]\n\nTherefore, they used 8 cages.'
)",True
"Example({'label': 7, 'question': ' The cafeteria had 86 apples. For lunch they handed out 30 to students and decided to use the rest to make pies. If each pie takes 8 apples, how many pies could they make? '}) (input_keys={'question'})","Prediction(
    answer='To determine how many pies can be made from the remaining apples, we first need to find out how many apples are left after handing out 30 to students. The cafeteria started with 86 apples and handed out 30, so:\n\n\\[ \\text{Remaining apples} = 86 - 30 = 56 \\]\n\nEach pie requires 8 apples, so the number of pies that can be made is calculated by dividing the remaining apples by the number of apples needed per pie:\n\n\\[ \\text{Number of pies} = \\frac{\\text{Remaining apples}}{\\text{Apples per pie}} = \\frac{56}{8} = 7 \\]\n\nTherefore, they could make 7 pies.'
)",True
"Example({'label': 4, 'question': ' Jerry had 60 pieces of clothing to wash. He put 40 of them in one load, but decided to split the rest into 5 equal loads. How many pieces of clothing could go in each of the small loads? '}) (input_keys={'question'})","Prediction(
    answer='To solve this problem, we first need to determine how many pieces of clothing Jerry has left after washing one load. He started with 60 pieces and put 40 in the first load, so he has \\(60 - 40 = 20\\) pieces remaining.\n\nThese 20 pieces are split into 5 equal loads. To find out how many pieces go in each of these small loads, we divide the remaining clothes by the number of small loads: \\(20 \\div 5 = 4\\).\n\nTherefore, there were 4 pieces of clothing in each of the small loads.'
)",True
"Example({'label': 9, 'question': ' Mike made 69 dollars mowing lawns over the summer. If he spent 24 dollars buying new mower blades, how many 5 dollar games could he buy with the money he had left? '}) (input_keys={'question'})","Prediction(
    answer='Mike had $69 - $24 = $45 left after buying new mower blades. With this money, he could buy $45 / $5 = 9 five-dollar games.'
)",True
"Example({'label': 7, 'question': ' Will made 104 dollars mowing lawns over the summer. If he spent 41 dollars buying new mower blades, how many 9 dollar games could he buy with the money he had left? '}) (input_keys={'question'})","Prediction(
    answer=""To determine how many $9 games Madeleine can buy after spending on mower blades, we need to follow these steps:\n\n1. Calculate the amount of money she has left after buying the mower blades.\n2. Determine how many $9 games she can afford with the remaining money.\n\nLet's start by calculating the leftover money:\n- She made $104 over the summer.\n- She spent $41 on new mower blades.\n\n\\[ \\text{Leftover Money} = 104 - 41 \\]\n\nNext, we'll calculate how many $9 games she can buy with her leftover money. To do this, we divide the leftover amount by $9 and take the integer part of the result since she cannot purchase a fraction of a game.\n\n\\[ \\text{Number of Games} = \\left\\lfloor \\frac{\\text{Leftover Money}}{9} \\right\\rfloor \\]\n\nLet's perform these calculations.""
)",False
"Example({'label': 4, 'question': ' For Halloween Bianca received 32 pieces of candy. She ate 12 pieces then placed the rest into piles with 5 in each pile. How many piles could she make? '}) (input_keys={'question'})","Prediction(
    answer='Bianca started with 32 pieces of candy. After eating 12 pieces, she had \\(32 - 12 = 20\\) pieces left. She placed these into piles with 5 in each pile. To find out how many piles she could make, we divide the remaining candies by the number per pile: \\(20 \\div 5 = 4\\). Therefore, Bianca could make 4 piles.'
)",True
"Example({'label': 9, 'question': ' Luke was selling his old games. He started out with 57 but sold 39 of them. He packed the rest up putting 2 games into each box. How many boxes did he have to use? '}) (input_keys={'question'})","Prediction(
    answer='To determine how many boxes Luke had to use, we first need to find out how many games he has left after selling 39 of his initial 57 games. \n\nNumber of games left = Initial number of games - Number of games sold  \nNumber of games left = 57 - 39  \nNumber of games left = 18\n\nNow, we know that Luke puts 2 games into each box. To find out how many boxes he needs, we divide the number of games by the number of games per box:\n\nNumber of boxes needed = Number of games left / Number of games per box  \nNumber of boxes needed = 18 / 2  \nNumber of boxes needed = 9\n\nTherefore, Luke had to use 9 boxes.'
)",True
"Example({'label': 9, 'question': ' A pet store had 88 puppies. In one day they sold 34 of them and put the rest into cages with 6 in each cage. How many cages did they use? '}) (input_keys={'question'})","Prediction(
    answer='To determine how many cages were used, we first need to find out how many puppies are left after selling 34 of them. The pet store started with 88 puppies and sold 34, so:\n\n\\[ \\text{Remaining puppies} = 88 - 34 = 54 \\]\n\nNext, these remaining puppies were placed into cages with 6 in each cage. To find out how many cages are needed, we divide the number of remaining puppies by the number of puppies per cage:\n\n\\[ \\text{Number of cages used} = \\frac{\\text{Remaining puppies}}{\\text{Puppies per cage}} = \\frac{54}{6} = 9 \\]\n\nTherefore, they used 9 cages.'
)",True
"Example({'label': 9, 'question': ' Katie had 85 files on her computer. She deleted 40 of them and put the rest into folders with 5 files in each one. How many folders did Katie end up with? '}) (input_keys={'question'})","Prediction(
    answer='Katie started with 85 files and deleted 40 of them. The number of files left is:\n\\[ 85 - 40 = 45 \\]\n\nShe put these remaining files into folders, each containing 5 files. Therefore, the number of folders she ended up with is:\n\\[ 45 \\div 5 = 9 \\]\n\nSo, Katie ended up with 9 folders.'
)",True
"Example({'label': 3, 'question': ' Roger had 68 dollars. If he spent 47 bucks on a new game, how many 7 dollar toys could he buy with the money he had left? '}) (input_keys={'question'})","Prediction(
    answer='After spending $47 on a new game, Roger has $68 - $47 = $21 left. To find out how many 7-dollar toys he can buy with his remaining money, we divide $21 by $7: $21 / $7 = 3.'
)",True
"Example({'label': 3, 'question': "" Tom bought 40 tickets at the state fair. He spent 28 tickets at the 'dunk a clown' booth and decided to use the rest on rides. If each ride cost 4 tickets, how many rides could he go on? ""}) (input_keys={'question'})","Prediction(
    answer=""To solve this problem, we first need to determine how many tickets Tom has left after spending some at the 'dunk a clown' booth. He initially bought 40 tickets and spent 28 of them on the game.\n\n\\[ \\text{Tickets left} = 40 - 28 = 12 \\]\n\nEach ride costs 4 tickets, so we need to find out how many rides Tom can go on with his remaining 12 tickets. We do this by dividing the number of tickets he has left by the cost per ride.\n\n\\[ \\text{Rides} = \\frac{\\text{Tickets left}}{\\text{Cost per ride}} = \\frac{12}{4} = 3 \\]\n\nTherefore, Tom can go on 3 rides.""
)",True
"Example({'label': 7, 'question': ' The cafeteria had 75 apples. For lunch they handed out 19 to students and decided to use the rest to make pies. If each pie takes 8 apples, how many pies could they make? '}) (input_keys={'question'})","Prediction(
    answer='To determine how many pies can be made from the remaining apples, we first need to find out how many apples are left after handing out 19 to students. The cafeteria started with 75 apples and handed out 19, so:\n\n\\[ \\text{Remaining apples} = 75 - 19 = 56 \\]\n\nEach pie requires 8 apples. To find the number of pies that can be made from the remaining apples, we divide the number of remaining apples by the number of apples needed per pie:\n\n\\[ \\text{Number of pies} = \\frac{\\text{Remaining apples}}{\\text{Apples per pie}} = \\frac{56}{8} = 7 \\]\n\nTherefore, they could make 7 pies.'
)",True
"Example({'label': 3, 'question': "" Sarah baked 38 cupcakes for her school's bake sale. If her brother, Todd, ate 14 of them how many packages could she make if she put 8 cupcake in each package? ""}) (input_keys={'question'})","Prediction(
    answer='She would have 24 cupcakes left because 38 - 14 = 24. She can make 3 packages as each one contains 8 cupcakes and 24 / 8 = 3.'
)",True
"Example({'label': 2, 'question': ' Nancy uploaded 41 pictures to Facebook. She put 37 pics into one album and put the rest into 2 different albums. How many pictures were in each album? '}) (input_keys={'question'})","Prediction(
    answer='To solve this problem, we first need to determine how many pictures Nancy put into the second album. We know that she uploaded a total of 41 pictures and placed 37 pictures in one album.\n\nSo, the number of pictures in the second album is:\n\\[ \\text{Pictures in second album} = \\text{Total pictures} - \\text{Pictures in first album} \\]\n\\[ \\text{Pictures in second album} = 41 - 37 = 4 \\]\n\nSince she put the rest into 2 different albums, and we have determined that there are 4 pictures left for the second album, it means each of these two albums will contain:\n\\[ \\frac{\\text{Pictures in second album}}{2} = \\frac{4}{2} = 2 \\]\n\nTherefore, each of the two albums contains 2 pictures.'
)",True
