0,1,2
"Example({'response': 39, 'question': ' For Halloween Debby and her sister combined the candy they received. Debby had 32 pieces of candy while her sister had 42. If they ate 35 pieces the first night, how many pieces do they have left? '}) (input_keys={'question'})","Prediction(
    reasoning='The total number of candies is 32 (Debby) + 42 (sister) = 74. After eating 35, the remaining candies are 74 - 35 = 39.',
    response=39.0
)",True
"Example({'response': 8, 'question': ' A pet store had 13 siamese cats and 5 house cats. During a sale they sold 10 cats. How many cats do they have left? '}) (input_keys={'question'})","Prediction(
    reasoning='The pet store initially had a total of 13 Siamese cats and 5 House cats, which adds up to 18 cats. After selling 10 cats during the sale, the remaining number of cats is calculated by subtracting the sold cats from the initial total: 18 - 10 = 8.',
    response=8.0
)",True
"Example({'response': 2, 'question': "" Luke was trying to expand his game collection. He bought 2 games from a friend and bought 2 more at a garage sale. If 2 of the games didn't work, how many good games did he end up with? ""}) (input_keys={'question'})","Prediction(
    reasoning=""Luke bought a total of 4 games, but 2 of them didn't work. Therefore, he ended up with 2 good games."",
    response=2.0
)",True
"Example({'response': 40, 'question': ' The school cafeteria ordered 42 red apples and 7 green apples for students lunches. But, if only 9 students wanted fruit, how many extra did the cafeteria end up with? '}) (input_keys={'question'})","Prediction(
    reasoning='The cafeteria ordered a total of 42 red apples and 7 green apples, making a total of 49 apples. If only 9 students wanted fruit, each student would receive one apple, using up 9 apples in total. Subtracting the 9 used from the 49 available leaves 40 extra apples.',
    response=40.0
)",True
"Example({'response': 3, 'question': ' Lana picked 36 tulips and 37 roses to make flower bouquets. If she only used 70 of the flowers though, how many extra flowers did Lana pick? '}) (input_keys={'question'})","Prediction(
    reasoning='Lana picked a total of 36 tulips and 37 roses, which adds up to 73 flowers. She only used 70 of these, so the number of extra flowers is calculated by subtracting the ones she used from the total: 73 - 70 = 3.',
    response=3.0
)",True
"Example({'response': 7, 'question': ' Carol and her mom were picking carrots from their garden. Carol picked 29 and her mother picked 16. If only 38 of the carrots were good, how many bad carrots did they have? '}) (input_keys={'question'})","Prediction(
    reasoning='Carol and her mom picked a total of 45 carrots. With 38 being good, there were 7 bad carrots.',
    response=7.0
)",True
"Example({'response': 19, 'question': ' Roger had 16 dollars. For his birthday he got 28 more dollars but spent 25 on a new game. How much money does he have now? '}) (input_keys={'question'})","Prediction(
    reasoning='Roger started with 16 dollars and received an additional 28 dollars for his birthday. This adds up to a total of 44 dollars. After spending 25 dollars on a new game, the remaining amount is calculated by subtracting 25 from 44, resulting in 19 dollars.',
    response=19.0
)",True
"Example({'response': 2, 'question': ' While on vacation, Megan took 15 pictures at the zoo and 18 at the museum. If she later deleted 31 of the pictures, how many pictures from her vacation did she still have? '}) (input_keys={'question'})","Prediction(
    reasoning='Megan took a total of 15 pictures at the zoo and 18 at the museum, which adds up to 33 pictures in total. After deleting 31 pictures, she is left with 2 pictures.',
    response=2.0
)",True
"Example({'response': 11, 'question': ' Rachel bought two coloring books. One had 23 pictures and the other had 32. After one week she had already colored 44 of the pictures. How many pictures does she still have to color? '}) (input_keys={'question'})","Prediction(
    reasoning='Rachel bought two coloring books with a total of 23 + 32 = 55 pictures. She colored 44 of them after one week, so she still needs to color 55 - 44 = 11 pictures.',
    response=11.0
)",True
"Example({'response': 1, 'question': ' Ned had to wash 9 short sleeve shirts and 21 long sleeve shirts before school. If he had only washed 29 of them by the time school started, how many did he not wash? '}) (input_keys={'question'})","Prediction(
    reasoning=""Ned had a total of 9 short sleeve shirts and 21 long sleeve shirts to wash, which adds up to 30 shirts in total. By the time school started, he had only washed 29 of them. To find out how many he didn't wash, we subtract the number he did wash from the total:  \n30 (total shirts) - 29 (shirts washed) = 1 shirt not washed."",
    response=1.0
)",True
"Example({'response': 66, 'question': ' Oliver had to wash 39 short sleeve shirts and 47 long sleeve shirts before school. If he had only washed 20 of them by the time school started, how many did he not wash? '}) (input_keys={'question'})","Prediction(
    reasoning='Oliver was supposed to wash a total of 39 short sleeve shirts and 47 long sleeve shirts, which adds up to 86 shirts in total. By the time school started, he had only washed 20 of them. To find out how many shirts he did not wash, we subtract the number he did wash from the total:  \n86 (total shirts) - 20 (shirts washed) = 66 (shirts not washed).',
    response=66.0
)",True
"Example({'response': 9, 'question': ' For the school bake sale Wendy made pastries. She baked 4 cupcakes and 29 cookies. After the sale she had 24 to take back home. How many pastries did she sell? '}) (input_keys={'question'})","Prediction(
    reasoning='Wendy made a total of 4 cupcakes and 29 cookies, which adds up to 33 pastries. After the sale, she had 24 pastries remaining. To find out how many she sold, we subtract the remaining pastries from the total: 33 - 24 = 9. Therefore, Wendy sold 9 pastries.',
    response=9.0
)",True
"Example({'response': 22, 'question': ' While on vacation, Debby took 24 pictures at the zoo and 12 at the museum. If she later deleted 14 of the pictures, how many pictures from her vacation did she still have? '}) (input_keys={'question'})","Prediction(
    reasoning='Debby took a total of 24 pictures at the zoo and 12 at the museum, which sums up to 36 pictures. She deleted 14 of these, leaving her with 36 - 14 = 22 pictures.',
    response=22.0
)",True
"Example({'response': 2, 'question': ' Katie picked 3 tulips and 9 roses to make flower bouquets. If she only used 10 of the flowers though, how many extra flowers did Katie pick? '}) (input_keys={'question'})","Prediction(
    reasoning='Katie picked a total of 3 tulips and 9 roses, which adds up to 12 flowers. She only used 10 of these, so the number of extra flowers she picked is calculated by subtracting the used flowers from the total: 12 - 10 = 2.',
    response=2.0
)",True
"Example({'response': 15, 'question': ' Faye had 46 math problems and 9 science problems for homework. If she finished 40 of the problems at school, how many problems did she have to do for homework? '}) (input_keys={'question'})","Prediction(
    reasoning='Faye had a total of 46 math problems and 9 science problems, making a total of 55 problems. After completing 40 of these at school, Faye has 15 problems left for homework.',
    response=15.0
)",True
"Example({'response': 2, 'question': ' Amy had 4 music files and 21 video files on her flash drive. If she deleted 23 of the files, how many files were still on her flash drive? '}) (input_keys={'question'})","Prediction(
    reasoning='Amy initially has a total of 4 music files and 21 video files, which adds up to 25 files. After deleting 23 files, the remaining number of files is calculated by subtracting 23 from 25, resulting in 2 files.',
    response=2.0
)",True
"Example({'response': 14, 'question': "" Ned was trying to expand his game collection. He bought 11 games from a friend and bought 22 more at a garage sale. If 19 of the games didn't work, how many good games did he end up with? ""}) (input_keys={'question'})","Prediction(
    reasoning='Ned bought a total of 11 + 22 = 33 games. Out of these, 19 were bad. Therefore, the number of good games is 33 - 19 = 14.',
    response=14.0
)",True
"Example({'response': 86, 'question': ' Chloe was playing a trivia game. In the first round she scored 40 points and in the second round she scored 50 points. In the last round she lost 4 points. How many points did she have at the end of the game? '}) (input_keys={'question'})","Prediction(
    reasoning='Chloe scored a total of 40 + 50 = 90 points after the first two rounds. In the last round, she lost 4 points, so her final score is 90 - 4 = 86.',
    response=86.0
)",True
"Example({'response': 50, 'question': "" At the arcade, Tom won 32 tickets playing 'whack a mole' and 25 tickets playing 'skee ball'. If he spent 7 of his tickets on a hat, how many tickets does Tom have left? ""}) (input_keys={'question'})","Prediction(
    reasoning='Tom initially won a total of 32 + 25 = 57 tickets. After spending 7 tickets on a hat, the number of tickets he has left is 57 - 7 = 45.',
    response=45.0
)",False
"Example({'response': 25, 'question': ' Bianca and her mom were picking carrots from their garden. Bianca picked 26 and her mother picked 15. If only 16 of the carrots were good, how many bad carrots did they have? '}) (input_keys={'question'})","Prediction(
    reasoning='The total number of carrots picked by Bianca and her mom is 26 + 15 = 41. Since only 16 carrots were good, the number of bad carrots is 41 - 16 = 25.',
    response=25.0
)",True
"Example({'response': 4, 'question': ' For the school bake sale Katie made pastries. She baked 7 cupcakes and 5 cookies. After the sale she had 8 to take back home. How many pastries did she sell? '}) (input_keys={'question'})","Prediction(
    reasoning='Katie made a total of 7 cupcakes and 5 cookies, which adds up to 12 pastries. After the sale, she had 8 pastries left. To find out how many she sold, subtract the number taken back from the total: 12 - 8 = 4.',
    response=4.0
)",True
"Example({'response': 68, 'question': ' Zoe bought two coloring books. One had 44 pictures and the other had 44. After one week she had already colored 20 of the pictures. How many pictures does she still have to color? '}) (input_keys={'question'})","Prediction(
    reasoning='Zoe bought two coloring books with a total of 44 + 44 = 88 pictures. After one week, she colored 20 pictures, so the remaining pictures are 88 - 20 = 68.',
    response=68.0
)",True
"Example({'response': 6, 'question': "" John was trying to expand his game collection. He bought 21 games from a friend and bought 8 more at a garage sale. If 23 of the games didn't work, how many good games did he end up with? ""}) (input_keys={'question'})","Prediction(
    reasoning='John bought a total of 21 + 8 = 29 games. Out of these, 23 were bad. Therefore, the number of good games is 29 - 23 = 6.',
    response=6.0
)",True
"Example({'response': 19, 'question': ' Henry had 11 dollars. For his birthday he got 18 more dollars but spent 10 on a new game. How much money does he have now? '}) (input_keys={'question'})","Prediction(
    reasoning='Starting with $11, Henry received an additional $18 for his birthday, which totals $29. After spending $10 on a new game, he is left with $19.',
    response=19.0
)",True
"Example({'response': 55, 'question': ' While on vacation, Gwen took 41 pictures at the zoo and 29 at the museum. If she later deleted 15 of the pictures, how many pictures from her vacation did she still have? '}) (input_keys={'question'})","Prediction(
    reasoning='Gwen took a total of 41 + 29 = 70 pictures. After deleting 15, she has 70 - 15 = 55 pictures remaining.',
    response=55.0
)",True
"Example({'response': 34, 'question': ' Sam had to wash 40 short sleeve shirts and 23 long sleeve shirts before school. If he had only washed 29 of them by the time school started, how many did he not wash? '}) (input_keys={'question'})","Prediction(
    reasoning='Sam had a total of 40 short sleeve shirts and 23 long sleeve shirts to wash, which adds up to 63 shirts in total. By school start, only 29 were washed, so the number not washed is 63 - 29 = 34.',
    response=34.0
)",True
"Example({'response': 12, 'question': ' A pet store had 12 siamese cats and 20 house cats. During a sale they sold 20 cats. How many cats do they have left? '}) (input_keys={'question'})","Prediction(
    reasoning='The pet store initially has a total of 12 Siamese cats and 20 house cats, which adds up to 32 cats in total. After selling 20 cats during the sale, the number of cats remaining is calculated by subtracting the sold cats from the total: 32 - 20 = 12 cats.',
    response=12.0
)",True
"Example({'response': 16, 'question': ' Faye and her mom were picking carrots from their garden. Faye picked 23 and her mother picked 5. If only 12 of the carrots were good, how many bad carrots did they have? '}) (input_keys={'question'})","Prediction(
    reasoning='The total number of carrots picked is the sum of what Faye and her mom picked: 23 + 5 = 28. Since only 12 were good, the number of bad carrots is 28 - 12 = 16.',
    response=16.0
)",True
"Example({'response': 73, 'question': ' The school cafeteria ordered 43 red apples and 32 green apples for students lunches. But, if only 2 students wanted fruit, how many extra did the cafeteria end up with? '}) (input_keys={'question'})","Prediction(
    reasoning='The cafeteria ordered a total of 43 red apples and 32 green apples, which sums up to 75 apples in total. Since only 2 students wanted fruit, the number of extra apples is calculated by subtracting the 2 used from the total: 75 - 2 = 73.',
    response=73.0
)",True
"Example({'response': 17, 'question': "" There were 39 girls and 4 boys trying out for the schools basketball team. If only 26 of them got called back, how many students didn't make the cut? ""}) (input_keys={'question'})","Prediction(
    reasoning=""The total number of students who tried out was 39 girls plus 4 boys, which equals 43 students. Out of these, 26 made it back, so the number of students who didn't make the cut is 43 minus 26, which equals 17."",
    response=17.0
)",True
"Example({'response': 18, 'question': ' A pet store had 38 siamese cats and 25 house cats. During a sale they sold 45 cats. How many cats do they have left? '}) (input_keys={'question'})","Prediction(
    reasoning='The pet store initially had a total of 38 Siamese cats and 25 house cats, which adds up to 63 cats in total. After selling 45 cats during the sale, the remaining number of cats is calculated by subtracting 45 from 63, resulting in 18 cats left.',
    response=18.0
)",True
"Example({'response': 41, 'question': ' For the school bake sale Paige made pastries. She baked 36 cupcakes and 9 cookies. After the sale she had 4 to take back home. How many pastries did she sell? '}) (input_keys={'question'})","Prediction(
    reasoning='Paige made a total of 45 pastries (36 cupcakes + 9 cookies). After the sale, she had 4 left, so she sold 41 pastries.',
    response=41.0
)",True
"Example({'response': 7, 'question': ' Carol was playing a trivia game. In the first round she scored 17 points and in the second round she scored 6 points. In the last round she lost 16 points. How many points did she have at the end of the game? '}) (input_keys={'question'})","Prediction(
    reasoning='Carol started with 0 points. After scoring 17 in the first round, her total was 17. In the second round, she added another 6 points, making it 23. Finally, losing 16 points resulted in a final score of 7.',
    response=7.0
)",True
"Example({'response': 36, 'question': ' Gwen bought two coloring books. One had 10 pictures and the other had 39. After one week she had already colored 13 of the pictures. How many pictures does she still have to color? '}) (input_keys={'question'})","Prediction(
    reasoning='The total number of pictures is 10 + 39 = 49. After coloring 13, the remaining pictures are 49 - 13 = 36.',
    response=36.0
)",True
"Example({'response': 63, 'question': ' For Halloween Janet and her sister combined the candy they received. Janet had 34 pieces of candy while her sister had 33. If they ate 4 pieces the first night, how many pieces do they have left? '}) (input_keys={'question'})","Prediction(
    reasoning='The total number of candies is 34 (Janet) + 33 (sister) = 67. After eating 4 pieces, the remaining candies are 67 - 4 = 63.',
    response=63.0
)",True
"Example({'response': 13, 'question': ' Haley and her mom were picking carrots from their garden. Haley picked 39 and her mother picked 38. If only 64 of the carrots were good, how many bad carrots did they have? '}) (input_keys={'question'})","Prediction(
    reasoning='Haley and her mom picked a total of 77 carrots. With 64 being good, there were 77 - 64 = 13 bad carrots.',
    response=13.0
)",True
"Example({'response': 56, 'question': "" There were 30 girls and 36 boys trying out for the schools basketball team. If only 10 of them got called back, how many students didn't make the cut? ""}) (input_keys={'question'})","Prediction(
    reasoning=""The total number of participants is 30 girls plus 36 boys, which equals 66 students. Since only 10 made it back, the number of students who didn't make the cut is 66 minus 10, resulting in 56."",
    response=56.0
)",True
"Example({'response': 15, 'question': ' Roger had 29 dollars. For his birthday he got 20 more dollars but spent 34 on a new game. How much money does he have now? '}) (input_keys={'question'})","Prediction(
    reasoning='Roger started with 29 dollars. After receiving 20 more for his birthday, he had a total of 49 dollars. He then spent 34 dollars on a new game, leaving him with 15 dollars.',
    response=15.0
)",True
"Example({'response': 5, 'question': ' Dave had to wash 29 short sleeve shirts and 11 long sleeve shirts before school. If he had only washed 35 of them by the time school started, how many did he not wash? '}) (input_keys={'question'})","Prediction(
    reasoning=""Dave needed to wash a total of 29 short sleeve shirts and 11 long sleeve shirts, which adds up to 40 shirts in total. By the time school started, Dave had only washed 35 shirts. To find out how many he didn't wash, we subtract the number he did wash from the total:  \n40 (total shirts) - 35 (washed shirts) = 5 (unsold shirts)."",
    response=5.0
)",True
"Example({'response': 24, 'question': "" Edward was trying to expand his game collection. He bought 41 games from a friend and bought 14 more at a garage sale. If 31 of the games didn't work, how many good games did he end up with? ""}) (input_keys={'question'})","Prediction(
    reasoning='Edward bought a total of 41 games from his friend and 14 more at a garage sale, resulting in 55 games. Out of these, 31 games did not work. To find the number of good games, subtract the bad games (31) from the total (55):  \n55 - 31 = 24',
    response=24.0
)",True
"Example({'response': 15, 'question': ' At the schools book fair Sam bought 13 adventure books and 17 mystery books. If 15 of the books were used, how many new books did he buy? '}) (input_keys={'question'})","Prediction(
    reasoning='Sam bought a total of 30 books (13 adventure and 17 mystery). Out of these, 15 were used. Therefore, the number of new books he bought is 30 minus 15, which equals 15.',
    response=15.0
)",True
"Example({'response': 14, 'question': ' Amy had 26 music files and 36 video files on her flash drive. If she deleted 48 of the files, how many files were still on her flash drive? '}) (input_keys={'question'})","Prediction(
    reasoning='Amy had a total of 26 music files and 36 video files, which adds up to 62 files in total. After deleting 48 files, the number of files remaining on her flash drive is calculated by subtracting the deleted files from the initial total:  \n\n62 (total files) - 48 (deleted files) = 14 (remaining files).',
    response=14.0
)",True
"Example({'response': 1, 'question': ' Oliver had 35 dollars. For his birthday he got 50 more dollars but spent 84 on a new game. How much money does he have now? '}) (input_keys={'question'})","Prediction(
    reasoning='Oliver started with 35 dollars. He received an additional 50 dollars from his birthday, bringing his total to 85 dollars. After spending 84 dollars on a new game, he has 1 dollar remaining.',
    response=1.0
)",True
"Example({'response': 1, 'question': ' Emily was playing a trivia game. In the first round she scored 16 points and in the second round she scored 33 points. In the last round she lost 48 points. How many points did she have at the end of the game? '}) (input_keys={'question'})","Prediction(
    reasoning='To determine how many points Emily had at the end of the game, we start by adding her scores from each round and then subtracting the points lost in the last round. \n\nFirst, add the points from the first two rounds:\n\\[ 16 + 33 = 49 \\]\n\nNext, subtract the points lost in the last round:\n\\[ 49 - 48 = 1 \\]',
    response=1.0
)",True
"Example({'response': 11, 'question': ' Paige had 43 math problems and 12 science problems for homework. If she finished 44 of the problems at school, how many problems did she have to do for homework? '}) (input_keys={'question'})","Prediction(
    reasoning='Paige had a total of 43 math problems and 12 science problems for homework, making a total of 55 problems. She finished 44 of these at school, so the number of problems she had left to do is 55 - 44 = 11.',
    response=11.0
)",True
"Example({'response': 35, 'question': ' The school cafeteria ordered 33 red apples and 23 green apples for students lunches. But, if only 21 students wanted fruit, how many extra did the cafeteria end up with? '}) (input_keys={'question'})","Prediction(
    reasoning='The cafeteria ordered a total of 33 red apples and 23 green apples, which adds up to 56 apples in total. Since only 21 students wanted fruit, they consumed 21 apples. Subtracting the 21 apples from the total gives us 56 - 21 = 35 extra apples.',
    response=35.0
)",True
"Example({'response': 16, 'question': ' Dave had to wash 9 short sleeve shirts and 27 long sleeve shirts before school. If he had only washed 20 of them by the time school started, how many did he not wash? '}) (input_keys={'question'})","Prediction(
    reasoning='Dave had a total of 9 short sleeve shirts and 27 long sleeve shirts, making a total of 36 shirts. He washed only 20 of them by the time school started. To find out how many shirts he did not wash, we subtract the number of shirts he washed from the total number of shirts:  \n36 (total shirts) - 20 (shirts washed) = 16 (shirts not washed).',
    response=16.0
)",True
"Example({'response': 4, 'question': ' While on vacation, Rachel took 6 pictures at the zoo and 9 at the museum. If she later deleted 11 of the pictures, how many pictures from her vacation did she still have? '}) (input_keys={'question'})","Prediction(
    reasoning='Rachel took a total of 6 pictures at the zoo and 9 at the museum, making a total of 15 pictures. She later deleted 11 of these pictures, so the number of pictures remaining is calculated by subtracting the deleted ones from the total:  \n\n15 (total pictures) - 11 (deleted pictures) = 4 (remaining pictures).',
    response=4.0
)",True
"Example({'response': 7, 'question': ' Vanessa and her mom were picking carrots from their garden. Vanessa picked 17 and her mother picked 14. If only 24 of the carrots were good, how many bad carrots did they have? '}) (input_keys={'question'})","Prediction(
    reasoning=""The total number of carrots picked is Vanessa's 17 plus her mom's 14, totaling 31. Since only 24 are good, subtracting gives 31 - 24 = 7 bad carrots."",
    response=7.0
)",True
"Example({'response': 54, 'question': ' A pet store had 41 siamese cats and 28 house cats. During a sale they sold 15 cats. How many cats do they have left? '}) (input_keys={'question'})","Prediction(
    reasoning='The pet store initially has a total of 41 Siamese cats and 28 house cats, which sums to 69 cats. After selling 15 cats during the sale, the number of cats left is calculated by subtracting 15 from 69, resulting in 54 cats.',
    response=54.0
)",True
"Example({'response': 15, 'question': ' At the schools book fair Sam bought 13 adventure books and 17 mystery books. If 15 of the books were used, how many new books did he buy? '}) (input_keys={'question'})","Prediction(
    reasoning='Sam bought a total of 30 books (13 adventure + 17 mystery). Out of these, 15 were used. Therefore, the number of new books he purchased is 30 - 15 = 15.',
    response=15.0
)",True
"Example({'response': 14, 'question': ' Amy had 26 music files and 36 video files on her flash drive. If she deleted 48 of the files, how many files were still on her flash drive? '}) (input_keys={'question'})","Prediction(
    reasoning='Amy had a total of 26 music files and 36 video files, making a combined total of 62 files. After deleting 48 files, the remaining number of files is calculated by subtracting 48 from 62, resulting in 14 files.',
    response=14.0
)",True
"Example({'response': 1, 'question': ' Oliver had 35 dollars. For his birthday he got 50 more dollars but spent 84 on a new game. How much money does he have now? '}) (input_keys={'question'})","Prediction(
    reasoning='Oliver started with $35. He received an additional $50 for his birthday, bringing his total to 85 dollars. After spending $84 on a new game, he was left with 1 dollar.',
    response=1.0
)",True
"Example({'response': 1, 'question': ' Emily was playing a trivia game. In the first round she scored 16 points and in the second round she scored 33 points. In the last round she lost 48 points. How many points did she have at the end of the game? '}) (input_keys={'question'})","Prediction(
    reasoning='Emily scored 16 points in the first round and 33 points in the second round. She lost 48 points in the last round. Adding the points from the first two rounds gives 16 + 33 = 49. Subtracting the points lost in the last round, 49 - 48 = 1. Therefore, Emily had a total of 1 point at the end of the game.',
    response=1.0
)",True
"Example({'response': 11, 'question': ' Paige had 43 math problems and 12 science problems for homework. If she finished 44 of the problems at school, how many problems did she have to do for homework? '}) (input_keys={'question'})","Prediction(
    reasoning='Paige had a total of 43 math problems and 12 science problems, which adds up to 55 homework problems in total. She finished 44 of these, so the remaining number of problems is calculated by subtracting 44 from 55:  \n\n\\[\n55 - 44 = 11\n\\]',
    response=11.0
)",True
"Example({'response': 35, 'question': ' The school cafeteria ordered 33 red apples and 23 green apples for students lunches. But, if only 21 students wanted fruit, how many extra did the cafeteria end up with? '}) (input_keys={'question'})","Prediction(
    reasoning='The cafeteria ordered a total of 33 red apples and 23 green apples, totaling 56 apples. With only 21 students wanting fruit, the number of extra apples is calculated by subtracting the number of students from the total apples: 56 - 21 = 35.',
    response=35.0
)",True
"Example({'response': 16, 'question': ' Dave had to wash 9 short sleeve shirts and 27 long sleeve shirts before school. If he had only washed 20 of them by the time school started, how many did he not wash? '}) (input_keys={'question'})","Prediction(
    reasoning='Dave had a total of 9 short sleeve shirts and 27 long sleeve shirts, which adds up to 36 shirts in total. He only washed 20 of them, so the number of shirts he did not wash is calculated by subtracting the number he washed from the total: 36 - 20 = 16.',
    response=16.0
)",True
"Example({'response': 4, 'question': ' While on vacation, Rachel took 6 pictures at the zoo and 9 at the museum. If she later deleted 11 of the pictures, how many pictures from her vacation did she still have? '}) (input_keys={'question'})","Prediction(
    reasoning='Rachel took a total of 6 pictures at the zoo and 9 at the museum. Adding these together gives 6 + 9 = 15 pictures in total. She then deleted 11 of these pictures, so the number of pictures remaining is 15 - 11 = 4.',
    response=4.0
)",True
"Example({'response': 7, 'question': ' Vanessa and her mom were picking carrots from their garden. Vanessa picked 17 and her mother picked 14. If only 24 of the carrots were good, how many bad carrots did they have? '}) (input_keys={'question'})","Prediction(
    reasoning=""The total number of carrots picked is Vanessa's 17 plus her mom's 14, which equals 31. Since only 24 were good, subtracting this from the total gives 31 - 24 = 7."",
    response=7.0
)",True
"Example({'response': 54, 'question': ' A pet store had 41 siamese cats and 28 house cats. During a sale they sold 15 cats. How many cats do they have left? '}) (input_keys={'question'})","Prediction(
    reasoning='The pet store initially had 41 Siamese cats and 28 House cats, totaling 69 cats. After selling 15 cats during the sale, the remaining number of cats is calculated by subtracting 15 from 69, resulting in **54** cats.',
    response=54.0
)",True
"Example({'response': 4, 'question': ' Janet picked 4 tulips and 11 roses to make flower bouquets. If she only used 11 of the flowers though, how many extra flowers did Janet pick? '}) (input_keys={'question'})","Prediction(
    reasoning='Janet picked a total of 15 flowers (4 tulips and 11 roses). She only used 11 of these flowers in her bouquets. To find the number of extra flowers, subtract the number of used flowers from the total: 15 - 11 = 4.',
    response=4.0
)",True
"Example({'response': 33, 'question': ' Vanessa had 13 music files and 30 video files on her flash drive. If she deleted 10 of the files, how many files were still on her flash drive? '}) (input_keys={'question'})","Prediction(
    reasoning='Vanessa had a total of 13 music files and 30 video files, which adds up to 43 files in total. After deleting 10 of these files, the remaining number of files on her flash drive would be calculated by subtracting the deleted files from the total: 43 - 10 = 33.',
    response=33.0
)",True
"Example({'response': 23, 'question': ' Debby bought two coloring books. One had 16 pictures and the other had 40. After one week she had already colored 33 of the pictures. How many pictures does she still have to color? '}) (input_keys={'question'})","Prediction(
    reasoning='The total number of pictures is 16 + 40 = 56. After coloring 33, the remaining pictures are 56 - 33 = 23.',
    response=23.0
)",True
"Example({'response': 9, 'question': ' The school cafeteria ordered 8 red apples and 43 green apples for students lunches. But, if only 42 students wanted fruit, how many extra did the cafeteria end up with? '}) (input_keys={'question'})","Prediction(
    reasoning='The total number of apples ordered is 8 red + 43 green = 51 apples. With only 42 students wanting fruit, the cafeteria would have 51 - 42 = 9 extra apples.',
    response=9.0
)",True
"Example({'response': 24, 'question': ' Edward started his own lawn mowing business. In the spring he made 2 dollars mowing lawns and in the summer he made 27 dollars. If he had to spend 5 dollars buying supplies, how much money did he end up with? '}) (input_keys={'question'})","Prediction(
    reasoning='Edward made a total of $29 from his lawn mowing business (2 dollars in spring + 27 dollars in summer) before spending $5 on supplies. After subtracting the expense, he had $24 left.',
    response=24.0
)",True
"Example({'response': 28, 'question': ' A pet store had 36 siamese cats and 18 house cats. During a sale they sold 26 cats. How many cats do they have left? '}) (input_keys={'question'})","Prediction(
    reasoning='The pet store had a total of 36 Siamese cats and 18 House cats, making a combined total of 54 cats. After selling 26 cats during the sale, the remaining number of cats is calculated by subtracting 26 from 54, which equals 28.',
    response=28.0
)",True
"Example({'response': 15, 'question': ' Olivia and her mom were picking carrots from their garden. Olivia picked 20 and her mother picked 14. If only 19 of the carrots were good, how many bad carrots did they have? '}) (input_keys={'question'})","Prediction(
    reasoning='The total number of carrots picked by Olivia and her mom is 20 + 14 = 34. Since only 19 were good, the number of bad carrots is 34 - 19 = 15.',
    response=15.0
)",True
"Example({'response': 8, 'question': ' George had 30 dollars. For his birthday he got 16 more dollars but spent 38 on a new game. How much money does he have now? '}) (input_keys={'question'})","Prediction(
    reasoning='George starts with \\$30 and receives an additional \\$16 for his birthday, totaling \\$46. After spending \\$38 on a new game, George is left with \\$8.',
    response=8.0
)",True
"Example({'response': 47, 'question': "" There were 6 girls and 48 boys trying out for the schools basketball team. If only 7 of them got called back, how many students didn't make the cut? ""}) (input_keys={'question'})","Prediction(
    reasoning=""The total number of students trying out for the basketball team is 6 girls plus 48 boys, which equals 54 students. If only 7 of them got called back, the number of students who didn't make the cut is 54 minus 7, which equals 47."",
    response=47.0
)",True
"Example({'response': 51, 'question': ' For the school bake sale Amy made pastries. She baked 15 cupcakes and 48 cookies. After the sale she had 12 to take back home. How many pastries did she sell? '}) (input_keys={'question'})","Prediction(
    reasoning='Amy started with a total of 15 cupcakes and 48 cookies, which adds up to 63 pastries. After the sale, she had 12 left. To find out how many she sold, we subtract the remaining from the initial total: 63 - 12 = 51. Therefore, Amy sold 51 pastries.',
    response=51.0
)",True
"Example({'response': 53, 'question': ' At the schools book fair Victor bought 32 adventure books and 37 mystery books. If 16 of the books were used, how many new books did he buy? '}) (input_keys={'question'})","Prediction(
    reasoning='Victor bought a total of 69 books (32 adventure + 37 mystery). Out of these, 16 were used. Therefore, the number of new books he purchased is 69 - 16 = 53.',
    response=53.0
)",True
"Example({'response': 20, 'question': ' While on vacation, Haley took 50 pictures at the zoo and 8 at the museum. If she later deleted 38 of the pictures, how many pictures from her vacation did she still have? '}) (input_keys={'question'})","Prediction(
    reasoning='Haley took a total of 50 pictures at the zoo and 8 at the museum, which adds up to 58 pictures. After deleting 38 of these, she has 58 - 38 = 20 pictures remaining.',
    response=20.0
)",True
"Example({'response': 31, 'question': ' The school cafeteria ordered 37 red apples and 45 green apples for students lunches. But, if only 51 students wanted fruit, how many extra did the cafeteria end up with? '}) (input_keys={'question'})","Prediction(
    reasoning='The total number of apples ordered is 37 red + 45 green = 82 apples. With only 51 students wanting fruit, the cafeteria used 51 apples. The extra apples are 82 - 51 = 31.',
    response=31.0
)",True
"Example({'response': 22, 'question': ' While shopping, Maria bought 35 green towels and 21 white towels. If she gave her mother 34 of them, how many towels did Maria end up with? '}) (input_keys={'question'})","Prediction(
    reasoning='Maria bought a total of 35 green towels and 21 white towels, which adds up to 56 towels. She gave 34 of these towels to her mother, so the number of towels she has left is 56 - 34 = 22.',
    response=22.0
)",True
"Example({'response': 39, 'question': "" There were 17 girls and 32 boys trying out for the schools basketball team. If only 10 of them got called back, how many students didn't make the cut? ""}) (input_keys={'question'})","Prediction(
    reasoning=""The total number of students who tried out for the basketball team is 17 girls + 32 boys = 49 students. Out of these, only 10 made it back. Therefore, the number of students who didn't make the cut is 49 - 10 = 39."",
    response=39.0
)",True
"Example({'response': 14, 'question': ' Nancy and her mom were picking carrots from their garden. Nancy picked 38 and her mother picked 47. If only 71 of the carrots were good, how many bad carrots did they have? '}) (input_keys={'question'})","Prediction(
    
)",0.0
"Example({'response': 15, 'question': "" A waiter at 'The Greasy Spoon' restaurant had 29 customers to wait on. During the lunch rush he added another 20 customers. If 34 of the customers didn't leave him a tip, how many customers did leave a tip? ""}) (input_keys={'question'})","Prediction(
    reasoning=""The total number of customers is 29 + 20 = 49. Subtracting those who didn't leave a tip (34) gives 49 - 34 = 15."",
    response=15.0
)",True
"Example({'response': 30, 'question': ' Tom had to wash 10 short sleeve shirts and 25 long sleeve shirts before school. If he had only washed 5 of them by the time school started, how many did he not wash? '}) (input_keys={'question'})","Prediction(
    reasoning='30',
    response=30.0
)",True
"Example({'response': 34, 'question': ' Vanessa had 16 music files and 48 video files on her flash drive. If she deleted 30 of the files, how many files were still on her flash drive? '}) (input_keys={'question'})","Prediction(
    reasoning='Vanessa had a total of 16 music files and 48 video files, which adds up to 64 files in total. After deleting 30 files, the number of files remaining is calculated by subtracting 30 from 64, resulting in 34 files.',
    response=34.0
)",True
"Example({'response': 50, 'question': ' Kaleb started his own lawn mowing business. In the spring he made 4 dollars mowing lawns and in the summer he made 50 dollars. If he had to spend 4 dollars buying supplies, how much money did he end up with? '}) (input_keys={'question'})","Prediction(
    reasoning='Kaleb earned a total of $54 ($4 in spring and $50 in summer). After spending $4 on supplies, he had $50 left.',
    response=50.0
)",True
"Example({'response': 16, 'question': ' The school cafeteria ordered 6 red apples and 15 green apples for students lunches. But, if only 5 students wanted fruit, how many extra did the cafeteria end up with? '}) (input_keys={'question'})","Prediction(
    reasoning='The school ordered a total of 21 apples (6 red and 15 green). Only 5 students wanted fruit, so the cafeteria ended up with 16 extra apples.',
    response=16.0
)",True
"Example({'response': 7, 'question': ' Bianca picked 39 tulips and 49 roses to make flower bouquets. If she only used 81 of the flowers though, how many extra flowers did Bianca pick? '}) (input_keys={'question'})","Prediction(
    reasoning='Bianca picked a total of 39 tulips and 49 roses, which adds up to 88 flowers. She only used 81 of these, leaving her with 7 extra flowers.',
    response=7.0
)",True
"Example({'response': 19, 'question': ' While on vacation, Nancy took 49 pictures at the zoo and 8 at the museum. If she later deleted 38 of the pictures, how many pictures from her vacation did she still have? '}) (input_keys={'question'})","Prediction(
    reasoning='Nancy took a total of 49 + 8 = 57 pictures. She deleted 38, so she has 57 - 38 = 19 pictures remaining.',
    response=19.0
)",True
"Example({'response': 5, 'question': ' Gwen had 18 math problems and 11 science problems for homework. If she finished 24 of the problems at school, how many problems did she have to do for homework? '}) (input_keys={'question'})","Prediction(
    reasoning='Gwen had a total of 18 math problems and 11 science problems, which adds up to 29 problems in total. She finished 24 of these at school, so the number of problems she still needs to complete is 29 minus 24, which equals 5.',
    response=5.0
)",True
"Example({'response': 7, 'question': ' For Halloween Katie and her sister combined the candy they received. Katie had 10 pieces of candy while her sister had 6. If they ate 9 pieces the first night, how many pieces do they have left? '}) (input_keys={'question'})","Prediction(
    reasoning='Katie and her sister combined their candy: 10 (Katie) + 6 (sister) = 16. They ate 9 pieces, so the remaining candies are 16 - 9 = 7.',
    response=7.0
)",True
"Example({'response': 45, 'question': ' A pet store had 15 siamese cats and 49 house cats. During a sale they sold 19 cats. How many cats do they have left? '}) (input_keys={'question'})","Prediction(
    reasoning='The pet store initially has a total of 15 Siamese cats and 49 house cats, which adds up to 64 cats. After selling 19 cats during the sale, the remaining number of cats is calculated by subtracting 19 from 64, resulting in 45 cats.',
    response=45.0
)",True
"Example({'response': 21, 'question': "" There were 9 girls and 14 boys trying out for the schools basketball team. If only 2 of them got called back, how many students didn't make the cut? ""}) (input_keys={'question'})","Prediction(
    reasoning=""The total number of students who tried out is the sum of girls and boys: 9 + 14 = 23. Since only 2 made it back, the number of students who didn't make the cut is 23 - 2 = 21."",
    response=21.0
)",True
"Example({'response': 58, 'question': ' Haley had 27 music files and 42 video files on her flash drive. If she deleted 11 of the files, how many files were still on her flash drive? '}) (input_keys={'question'})","Prediction(
    reasoning='The total number of files initially is 27 (music) + 42 (video) = 69 files. After deleting 11 files, the remaining number of files is 69 - 11 = 58 files.',
    response=58.0
)",True
"Example({'response': 19, 'question': ' While shopping, Maria bought 40 green towels and 44 white towels. If she gave her mother 65 of them, how many towels did Maria end up with? '}) (input_keys={'question'})","Prediction(
    reasoning='Maria initially purchased a total of 40 green towels and 44 white towels. Adding these together gives us the total number of towels: 40 + 44 = 84 towels. After giving away 65 towels to her mother, the remaining number of towels is calculated by subtracting 65 from the total: 84 - 65 = 19 towels.',
    response=19.0
)",True
"Example({'response': 2, 'question': "" A waiter at 'The Greasy Spoon' restaurant had 39 customers to wait on. During the lunch rush he added another 12 customers. If 49 of the customers didn't leave him a tip, how many customers did leave a tip? ""}) (input_keys={'question'})","Prediction(
    reasoning=""There are 39 initial customers plus 12 more during lunch rush, totaling 51 customers. Out of these, 49 didn't leave a tip, so the number of customers who did leave a tip is 51 - 49 = 2."",
    response=2.0
)",True
"Example({'response': 8, 'question': ' A pet store had 19 siamese cats and 45 house cats. During a sale they sold 56 cats. How many cats do they have left? '}) (input_keys={'question'})","Prediction(
    reasoning='The pet store initially has 19 Siamese cats and 45 House cats, totaling 64 cats. After selling 56 cats during the sale, the remaining number of cats is calculated by subtracting 56 from 64, resulting in **8** cats left.',
    response=8.0
)",True
"Example({'response': 26, 'question': "" A waiter at 'The Greasy Spoon' restaurant had 26 customers to wait on. During the lunch rush he added another 27 customers. If 27 of the customers didn't leave him a tip, how many customers did leave a tip? ""}) (input_keys={'question'})","Prediction(
    reasoning=""The total number of customers is calculated by adding 26 (initial waiting) and 27 (lunch rush addition), resulting in 53 customers. Subtracting the 27 who didn't leave a tip, we find that 26 customers left a tip."",
    response=26.0
)",True
"Example({'response': 59, 'question': ' Rachel bought two coloring books. One had 24 pictures and the other had 39. After one week she had already colored 4 of the pictures. How many pictures does she still have to color? '}) (input_keys={'question'})","Prediction(
    reasoning='The total number of pictures is 24 + 39 = 63. After coloring 4, the remaining pictures are 63 - 4 = 59.',
    response=59.0
)",True
"Example({'response': 9, 'question': ' While shopping, Emily bought 5 green towels and 30 white towels. If she gave her mother 26 of them, how many towels did Emily end up with? '}) (input_keys={'question'})","Prediction(
    reasoning='Emily initially had a total of 5 green towels and 30 white towels, which sums up to 35 towels. After giving 26 towels to her mother, the remaining number of towels Emily has is calculated by subtracting 26 from 35:  \n\n35 - 26 = 9',
    response=9.0
)",True
"Example({'response': 23, 'question': ' For Halloween Katie and her sister combined the candy they received. Katie had 8 pieces of candy while her sister had 23. If they ate 8 pieces the first night, how many pieces do they have left? '}) (input_keys={'question'})","Prediction(
    reasoning='Katie had 8 pieces of candy and her sister had 23. Together, they had a total of 8 + 23 = 31 pieces. After eating 8 pieces on the first night, the remaining candies are 31 - 8 = 23.',
    response=23.0
)",True
"Example({'response': 3, 'question': "" Ned was trying to expand his game collection. He bought 50 games from a friend and bought 27 more at a garage sale. If 74 of the games didn't work, how many good games did he end up with? ""}) (input_keys={'question'})","Prediction(
    reasoning='Ned bought a total of 50 games from his friend and 27 more at a garage sale, resulting in 77 games. Out of these, 74 were bad, so the remaining 3 were good.',
    response=3.0
)",True
"Example({'response': 40, 'question': ' For the school bake sale Wendy made pastries. She baked 41 cupcakes and 31 cookies. After the sale she had 32 to take back home. How many pastries did she sell? '}) (input_keys={'question'})","Prediction(
    reasoning='Wendy made a total of 72 pastries (41 cupcakes + 31 cookies). After the sale, she had 32 left. To find out how many she sold, subtract the remaining from the total: 72 - 32 = 40.',
    response=40.0
)",True
"Example({'response': 32, 'question': ' The school cafeteria ordered 25 red apples and 17 green apples for students lunches. But, if only 10 students wanted fruit, how many extra did the cafeteria end up with? '}) (input_keys={'question'})","Prediction(
    reasoning='The cafeteria ordered a total of 42 apples (25 red and 17 green). If only 10 students wanted fruit, assuming each student took one apple, then the cafeteria had 32 extra apples.',
    response=32.0
)",True
"Example({'response': 34, 'question': "" At the arcade, Jerry won 29 tickets playing 'whack a mole' and 17 tickets playing 'skee ball'. If he spent 12 of his tickets on a hat, how many tickets does Jerry have left? ""}) (input_keys={'question'})","Prediction(
    reasoning=""Jerry initially won a total of 29 tickets playing 'whack a mole' and 17 tickets playing 'skee ball'. Adding these together:  \n\n29 (whack a mole) + 17 (skee ball) = 46 tickets.  \n\nJerry spent 12 tickets on a hat, so the number of tickets he has left is:  \n\n46 (total tickets) - 12 (tickets spent) = 34 tickets."",
    response=34.0
)",True
"Example({'response': 35, 'question': ' Cody had 45 dollars. For his birthday he got 9 more dollars but spent 19 on a new game. How much money does he have now? '}) (input_keys={'question'})","Prediction(
    reasoning='Cody started with $45. He received an additional $9 for his birthday, making his total $54. After spending $19 on a new game, he had $35 remaining.',
    response=35.0
)",True
"Example({'response': 49, 'question': ' For the school bake sale Carol made 30 cupcakes. If she sold 9 of them and then made 28 more, how many cupcakes would she have? '}) (input_keys={'question'})","Prediction(
    reasoning='Carol started with 30 cupcakes. After selling 9, she had 21 left. Then, she made 28 more, totaling 49 cupcakes.',
    response=49.0
)",True
"Example({'response': 62, 'question': ' For Halloween Faye scored 47 pieces of candy. She ate 25 pieces the first night and then her sister gave her 40 more pieces. How many pieces of candy does Faye have now? '}) (input_keys={'question'})","Prediction(
    reasoning='Faye starts with 47 pieces of candy. She eats 25 on the first night, leaving her with 22. Her sister gives her 40 more, so adding those to the remaining 22 gives a total of 62 pieces.',
    response=62.0
)",True
"Example({'response': 24, 'question': ' Kaleb had 34 books. If he sold 17 of them and used the money he earned to buy 7 new books, how many books would Kaleb have? '}) (input_keys={'question'})","Prediction(
    reasoning='Kaleb starts with 34 books. He sells 17 of them, leaving him with 17 books. Then he uses the money from those sales to buy 7 new books. Adding these together: 17 + 7 = 24.',
    response=24.0
)",True
"Example({'response': 48, 'question': ' In fourth grade there were 10 students at the start of the year. During the year 4 students left and 42 new students came to school. How many students were in fourth grade at the end? '}) (input_keys={'question'})","Prediction(
    reasoning='The initial number of students was 10. After 4 students left and 42 new students joined, the total became 10 - 4 + 42 = 48.',
    response=48.0
)",True
"Example({'response': 61, 'question': ' Oliver had 33 dollars in January. By March he had spent 4 dollars. If he got another 32 dollars from his mom, how much money would he have? '}) (input_keys={'question'})","Prediction(
    reasoning='Starting with \\$33, Oliver spends \\$4 by March, leaving him with \\$29. He receives an additional \\$32 from his mom, bringing his total to \\$61.',
    response=61.0
)",True
"Example({'response': 40, 'question': ' A florist had 37 roses. If she sold 16 of them and then later picked 19 more, how many roses would she have? '}) (input_keys={'question'})","Prediction(
    reasoning='The florist starts with 37 roses. After selling 16, she has 21 left. Then, she picks up 19 more, totaling 40 roses.',
    response=40.0
)",True
"Example({'response': 20, 'question': ' A teacher had 6 worksheets to grade. If she graded 4, but then another 18 were turned in, how many worksheets would she have to grade? '}) (input_keys={'question'})","Prediction(
    reasoning='The teacher initially had 6 worksheets to grade. After grading 4, she had 2 left. Then, another 18 were turned in, so she needs to grade all of them. Adding those together: 2 + 18 = 20.',
    response=20.0
)",True
"Example({'response': 10, 'question': ' A book store had 41 books in the bargin bin. If they sold 33 books, but then put 2 more in the bin, how many books would be in the bin? '}) (input_keys={'question'})","Prediction(
    reasoning='The calculation starts with 41 books. After selling 33, we have 8 books left. Adding 2 more brings the total to 10.',
    response=10.0
)",True
"Example({'response': 41, 'question': ' A waiter had 19 customers to wait on. If 14 customers left and he got another 36 customers, how many customers would he have? '}) (input_keys={'question'})","Prediction(
    reasoning='The initial number of customers is 19. After 14 customers leave, we subtract 14 from 19, resulting in 5 customers remaining. Then, adding another 36 customers brings the total to 41.',
    response=41.0
)",True
"Example({'response': 6, 'question': ' At the fair there were 9 people in line for the bumper cars. If 6 of them got tired of waiting and left and 3 more got in line, how many people would be in line? '}) (input_keys={'question'})","Prediction(
    reasoning='The initial number of people in line was 9. After 6 people left, the count became 3. Adding 3 more people to this reduced group brings the total back up to 6.',
    response=6.0
)",True
"Example({'response': 51, 'question': ' A teacher had 7 worksheets to grade. If she graded 2, but then another 46 were turned in, how many worksheets would she have to grade? '}) (input_keys={'question'})","Prediction(
    reasoning='The teacher initially graded 7 worksheets. She then graded an additional 2 out of these 7, leaving her with 5. After that, another 46 were turned in and needed to be graded as well. Therefore, the total number of worksheets she had to grade is the sum of the initial 7 minus the 2 already graded plus the 46 new ones: (7 - 2) + 46 = 51.',
    response=48.0
)",False
"Example({'response': 33, 'question': ' Paige had 8 songs on her mp3 player. If she deleted 5 old songs from it and then added 30 new songs, how many songs does she have on her mp3 player? '}) (input_keys={'question'})","Prediction(
    reasoning='Paige started with 8 songs. She deleted 5 old ones, leaving her with 3 songs. Then she added 30 new songs, bringing the total to 33 songs.',
    response=33.0
)",True
"Example({'response': 52, 'question': ' Maria picked 48 carrots from her garden. If she threw out 11 of them and then picked 15 more the next day, how many carrots would she have total? '}) (input_keys={'question'})","Prediction(
    reasoning='Maria picked a total of 48 carrots initially. After throwing out 11, she had 37 left. On the next day, she picked 15 more, totaling 52 carrots by the end of the second day.',
    response=52.0
)",True
"Example({'response': 27, 'question': ' A store had 34 oranges in a bin. If they threw away 20 of the old ones and put 13 new ones in the bin how many would be in the bin? '}) (input_keys={'question'})","Prediction(
    reasoning='The store initially had 34 oranges in the bin. After throwing away 20 oranges, there were 14 oranges remaining. Then, adding 13 new oranges to the existing 14 resulted in a total of 27 oranges in the bin.',
    response=27.0
)",True
"Example({'response': 26, 'question': ' A waiter had 47 customers to wait on. If 41 customers left and he got another 20 customers, how many customers would he have? '}) (input_keys={'question'})","Prediction(
    reasoning='The initial number of customers is 47. After 41 customers leave, we subtract 41 from 47, resulting in 6 customers remaining. Then, adding another 20 customers gives us a total of 26 customers waiting on the waiter.',
    response=26.0
)",True
"Example({'response': 29, 'question': ' In fourth grade there were 33 students at the start of the year. During the year 18 students left and 14 new students came to school. How many students were in fourth grade at the end? '}) (input_keys={'question'})","Prediction(
    reasoning='The initial number of students was 33. After 18 students left and 14 new students joined, the total became 29.',
    response=29.0
)",True
"Example({'response': 26, 'question': ' For the school bake sale Katie made 26 cupcakes. If she sold 20 of them and then made 20 more, how many cupcakes would she have? '}) (input_keys={'question'})","Prediction(
    reasoning='Katie started with 26 cupcakes. She sold 20 of them, leaving her with 6 cupcakes. Then she made an additional 20 cupcakes, so we add those together: 6 + 20 = 26 cupcakes in total.',
    response=26.0
)",True
"Example({'response': 8, 'question': ' Adam had 5 dollars. At the store he spent $2 on a new game. If he got another 5 dollars for his allowance, how much money does he have now? '}) (input_keys={'question'})","Prediction(
    reasoning=""Let's calculate how much money Adam has after his purchases and allowance.\n\n1. **Initial amount**: $5\n2. **Spending on game**: -$2 (since he spent this money)\n3. **Remaining money after purchase**: $5 - $2 = $3\n4. **Allowance received**: +$5\n\n**Total money after all transactions**: $3 + $5 = $8"",
    response=8.0
)",True
"Example({'response': 56, 'question': ' Tiffany was playing a video game and had 43 lives. In a hard part of the game she lost 14 lives. If she got 27 more lives in the next level, how many lives would she have? '}) (input_keys={'question'})","Prediction(
    reasoning='Tiffany started with 43 lives. She lost 14 lives, so her remaining lives were:  \n43 - 14 = 29  \n\nThen, she gained 27 more lives in the next level:  \n29 + 27 = 56',
    response=56.0
)",True
"Example({'response': 17, 'question': ' At the fair there were 12 people in line for the bumper cars. If 10 of them got tired of waiting and left and 15 more got in line, how many people would be in line? '}) (input_keys={'question'})","Prediction(
    reasoning='The initial number of people in line is 12. After 10 people leave, there are 12 - 10 = 2 people remaining. Then, 15 more join the line, so 2 + 15 = 17 people are now in line.',
    response=17.0
)",True
"Example({'response': 50, 'question': ' A waiter had 14 customers to wait on. If 3 customers left and he got another 39 customers, how many customers would he have? '}) (input_keys={'question'})","Prediction(
    reasoning='The waiter started with 14 customers. After 3 left, he had 11 remaining. Adding another 39 customers gave a total of 50.',
    response=50.0
)",True
"Example({'response': 25, 'question': ' At the fair there were 30 people in line for the bumper cars. If 10 of them got tired of waiting and left and 5 more got in line, how many people would be in line? '}) (input_keys={'question'})","Prediction(
    reasoning='The initial number of people in line was 30. After 10 people left, the count became 20. Adding 5 more people to this reduced group resulted in a total of 25 people in line.',
    response=25.0
)",True
"Example({'response': 79, 'question': ' Faye had 34 coloring books. If she gave away 3 of them, but then bought 48 more, how many would she have total? '}) (input_keys={'question'})","Prediction(
    reasoning='Faye starts with 34 coloring books. She gives away 3, so we subtract: 34 - 3 = 31. Then she buys 48 more, so we add: 31 + 48 = 79.',
    response=79.0
)",True
"Example({'response': 10, 'question': ' Paige had 11 songs on her mp3 player. If she deleted 9 old songs from it and then added 8 new songs, how many songs does she have on her mp3 player? '}) (input_keys={'question'})","Prediction(
    reasoning='Paige started with 11 songs. After deleting 9 old songs, she had 2 songs remaining. Adding 8 new songs to these 2 resulted in a total of 10 songs on her mp3 player.',
    response=10.0
)",True
"Example({'response': 49, 'question': ' A teacher had 38 worksheets to grade. If she graded 4, but then another 15 were turned in, how many worksheets would she have to grade? '}) (input_keys={'question'})","Prediction(
    reasoning='The teacher starts with 38 worksheets and grades 4, leaving her with 34. Then, another 15 are turned in, which she must also grade. Adding these together: 34 + 15 = 49.',
    response=49.0
)",True
"Example({'response': 52, 'question': ' In fourth grade there were 40 students at the start of the year. During the year 14 students left and 26 new students came to school. How many students were in fourth grade at the end? '}) (input_keys={'question'})","Prediction(
    reasoning='The calculation involves subtracting the number of students who left and then adding those who came in. Starting with 40 students:  \n40 - 14 = 26 (students remaining after some left)  \n26 + 26 = 52 (total after new students arrive)',
    response=52.0
)",True
"Example({'response': 74, 'question': ' Wendy was playing a video game and had 43 lives. In a hard part of the game she lost 8 lives. If she got 39 more lives in the next level, how many lives would she have? '}) (input_keys={'question'})","Prediction(
    reasoning='Wendy started with 43 lives. She lost 8 lives, so we subtract: 43 - 8 = 35. Then she gained 39 lives, so we add: 35 + 39 = 74.',
    response=74.0
)",True
"Example({'response': 11, 'question': ' A book store had 4 books in the bargin bin. If they sold 3 books, but then put 10 more in the bin, how many books would be in the bin? '}) (input_keys={'question'})","Prediction(
    reasoning='The initial number of books in the bin is 4. After selling 3 books, there are 1 book remaining. Adding 10 more books brings the total to 11.',
    response=11.0
)",True
"Example({'response': 30, 'question': ' At the arcade Cody won 49 tickets. If he spent 25 tickets on a beanie and later won 6 more tickets, how many would he have? '}) (input_keys={'question'})","Prediction(
    reasoning='Cody starts with 49 tickets. He spends 25 on a beanie, leaving him with 24 tickets. Then he wins 6 more tickets, bringing his total to 30 tickets.',
    response=30.0
)",True
"Example({'response': 25, 'question': ' For the school bake sale Bianca made 14 cupcakes. If she sold 6 of them and then made 17 more, how many cupcakes would she have? '}) (input_keys={'question'})","Prediction(
    reasoning='Bianca started with 14 cupcakes. She sold 6, leaving her with 14 - 6 = 8 cupcakes. Then she made 17 more, so the total number of cupcakes becomes 8 + 17 = 25.',
    response=25.0
)",True
"Example({'response': 59, 'question': ' Bianca had 45 coloring books. If she gave away 6 of them, but then bought 20 more, how many would she have total? '}) (input_keys={'question'})","Prediction(
    reasoning='Bianca starts with 45 coloring books. She gives away 6, so we subtract: 45 - 6 = 39. Then she buys 20 more, so we add: 39 + 20 = 59.',
    response=59.0
)",True
"Example({'response': 57, 'question': ' Zoe had 15 songs on her mp3 player. If she deleted 8 old songs from it and then added 50 new songs, how many songs does she have on her mp3 player? '}) (input_keys={'question'})","Prediction(
    reasoning='15 - 8 = 7  \n7 + 50 = 57',
    response=57.0
)",True
"Example({'response': 49, 'question': ' At the arcade Jerry won 4 tickets. If he spent 2 tickets on a beanie and later won 47 more tickets, how many would he have? '}) (input_keys={'question'})","Prediction(
    reasoning='Jerry started with 4 tickets. He spent 2 on a beanie, leaving him with 2 tickets. Then he won 47 more tickets, bringing his total to 49.',
    response=49.0
)",True
"Example({'response': 60, 'question': ' A store had 31 oranges in a bin. If they threw away 9 of the old ones and put 38 new ones in the bin how many would be in the bin? '}) (input_keys={'question'})","Prediction(
    reasoning='The store starts with 31 oranges. After throwing away 9, there are 22 left. Then, adding 38 new ones brings the total to 60.',
    response=60.0
)",True
"Example({'response': 45, 'question': ' Adam had 33 books. If he sold 11 of them and used the money he earned to buy 23 new books, how many books would Adam have? '}) (input_keys={'question'})","Prediction(
    reasoning='Adam starts with 33 books. After selling 11, he has 22 books left. He uses the money from those sales to buy 23 new books, so his total becomes 22 + 23 = 45 books.',
    response=45.0
)",True
"Example({'response': 10, 'question': ' At the fair there were 10 people in line for the bumper cars. If 2 of them got tired of waiting and left and 2 more got in line, how many people would be in line? '}) (input_keys={'question'})","Prediction(
    reasoning='The initial number of people in line is 10. After 2 people leave, we have 8 people remaining. Then, 2 more join the line, bringing the total back to 10. Therefore, the net change is zero, and the number of people in line remains **10**.',
    response=10.0
)",True
"Example({'response': 46, 'question': ' The school cafeteria had 38 apples. If they used 20 to make lunch for the students and then bought 28 more, how many apples would they have? '}) (input_keys={'question'})","Prediction(
    reasoning='The school cafeteria initially had 38 apples. After using 20 apples for lunch, they were left with 18 apples. Then, they purchased an additional 28 apples, bringing the total to 46 apples.',
    response=46.0
)",True
"Example({'response': 60, 'question': "" George had 28 socks. If he threw away 4 old ones that didn't fit and bought 36 new ones, how many socks would he have? ""}) (input_keys={'question'})","Prediction(
    reasoning='George started with 28 socks. He threw away 4 old ones, leaving him with 24 socks. Then he bought 36 new ones. Adding these together: 24 + 36 = 60.',
    response=60.0
)",True
"Example({'response': 37, 'question': ' For Halloween Robin scored 23 pieces of candy. She ate 7 pieces the first night and then her sister gave her 21 more pieces. How many pieces of candy does Robin have now? '}) (input_keys={'question'})","Prediction(
    reasoning='Robin started with 23 pieces of candy. She ate 7 on the first night, leaving her with 16 pieces. Her sister gave her an additional 21 pieces, so adding those to the remaining amount gives a total of 37 pieces.',
    response=37.0
)",True
"Example({'response': 32, 'question': ' Rachel was playing a video game and had 10 lives. In a hard part of the game she lost 4 lives. If she got 26 more lives in the next level, how many lives would she have? '}) (input_keys={'question'})","Prediction(
    reasoning='Rachel starts with 10 lives. She loses 4, leaving her at 6 lives. Then she gains 26 more lives, totaling 32 lives.',
    response=32.0
)",True
"Example({'response': 13, 'question': ' A florist had 6 roses. If she sold 5 of them and then later picked 12 more, how many roses would she have? '}) (input_keys={'question'})","Prediction(
    reasoning='The florist starts with 6 roses. After selling 5, she has 1 left. Then, she picks up 12 more, totaling 13 roses.',
    response=13.0
)",True
"Example({'response': 35, 'question': ' For Halloween Haley scored 33 pieces of candy. She ate 17 pieces the first night and then her sister gave her 19 more pieces. How many pieces of candy does Haley have now? '}) (input_keys={'question'})","Prediction(
    reasoning='Haley started with 33 pieces of candy. She ate 17 on the first night, leaving her with 16. Her sister then gave her 19 more pieces, so adding those to the remaining 16 gives a total of 35 pieces.',
    response=35.0
)",True
"Example({'response': 50, 'question': ' The school cafeteria had 14 apples. If they used 13 to make lunch for the students and then bought 49 more, how many apples would they have? '}) (input_keys={'question'})","Prediction(
    reasoning='14 - 13 + 49 = 50',
    response=50.0
)",True
"Example({'response': 38, 'question': ' Edward had 43 books. If he sold 19 of them and used the money he earned to buy 14 new books, how many books would Edward have? '}) (input_keys={'question'})","Prediction(
    reasoning='He starts with 43 books. After selling 19, he has 24 left. Using the money from those sales, he buys 14 new books, so his total is 24 + 14 = 38.',
    response=38.0
)",True
"Example({'response': 33, 'question': ' A teacher had 29 worksheets to grade. If she graded 25, but then another 29 were turned in, how many worksheets would she have to grade? '}) (input_keys={'question'})","Prediction(
    reasoning='The teacher initially has 29 worksheets to grade. She grades 25 of them, leaving 4 remaining. Then, an additional 29 were turned in, so she now needs to grade 4 + 29 = 33 worksheets.',
    response=33.0
)",True
"Example({'response': 35, 'question': ' In fourth grade there were 35 students at the start of the year. During the year 10 students left and 10 new students came to school. How many students were in fourth grade at the end? '}) (input_keys={'question'})","Prediction(
    reasoning='The initial number of students is 35. After 10 students leave, we have 25 students remaining. Then, 10 new students join, bringing the total back to 35. Therefore, at the end of the year, there are **35** students in fourth grade.',
    response=35.0
)",True
"Example({'response': 40, 'question': ' For the school bake sale Carol made 19 cupcakes. If she sold 6 of them and then made 27 more, how many cupcakes would she have? '}) (input_keys={'question'})","Prediction(
    reasoning='Carol started with 19 cupcakes. She sold 6, leaving her with 13. Then she made 27 more, totaling 40 cupcakes.',
    response=40.0
)",True
"Example({'response': 10, 'question': ' A store had 40 oranges in a bin. If they threw away 37 of the old ones and put 7 new ones in the bin how many would be in the bin? '}) (input_keys={'question'})","Prediction(
    reasoning='The store starts with 40 oranges in the bin. After throwing away 37, there are 3 oranges left. Adding 7 new ones brings the total to 10 oranges.',
    response=10.0
)",True
"Example({'response': 58, 'question': ' At the arcade Victor won 46 tickets. If he spent 27 tickets on a beanie and later won 39 more tickets, how many would he have? '}) (input_keys={'question'})","Prediction(
    reasoning='He started with 46 tickets, spent 27, so he had 19 left. Then he won 39 more, totaling 58.',
    response=58.0
)",True
"Example({'response': 45, 'question': ' Chloe picked 48 carrots from her garden. If she threw out 45 of them and then picked 42 more the next day, how many carrots would she have total? '}) (input_keys={'question'})","Prediction(
    reasoning='Chloe started with 48 carrots. After throwing out 45, she had 3 left. Then she picked 42 more, totaling 45 carrots.',
    response=45.0
)",True
"Example({'response': 43, 'question': "" Sam had 10 socks. If he threw away 3 old ones that didn't fit and bought 36 new ones, how many socks would he have? ""}) (input_keys={'question'})","Prediction(
    reasoning='Sam started with 10 socks. He threw away 3 old ones, leaving him with 7 socks. Then he bought 36 new ones, adding to his collection. So, the total number of socks Sam has now is 7 + 36 = 43.',
    response=43.0
)",True
"Example({'response': 51, 'question': ' Maria had 14 bottles of water in her fridge. If she drank 8 of them and then bought 45 more, how many bottles would she have? '}) (input_keys={'question'})","Prediction(
    reasoning='Maria started with 14 bottles and drank 8 of them:  \n14 - 8 = 6 bottles remaining.  \n\nThen she bought 45 more bottles:  \n6 + 45 = 51 bottles in total.',
    response=51.0
)",True
"Example({'response': 63, 'question': ' A teacher had 34 worksheets to grade. If she graded 7, but then another 36 were turned in, how many worksheets would she have to grade? '}) (input_keys={'question'})","Prediction(
    reasoning='63',
    response=63.0
)",True
"Example({'response': 11, 'question': ' At the fair there were 7 people in line for the bumper cars. If 4 of them got tired of waiting and left and 8 more got in line, how many people would be in line? '}) (input_keys={'question'})","Prediction(
    reasoning='The initial number of people in line was 7. After 4 people left, the count became 3. Then, adding 8 more people to the line resulted in a total of 11 people.',
    response=11.0
)",True
"Example({'response': 19, 'question': ' Emily had 7 coloring books. If she gave away 2 of them, but then bought 14 more, how many would she have total? '}) (input_keys={'question'})","Prediction(
    reasoning='19',
    response=19.0
)",True
"Example({'response': 18, 'question': ' At the arcade Dave won 25 tickets. If he spent 22 tickets on a beanie and later won 15 more tickets, how many would he have? '}) (input_keys={'question'})","Prediction(
    reasoning='Dave starts with 25 tickets. He spends 22 tickets on a beanie, leaving him with 3 tickets. Then he wins 15 more tickets, so we add those to the remaining 3. \n\n\\[\n25 - 22 = 3\n\\]\n\\[\n3 + 15 = 18\n\\]',
    response=18.0
)",True
"Example({'response': 32, 'question': ' Robin had 30 songs on her mp3 player. If she deleted 8 old songs from it and then added 10 new songs, how many songs does she have on her mp3 player? '}) (input_keys={'question'})","Prediction(
    reasoning='Robin started with 30 songs. She deleted 8 old songs, leaving her with 22 songs. Then she added 10 new songs, bringing the total to 32 songs.',
    response=32.0
)",True
"Example({'response': 9, 'question': ' The school cafeteria had 23 apples. If they used 20 to make lunch for the students and then bought 6 more, how many apples would they have? '}) (input_keys={'question'})","Prediction(
    reasoning='The school cafeteria started with 23 apples. After using 20 apples for lunch, they had 3 apples remaining. They then purchased an additional 6 apples, bringing the total to 9 apples.',
    response=9.0
)",True
"Example({'response': 54, 'question': ' Janet was playing a video game and had 38 lives. In a hard part of the game she lost 16 lives. If she got 32 more lives in the next level, how many lives would she have? '}) (input_keys={'question'})","Prediction(
    reasoning='Janet starts with 38 lives. She loses 16 lives, so her total becomes 38 - 16 = 22 lives. In the next level, she gains 32 more lives, so her total is now 22 + 32 = 54 lives.',
    response=54.0
)",True
"Example({'response': 61, 'question': ' Megan picked 19 carrots from her garden. If she threw out 4 of them and then picked 46 more the next day, how many carrots would she have total? '}) (input_keys={'question'})","Prediction(
    reasoning='Megan picked 19 carrots from her garden. She threw out 4, leaving her with 15. The next day, she picked 46 more, totaling 15 + 46 = 61 carrots.',
    response=61.0
)",True
"Example({'response': 71, 'question': ' Roger had 45 dollars in January. By March he had spent 20 dollars. If he got another 46 dollars from his mom, how much money would he have? '}) (input_keys={'question'})","Prediction(
    reasoning='Roger started with \\$45 in January. By March, he spent \\$20, leaving him with \\$25. He then received an additional \\$46 from his mom, bringing his total to \\$71.',
    response=71.0
)",True
"Example({'response': 38, 'question': ' The school cafeteria had 17 apples. If they used 2 to make lunch for the students and then bought 23 more, how many apples would they have? '}) (input_keys={'question'})","Prediction(
    reasoning='17 - 2 = 15  \n15 + 23 = 38',
    response=38.0
)",True
"Example({'response': 70, 'question': ' Janet was playing a video game and had 47 lives. In a hard part of the game she lost 23 lives. If she got 46 more lives in the next level, how many lives would she have? '}) (input_keys={'question'})","Prediction(
    reasoning='Janet starts with 47 lives. She loses 23 lives: 47 - 23 = 24 lives remaining. Then she gains 46 more lives: 24 + 46 = 70 lives.',
    response=70.0
)",True
"Example({'response': 31, 'question': ' Nancy picked 12 carrots from her garden. If she threw out 2 of them and then picked 21 more the next day, how many carrots would she have total? '}) (input_keys={'question'})","Prediction(
    reasoning='Nancy starts with 12 carrots, throws out 2, leaving her with 10. The next day, she picks up 21 more, so the total is 10 + 21 = 31.',
    response=31.0
)",True
"Example({'response': 64, 'question': ' Bianca had 34 songs on her mp3 player. If she deleted 14 old songs from it and then added 44 new songs, how many songs does she have on her mp3 player? '}) (input_keys={'question'})","Prediction(
    reasoning='Bianca starts with 34 songs. After deleting 14 old songs, she has 20 songs left. Adding 44 new songs brings her total to 64 songs.',
    response=64.0
)",True
"Example({'response': 39, 'question': ' Tom had 5 books. If he sold 4 of them and used the money he earned to buy 38 new books, how many books would Tom have? '}) (input_keys={'question'})","Prediction(
    reasoning='Tom starts with 5 books and sells 4 of them, leaving him with 1 book. He then uses the money from selling these 4 books to buy 38 new books. Therefore, adding the remaining book to the newly bought ones gives a total of 39 books.',
    response=39.0
)",True
"Example({'response': 27, 'question': "" John had 33 socks. If he threw away 19 old ones that didn't fit and bought 13 new ones, how many socks would he have? ""}) (input_keys={'question'})","Prediction(
    reasoning='John started with 33 socks. He threw away 19 old ones, leaving him with 14 socks. Then he bought 13 new ones, so his total number of socks is 27.',
    response=27.0
)",True
"Example({'response': 24, 'question': ' For the school bake sale Maria made 19 cupcakes. If she sold 5 of them and then made 10 more, how many cupcakes would she have? '}) (input_keys={'question'})","Prediction(
    reasoning='Maria started with 19 cupcakes. After selling 5, she had 14 left. She then made 10 more, totaling 24 cupcakes.',
    response=24.0
)",True
"Example({'response': 34, 'question': ' A store had 50 oranges in a bin. If they threw away 40 of the old ones and put 24 new ones in the bin how many would be in the bin? '}) (input_keys={'question'})","Prediction(
    reasoning='The store initially had 50 oranges. After throwing away 40, there were 10 left. Adding 24 new ones brought the total to 34.',
    response=34.0
)",True
"Example({'response': 11, 'question': ' In fourth grade there were 8 students at the start of the year. During the year 5 students left and 8 new students came to school. How many students were in fourth grade at the end? '}) (input_keys={'question'})","Prediction(
    reasoning='We started with 8 students. After 5 left, we had 3 students remaining. Adding 8 new students brought the total to 11.',
    response=11.0
)",True
"Example({'response': 60, 'question': ' Bianca picked 23 carrots from her garden. If she threw out 10 of them and then picked 47 more the next day, how many carrots would she have total? '}) (input_keys={'question'})","Prediction(
    reasoning='Bianca starts with 23 carrots. After throwing out 10, she has 13 left. Then, picking 47 more gives her a total of 60 carrots.',
    response=60.0
)",True
"Example({'response': 47, 'question': ' Zoe had 42 bottles of water in her fridge. If she drank 25 of them and then bought 30 more, how many bottles would she have? '}) (input_keys={'question'})","Prediction(
    reasoning='Zoe starts with 42 bottles. She drinks 25, leaving her with 17 bottles. Then she buys 30 more, totaling 47 bottles.',
    response=47.0
)",True
"Example({'response': 28, 'question': ' Katie had 11 songs on her mp3 player. If she deleted 7 old songs from it and then added 24 new songs, how many songs does she have on her mp3 player? '}) (input_keys={'question'})","Prediction(
    reasoning='Katie started with 11 songs. She deleted 7 old songs, leaving her with 4 songs. Then she added 24 new songs to the remaining 4, resulting in a total of 28 songs.',
    response=28.0
)",True
"Example({'response': 31, 'question': ' A store had 5 oranges in a bin. If they threw away 2 of the old ones and put 28 new ones in the bin how many would be in the bin? '}) (input_keys={'question'})","Prediction(
    reasoning='The bin initially contains 5 oranges. After throwing away 2, there are 3 oranges left. Adding 28 new oranges brings the total to 3 + 28 = 31.',
    response=31.0
)",True
"Example({'response': 67, 'question': ' Adam had 48 books. If he sold 19 of them and used the money he earned to buy 38 new books, how many books would Adam have? '}) (input_keys={'question'})","Prediction(
    reasoning='He starts with 48 books. After selling 19, he has 27 books left. Using the money from those sales, he buys 38 new books, so his total becomes 27 + 38 = 65.',
    response=65.0
)",False
"Example({'response': 37, 'question': ' In fourth grade there were 31 students at the start of the year. During the year 5 students left and 11 new students came to school. How many students were in fourth grade at the end? '}) (input_keys={'question'})","Prediction(
    reasoning='The initial number of students is 31. After 5 students left, the count becomes 26. Then, 11 new students joined, bringing the total to 37.',
    response=37.0
)",True
"Example({'response': 59, 'question': ' For the school bake sale Robin made 42 cupcakes. If she sold 22 of them and then made 39 more, how many cupcakes would she have? '}) (input_keys={'question'})","Prediction(
    reasoning='Robin started with 42 cupcakes. She sold 22, leaving her with 42 - 22 = 20 cupcakes. Then she made 39 more, so the total number of cupcakes is 20 + 39 = 59.',
    response=59.0
)",True
"Example({'response': 41, 'question': ' A florist had 11 roses. If she sold 2 of them and then later picked 32 more, how many roses would she have? '}) (input_keys={'question'})","Prediction(
    reasoning='The florist starts with 11 roses. After selling 2, she has 9 left. Then, she picks up 32 more roses, totaling 41 roses.',
    response=41.0
)",True
"Example({'response': 22, 'question': ' Frank had 11 dollars. At the store he spent $3 on a new game. If he got another 14 dollars for his allowance, how much money does he have now? '}) (input_keys={'question'})","Prediction(
    reasoning='Frank starts with \\$11. He spends \\$3 on a game, leaving him with \\$8. Then he receives another \\$14 for his allowance, totaling \\$22.',
    response=22.0
)",True
"Example({'response': 46, 'question': ' Haley was playing a video game and had 14 lives. In a hard part of the game she lost 4 lives. If she got 36 more lives in the next level, how many lives would she have? '}) (input_keys={'question'})","Prediction(
    reasoning='Haley starts with 14 lives. She loses 4 lives, so her count becomes 10. Then, she gains 36 more lives, bringing her total to 46.',
    response=46.0
)",True
"Example({'response': 58, 'question': ' Luke had 48 dollars in January. By March he had spent 11 dollars. If he got another 21 dollars from his mom, how much money would he have? '}) (input_keys={'question'})","Prediction(
    reasoning='Luke started with \\$48 in January. By March, he spent \\$11, leaving him with \\$37. His mom then gave him an additional \\$21, bringing his total to \\$58.',
    response=58.0
)",True
"Example({'response': 41, 'question': ' Emily was playing a video game and had 42 lives. In a hard part of the game she lost 25 lives. If she got 24 more lives in the next level, how many lives would she have? '}) (input_keys={'question'})","Prediction(
    reasoning='The calculation starts with Emily having 42 lives. After losing 25 lives, her total becomes 17 lives. Then, gaining 24 more lives brings her to a total of 41 lives.',
    response=41.0
)",True
"Example({'response': 58, 'question': ' Debby had 30 coloring books. If she gave away 7 of them, but then bought 35 more, how many would she have total? '}) (input_keys={'question'})","Prediction(
    reasoning='She starts with 30 coloring books. After giving away 7, she has 23 left. Then, she buys 35 more, bringing her total to 58.',
    response=58.0
)",True
"Example({'response': 23, 'question': ' The school cafeteria had 12 apples. If they used 8 to make lunch for the students and then bought 19 more, how many apples would they have? '}) (input_keys={'question'})","Prediction(
    reasoning='The school cafeteria starts with 12 apples. After using 8 for lunch, they have 4 apples left. Then, purchasing 19 more apples adds to their stock, resulting in a total of 23 apples.',
    response=23.0
)",True
"Example({'response': 31, 'question': ' At the fair there were 31 people in line for the bumper cars. If 25 of them got tired of waiting and left and 25 more got in line, how many people would be in line? '}) (input_keys={'question'})","Prediction(
    reasoning='The initial number of people in line is 31. After 25 leave, we have 6 remaining. Adding back 25 brings us back to 31. Therefore, there are no net changes in the number of people in line.',
    response=31.0
)",True
"Example({'response': 56, 'question': ' A florist had 50 roses. If she sold 15 of them and then later picked 21 more, how many roses would she have? '}) (input_keys={'question'})","Prediction(
    reasoning='The florist starts with 50 roses. After selling 15, she has 35 left. Then she picks up 21 more, totaling 56 roses.',
    response=56.0
)",True
"Example({'response': 23, 'question': ' Zoe had 6 songs on her mp3 player. If she deleted 3 old songs from it and then added 20 new songs, how many songs does she have on her mp3 player? '}) (input_keys={'question'})","Prediction(
    reasoning='Zoe started with 6 songs. She deleted 3 old ones, leaving her with 3 songs. Then she added 20 new songs to her collection. Adding those together: 3 + 20 = 23.',
    response=23.0
)",True
"Example({'response': 16, 'question': ' At the arcade Dave won 11 tickets. If he spent 5 tickets on a beanie and later won 10 more tickets, how many would he have? '}) (input_keys={'question'})","Prediction(
    reasoning='Dave starts with 11 tickets. He spends 5 on a beanie, leaving him with 6 tickets. Then he wins 10 more tickets, bringing his total to 16.',
    response=16.0
)",True
"Example({'response': 28, 'question': ' A waiter had 33 customers to wait on. If 31 customers left and he got another 26 customers, how many customers would he have? '}) (input_keys={'question'})","Prediction(
    reasoning='The initial number of customers is 33. After 31 customers leave, we subtract them: 33 - 31 = 2. Adding the new 26 customers: 2 + 26 = 28.',
    response=28.0
)",True
"Example({'response': 47, 'question': ' In fourth grade there were 11 students at the start of the year. During the year 6 students left and 42 new students came to school. How many students were in fourth grade at the end? '}) (input_keys={'question'})","Prediction(
    reasoning='The initial number of students was 11. After 6 students left, we had 11 - 6 = 5 students remaining. Then, 42 new students joined, so 5 + 42 = 47 students were present at the end of the year.',
    response=47.0
)",True
"Example({'response': 33, 'question': "" Oliver had 11 socks. If he threw away 4 old ones that didn't fit and bought 26 new ones, how many socks would he have? ""}) (input_keys={'question'})","Prediction(
    reasoning='11 socks initially. Subtract 4 old ones: 11 - 4 = 7. Add 26 new ones: 7 + 26 = 33.',
    response=33.0
)",True
"Example({'response': 36, 'question': ' A store had 40 oranges in a bin. If they threw away 25 of the old ones and put 21 new ones in the bin how many would be in the bin? '}) (input_keys={'question'})","Prediction(
    reasoning='The store starts with 40 oranges. After removing 25, there are 15 left. Adding 21 new ones brings the total to 36.',
    response=36.0
)",True
"Example({'response': 9, 'question': ' At the arcade Edward won 9 tickets. If he spent 4 tickets on a beanie and later won 4 more tickets, how many would he have? '}) (input_keys={'question'})","Prediction(
    reasoning='Start with 9 tickets. Subtract 4 for the beanie: 9 - 4 = 5. Then add 4 from winning more tickets: 5 + 4 = 9. So, the total number of tickets is 9.',
    response=9.0
)",True
"Example({'response': 43, 'question': ' In fourth grade there were 4 students at the start of the year. During the year 3 students left and 42 new students came to school. How many students were in fourth grade at the end? '}) (input_keys={'question'})","Prediction(
    reasoning='The initial number of students was 4. After 3 students left, we had 1 student remaining. Adding 42 new students brought the total to 43.',
    response=43.0
)",True
"Example({'response': 26, 'question': ' Haley picked 28 carrots from her garden. If she threw out 11 of them and then picked 9 more the next day, how many carrots would she have total? '}) (input_keys={'question'})","Prediction(
    reasoning='Haley starts with 28 carrots. After throwing out 11, she has 28 - 11 = 17 carrots left. Then, she picks up 9 more, so the total is 17 + 9 = 26 carrots.',
    response=26.0
)",True
"Example({'response': 34, 'question': ' Roger had 25 books. If he sold 21 of them and used the money he earned to buy 30 new books, how many books would Roger have? '}) (input_keys={'question'})","Prediction(
    reasoning='Roger starts with 25 books. After selling 21, he is left with 4 books. He then uses the money from those sales to buy 30 new books, increasing his total to 34 books.',
    response=34.0
)",True
"Example({'response': 36, 'question': ' A florist had 5 roses. If she sold 3 of them and then later picked 34 more, how many roses would she have? '}) (input_keys={'question'})","Prediction(
    reasoning='The florist initially has 5 roses. After selling 3, she has 2 left. She then picks up 34 more, so adding those to the remaining 2 gives a total of 36 roses.',
    response=36.0
)",True
"Example({'response': 41, 'question': ' Wendy was playing a video game and had 10 lives. In a hard part of the game she lost 6 lives. If she got 37 more lives in the next level, how many lives would she have? '}) (input_keys={'question'})","Prediction(
    reasoning='Wendy started with 10 lives and lost 6, leaving her with 4 lives. She then gained 37 more lives in the next level, totaling 41 lives.',
    response=41.0
)",True
"Example({'response': 29, 'question': ' John had 5 dollars. At the store he spent $2 on a new game. If he got another 26 dollars for his allowance, how much money does he have now? '}) (input_keys={'question'})","Prediction(
    reasoning='John starts with \\$5. He spends \\$2 on a game, leaving him with \\$3. Then, he receives an additional \\$26 for his allowance, totaling \\$29.',
    response=29.0
)",True
"Example({'response': 11, 'question': ' For the school bake sale Chloe made 28 cupcakes. If she sold 25 of them and then made 8 more, how many cupcakes would she have? '}) (input_keys={'question'})","Prediction(
    reasoning='Chloe started with 28 cupcakes. After selling 25, she had 3 left. She then made 8 more, totaling 11 cupcakes.',
    response=11.0
)",True
"Example({'response': 50, 'question': ' At the town carnival Billy rode the ferris wheel 7 times and the bumper cars 3 times. If each ride cost 5 tickets, how many tickets did he use? '}) (input_keys={'question'})","Prediction(
    reasoning='The total number of rides Billy took was 7 (ferris wheel) + 3 (bumper cars) = 10 rides. Each ride costs 5 tickets, so the total tickets used are 10 * 5 = 50.',
    response=50.0
)",True
"Example({'response': 32, 'question': ' Chloe was unboxing some of her old winter clothes. She found 4 boxes of clothing and inside each box there were 2 scarves and 6 mittens. How many pieces of winter clothing did Chloe have total? '}) (input_keys={'question'})","Prediction(
    reasoning='Chloe found 4 boxes of clothing. Each box contains 2 scarves and 6 mittens. To find the total number of pieces of winter clothing, we calculate the items per box and multiply by the number of boxes:\n\nNumber of items per box = scarves + mittens\n= 2 + 6\n= 8\n\nTotal pieces = 8 * 4\n= 32',
    response=32.0
)",True
"Example({'response': 90, 'question': ' A waiter had 9 tables he was waiting on, with 7 women and 3 men at each table. How many customers total did the waiter have? '}) (input_keys={'question'})","Prediction(
    reasoning='The waiter had 9 tables, each containing 7 women and 3 men. This totals 10 people per table (7 + 3). Multiplying this by the number of tables gives 10 * 9 = 90 customers.',
    response=90.0
)",True
"Example({'response': 12, 'question': "" April's discount flowers was having a sale where each flower was 3 dollars. If Emily bought 2 roses and 2 daisies, how much did she spend? ""}) (input_keys={'question'})","Prediction(
    reasoning='The total cost is calculated by multiplying the number of each type of flower by their individual price and then summing them up. For roses: 2 * $3 = $6. For daisies: 2 * $3 = $6. Adding both together gives a total of $12.',
    response=12.0
)",True
"Example({'response': 30, 'question': ' Isabel had 2 pages of math homework and 4 pages of reading homework. If each page had 5 problems on it, how many problems did she have to complete total? '}) (input_keys={'question'})","Prediction(
    reasoning='Isabel had a total of 30 problems to complete. This includes 10 math problems and 20 reading problems, each page containing 5 problems.',
    response=30.0
)",True
"Example({'response': 35, 'question': ' Wendy was playing a video game where she scores 5 points for each treasure she finds. If she found 4 treasures on the first level and 3 on the second, what would her score be? '}) (input_keys={'question'})","Prediction(
    reasoning='Wendy found a total of 20 points on the first level (4 treasures * 5 points each) and 15 points on the second level (3 treasures * 5 points each). Adding these together, her total score is 35 points.',
    response=35.0
)",True
"Example({'response': 63, 'question': ' There were 7 friends playing a video game online when 2 more players joined the game. If each player had 7 lives, how many lives did they have total? '}) (input_keys={'question'})","Prediction(
    reasoning='The total number of players is 7 + 2 = 9. Each player has 7 lives, so the total lives are 9 * 7 = 63.',
    response=63.0
)",True
"Example({'response': 90, 'question': ' Paul bought 6 boxes of chocolate candy and 4 boxes of caramel candy. If each box has 9 pieces inside it, how much candy did he have total? '}) (input_keys={'question'})","Prediction(
    reasoning='Paul bought 6 boxes of chocolate candy and 4 boxes of caramel candy. Each box contains 9 pieces of candy. To find the total number of candies, we calculate:  \n\n- Chocolate candy: \\(6 \\times 9 = 54\\)  \n- Caramel candy: \\(4 \\times 9 = 36\\)  \n\nAdding these together gives: \\(54 + 36 = 90\\).',
    response=90.0
)",True
"Example({'response': 48, 'question': ' A pet store has 6 bird cages. If each cage has 6 parrots and 2 parakeets in it, how many birds does the pet store have total? '}) (input_keys={'question'})","Prediction(
    reasoning='The pet store has 6 cages with each containing 6 parrots and 2 parakeets. To find the total number of birds:  \n\n1. Calculate birds per cage: 6 (parrots) + 2 (parakeets) = 8 birds per cage.\n2. Multiply by the number of cages: 8 * 6 = 48 birds.',
    response=48.0
)",True
"Example({'response': 72, 'question': ' Rachel was organizing her book case making sure each of the shelves had exactly 9 books on it. If she had 6 shelves of mystery books and 2 shelves of picture books, how many books did she have total? '}) (input_keys={'question'})","Prediction(
    reasoning='The total number of books Rachel has can be calculated by multiplying the number of shelves by the number of books per shelf for each type of book and then summing them up. For mystery books: 6 shelves * 9 books = 54 books. For picture books: 2 shelves * 9 books = 18 books. Adding these together gives a total of 54 + 18 = 72 books.',
    response=72.0
)",True
"Example({'response': 49, 'question': ' Rachel was unboxing some of her old winter clothes. She found 7 boxes of clothing and inside each box there were 3 scarves and 4 mittens. How many pieces of winter clothing did Rachel have total? '}) (input_keys={'question'})","Prediction(
    reasoning='Rachel found 7 boxes, each containing 3 scarves and 4 mittens. To find the total number of pieces, calculate scarves (7 * 3 = 21) and mittens (7 * 4 = 28). Adding them together gives a total of 49 pieces.',
    response=49.0
)",True
"Example({'response': 36, 'question': ' A pet store has 9 bird cages. If each cage has 2 parrots and 2 parakeets in it, how many birds does the pet store have total? '}) (input_keys={'question'})","Prediction(
    reasoning='The pet store has 9 bird cages, each containing 2 parrots and 2 parakeets. This means each cage has a total of 4 birds (2 + 2). To find the total number of birds in all cages, multiply the number of cages by the number of birds per cage: 9 × 4 = 36.',
    response=36.0
)",True
"Example({'response': 80, 'question': ' Cody bought 7 boxes of chocolate candy and 3 boxes of caramel candy. If each box has 8 pieces inside it, how much candy did he have total? '}) (input_keys={'question'})","Prediction(
    reasoning='Cody bought 7 boxes of chocolate candy and 3 boxes of caramel candy. Each box contains 8 pieces inside it. To find the total number of candy pieces, we calculate:  \n\n- Chocolate candies: \\(7 \\times 8 = 56\\)  \n- Caramel candies: \\(3 \\times 8 = 24\\)  \n\nAdding these together gives a total of \\(56 + 24 = 80\\) pieces of candy.',
    response=80.0
)",True
"Example({'response': 21, 'question': "" At Billy's Restaurant a group with 2 adults and 5 children came in to eat. If each meal cost 3 dollars, how much was the bill? ""}) (input_keys={'question'})","Prediction(
    reasoning='The total cost for the meal can be calculated by multiplying the number of adults and children by the price per meal, then summing both amounts. \n\n- Adults: 2 * $3 = $6\n- Children: 5 * $3 = $15\nTotal bill: $6 + $15 = $21',
    response=21.0
)",True
"Example({'response': 72, 'question': ' Paul was collecting cans for recycling. On Saturday he filled 6 bags up and on Sunday he filled 3 more bags. If each bag had 8 cans in it, how many cans did he pick up total? '}) (input_keys={'question'})","Prediction(
    reasoning='Paul collected a total of 72 cans for recycling.',
    response=72.0
)",True
"Example({'response': 50, 'question': ' While playing a trivia game, Adam answered 5 questions correct in the first half and 5 questions correct in the second half. If each question was worth 5 points, what was his final score? '}) (input_keys={'question'})","Prediction(
    reasoning='Adam answered a total of 10 questions correctly (5 in each half). Each correct answer is worth 5 points, so his final score is calculated as follows:\n\nTotal Score = Number of Correct Answers × Points per Question\nTotal Score = 10 × 5 = 50',
    response=50.0
)",True
"Example({'response': 32, 'question': "" Haley's favorite band was holding a concert where tickets were 4 dollars each. Haley bought 3 tickets for herself and her friends and 5 extra tickets in case anyone else wanted to go. How much did she spend? ""}) (input_keys={'question'})","Prediction(
    reasoning='Haley bought 3 tickets for herself and her friends at $4 each, which costs 3 * $4 = $12. She also purchased 5 extra tickets without any additional cost. Therefore, the total amount spent is $12 + $20 = $32.',
    response=32.0
)",True
"Example({'response': 30, 'question': ' Luke was putting his spare change into piles. He had 5 piles of quarters and 5 piles of dimes. If each pile had 3 coins in it, how many coins did he have total? '}) (input_keys={'question'})","Prediction(
    reasoning='Luke has 5 piles of quarters and 5 piles of dimes, each containing 3 coins. Calculating the total number of coins:  \n- Quarters: \\(5 \\times 3 = 15\\)  \n- Dimes: \\(5 \\times 3 = 15\\)  \nTotal coins: \\(15 + 15 = 30\\).',
    response=30.0
)",True
"Example({'response': 64, 'question': ' Victor and his friend were buying trick decks from the magic shop for 8 dollars each. How much did they spend if Victor bought 6 decks and his friend bought 2 decks? '}) (input_keys={'question'})","Prediction(
    reasoning='The total cost can be calculated by multiplying the number of decks each person bought by the price per deck and then summing the results. Victor bought 6 decks at $8 each, which is 6 * 8 = $48. His friend bought 2 decks at $8 each, which is 2 * 8 = $16. Adding these together gives a total of $48 + $16 = $64.',
    response=64.0
)",True
"Example({'response': 90, 'question': ' Katie had 7 pages of math homework and 3 pages of reading homework. If each page had 9 problems on it, how many problems did she have to complete total? '}) (input_keys={'question'})","Prediction(
    reasoning='Katie has 7 pages of math homework with 9 problems each and 3 pages of reading homework with 9 problems each. To find the total number of problems, multiply the number of pages by the number of problems per page for both subjects and then add them together: (7 * 9) + (3 * 9) = 63 + 27 = 90.',
    response=90.0
)",True
"Example({'response': 56, 'question': ' Faye was playing a video game where she scores 7 points for each treasure she finds. If she found 2 treasures on the first level and 6 on the second, what would her score be? '}) (input_keys={'question'})","Prediction(
    reasoning='Faye found a total of 2 + 6 = 8 treasures. Each treasure is worth 7 points, so her total score is 8 × 7 = 56 points.',
    response=56.0
)",True
"Example({'response': 72, 'question': ' Gwen was organizing her book case making sure each of the shelves had exactly 9 books on it. If she had 3 shelves of mystery books and 5 shelves of picture books, how many books did she have total? '}) (input_keys={'question'})","Prediction(
    reasoning='Gwen has 3 shelves with mystery books and 5 shelves with picture books. Each shelf holds exactly 9 books. To find the total number of books:  \n\n- Mystery books: \\(3 \\text{ shelves} \\times 9 \\text{ books per shelf} = 27 \\text{ books}\\)  \n- Picture books: \\(5 \\text{ shelves} \\times 9 \\text{ books per shelf} = 45 \\text{ books}\\)  \n\nTotal books: \\(27 + 45 = 72\\)',
    response=72.0
)",True
"Example({'response': 24, 'question': ' There were 2 friends playing a video game online when 2 more players joined the game. If each player had 6 lives, how many lives did they have total? '}) (input_keys={'question'})","Prediction(
    reasoning='The problem involves calculating the total number of lives when multiple players join a game. Initially, there are 2 friends playing the game. Then, 2 more players join them, making the total number of players 4. Each player has 6 lives. Therefore, the total number of lives is calculated by multiplying the number of players by the number of lives per player:  \n4 (players) * 6 (lives per player) = 24 lives.',
    response=24.0
)",True
"Example({'response': 48, 'question': ' Wendy bought 4 new chairs and 4 new tables for her house. If she spent 6 minutes on each piece furniture putting it together, how many minutes did it take her to finish? '}) (input_keys={'question'})","Prediction(
    reasoning='The total number of furniture pieces is 4 chairs + 4 tables = 8 pieces. Since Wendy spent 6 minutes on each piece, the total time is 8 * 6 = 48 minutes.',
    response=48.0
)",True
"Example({'response': 30, 'question': "" April's discount flowers was having a sale where each flower was 3 dollars. If Zoe bought 8 roses and 2 daisies, how much did she spend? ""}) (input_keys={'question'})","Prediction(
    reasoning='The total cost can be calculated by multiplying the number of each flower by its price and then summing them up. For roses: 8 * $3 = $24. For daisies: 2 * $3 = $6. Adding these together gives a total of $24 + $6 = $30.',
    response=30.0
)",True
"Example({'response': 60, 'question': ' Paige was unboxing some of her old winter clothes. She found 6 boxes of clothing and inside each box there were 5 scarves and 5 mittens. How many pieces of winter clothing did Paige have total? '}) (input_keys={'question'})","Prediction(
    reasoning='Paige found 6 boxes of clothing, with each box containing 5 scarves and 5 mittens. This means each box has a total of 10 pieces (5 + 5). Multiplying the number of pieces per box by the number of boxes gives: 10 * 6 = 60. Therefore, Paige had a total of 60 pieces of winter clothing.',
    response=60.0
)",True
"Example({'response': 42, 'question': ' Sam was collecting cans for recycling. On Saturday he filled 4 bags up and on Sunday he filled 3 more bags. If each bag had 6 cans in it, how many cans did he pick up total? '}) (input_keys={'question'})","Prediction(
    reasoning='Sam collected cans on Saturday and Sunday. On Saturday, he filled 4 bags with 6 cans each, totaling 24 cans. On Sunday, he filled 3 more bags with 6 cans each, adding 18 cans. The total number of cans is the sum of both days: 24 + 18 = 42.',
    response=42.0
)",True
"Example({'response': 45, 'question': ' George was working as a sacker at a grocery store where he made 5 dollars an hour. On Monday he worked 7 hours and on Tuesday he worked 2 hours. How much money did George make in those two days? '}) (input_keys={'question'})","Prediction(
    reasoning='George earned a total of $45 over the two days.',
    response=45.0
)",True
"Example({'response': 15, 'question': ' While playing a trivia game, Frank answered 3 questions correct in the first half and 2 questions correct in the second half. If each question was worth 3 points, what was his final score? '}) (input_keys={'question'})","Prediction(
    reasoning='Frank answered 3 questions correctly in the first half, worth 3 points each: \\(3 \\times 3 = 9\\) points.\n\nHe also answered 2 questions correctly in the second half, worth 3 points each: \\(2 \\times 3 = 6\\) points.\n\nAdding both halves together: \\(9 + 6 = 15\\) points.',
    response=15.0
)",True
"Example({'response': 72, 'question': ' Edward and his friend were buying trick decks from the magic shop for 9 dollars each. How much did they spend if Edward bought 4 decks and his friend bought 4 decks? '}) (input_keys={'question'})","Prediction(
    reasoning='The total number of trick decks purchased by Edward and his friend is 4 + 4 = 8 decks. Each deck costs $9, so the total amount spent is 8 * $9 = $72.',
    response=72.0
)",True
"Example({'response': 64, 'question': ' Tom and his friend were buying trick decks from the magic shop for 8 dollars each. How much did they spend if Tom bought 3 decks and his friend bought 5 decks? '}) (input_keys={'question'})","Prediction(
    reasoning='$24 (Tom) + $40 (Friend) = $64',
    response=64.0
)",True
"Example({'response': 70, 'question': ' While shopping for music online, Megan bought 2 country albums and 8 pop albums. Each album came with a lyric sheet and had 7 songs. How many songs did Megan buy total? '}) (input_keys={'question'})","Prediction(
    reasoning='Megan bought a total of 10 albums (2 country + 8 pop). Each album contains 7 songs. Therefore, the total number of songs is calculated as follows:  \n\nTotal albums = 2 + 8 = 10  \nSongs per album = 7  \nTotal songs = 10 * 7 = 70',
    response=70.0
)",True
"Example({'response': 60, 'question': ' Victor was working as a sacker at a grocery store where he made 6 dollars an hour. On Monday he worked 5 hours and on Tuesday he worked 5 hours. How much money did Victor make in those two days? '}) (input_keys={'question'})","Prediction(
    reasoning='Victor worked a total of 10 hours (5 hours on Monday and 5 hours on Tuesday) at a rate of $6 per hour. To find his total earnings, we multiply his hourly rate by the total number of hours: \n\\[\n\\$6 \\text{ per hour} \\times 10 \\text{ hours} = \\$60\n\\]',
    response=60.0
)",True
"Example({'response': 54, 'question': ' A pet store has 6 bird cages. If each cage has 2 parrots and 7 parakeets in it, how many birds does the pet store have total? '}) (input_keys={'question'})","Prediction(
    reasoning='The pet store has 6 bird cages, with each cage containing 2 parrots and 7 parakeets. To find the total number of birds:  \n\n1. Calculate birds per cage: 2 (parrots) + 7 (parakeets) = 9 birds per cage.\n2. Multiply by the number of cages: 9 * 6 = 54.',
    response=54.0
)",True
"Example({'response': 32, 'question': ' Maria bought 2 new chairs and 2 new tables for her house. If she spent 8 minutes on each piece furniture putting it together, how many minutes did it take her to finish? '}) (input_keys={'question'})","Prediction(
    reasoning='The total time Maria spent assembling her furniture can be calculated as follows: she bought a total of 4 pieces (2 chairs + 2 tables). Each piece took 8 minutes to assemble. Therefore, the total time is 4 * 8 = 32 minutes.',
    response=32.0
)",True
"Example({'response': 32, 'question': ' Olivia was playing a video game where she scores 8 points for each treasure she finds. If she found 2 treasures on the first level and 2 on the second, what would her score be? '}) (input_keys={'question'})","Prediction(
    reasoning='Olivia found a total of 4 treasures (2 on the first level and 2 on the second). Each treasure is worth 8 points, so her total score is calculated as follows:  \n\nFirst level: \\(2 \\times 8 = 16\\) points.  \nSecond level: \\(2 \\times 8 = 16\\) points.  \n\nTotal score: \\(16 + 16 = 32\\) points.',
    response=32.0
)",True
"Example({'response': 48, 'question': ' A waiter had 6 tables he was waiting on, with 3 women and 5 men at each table. How many customers total did the waiter have? '}) (input_keys={'question'})","Prediction(
    reasoning='The total number of customers can be calculated by multiplying the number of tables by the number of people at each table. Each table has 3 women and 5 men, totaling 8 people per table. With 6 tables, this gives us 6 * 8 = 48 customers.',
    response=48.0
)",True
"Example({'response': 70, 'question': ' Faye was selling her necklaces at a garage sale. She sold 3 bead necklaces and 7 gem stone necklaces. If each necklace cost 7 dollars, how much money did she earn? '}) (input_keys={'question'})","Prediction(
    reasoning='Faye sold 3 bead necklaces and 7 gemstone necklaces at a garage sale. Each necklace cost $7. To find the total money earned, we calculate the earnings from each type of necklace separately and then sum them up.\n\nFor the bead necklaces:  \n3 beads * $7 per necklace = $21  \n\nFor the gemstone necklaces:  \n7 gemstones * $7 per necklace = $49  \n\nTotal earnings:  \n$21 + $49 = $70',
    response=70.0
)",True
"Example({'response': 63, 'question': ' At the town carnival Oliver rode the ferris wheel 5 times and the bumper cars 4 times. If each ride cost 7 tickets, how many tickets did he use? '}) (input_keys={'question'})","Prediction(
    reasoning='Oliver rode the ferris wheel 5 times and the bumper cars 4 times. Each ride cost 7 tickets. To find the total number of tickets used, we first calculate the total number of rides: 5 + 4 = 9 rides. Then, multiply the number of rides by the cost per ride: 9 * 7 = 63 tickets.',
    response=63.0
)",True
"Example({'response': 56, 'question': ' There were 5 friends playing a video game online when 2 more players joined the game. If each player had 8 lives, how many lives did they have total? '}) (input_keys={'question'})","Prediction(
    reasoning='The problem involves calculating the total number of lives held by a group of friends after additional players join them. Initially, there are 5 friends, each with 8 lives. When 2 more players join, the total number of players becomes 7. Since each player retains 8 lives, the total number of lives is calculated as 7 multiplied by 8, which equals 56.',
    response=56.0
)",True
"Example({'response': 21, 'question': ' Katie was selling her necklaces at a garage sale. She sold 4 bead necklaces and 3 gem stone necklaces. If each necklace cost 3 dollars, how much money did she earn? '}) (input_keys={'question'})","Prediction(
    reasoning='Katie sold 4 bead necklaces and 3 gemstone necklaces. Each necklace cost $3. To find the total money earned:  \n\n- Bead necklaces: 4 * $3 = $12  \n- Gemstone necklaces: 3 * $3 = $9  \nTotal: $12 + $9 = $21',
    response=21.0
)",True
"Example({'response': 48, 'question': ' Edward was working as a sacker at a grocery store where he made 6 dollars an hour. On Monday he worked 3 hours and on Tuesday he worked 5 hours. How much money did Edward make in those two days? '}) (input_keys={'question'})","Prediction(
    reasoning='Edward worked a total of 3 + 5 = 8 hours over Monday and Tuesday. At a rate of $6 per hour, his earnings are calculated as follows:\n\nMonday: 3 hours * $6/hour = $18  \nTuesday: 5 hours * $6/hour = $30  \n\nTotal earnings: $18 + $30 = $48',
    response=48.0
)",True
"Example({'response': 24, 'question': ' While playing a trivia game, Mike answered 3 questions correct in the first half and 5 questions correct in the second half. If each question was worth 3 points, what was his final score? '}) (input_keys={'question'})","Prediction(
    reasoning='Mike answered a total of 8 questions correctly (3 in the first half and 5 in the second half). Each question is worth 3 points, so his total score is calculated as follows:  \n\nFirst half: \\(3 \\text{ questions} \\times 3 \\text{ points per question} = 9 \\text{ points}\\)  \nSecond half: \\(5 \\text{ questions} \\times 3 \\text{ points per question} = 15 \\text{ points}\\)  \nTotal score: \\(9 + 15 = 24 \\text{ points}\\)',
    response=24.0
)",True
"Example({'response': 32, 'question': ' Amy was playing a video game where she scores 4 points for each treasure she finds. If she found 6 treasures on the first level and 2 on the second, what would her score be? '}) (input_keys={'question'})","Prediction(
    reasoning='Amy found a total of 6 + 2 = 8 treasures across both levels. Each treasure is worth 4 points, so her total score is (6 * 4) + (2 * 4) = 24 + 8 = 32 points.',
    response=32.0
)",True
"Example({'response': 63, 'question': ' A waiter had 9 tables he was waiting on, with 4 women and 3 men at each table. How many customers total did the waiter have? '}) (input_keys={'question'})","Prediction(
    reasoning='The waiter has 9 tables with each table containing 4 women and 3 men. This totals 7 people per table (4 + 3). Multiplying this by the number of tables gives 7 * 9 = 63 customers.',
    response=63.0
)",True
"Example({'response': 54, 'question': ' Chloe was organizing her book case making sure each of the shelves had exactly 6 books on it. If she had 5 shelves of mystery books and 4 shelves of picture books, how many books did she have total? '}) (input_keys={'question'})","Prediction(
    reasoning='Chloe has a total of 54 books on her shelves.',
    response=54.0
)",True
"Example({'response': 72, 'question': ' While shopping for music online, Isabel bought 6 country albums and 2 pop albums. Each album came with a lyric sheet and had 9 songs. How many songs did Isabel buy total? '}) (input_keys={'question'})","Prediction(
    reasoning='Isabel bought a total of 8 albums (6 country + 2 pop). Each album contains 9 songs, so the total number of songs is 8 * 9 = 72.',
    response=72.0
)",True
"Example({'response': 18, 'question': "" At Oliver's Restaurant a group with 2 adults and 4 children came in to eat. If each meal cost 3 dollars, how much was the bill? ""}) (input_keys={'question'})","Prediction(
    reasoning='The group consists of 2 adults and 4 children. Each adult meal costs $3, so the cost for adults is 2 × $3 = $6. Each child meal also costs $3, so the cost for children is 4 × $3 = $12. Adding these together, the total bill is $6 + $12 = $18.',
    response=18.0
)",True
"Example({'response': 30, 'question': ' Tiffany had 6 pages of math homework and 4 pages of reading homework. If each page had 3 problems on it, how many problems did she have to complete total? '}) (input_keys={'question'})","Prediction(
    reasoning='Tiffany had a total of 30 problems to complete. This was calculated by multiplying the number of pages in each subject by the number of problems per page and then summing the results: (6 * 3) + (4 * 3) = 18 + 12 = 30.',
    response=30.0
)",True
"Example({'response': 27, 'question': "" April's discount flowers was having a sale where each flower was 3 dollars. If Robin bought 5 roses and 4 daisies, how much did she spend? ""}) (input_keys={'question'})","Prediction(
    reasoning='$15 (roses) + $12 (daisies) = $27',
    response=27.0
)",True
"Example({'response': 80, 'question': ' Zoe was unboxing some of her old winter clothes. She found 8 boxes of clothing and inside each box there were 4 scarves and 6 mittens. How many pieces of winter clothing did Zoe have total? '}) (input_keys={'question'})","Prediction(
    reasoning='Zoe found 8 boxes of clothing with 4 scarves and 6 mittens each. To find the total number of pieces, calculate scarves: 8 * 4 = 32, and mittens: 8 * 6 = 48. Adding them together gives 32 + 48 = 80.',
    response=80.0
)",True
"Example({'response': 12, 'question': ' There were 2 friends playing a video game online when 2 more players joined the game. If each player had 3 lives, how many lives did they have total? '}) (input_keys={'question'})","Prediction(
    reasoning='The total number of players is 4 (2 initial friends + 2 new players). Each player has 3 lives, so the total number of lives is 4 * 3 = 12.',
    response=12.0
)",True
"Example({'response': 28, 'question': ' Adam bought 2 boxes of chocolate candy and 5 boxes of caramel candy. If each box has 4 pieces inside it, how much candy did he have total? '}) (input_keys={'question'})","Prediction(
    reasoning='Adam bought 2 boxes of chocolate candy and 5 boxes of caramel candy. Each box contains 4 pieces of candy. To find the total number of pieces, we calculate:  \n\n- Chocolate candy: \\(2 \\times 4 = 8\\) pieces  \n- Caramel candy: \\(5 \\times 4 = 20\\) pieces  \n\nAdding both together gives: \\(8 + 20 = 28\\) pieces in total.',
    response=28.0
)",True
"Example({'response': 72, 'question': ' A pet store has 8 bird cages. If each cage has 2 parrots and 7 parakeets in it, how many birds does the pet store have total? '}) (input_keys={'question'})","Prediction(
    reasoning='The pet store has 8 bird cages, each containing 2 parrots and 7 parakeets. To find the total number of birds:  \n\n1. Calculate birds per cage: 2 parrots + 7 parakeets = 9 birds per cage.  \n2. Multiply by the number of cages: 8 cages × 9 birds/cage = 72 birds.',
    response=72.0
)",True
"Example({'response': 60, 'question': "" Lana's favorite band was holding a concert where tickets were 6 dollars each. Lana bought 8 tickets for herself and her friends and 2 extra tickets in case anyone else wanted to go. How much did she spend? ""}) (input_keys={'question'})","Prediction(
    reasoning='Lana bought a total of 8 tickets for herself and her friends plus 2 extra tickets, making it 10 tickets in total. Each ticket costs $6, so multiplying the number of tickets by the price per ticket gives:  \n\n10 tickets × $6/ticket = $60',
    response=60.0
)",True
"Example({'response': 56, 'question': "" At Tom's Restaurant a group with 2 adults and 5 children came in to eat. If each meal cost 8 dollars, how much was the bill? ""}) (input_keys={'question'})","Prediction(
    
)",0.0
"Example({'response': 32, 'question': ' Gwen was organizing her book case making sure each of the shelves had exactly 4 books on it. If she had 5 shelves of mystery books and 3 shelves of picture books, how many books did she have total? '}) (input_keys={'question'})","Prediction(
    reasoning='Gwen has 5 shelves with mystery books and 3 shelves with picture books. Each shelf holds exactly 4 books. To find the total number of books:  \n\n- Mystery books: \\(5 \\text{ shelves} \\times 4 \\text{ books per shelf} = 20 \\text{ books}\\)  \n- Picture books: \\(3 \\text{ shelves} \\times 4 \\text{ books per shelf} = 12 \\text{ books}\\)  \n\nTotal books: \\(20 + 12 = 32\\)',
    response=32.0
)",True
"Example({'response': 72, 'question': ' While shopping for music online, Isabel bought 4 country albums and 5 pop albums. Each album came with a lyric sheet and had 8 songs. How many songs did Isabel buy total? '}) (input_keys={'question'})","Prediction(
    reasoning='Isabel bought a total of 4 country albums and 5 pop albums, which adds up to 9 albums. Each album contains 8 songs, so multiplying the number of albums by the number of songs per album gives us 9 * 8 = 72 songs.',
    response=72.0
)",True
"Example({'response': 90, 'question': ' Megan was selling her necklaces at a garage sale. She sold 7 bead necklaces and 3 gem stone necklaces. If each necklace cost 9 dollars, how much money did she earn? '}) (input_keys={'question'})","Prediction(
    reasoning='Megan sold 7 bead necklaces at $9 each, earning 63 dollars, and 3 gemstone necklaces at $9 each, earning 27 dollars. Adding these together, Megan earned a total of 90 dollars.',
    response=90.0
)",True
"Example({'response': 63, 'question': ' Rachel was playing a video game where she scores 9 points for each treasure she finds. If she found 5 treasures on the first level and 2 on the second, what would her score be? '}) (input_keys={'question'})","Prediction(
    reasoning='The total score is calculated by multiplying the number of treasures found on each level by 9 and then summing the results. For the first level, 5 treasures give 5 * 9 = 45 points. For the second level, 2 treasures give 2 * 9 = 18 points. Adding these together: 45 + 18 = 63 points.',
    response=63.0
)",True
"Example({'response': 60, 'question': "" April's discount flowers was having a sale where each flower was 6 dollars. If Katie bought 5 roses and 5 daisies, how much did she spend? ""}) (input_keys={'question'})","Prediction(
    reasoning='Katie bought 5 roses and 5 daisies, each costing $6. The total cost is calculated as follows:  \nRoses: 5 * $6 = $30  \nDaisies: 5 * $6 = $30  \nTotal spent: $30 + $30 = $60',
    response=60.0
)",True
"Example({'response': 72, 'question': ' A pet store has 9 bird cages. If each cage has 2 parrots and 6 parakeets in it, how many birds does the pet store have total? '}) (input_keys={'question'})","Prediction(
    reasoning='The pet store has 9 bird cages, with each cage containing 2 parrots and 6 parakeets. This means there are a total of 8 birds per cage (2 + 6 = 8). Multiplying this by the number of cages gives:  \n\n9 cages × 8 birds/cage = 72 birds',
    response=72.0
)",True
"Example({'response': 42, 'question': ' Roger was putting his spare change into piles. He had 3 piles of quarters and 3 piles of dimes. If each pile had 7 coins in it, how many coins did he have total? '}) (input_keys={'question'})","Prediction(
    reasoning='Roger has 3 piles of quarters and 3 piles of dimes, with each pile containing 7 coins. Calculating the total number of coins:  \n- Quarters: \\(3 \\times 7 = 21\\) coins  \n- Dimes: \\(3 \\times 7 = 21\\) coins  \nTotal coins: \\(21 + 21 = 42\\)',
    response=42.0
)",True
"Example({'response': 32, 'question': ' There were 2 friends playing a video game online when 2 more players joined the game. If each player had 8 lives, how many lives did they have total? '}) (input_keys={'question'})","Prediction(
    reasoning='The problem involves calculating the total number of lives when multiple players are involved. Initially, there were 2 friends playing the game. When 2 more players joined them, the total number of players became 4. Since each player had 8 lives, multiplying the number of players by their individual lives gives us the total lives: 4 * 8 = 32.',
    response=32.0
)",True
"Example({'response': 63, 'question': ' A waiter had 7 tables he was waiting on, with 7 women and 2 men at each table. How many customers total did the waiter have? '}) (input_keys={'question'})","Prediction(
    reasoning='The total number of customers can be calculated by multiplying the number of people per table by the number of tables. Each table has 7 women and 2 men, totaling 9 customers per table. With 7 tables, this gives a total of 63 customers.',
    response=63.0
)",True
"Example({'response': 48, 'question': ' Tiffany was playing a video game where she scores 6 points for each treasure she finds. If she found 3 treasures on the first level and 5 on the second, what would her score be? '}) (input_keys={'question'})","Prediction(
    reasoning='Tiffany found a total of 3 + 5 = 8 treasures. Each treasure gives her 6 points, so her score is 8 * 6 = 48 points.',
    response=48.0
)",True
"Example({'response': 24, 'question': ' While shopping for music online, Zoe bought 3 country albums and 5 pop albums. Each album came with a lyric sheet and had 3 songs. How many songs did Zoe buy total? '}) (input_keys={'question'})","Prediction(
    reasoning='Zoe bought a total of 3 country albums and 5 pop albums, making 8 albums in total. Each album contains 3 songs. Therefore, the total number of songs is 8 * 3 = 24.',
    response=24.0
)",True
"Example({'response': 70, 'question': ' Megan was organizing her book case making sure each of the shelves had exactly 7 books on it. If she had 8 shelves of mystery books and 2 shelves of picture books, how many books did she have total? '}) (input_keys={'question'})","Prediction(
    reasoning='Megan has 8 shelves with mystery books and 2 shelves with picture books, each containing exactly 7 books. To find the total number of books:  \n\n- Mystery books: \\(8 \\times 7 = 56\\)  \n- Picture books: \\(2 \\times 7 = 14\\)  \n- Total books: \\(56 + 14 = 70\\)',
    response=70.0
)",True
"Example({'response': 36, 'question': ' Isabel was selling her necklaces at a garage sale. She sold 3 bead necklaces and 3 gem stone necklaces. If each necklace cost 6 dollars, how much money did she earn? '}) (input_keys={'question'})","Prediction(
    reasoning='Isabel sold 3 bead necklaces and 3 gemstone necklaces, totaling 6 necklaces. Each necklace costs $6, so the total money earned is calculated as follows:\n\nTotal number of necklaces = 3 (bead) + 3 (gemstone) = 6\nTotal earnings = Number of necklaces × Price per necklace = 6 × $6 = $36',
    response=36.0
)",True
"Example({'response': 40, 'question': ' Frank was collecting cans for recycling. On Saturday he filled 5 bags up and on Sunday he filled 3 more bags. If each bag had 5 cans in it, how many cans did he pick up total? '}) (input_keys={'question'})","Prediction(
    reasoning='Frank collected a total of 40 cans for recycling.',
    response=40.0
)",True
"Example({'response': 48, 'question': "" April's discount flowers was having a sale where each flower was 8 dollars. If Vanessa bought 3 roses and 3 daisies, how much did she spend? ""}) (input_keys={'question'})","Prediction(
    reasoning='Vanessa bought 3 roses and 3 daisies. Each rose costs $8, so the cost for the roses is 3 * $8 = $24. Similarly, each daisy also costs $8, so the cost for the daisies is 3 * $8 = $24. Adding these together, the total amount Vanessa spent is $24 + $24 = $48.',
    response=48.0
)",True
"Example({'response': 80, 'question': ' Will was working as a sacker at a grocery store where he made 8 dollars an hour. On Monday he worked 8 hours and on Tuesday he worked 2 hours. How much money did Will make in those two days? '}) (input_keys={'question'})","Prediction(
    reasoning='Will worked for a total of 8 hours on Monday and 2 hours on Tuesday at $8 per hour. Calculating his earnings:  \nMonday: 8 hours * $8/hour = $64  \nTuesday: 2 hours * $8/hour = $16  \nTotal earnings: $64 + $16 = $80',
    response=80.0
)",True
"Example({'response': 40, 'question': ' Rachel bought 7 new chairs and 3 new tables for her house. If she spent 4 minutes on each piece furniture putting it together, how many minutes did it take her to finish? '}) (input_keys={'question'})","Prediction(
    reasoning=""The time taken to assemble each piece is 4 minutes. There are 7 chairs and 3 tables. The total time for chairs is 7 * 4 = 28 minutes, and for tables it's 3 * 4 = 12 minutes. Adding these together gives a total of 28 + 12 = 40 minutes."",
    response=40.0
)",True
"Example({'response': 80, 'question': ' While playing a trivia game, Adam answered 8 questions correct in the first half and 2 questions correct in the second half. If each question was worth 8 points, what was his final score? '}) (input_keys={'question'})","Prediction(
    reasoning='Adam answered a total of 10 questions correctly (8 in the first half and 2 in the second half). Each question is worth 8 points, so his final score is calculated as follows:  \n\nTotal correct answers = 8 + 2 = 10  \nPoints per question = 8  \nFinal score = 10 × 8 = 80',
    response=80.0
)",True
"Example({'response': 40, 'question': ' A pet store has 4 bird cages. If each cage has 8 parrots and 2 parakeets in it, how many birds does the pet store have total? '}) (input_keys={'question'})","Prediction(
    reasoning='There are 8 parrots and 2 parakeets in each of the 4 bird cages. Each cage contains 10 birds (8 + 2). Multiplying by 4 cages gives 40 birds in total.',
    response=40.0
)",True
"Example({'response': 40, 'question': ' Kaleb was collecting cans for recycling. On Saturday he filled 5 bags up and on Sunday he filled 5 more bags. If each bag had 4 cans in it, how many cans did he pick up total? '}) (input_keys={'question'})","Prediction(
    reasoning='Kaleb collected cans over two days. On Saturday, he filled 5 bags, and on Sunday, he also filled 5 bags. Each bag contains 4 cans. To find the total number of cans, multiply the number of bags by the number of cans per bag: 10 bags * 4 cans/bag = 40 cans.',
    response=40.0
)",True
"Example({'response': 72, 'question': ' Bianca was organizing her book case making sure each of the shelves had exactly 8 books on it. If she had 5 shelves of mystery books and 4 shelves of picture books, how many books did she have total? '}) (input_keys={'question'})","Prediction(
    reasoning='Bianca has 5 mystery shelves with 8 books each, totaling \\(5 \\times 8 = 40\\) books. She also has 4 picture shelves with 8 books each, totaling \\(4 \\times 8 = 32\\) books. Adding these together gives a total of \\(40 + 32 = 72\\) books.',
    response=72.0
)",True
"Example({'response': 20, 'question': ' Billy was putting his spare change into piles. He had 2 piles of quarters and 3 piles of dimes. If each pile had 4 coins in it, how many coins did he have total? '}) (input_keys={'question'})","Prediction(
    reasoning='Billy has 2 piles of quarters and 3 piles of dimes, with each pile containing 4 coins. To find the total number of coins:\n\n- Quarters: 2 piles * 4 coins/pile = 8 quarters  \n- Dimes: 3 piles * 4 coins/pile = 12 dimes  \n\nTotal coins = 8 quarters + 12 dimes = 20 coins',
    response=20.0
)",True
"Example({'response': 81, 'question': ' Chloe was playing a video game where she scores 9 points for each treasure she finds. If she found 6 treasures on the first level and 3 on the second, what would her score be? '}) (input_keys={'question'})","Prediction(
    reasoning=""Chloe found a total of 6 treasures on the first level and 3 on the second. Each treasure gives her 9 points. Therefore, her score from the first level is \\(6 \\times 9 = 54\\) points, and from the second level, it's \\(3 \\times 9 = 27\\) points. Adding these together, Chloe's total score is \\(54 + 27 = 81\\) points."",
    response=81.0
)",True
"Example({'response': 64, 'question': ' While shopping for music online, Nancy bought 3 country albums and 5 pop albums. Each album came with a lyric sheet and had 8 songs. How many songs did Nancy buy total? '}) (input_keys={'question'})","Prediction(
    reasoning='Nancy bought a total of 64 songs.',
    response=64.0
)",True
"Example({'response': 21, 'question': ' Lana was unboxing some of her old winter clothes. She found 3 boxes of clothing and inside each box there were 3 scarves and 4 mittens. How many pieces of winter clothing did Lana have total? '}) (input_keys={'question'})","Prediction(
    reasoning='Lana found 3 boxes, each containing 3 scarves and 4 mittens. The total number of items per box is 3 + 4 = 7. With 3 boxes, the total is 7 * 3 = 21 pieces.',
    response=21.0
)",True
"Example({'response': 35, 'question': ' Frank and his friend were buying trick decks from the magic shop for 7 dollars each. How much did they spend if Frank bought 3 decks and his friend bought 2 decks? '}) (input_keys={'question'})","Prediction(
    reasoning='Frank bought 3 decks at $7 each: 3 * 7 = 21.  \nFriend bought 2 decks at $7 each: 2 * 7 = 14.  \nTotal spent: 21 + 14 = 35.',
    response=35.0
)",True
"Example({'response': 40, 'question': ' A waiter had 5 tables he was waiting on, with 5 women and 3 men at each table. How many customers total did the waiter have? '}) (input_keys={'question'})","Prediction(
    reasoning='The total number of customers can be calculated by multiplying the number of people per table by the number of tables. Each table has 5 women and 3 men, totaling 8 customers per table. With 5 tables, this gives a total of 8 * 5 = 40 customers.',
    response=40.0
)",True
"Example({'response': 60, 'question': ' There were 8 friends playing a video game online when 2 more players joined the game. If each player had 6 lives, how many lives did they have total? '}) (input_keys={'question'})","Prediction(
    reasoning='The initial number of friends is 8. When 2 more players join, the total number becomes 10. Since each player has 6 lives, the total number of lives is calculated by multiplying the number of players by the lives per player: 10 * 6 = 60.',
    response=60.0
)",True
"Example({'response': 63, 'question': ' Sam was collecting cans for recycling. On Saturday he filled 3 bags up and on Sunday he filled 4 more bags. If each bag had 9 cans in it, how many cans did he pick up total? '}) (input_keys={'question'})","Prediction(
    reasoning='Sam collected a total of 63 cans.',
    response=63.0
)",True
"Example({'response': 60, 'question': "" April's discount flowers was having a sale where each flower was 6 dollars. If Maria bought 7 roses and 3 daisies, how much did she spend? ""}) (input_keys={'question'})","Prediction(
    reasoning='The total cost can be calculated by multiplying the number of each flower by its price and then summing them up. For roses: 7 * 6 = 42 dollars. For daisies: 3 * 6 = 18 dollars. Adding these together gives a total of 42 + 18 = 60 dollars.',
    response=60.0
)",True
"Example({'response': 48, 'question': ' Dave was working as a sacker at a grocery store where he made 6 dollars an hour. On Monday he worked 6 hours and on Tuesday he worked 2 hours. How much money did Dave make in those two days? '}) (input_keys={'question'})","Prediction(
    reasoning='Dave worked a total of 6 + 2 = 8 hours. At a rate of $6 per hour, his earnings are calculated as:  \n\nMonday: 6 hours × $6/hour = $36  \nTuesday: 2 hours × $6/hour = $12  \n\nTotal earnings: $36 + $12 = $48',
    response=48.0
)",True
"Example({'response': 48, 'question': ' Nancy was organizing her book case making sure each of the shelves had exactly 6 books on it. If she had 2 shelves of mystery books and 6 shelves of picture books, how many books did she have total? '}) (input_keys={'question'})","Prediction(
    reasoning='Nancy has two shelves of mystery books and six shelves of picture books. Each shelf holds exactly 6 books. To find the total number of books:  \n\n- Mystery books: \\(2 \\text{ shelves} \\times 6 \\text{ books per shelf} = 12 \\text{ books}\\)  \n- Picture books: \\(6 \\text{ shelves} \\times 6 \\text{ books per shelf} = 36 \\text{ books}\\)  \n\nTotal books: \\(12 + 36 = 48\\)',
    response=48.0
)",True
"Example({'response': 30, 'question': ' While shopping for music online, Faye bought 2 country albums and 3 pop albums. Each album came with a lyric sheet and had 6 songs. How many songs did Faye buy total? '}) (input_keys={'question'})","Prediction(
    reasoning='Faye bought 5 albums in total (2 country and 3 pop). Each album has 6 songs, so the total number of songs is calculated by multiplying the number of albums by the number of songs per album: 5 * 6 = 30.',
    response=30.0
)",True
"Example({'response': 30, 'question': ' Tom was putting his spare change into piles. He had 2 piles of quarters and 4 piles of dimes. If each pile had 5 coins in it, how many coins did he have total? '}) (input_keys={'question'})","Prediction(
    reasoning='Tom has 2 piles of quarters and 4 piles of dimes, with each pile containing 5 coins. To find the total number of coins:  \n\n- Quarters: 2 piles * 5 coins/pile = 10 quarters  \n- Dimes: 4 piles * 5 coins/pile = 20 dimes  \nTotal coins = 10 + 20 = 30',
    response=30.0
)",True
"Example({'response': 30, 'question': ' While playing a trivia game, George answered 6 questions correct in the first half and 4 questions correct in the second half. If each question was worth 3 points, what was his final score? '}) (input_keys={'question'})","Prediction(
    reasoning='George answered a total of 6 questions correctly in the first half and 4 questions correct in the second half. Each question is worth 3 points. His score from the first half is 6 * 3 = 18 points, and his score from the second half is 4 * 3 = 12 points. Adding both halves together gives a total of 18 + 12 = 30 points.',
    response=30.0
)",True
"Example({'response': 32, 'question': ' Lana was unboxing some of her old winter clothes. She found 4 boxes of clothing and inside each box there were 2 scarves and 6 mittens. How many pieces of winter clothing did Lana have total? '}) (input_keys={'question'})","Prediction(
    reasoning='Lana found 4 boxes of clothing. Each box contains 2 scarves and 6 mittens. To find the total number of items, we calculate the sum per box and multiply by the number of boxes.\n\nNumber of items per box = 2 (scarves) + 6 (mittens) = 8\nTotal items = 4 boxes * 8 items/box = 32',
    response=32.0
)",True
"Example({'response': 30, 'question': ' At the town carnival Oliver rode the ferris wheel 7 times and the bumper cars 3 times. If each ride cost 3 tickets, how many tickets did he use? '}) (input_keys={'question'})","Prediction(
    reasoning='Oliver rode the ferris wheel 7 times and the bumper cars 3 times, totaling 10 rides. Each ride costs 3 tickets, so multiplying the number of rides by the cost per ride gives:  \n\n10 rides × 3 tickets/ride = 30 tickets',
    response=30.0
)",True
"Example({'response': 40, 'question': ' Sarah had 4 pages of math homework and 6 pages of reading homework. If each page had 4 problems on it, how many problems did she have to complete total? '}) (input_keys={'question'})","Prediction(
    reasoning='Sarah had 16 math problems and 24 reading problems. Adding these together: 16 + 24 = 40.',
    response=40.0
)",True
"Example({'response': 40, 'question': ' Kaleb was collecting cans for recycling. On Saturday he filled 4 bags up and on Sunday he filled 6 more bags. If each bag had 4 cans in it, how many cans did he pick up total? '}) (input_keys={'question'})","Prediction(
    reasoning='Kaleb filled 4 bags on Saturday and 6 more on Sunday. Each bag contains 4 cans. The total number of cans is calculated as follows: (4 bags * 4 cans/bag) + (6 bags * 4 cans/bag) = 16 + 24 = 40 cans.',
    response=40.0
)",True
"Example({'response': 54, 'question': ' Edward and his friend were buying trick decks from the magic shop for 6 dollars each. How much did they spend if Edward bought 3 decks and his friend bought 6 decks? '}) (input_keys={'question'})","Prediction(
    reasoning='Edward bought 3 decks at $6 each: 3 * 6 = $18. His friend bought 6 decks: 6 * 6 = $36. The total cost is $18 + $36 = $54.',
    response=54.0
)",True
"Example({'response': 48, 'question': ' Emily bought 4 new chairs and 2 new tables for her house. If she spent 8 minutes on each piece furniture putting it together, how many minutes did it take her to finish? '}) (input_keys={'question'})","Prediction(
    reasoning='48.0',
    response=48.0
)",True
"Example({'response': 72, 'question': ' A waiter had 9 tables he was waiting on, with 2 women and 6 men at each table. How many customers total did the waiter have? '}) (input_keys={'question'})","Prediction(
    reasoning='The waiter had a total of 72 customers.',
    response=72.0
)",True
"Example({'response': 27, 'question': ' There were 4 friends playing a video game online when 5 more players joined the game. If each player had 3 lives, how many lives did they have total? '}) (input_keys={'question'})","Prediction(
    reasoning='Initially, there are 4 friends playing the game. When 5 more players join them, the total number of players becomes 9. Each player has 3 lives, so the total number of lives is calculated as 9 * 3 = 27.',
    response=27.0
)",True
"Example({'response': 72, 'question': ' While shopping for music online, Janet bought 6 country albums and 2 pop albums. Each album came with a lyric sheet and had 9 songs. How many songs did Janet buy total? '}) (input_keys={'question'})","Prediction(
    reasoning='Janet bought a total of 72 songs.',
    response=72.0
)",True
"Example({'response': 8, 'question': ' The schools debate team had 26 boys and 46 girls on it. If they were split into groups of 9 how many groups could they make? '}) (input_keys={'question'})","Prediction(
    reasoning='The total number of people on the debate team is 26 boys + 46 girls = 72 people. To determine how many groups of 9 can be formed, divide the total number of people by the group size: 72 ÷ 9 = 8. Therefore, they can form 8 complete groups.',
    response=8.0
)",True
"Example({'response': 8, 'question': ' Robin uploaded 35 pictures from her phone and 5 from her camera to facebook. If she sorted the pics into 5 different albums with the same amount of pics in each album, how many pictures were in each of the albums? '}) (input_keys={'question'})","Prediction(
    reasoning='The total number of pictures Robin uploaded is calculated by adding the pictures from her phone and camera: 35 + 5 = 40. These 40 pictures are then distributed equally into 5 albums, so each album contains 40 ÷ 5 = 8 pictures.',
    response=8.0
)",True
"Example({'response': 6, 'question': ' Kaleb had saved up 21 dollars. If he received another 15 dollars for his allowance, how many 6 dollar toys could he buy? '}) (input_keys={'question'})","Prediction(
    reasoning='Kaleb has 21 dollars initially. Adding his allowance of 15 dollars gives him a total of 36 dollars. To determine how many 6 dollar toys he can buy, we divide the total amount by the cost per toy: 36 ÷ 6 = 6.',
    response=6.0
)",True
"Example({'response': 6, 'question': ' Olivia was making baggies of cookies with 9 cookies in each bag. If she had 13 chocolate chip cookies and 41 oatmeal cookies, how many baggies could she make? '}) (input_keys={'question'})","Prediction(
    reasoning='Olivia has a total of 13 chocolate chip and 41 oatmeal cookies, which adds up to 54 cookies. Each bag requires 9 cookies, so dividing the total by 9 gives 54 / 9 = 6 baggies.',
    response=6.0
)",True
"Example({'response': 9, 'question': ' Luke made 9 dollars mowing lawns and 18 dollars weed eating. If he only spent 3 dollar a week, how long would the money last him? '}) (input_keys={'question'})","Prediction(
    reasoning='Luke earns a total of \\$27 per week (\\$9 from mowing lawns and \\$18 from weed eating). He spends \\$3 each week. To find out how long his money will last, we divide his weekly earnings by his weekly spending: 27 ÷ 3 = 9 weeks.',
    response=9.0
)",True
"Example({'response': 9, 'question': "" There school's baseball team had 48 new players and 6 returning players. If the coach put them into groups with 6 players in each group, how many groups would there be? ""}) (input_keys={'question'})","Prediction(
    reasoning='There are a total of 54 players, which when divided into groups of 6 results in 9 groups.',
    response=9.0
)",True
"Example({'response': 7, 'question': ' For a birthday party Jerry bought 41 regular sodas and 22 diet sodas. If his fridge would only hold 9 on each shelf, how many shelves would he fill up? '}) (input_keys={'question'})","Prediction(
    reasoning='Jerry has a total of 41 regular sodas and 22 diet sodas, which adds up to 63 sodas in total. Since each shelf can hold 9 sodas, dividing the total number by the capacity per shelf gives 63 ÷ 9 = 7 shelves.',
    response=7.0
)",True
"Example({'response': 4, 'question': ' Paige and her friends were recycling paper for their class. For every 4 pounds they recycled they earned one point. If Paige recycled 14 pounds and her friends recycled 2 pounds, how many points did they earn? '}) (input_keys={'question'})","Prediction(
    reasoning='Paige and her friends recycled a total of 16 pounds (14 + 2). Since they earn one point for every 4 pounds, dividing the total pounds by 4 gives: 16 ÷ 4 = 4 points.',
    response=4.0
)",True
"Example({'response': 4, 'question': ' For homework Nancy had 17 math problems and 15 spelling problems. If she can finish 8 problems in an hour how long will it take her to finish all the problems? '}) (input_keys={'question'})","Prediction(
    reasoning='Nancy has a total of 17 math problems and 15 spelling problems, which sums to 32 problems. Since she can finish 8 problems in an hour, dividing the total number of problems by her rate gives 32 ÷ 8 = 4 hours.',
    response=4.0
)",True
"Example({'response': 6, 'question': ' Will was organizing his baseball cards in a binder with 3 on each page. If he had 8 new cards and 10 old cards to put in the binder, how many pages would he use? '}) (input_keys={'question'})","Prediction(
    reasoning='Will has a total of 8 new cards and 10 old cards, which adds up to 18 cards in total. Since each page can hold 3 cards, dividing the total number of cards by the number of cards per page gives us 18 ÷ 3 = 6 pages. Therefore, Will would use 6 pages.',
    response=6.0
)",True
"Example({'response': 8, 'question': ' The schools debate team had 11 boys and 45 girls on it. If they were split into groups of 7 how many groups could they make? '}) (input_keys={'question'})","Prediction(
    reasoning='The total number of people on the debate team is calculated as follows:\n\\[\n11 \\text{ (boys)} + 45 \\text{ (girls)} = 56 \\text{ (people)}\n\\]\nTo find out how many groups of 7 can be formed, divide the total number of people by the group size:\n\\[\n56 \\div 7 = 8\n\\]\nThus, they can form 8 complete groups.',
    response=8.0
)",True
"Example({'response': 4, 'question': ' A group of 4 friends went into a restaurant. The chef already had 9 chicken wings cooked but cooked 7 more for the group. If they each got the same amount how many would each person get? '}) (input_keys={'question'})","Prediction(
    reasoning='The total number of chicken wings is 16. Dividing this equally among the four friends results in each person receiving 4 chicken wings.',
    response=4.0
)",True
"Example({'response': 9, 'question': ' A vase can hold 6 flowers. If you had 7 carnations and 47 roses, how many vases would you need to hold the flowers? '}) (input_keys={'question'})","Prediction(
    reasoning='There are a total of 54 flowers (7 carnations + 47 roses). Each vase can hold 6 flowers. Dividing the total number of flowers by the capacity per vase gives 54 / 6 = 9 vases.',
    response=9.0
)",True
"Example({'response': 7, 'question': ' A pet shelter had 9 puppies when another 12 were brought in. If 3 puppies a day are adopted, how long would it take for all of them to be adopted? '}) (input_keys={'question'})","Prediction(
    reasoning='The total number of puppies is calculated as 9 + 12 = 21. Adopting 3 puppies each day means the time required to adopt all 21 puppies is 21 / 3 = 7 days.',
    response=7.0
)",True
"Example({'response': 3, 'question': ' Roger was helping the cafeteria workers pick up lunch trays, but he could only carry 4 trays at a time. If he had to pick up 10 trays from one table and 2 trays from another, how many trips will he make? '}) (input_keys={'question'})","Prediction(
    reasoning='Roger needs to carry a total of 10 + 2 = 12 trays. Since he can carry 4 trays per trip, dividing the total number by his capacity gives 12 / 4 = 3 trips.',
    response=3.0
)",True
"Example({'response': 2, 'question': ' A toy store had 4 giant stuffed bears in stock when they got another shipment with 10 bears in it. The put the bears onto shelves with 7 on each shelf. How many shelves did they use? '}) (input_keys={'question'})","Prediction(
    reasoning='The toy store initially had 4 bears and received an additional 10, totaling 14 bears. Each shelf can hold 7 bears, so dividing the total number of bears by the capacity per shelf gives us 14 ÷ 7 = 2 shelves.',
    response=2.0
)",True
"Example({'response': 8, 'question': ' John made 6 dollars mowing lawns and 18 dollars weed eating. If he only spent 3 dollar a week, how long would the money last him? '}) (input_keys={'question'})","Prediction(
    reasoning='The total amount of money John has is calculated by adding the money from mowing lawns and weed eating:  \n$6 + $18 = $24  \n\nTo find out how long his money will last him, we divide the total amount by his weekly spending rate:  \n$24 ÷ $3/week = 8 weeks',
    response=8.0
)",True
"Example({'response': 9, 'question': "" Wendy's old washing machine could only wash 8 pieces of clothing at a time. If she had to wash 39 shirts and 33 sweaters how many loads would she have to do? ""}) (input_keys={'question'})","Prediction(
    reasoning='The total number of pieces of clothing is 39 shirts plus 33 sweaters, which equals 72. Since the washing machine can handle 8 pieces at a time, dividing 72 by 8 gives exactly 9 loads. Therefore, Wendy needs to do 9 loads.',
    response=9.0
)",True
"Example({'response': 2, 'question': "" Debby's class is going on a field trip to the zoo. If each van can hold 4 people and there are 2 students and 6 adults going, how many vans will they need? ""}) (input_keys={'question'})","Prediction(
    reasoning='The total number of people going on the field trip is 2 students + 6 adults = 8 people. Each van can hold 4 people, so dividing the total number of people by the capacity per van gives 8 ÷ 4 = 2. Therefore, they will need 2 vans.',
    response=2.0
)",True
"Example({'response': 2, 'question': ' Isabel uploaded 2 pictures from her phone and 4 from her camera to facebook. If she sorted the pics into 3 different albums with the same amount of pics in each album, how many pictures were in each of the albums? '}) (input_keys={'question'})","Prediction(
    reasoning='The total number of pictures is 6, and dividing them equally into 3 albums results in 2 pictures per album.',
    response=2.0
)",True
"Example({'response': 7, 'question': "" While playing at the arcade, Frank won 33 tickets playing 'whack a mole' and 9 tickets playing 'skee ball'. If he was trying to buy candy that cost 6 tickets a piece, how many could he buy? ""}) (input_keys={'question'})","Prediction(
    reasoning='Frank won a total of 33 + 9 = 42 tickets. Each candy costs 6 tickets, so the number of candies he can buy is 42 / 6 = 7.',
    response=7.0
)",True
"Example({'response': 8, 'question': ' Mike made 14 dollars mowing lawns and 26 dollars weed eating. If he only spent 5 dollar a week, how long would the money last him? '}) (input_keys={'question'})","Prediction(
    reasoning='The total amount of money Mike has is the sum of his earnings from mowing lawns and weed eating:  \n\n$14 (from mowing) + $26 (from weed eating) = $40.\n\nTo find out how long his money will last, we divide the total amount by his weekly spending:  \n\n$40 ÷ $5 per week = 8 weeks.',
    response=8.0
)",True
"Example({'response': 6, 'question': ' Gwen and her friends were recycling paper for their class. For every 3 pounds they recycled they earned one point. If Gwen recycled 5 pounds and her friends recycled 13 pounds, how many points did they earn? '}) (input_keys={'question'})","Prediction(
    reasoning='The total weight recycled is 5 + 13 = 18 pounds. Since 1 point is earned for every 3 pounds, the number of points is 18 / 3 = 6.',
    response=6.0
)",True
"Example({'response': 4, 'question': ' Robin uploaded 31 pictures from her phone and 5 from her camera to facebook. If she sorted the pics into 9 different albums with the same amount of pics in each album, how many pictures were in each of the albums? '}) (input_keys={'question'})","Prediction(
    reasoning='Robin uploaded a total of 36 pictures (31 from phone and 5 from camera). These are divided equally into 9 albums, so each album contains 36 / 9 = 4 pictures.',
    response=4.0
)",True
"Example({'response': 2, 'question': ' For Halloween Megan received 11 pieces of candy from neighbors and 5 pieces from her older sister. If she only ate 8 pieces a day, how long would the candy last her? '}) (input_keys={'question'})","Prediction(
    reasoning='Megan received a total of 11 + 5 = 16 pieces of candy. Since she eats 8 pieces per day, the candy will last for 16 / 8 = 2 days.',
    response=2.0
)",True
"Example({'response': 7, 'question': ' Maria was making baggies of cookies with 5 cookies in each bag. If she had 33 chocolate chip cookies and 2 oatmeal cookies, how many baggies could she make? '}) (input_keys={'question'})","Prediction(
    reasoning='Maria has a total of 35 cookies (33 chocolate chip + 2 oatmeal). Each bag requires 5 cookies, so dividing the total number by 5 gives 35 ÷ 5 = 7.',
    response=7.0
)",True
"Example({'response': 2, 'question': "" There school's baseball team had 4 new players and 6 returning players. If the coach put them into groups with 5 players in each group, how many groups would there be? ""}) (input_keys={'question'})","Prediction(
    reasoning='The total number of players is 4 new + 6 returning = 10 players. Each group holds 5 players, so dividing 10 by 5 gives 2 groups.',
    response=2.0
)",True
"Example({'response': 5, 'question': ' A pet shelter had 5 puppies when another 35 were brought in. If 8 puppies a day are adopted, how long would it take for all of them to be adopted? '}) (input_keys={'question'})","Prediction(
    reasoning='The total number of puppies is calculated by adding the initial 5 to the additional 35, resulting in 40 puppies. Since 8 puppies are adopted each day, dividing the total by the daily rate gives 40 / 8 = 5 days.',
    response=5.0
)",True
"Example({'response': 3, 'question': "" Nancy's class is going on a field trip to the zoo. If each van can hold 5 people and there are 12 students and 3 adults going, how many vans will they need? ""}) (input_keys={'question'})","Prediction(
    reasoning='The total number of people going on the field trip is calculated by adding the students and adults: 12 + 3 = 15. Each van can hold 5 people, so dividing the total number of people by the van capacity gives 15 / 5 = 3. Therefore, they will need exactly 3 vans.',
    response=3.0
)",True
"Example({'response': 8, 'question': ' Dave was helping the cafeteria workers pick up lunch trays, but he could only carry 9 trays at a time. If he had to pick up 17 trays from one table and 55 trays from another, how many trips will he make? '}) (input_keys={'question'})","Prediction(
    reasoning='The total number of trays is 17 + 55 = 72. Since each trip carries 9 trays, the number of trips is 72 ÷ 9 = 8.',
    response=8.0
)",True
"Example({'response': 8, 'question': ' For a birthday party George bought 10 regular sodas and 22 diet sodas. If his fridge would only hold 4 on each shelf, how many shelves would he fill up? '}) (input_keys={'question'})","Prediction(
    reasoning='George has a total of 10 regular sodas and 22 diet sodas, which adds up to 32 sodas in total. Since his fridge can hold 4 sodas per shelf, dividing the total number of sodas by the capacity gives us 32 ÷ 4 = 8 shelves. Therefore, George would need 8 shelves.',
    response=8.0
)",True
"Example({'response': 8, 'question': ' The schools debate team had 28 boys and 4 girls on it. If they were split into groups of 4 how many groups could they make? '}) (input_keys={'question'})","Prediction(
    reasoning='The total number of people on the debate team is 28 boys + 4 girls = 32 people. To find out how many groups of 4 can be formed, divide the total number by the group size: 32 ÷ 4 = 8. Therefore, they can make 8 groups.',
    response=8.0
)",True
"Example({'response': 3, 'question': ' Maria was making baggies of cookies with 8 cookies in each bag. If she had 5 chocolate chip cookies and 19 oatmeal cookies, how many baggies could she make? '}) (input_keys={'question'})","Prediction(
    reasoning='The total number of cookies Maria has is calculated by adding the chocolate chip and oatmeal cookies: 5 + 19 = 24. Each bag requires 8 cookies, so dividing the total number of cookies by the number per bag gives 24 ÷ 8 = 3. Therefore, Maria can make **3** baggies.',
    response=3.0
)",True
"Example({'response': 9, 'question': ' For Halloween Sarah received 66 pieces of candy from neighbors and 15 pieces from her older sister. If she only ate 9 pieces a day, how long would the candy last her? '}) (input_keys={'question'})","Prediction(
    reasoning='Sarah received a total of 66 + 15 = 81 pieces of candy. She eats 9 pieces per day, so the number of days her candy will last is 81 / 9 = 9 days.',
    response=9.0
)",True
"Example({'response': 9, 'question': ' Henry was helping the cafeteria workers pick up lunch trays, but he could only carry 9 trays at a time. If he had to pick up 29 trays from one table and 52 trays from another, how many trips will he make? '}) (input_keys={'question'})","Prediction(
    reasoning='The total number of trays Henry needs to pick up is 29 + 52 = 81 trays. Since he can carry 9 trays at a time, the number of trips required is calculated as follows:  \n\n\\[\n\\text{Number of trips} = \\frac{\\text{Total trays}}{\\text{Trays per trip}} = \\frac{81}{9} = 9\n\\]',
    response=9.0
)",True
"Example({'response': 4, 'question': ' Tiffany uploaded 7 pictures from her phone and 13 from her camera to facebook. If she sorted the pics into 5 different albums with the same amount of pics in each album, how many pictures were in each of the albums? '}) (input_keys={'question'})","Prediction(
    reasoning='The total number of pictures is 7 (from phone) + 13 (from camera) = 20. Dividing this by 5 albums gives 20 ÷ 5 = 4.',
    response=4.0
)",True
"Example({'response': 2, 'question': ' A toy store had 5 giant stuffed bears in stock when they got another shipment with 7 bears in it. The put the bears onto shelves with 6 on each shelf. How many shelves did they use? '}) (input_keys={'question'})","Prediction(
    reasoning='The toy store initially had 5 stuffed bears and received another shipment with 7 bears. Adding these together gives a total of 12 stuffed bears. Each shelf can hold 6 bears, so dividing the total number of bears by the capacity per shelf (12 ÷ 6) results in 2 shelves being used.',
    response=2.0
)",True
"Example({'response': 9, 'question': ' Paul made 68 dollars mowing lawns and 13 dollars weed eating. If he only spent 9 dollar a week, how long would the money last him? '}) (input_keys={'question'})","Prediction(
    reasoning='Paul earns a total of 68 + 13 = 81 dollars per week. He spends 9 dollars each week, so the money will last him for 81 ÷ 9 = 9 weeks.',
    response=9.0
)",True
"Example({'response': 2, 'question': "" While playing at the arcade, Edward won 3 tickets playing 'whack a mole' and 5 tickets playing 'skee ball'. If he was trying to buy candy that cost 4 tickets a piece, how many could he buy? ""}) (input_keys={'question'})","Prediction(
    reasoning='Edward won a total of 3 + 5 = 8 tickets. Each piece of candy costs 4 tickets, so he can buy 8 / 4 = 2 pieces.',
    response=2.0
)",True
"Example({'response': 6, 'question': "" Megan's class is going on a field trip to the zoo. If each van can hold 5 people and there are 25 students and 5 adults going, how many vans will they need? ""}) (input_keys={'question'})","Prediction(
    reasoning='The total number of people going on the trip is 25 students + 5 adults = 30 people. Each van can hold 5 people, so dividing the total number of people by the van capacity gives 30 ÷ 5 = 6. Therefore, they will need 6 vans.',
    response=6.0
)",True
"Example({'response': 4, 'question': ' Luke was organizing his baseball cards in a binder with 3 on each page. If he had 3 new cards and 9 old cards to put in the binder, how many pages would he use? '}) (input_keys={'question'})","Prediction(
    reasoning='Luke has a total of 3 new cards and 9 old cards, which adds up to 12 cards in total. Since each page holds 3 cards, dividing the total number of cards by the number of cards per page gives 12 ÷ 3 = 4 pages.',
    response=4.0
)",True
"Example({'response': 3, 'question': ' A group of 3 friends went into a restaurant. The chef already had 6 chicken wings cooked but cooked 3 more for the group. If they each got the same amount how many would each person get? '}) (input_keys={'question'})","Prediction(
    reasoning='The total number of chicken wings is 9, and each friend gets an equal share. Therefore, each person would get 3 chicken wings.',
    response=3.0
)",True
"Example({'response': 5, 'question': ' Olivia uploaded 5 pictures from her phone and 35 from her camera to facebook. If she sorted the pics into 8 different albums with the same amount of pics in each album, how many pictures were in each of the albums? '}) (input_keys={'question'})","Prediction(
    reasoning='The total number of pictures is 5 (from phone) + 35 (from camera) = 40 pictures. Dividing these equally into 8 albums gives 40 ÷ 8 = 5 pictures per album.',
    response=5.0
)",True
"Example({'response': 4, 'question': ' A toy store had 6 giant stuffed bears in stock when they got another shipment with 18 bears in it. The put the bears onto shelves with 6 on each shelf. How many shelves did they use? '}) (input_keys={'question'})","Prediction(
    reasoning='The toy store had a total of 24 stuffed bears (6 initial + 18 from the shipment). Each shelf holds 6 bears, so dividing the total number of bears by the capacity per shelf gives 24 ÷ 6 = 4 shelves.',
    response=4.0
)",True
"Example({'response': 2, 'question': ' Jerry was helping the cafeteria workers pick up lunch trays, but he could only carry 8 trays at a time. If he had to pick up 9 trays from one table and 7 trays from another, how many trips will he make? '}) (input_keys={'question'})","Prediction(
    reasoning='The total number of trays Jerry needs to pick up is 9 + 7 = 16 trays. Since he can carry 8 trays at a time, dividing the total by his capacity gives 16 / 8 = 2 trips.',
    response=2.0
)",True
"Example({'response': 5, 'question': ' A vase can hold 5 flowers. If you had 6 carnations and 19 roses, how many vases would you need to hold the flowers? '}) (input_keys={'question'})","Prediction(
    reasoning='The total number of flowers is calculated as follows: 6 carnations + 19 roses = 25 flowers. Since each vase can hold 5 flowers, the number of vases needed is 25 ÷ 5 = 5.',
    response=5.0
)",True
"Example({'response': 9, 'question': ' Haley and her friends were recycling paper for their class. For every 3 pounds they recycled they earned one point. If Haley recycled 11 pounds and her friends recycled 16 pounds, how many points did they earn? '}) (input_keys={'question'})","Prediction(
    reasoning='The total pounds recycled by Haley and her friends is 11 + 16 = 27 pounds. Since they earn one point for every 3 pounds, the number of points earned is 27 / 3 = 9 points.',
    response=9.0
)",True
"Example({'response': 9, 'question': ' A pet shelter had 17 puppies when another 55 were brought in. If 8 puppies a day are adopted, how long would it take for all of them to be adopted? '}) (input_keys={'question'})","Prediction(
    reasoning='The shelter initially has 17 puppies and another 55 are brought in, totaling 72 puppies. Adopting 8 puppies per day means it will take 72 ÷ 8 = 9 days for all puppies to be adopted.',
    response=9.0
)",True
"Example({'response': 7, 'question': "" There school's baseball team had 12 new players and 44 returning players. If the coach put them into groups with 8 players in each group, how many groups would there be? ""}) (input_keys={'question'})","Prediction(
    reasoning='There are a total of 12 new players and 44 returning players, making a total of 56 players. If each group consists of 8 players, the number of groups would be calculated by dividing the total number of players by the group size: 56 ÷ 8 = 7. Therefore, there would be 7 groups.',
    response=7.0
)",True
"Example({'response': 5, 'question': ' Frank had saved up 3 dollars. If he received another 37 dollars for his allowance, how many 8 dollar toys could he buy? '}) (input_keys={'question'})","Prediction(
    reasoning='Frank has saved up $3 and received an additional $37, totaling $40. To determine how many 8-dollar toys he can buy, divide the total amount by the cost per toy: 40 ÷ 8 = 5.',
    response=5.0
)",True
"Example({'response': 4, 'question': ' Luke was organizing his baseball cards in a binder with 3 on each page. If he had 3 new cards and 9 old cards to put in the binder, how many pages would he use? '}) (input_keys={'question'})","Prediction(
    reasoning='Luke has a total of 3 new cards and 9 old cards, which adds up to 12 cards. Since each page can hold 3 cards, dividing the total number of cards by the number of cards per page gives 12 / 3 = 4 pages.',
    response=4.0
)",True
"Example({'response': 3, 'question': ' A group of 3 friends went into a restaurant. The chef already had 6 chicken wings cooked but cooked 3 more for the group. If they each got the same amount how many would each person get? '}) (input_keys={'question'})","Prediction(
    reasoning='The total number of chicken wings is 9. Each friend gets an equal share, so each would receive 3 chicken wings.',
    response=3.0
)",True
"Example({'response': 5, 'question': ' Olivia uploaded 5 pictures from her phone and 35 from her camera to facebook. If she sorted the pics into 8 different albums with the same amount of pics in each album, how many pictures were in each of the albums? '}) (input_keys={'question'})","Prediction(
    reasoning='Olivia uploaded a total of 40 pictures (5 from her phone and 35 from her camera). She divided these into 8 albums with an equal number of pictures in each. To find the number of pictures per album, divide the total by the number of albums: 40 ÷ 8 = 5.',
    response=5.0
)",True
"Example({'response': 4, 'question': ' A toy store had 6 giant stuffed bears in stock when they got another shipment with 18 bears in it. The put the bears onto shelves with 6 on each shelf. How many shelves did they use? '}) (input_keys={'question'})","Prediction(
    reasoning='The total number of stuffed bears is calculated by adding the initial stock and the new shipment: 6 + 18 = 24. To find out how many shelves are needed, divide the total number of bears by the number per shelf: 24 ÷ 6 = 4.',
    response=4.0
)",True
"Example({'response': 2, 'question': ' Jerry was helping the cafeteria workers pick up lunch trays, but he could only carry 8 trays at a time. If he had to pick up 9 trays from one table and 7 trays from another, how many trips will he make? '}) (input_keys={'question'})","Prediction(
    reasoning='Jerry needs to carry a total of 16 trays (9 from one table and 7 from another). Since he can carry 8 trays at a time, dividing the total number of trays by his capacity gives 16 ÷ 8 = 2.',
    response=2.0
)",True
"Example({'response': 5, 'question': ' A vase can hold 5 flowers. If you had 6 carnations and 19 roses, how many vases would you need to hold the flowers? '}) (input_keys={'question'})","Prediction(
    reasoning='The total number of flowers is calculated by adding the number of carnations and roses: 6 + 19 = 25. Each vase can hold up to 5 flowers, so dividing the total number of flowers by the capacity per vase gives 25 ÷ 5 = 5 vases.',
    response=5.0
)",True
"Example({'response': 9, 'question': ' Haley and her friends were recycling paper for their class. For every 3 pounds they recycled they earned one point. If Haley recycled 11 pounds and her friends recycled 16 pounds, how many points did they earn? '}) (input_keys={'question'})","Prediction(
    reasoning='Haley recycled 11 pounds and her friends recycled 16 pounds. The total pounds recycled is 11 + 16 = 27 pounds. Since they earn one point for every 3 pounds, the number of points earned is 27 / 3 = 9 points.',
    response=9.0
)",True
"Example({'response': 9, 'question': ' A pet shelter had 17 puppies when another 55 were brought in. If 8 puppies a day are adopted, how long would it take for all of them to be adopted? '}) (input_keys={'question'})","Prediction(
    reasoning='The total number of puppies is calculated as follows: 17 + 55 = 72. Since 8 puppies are adopted each day, the time required to adopt all 72 puppies is found by dividing 72 by 8, which equals 9 days.',
    response=9.0
)",True
"Example({'response': 7, 'question': "" There school's baseball team had 12 new players and 44 returning players. If the coach put them into groups with 8 players in each group, how many groups would there be? ""}) (input_keys={'question'})","Prediction(
    reasoning='The total number of players is calculated as follows:  \n12 new players + 44 returning players = 56 players  \n\nTo find the number of groups with 8 players each, divide the total number of players by the group size:  \n56 ÷ 8 = 7',
    response=7.0
)",True
"Example({'response': 5, 'question': ' Frank had saved up 3 dollars. If he received another 37 dollars for his allowance, how many 8 dollar toys could he buy? '}) (input_keys={'question'})","Prediction(
    reasoning='Frank had a total of $3 + $37 = $40. Dividing this by the cost per toy ($8) gives 5 toys.',
    response=5.0
)",True
"Example({'response': 9, 'question': ' A pet shelter had 8 puppies when another 19 were brought in. If 3 puppies a day are adopted, how long would it take for all of them to be adopted? '}) (input_keys={'question'})","Prediction(
    reasoning='The shelter initially has 8 puppies and another 19 are brought in, totaling 27 puppies. Adopting 3 puppies each day means it will take 27 ÷ 3 = 9 days to adopt all of them.',
    response=9.0
)",True
"Example({'response': 5, 'question': ' For homework Faye had 13 math problems and 2 spelling problems. If she can finish 3 problems in an hour how long will it take her to finish all the problems? '}) (input_keys={'question'})","Prediction(
    reasoning='The total number of problems is 13 math + 2 spelling = 15 problems. Faye can finish 3 problems in an hour, so dividing the total problems by her rate gives 15 / 3 = 5 hours.',
    response=5.0
)",True
"Example({'response': 5, 'question': ' Sam had saved up 8 dollars. If he received another 7 dollars for his allowance, how many 3 dollar toys could he buy? '}) (input_keys={'question'})","Prediction(
    reasoning='Sam had saved up 8 dollars and received another 7 dollars, totaling 15 dollars. To determine how many 3 dollar toys he could buy, we divide the total amount by the cost per toy: 15 ÷ 3 = 5. Therefore, Sam can buy 5 toys.',
    response=5.0
)",True
"Example({'response': 9, 'question': ' Bianca and her friends were recycling paper for their class. For every 3 pounds they recycled they earned one point. If Bianca recycled 24 pounds and her friends recycled 3 pounds, how many points did they earn? '}) (input_keys={'question'})","Prediction(
    reasoning='The total pounds recycled by Bianca and her friends is 24 + 3 = 27 pounds. Since they earn one point for every 3 pounds, the number of points is 27 / 3 = 9.',
    response=9.0
)",True
"Example({'response': 5, 'question': "" There school's baseball team had 31 new players and 4 returning players. If the coach put them into groups with 7 players in each group, how many groups would there be? ""}) (input_keys={'question'})","Prediction(
    reasoning='The total number of players is calculated as follows: there are 31 new players and 4 returning players, totaling 35 players. These are divided into groups with 7 players each. Dividing 35 by 7 gives exactly 5 groups with no remainder. Therefore, the response is 5.0.',
    response=5.0
)",True
"Example({'response': 4, 'question': ' Oliver was organizing his baseball cards in a binder with 3 on each page. If he had 2 new cards and 10 old cards to put in the binder, how many pages would he use? '}) (input_keys={'question'})","Prediction(
    reasoning='Oliver has a total of 12 cards (2 new + 10 old). Each page can hold 3 cards. To find the number of pages needed:  \n\nTotal cards ÷ Cards per page = 12 ÷ 3 = 4 pages.',
    response=4.0
)",True
"Example({'response': 2, 'question': ' Paul made 3 dollars mowing lawns and 3 dollars weed eating. If he only spent 3 dollar a week, how long would the money last him? '}) (input_keys={'question'})","Prediction(
    
)",0.0
"Example({'response': 8, 'question': ' Robin was making baggies of cookies with 6 cookies in each bag. If she had 23 chocolate chip cookies and 25 oatmeal cookies, how many baggies could she make? '}) (input_keys={'question'})","Prediction(
    reasoning='Robin has a total of 23 + 25 = 48 cookies. Each baggie requires 6 cookies, so the number of baggies she can make is 48 ÷ 6 = 8.',
    response=8.0
)",True
"Example({'response': 5, 'question': ' The schools debate team had 5 boys and 40 girls on it. If they were split into groups of 9 how many groups could they make? '}) (input_keys={'question'})","Prediction(
    reasoning='The total number of students is 45. Dividing this by the group size of 9 gives 5 groups.',
    response=5.0
)",True
"Example({'response': 5, 'question': ' At a company picnic 23 managers and 7 employees decided to start a game of volleyball. If they split into 6 teams how many people would be on each team? '}) (input_keys={'question'})","Prediction(
    reasoning='The total number of people is 23 managers + 7 employees = 30 people. Dividing these equally into 6 teams gives 30 ÷ 6 = 5 people per team.',
    response=5.0
)",True
"Example({'response': 8, 'question': ' For a birthday party Cody bought 4 regular sodas and 44 diet sodas. If his fridge would only hold 6 on each shelf, how many shelves would he fill up? '}) (input_keys={'question'})","Prediction(
    reasoning='The total number of sodas is 4 regular + 44 diet = 48 sodas. Each shelf holds 6 sodas, so the number of shelves needed is 48 ÷ 6 = 8 shelves.',
    response=8.0
)",True
"Example({'response': 3, 'question': "" Robin's class is going on a field trip to the zoo. If each van can hold 8 people and there are 22 students and 2 adults going, how many vans will they need? ""}) (input_keys={'question'})","Prediction(
    reasoning='The total number of people going on the field trip is 24 (22 students + 2 adults). Each van can hold 8 people. To find out how many vans are needed, divide the total number of people by the van capacity: 24 ÷ 8 = 3. Since 3 vans will carry exactly 24 people without any leftovers, they will need **3** vans.',
    response=3.0
)",True
"Example({'response': 2, 'question': ' Ned was helping the cafeteria workers pick up lunch trays, but he could only carry 5 trays at a time. If he had to pick up 5 trays from one table and 5 trays from another, how many trips will he make? '}) (input_keys={'question'})","Prediction(
    reasoning='Ned needs to pick up a total of 10 trays (5 from each table). Since he can carry 5 trays per trip, he will make 2 trips in total.',
    response=2.0
)",True
"Example({'response': 2, 'question': "" There school's baseball team had 2 new players and 6 returning players. If the coach put them into groups with 4 players in each group, how many groups would there be? ""}) (input_keys={'question'})","Prediction(
    reasoning='The total number of players is 2 (new) + 6 (returning) = 8 players. Dividing these into groups of 4 gives 8 ÷ 4 = 2 groups.',
    response=2.0
)",True
"Example({'response': 6, 'question': ' For homework Amy had 18 math problems and 6 spelling problems. If she can finish 4 problems in an hour how long will it take her to finish all the problems? '}) (input_keys={'question'})","Prediction(
    reasoning='The total number of problems Amy has is 18 math problems plus 6 spelling problems, which equals 24 problems in total. Since she can finish 4 problems each hour, dividing the total number of problems by her rate gives 24 divided by 4, which equals 6 hours.',
    response=6.0
)",True
"Example({'response': 6, 'question': ' Maria was making baggies of cookies with 3 cookies in each bag. If she had 2 chocolate chip cookies and 16 oatmeal cookies, how many baggies could she make? '}) (input_keys={'question'})","Prediction(
    reasoning='18 (total cookies) divided by 3 (cookies per baggie) equals 6.',
    response=6.0
)",True
"Example({'response': 9, 'question': "" Sarah's old washing machine could only wash 5 pieces of clothing at a time. If she had to wash 43 shirts and 2 sweaters how many loads would she have to do? ""}) (input_keys={'question'})","Prediction(
    reasoning='Sarah needs to wash a total of 43 shirts and 2 sweaters, which adds up to 45 pieces of clothing. Since the washing machine can handle 5 pieces at a time, dividing 45 by 5 gives her exactly 9 loads.',
    response=9.0
)",True
"Example({'response': 2, 'question': ' A pet shelter had 3 puppies when another 3 were brought in. If 3 puppies a day are adopted, how long would it take for all of them to be adopted? '}) (input_keys={'question'})","Prediction(
    reasoning='The total number of puppies is 6 (3 initial + 3 brought in). Adopting 3 per day, it would take 2 days.',
    response=2.0
)",True
"Example({'response': 5, 'question': "" While playing at the arcade, Luke won 2 tickets playing 'whack a mole' and 13 tickets playing 'skee ball'. If he was trying to buy candy that cost 3 tickets a piece, how many could he buy? ""}) (input_keys={'question'})","Prediction(
    reasoning='Luke won a total of 2 + 13 = 15 tickets. Each piece of candy costs 3 tickets, so the number of candies he can buy is 15 ÷ 3 = 5.',
    response=5.0
)",True
"Example({'response': 6, 'question': ' A group of 3 friends went into a restaurant. The chef already had 8 chicken wings cooked but cooked 10 more for the group. If they each got the same amount how many would each person get? '}) (input_keys={'question'})","Prediction(
    reasoning='The total number of chicken wings is calculated as follows: 8 (initial) + 10 (additional) = 18 wings. These are divided equally among the three friends, resulting in each person receiving 6 wings.',
    response=6.0
)",True
"Example({'response': 3, 'question': "" Nancy's old washing machine could only wash 9 pieces of clothing at a time. If she had to wash 19 shirts and 8 sweaters how many loads would she have to do? ""}) (input_keys={'question'})","Prediction(
    reasoning='The total number of clothes is 19 shirts + 8 sweaters = 27 pieces. Dividing by the capacity of 9 per load: 27 / 9 = 3 loads.',
    response=3.0
)",True
"Example({'response': 2, 'question': ' Paul had saved up 3 dollars. If he received another 7 dollars for his allowance, how many 5 dollar toys could he buy? '}) (input_keys={'question'})","Prediction(
    reasoning='Paul has a total of 3 + 7 = 10 dollars. With each toy costing 5 dollars, he can buy 10 / 5 = 2 toys.',
    response=2.0
)",True
"Example({'response': 9, 'question': ' Jerry made 14 dollars mowing lawns and 31 dollars weed eating. If he only spent 5 dollar a week, how long would the money last him? '}) (input_keys={'question'})","Prediction(
    reasoning='The total amount of money Jerry has is the sum of his earnings from mowing lawns and weed eating:  \n\n$14 (mowing) + $31 (weed eating) = $45.  \n\nJerry spends $5 each week, so the number of weeks his money will last him is calculated by dividing the total amount by weekly spending:  \n\n$45 ÷ $5/week = 9 weeks.',
    response=9.0
)",True
"Example({'response': 5, 'question': "" While playing at the arcade, Ned won 26 tickets playing 'whack a mole' and 19 tickets playing 'skee ball'. If he was trying to buy candy that cost 9 tickets a piece, how many could he buy? ""}) (input_keys={'question'})","Prediction(
    reasoning='Ned has a total of 26 + 19 = 45 tickets. Each candy costs 9 tickets, so the number of candies he can buy is 45 ÷ 9 = 5.',
    response=5.0
)",True
"Example({'response': 9, 'question': ' Luke was helping the cafeteria workers pick up lunch trays, but he could only carry 4 trays at a time. If he had to pick up 20 trays from one table and 16 trays from another, how many trips will he make? '}) (input_keys={'question'})","Prediction(
    reasoning='The total number of trays Luke needs to pick up is 20 + 16 = 36 trays. Since he can carry 4 trays per trip, the number of trips required is calculated by dividing the total trays by the capacity: 36 ÷ 4 = 9 trips.',
    response=9.0
)",True
"Example({'response': 4, 'question': ' Vanessa and her friends were recycling paper for their class. For every 9 pounds they recycled they earned one point. If Vanessa recycled 20 pounds and her friends recycled 16 pounds, how many points did they earn? '}) (input_keys={'question'})","Prediction(
    reasoning='Vanessa and her friends recycled a total of 20 + 16 = 36 pounds. Since they earn one point per 9 pounds, the number of points is 36 / 9 = 4.',
    response=4.0
)",True
"Example({'response': 9, 'question': ' A pet shelter had 2 puppies when another 34 were brought in. If 4 puppies a day are adopted, how long would it take for all of them to be adopted? '}) (input_keys={'question'})","Prediction(
    reasoning='The total number of puppies is calculated as 2 + 34 = 36. Since 4 puppies are adopted each day, the number of days required is 36 ÷ 4 = 9.',
    response=9.0
)",True
"Example({'response': 3, 'question': ' At a company picnic 9 managers and 15 employees decided to start a game of volleyball. If they split into 8 teams how many people would be on each team? '}) (input_keys={'question'})","Prediction(
    reasoning='The total number of people is 9 managers + 15 employees = 24 people. Divided into 8 teams, each team has 24 ÷ 8 = 3 people.',
    response=3.0
)",True
"Example({'response': 8, 'question': ' John was organizing his baseball cards in a binder with 3 on each page. If he had 8 new cards and 16 old cards to put in the binder, how many pages would he use? '}) (input_keys={'question'})","Prediction(
    reasoning='John has a total of 24 cards (8 new + 16 old). Each page holds 3 cards, so the number of pages required is calculated by dividing the total number of cards by the number per page: 24 ÷ 3 = 8. Therefore, John would use 8 pages.',
    response=8.0
)",True
"Example({'response': 6, 'question': ' Wendy uploaded 22 pictures from her phone and 2 from her camera to facebook. If she sorted the pics into 4 different albums with the same amount of pics in each album, how many pictures were in each of the albums? '}) (input_keys={'question'})","Prediction(
    reasoning='The total number of pictures Wendy uploaded is calculated as follows:  \n22 (from phone) + 2 (from camera) = 24 pictures in total.  \n\nTo determine how many pictures each of the 4 albums will contain, we divide the total number of pictures by the number of albums:  \n24 ÷ 4 = 6.  \n\nTherefore, each album will have **6** pictures.',
    response=6.0
)",True
"Example({'response': 3, 'question': ' A toy store had 17 giant stuffed bears in stock when they got another shipment with 10 bears in it. The put the bears onto shelves with 9 on each shelf. How many shelves did they use? '}) (input_keys={'question'})","Prediction(
    reasoning='The toy store initially had 17 stuffed bears and received an additional 10, totaling 27 bears. These were placed on shelves with 9 bears each, requiring 3 shelves in total.',
    response=3.0
)",True
"Example({'response': 6, 'question': ' Zoe and her friends were recycling paper for their class. For every 8 pounds they recycled they earned one point. If Zoe recycled 25 pounds and her friends recycled 23 pounds, how many points did they earn? '}) (input_keys={'question'})","Prediction(
    reasoning='The total pounds recycled by Zoe and her friends is 25 + 23 = 48 pounds. Since they earn one point for every 8 pounds, dividing the total pounds by 8 gives 48 / 8 = 6 points.',
    response=6.0
)",True
"Example({'response': 9, 'question': ' Billy was organizing his baseball cards in a binder with 5 on each page. If he had 3 new cards and 42 old cards to put in the binder, how many pages would he use? '}) (input_keys={'question'})","Prediction(
    reasoning='Billy has a total of 45 baseball cards (3 new + 42 old). Each binder page can hold 5 cards. To find the number of pages needed, divide the total number of cards by the number of cards per page: 45 / 5 = 9 pages.',
    response=9.0
)",True
"Example({'response': 8, 'question': ' For a birthday party Tom bought 4 regular sodas and 52 diet sodas. If his fridge would only hold 7 on each shelf, how many shelves would he fill up? '}) (input_keys={'question'})","Prediction(
    reasoning='Tom has a total of 4 regular sodas and 52 diet sodas, which adds up to 56 sodas in total. Each shelf can hold 7 sodas. To find out how many shelves are needed, we divide the total number of sodas by the capacity per shelf:  \n\n\\[\n\\text{Total shelves} = \\frac{\\text{Total sodas}}{\\text{Sodas per shelf}} = \\frac{56}{7} = 8\n\\]',
    response=8.0
)",True
"Example({'response': 4, 'question': ' Victor was helping the cafeteria workers pick up lunch trays, but he could only carry 7 trays at a time. If he had to pick up 23 trays from one table and 5 trays from another, how many trips will he make? '}) (input_keys={'question'})","Prediction(
    reasoning='Victor will make 4 trips in total.',
    response=4.0
)",True
"Example({'response': 3, 'question': ' Paul had saved up 4 dollars. If he received another 11 dollars for his allowance, how many 5 dollar toys could he buy? '}) (input_keys={'question'})","Prediction(
    reasoning='Paul had saved up a total of 4 + 11 = 15 dollars. With each toy costing 5 dollars, he can buy 15 ÷ 5 = 3 toys.',
    response=3.0
)",True
"Example({'response': 9, 'question': ' Katie uploaded 30 pictures from her phone and 51 from her camera to facebook. If she sorted the pics into 9 different albums with the same amount of pics in each album, how many pictures were in each of the albums? '}) (input_keys={'question'})","Prediction(
    reasoning='Katie uploaded a total of 81 pictures (30 from phone and 51 from camera). These are divided equally into 9 albums, so each album has 81 / 9 = 9 pictures.',
    response=9.0
)",True
"Example({'response': 6, 'question': "" Debby's class is going on a field trip to the zoo. If each van can hold 9 people and there are 40 students and 14 adults going, how many vans will they need? ""}) (input_keys={'question'})","Prediction(
    reasoning='The total number of people going on the field trip is calculated by adding the number of students and adults: 40 + 14 = 54. Each van can hold 9 people, so dividing the total number of people by the van capacity gives 54 ÷ 9 = 6. Therefore, they will need exactly 6 vans.',
    response=6.0
)",True
"Example({'response': 2, 'question': ' For Halloween Emily received 5 pieces of candy from neighbors and 13 pieces from her older sister. If she only ate 9 pieces a day, how long would the candy last her? '}) (input_keys={'question'})","Prediction(
    reasoning='The total number of candies Emily received is 5 + 13 = 18 pieces. Since she eats 9 pieces per day, the candy will last for 18 ÷ 9 = 2 days.',
    response=2.0
)",True
"Example({'response': 9, 'question': ' Frank made 5 dollars mowing lawns and 58 dollars weed eating. If he only spent 7 dollar a week, how long would the money last him? '}) (input_keys={'question'})","Prediction(
    reasoning=""Frank made a total of $63 (5 + 58). He spends $7 each week. To find out how many weeks' worth of money he can get, divide the total by weekly spending: 63 ÷ 7 = 9 weeks."",
    response=9.0
)",True
"Example({'response': 36, 'question': ' A new building needed 14 windows. The builder had already installed 5 of them. If it takes 4 hours to install each window, how long will it take him to install the rest? '}) (input_keys={'question'})","Prediction(
    reasoning='The builder needs to install 14 windows and has already installed 5. The remaining windows are 14 - 5 = 9. Each window takes 4 hours to install, so the total time required is 9 * 4 = 36 hours.',
    response=36.0
)",True
"Example({'response': 45, 'question': ' A chef needs to cook 16 potatoes. He has already cooked 7. If each potato takes 5 minutes to cook, how long will it take him to cook the rest? '}) (input_keys={'question'})","Prediction(
    reasoning='The chef needs to cook 16 potatoes in total and has already cooked 7. Therefore, the number of potatoes remaining is 16 - 7 = 9. Each potato takes 5 minutes to cook, so the total time required for the remaining potatoes is 9 * 5 = 45 minutes.',
    response=45.0
)",True
"Example({'response': 42, 'question': ' Ned bought 14 boxes of chocolate candy and gave 7 to his little brother. If each box has 6 pieces inside it, how many pieces did Ned still have? '}) (input_keys={'question'})","Prediction(
    reasoning='Ned bought 14 boxes of chocolate candy and gave 7 to his little brother. Each box contains 6 pieces inside it. To find the total number of pieces he had initially, multiply the number of boxes by the number of pieces per box: 14 * 6 = 84 pieces. After giving away 7 pieces to his brother, subtract that from the initial total: 84 - 7 = 77 pieces.',
    response=77.0
)",False
"Example({'response': 30, 'question': ' There were 11 friends playing a video game online when 5 players quit. If each player left had 5 lives, how many lives did they have total? '}) (input_keys={'question'})","Prediction(
    reasoning='The total number of lives is calculated by multiplying the number of players who quit by the number of lives each had. So, 5 players × 5 lives = 25 lives.',
    response=25.0
)",False
"Example({'response': 25, 'question': ' Henry earned 5 dollars for each lawn he mowed. If he had 12 lawns to mow, but forgot to mow 7 of them, how much money did he actually earn? '}) (input_keys={'question'})","Prediction(
    reasoning='He had 12 lawns but only completed 5 (12 - 7). Each lawn gives $5, so 5 * 5 = 25 dollars.',
    response=25.0
)",True
"Example({'response': 18, 'question': "" A trivia team had 5 members total, but during a game 2 members didn't show up. If each member that did show up scored 6 points, how many points were scored total? ""}) (input_keys={'question'})","Prediction(
    reasoning='The trivia team had 5 members in total, with 2 not showing up during the game. This leaves 3 members who did participate. Each of these 3 members scored 6 points. Therefore, the total points scored are calculated by multiplying the number of attendees (3) by their individual scores (6), resulting in 18 points.',
    response=18.0
)",True
"Example({'response': 16, 'question': ' A painter needed to paint 10 rooms in a building. Each room takes 8 hours to paint. If he already painted 8 rooms, how much longer will he take to paint the rest? '}) (input_keys={'question'})","Prediction(
    reasoning='The painter needs to paint a total of 10 rooms. He has already painted 8, leaving 2 rooms unpainted. Each room takes 8 hours to paint. Therefore, the time required for the remaining 2 rooms is calculated as follows:\n\nRemaining rooms = Total rooms - Already painted rooms\nRemaining rooms = 10 - 8 = 2\n\nTime per room = 8 hours\n\nTotal additional time = Remaining rooms * Time per room\nTotal additional time = 2 * 8 = 16 hours',
    response=16.0
)",True
"Example({'response': 12, 'question': ' In a video game, each enemy defeated gives you 3 points. If a level has 6 enemies total and you destroy all but 2 of them, how many points would you earn? '}) (input_keys={'question'})","Prediction(
    reasoning='You defeated 4 enemies (6 total - 2 destroyed), earning 3 points per enemy. So, 4 * 3 = 12 points.',
    response=12.0
)",True
"Example({'response': 45, 'question': "" Wendy earned 5 points for each bag of cans she recycled. If she had 11 bags, but didn't recycle 2 of them, how many points would she have earned? ""}) (input_keys={'question'})","Prediction(
    reasoning='Wendy recycled 11 - 2 = 9 bags. Each bag gives her 5 points, so she earned 9 * 5 = 45 points.',
    response=45.0
)",True
"Example({'response': 9, 'question': ' Each chocolate bar in a box cost $3. If a box had 7 bars total and Olivia sold all but 4 bars, how much money would she have made? '}) (input_keys={'question'})","Prediction(
    reasoning='Olivia sold 3 chocolate bars. Each bar costs $3, so the total money made is 3 * $3 = $9.',
    response=9.0
)",True
"Example({'response': 54, 'question': ' Kaleb bought 14 boxes of chocolate candy and gave 5 to his little brother. If each box has 6 pieces inside it, how many pieces did Kaleb still have? '}) (input_keys={'question'})","Prediction(
    reasoning='Kaleb started with 14 boxes, each containing 6 pieces of candy. The total number of pieces is calculated as follows:  \n14 boxes * 6 pieces/box = 84 pieces  \n\nHe then gave 5 pieces to his little brother, so the remaining pieces are:  \n84 pieces - 5 pieces = 79 pieces',
    response=79.0
)",False
"Example({'response': 15, 'question': ' At a restaurant each adult meal costs $3 and kids eat free. If a group of 12 people came in and 7 were kids, how much would it cost for the group to eat? '}) (input_keys={'question'})","Prediction(
    reasoning='The group consists of 12 people with 7 being kids and thus eating for free. This leaves 5 adults who each pay $3. The total cost is calculated as:  \n\nNumber of adults × Cost per adult meal = 5 × $3 = $15',
    response=15.0
)",True
"Example({'response': 72, 'question': ' Jerry had 7 action figures, but needed 16 total for a complete collection. If each one costs $8, how much money would he need to finish his collection? '}) (input_keys={'question'})","Prediction(
    reasoning='Jerry needs 16 action figures in total and currently has 7. The number of additional action figures required is:  \n16 - 7 = 9  \n\nEach action figure costs $8, so the total cost for 9 action figures is:  \n9 * $8 = $72',
    response=72.0
)",True
"Example({'response': 72, 'question': ' In a video game, each enemy defeated gives you 9 points. If a level has 11 enemies total and you destroy all but 3 of them, how many points would you earn? '}) (input_keys={'question'})","Prediction(
    reasoning='To calculate the points earned, multiply the number of enemies destroyed by the points per enemy. There are 11 enemies total, and you destroy 3, so you defeat 8 enemies. Each defeated enemy gives 9 points, so the total points are 8 * 9 = 72.',
    response=72.0
)",True
"Example({'response': 72, 'question': ' There were 16 friends playing a video game online when 7 players quit. If each player left had 8 lives, how many lives did they have total? '}) (input_keys={'question'})","Prediction(
    reasoning='The problem involves calculating the total number of lives remaining after some friends quit. Initially, there are 16 friends playing a game. When 7 players quit, we subtract those from the initial count: 16 - 7 = 9 players remain. Each of these 9 players had 8 lives before losing any. Therefore, the total number of lives is calculated by multiplying the number of remaining players by their individual lives: 9 * 8 = 72.',
    response=72.0
)",True
"Example({'response': 20, 'question': ' A new building needed 10 windows. The builder had already installed 6 of them. If it takes 5 hours to install each window, how long will it take him to install the rest? '}) (input_keys={'question'})","Prediction(
    reasoning='The builder needs to install 10 windows in total and has already installed 6. This leaves 4 windows remaining. Each window installation takes 5 hours, so multiplying the number of remaining windows by the time per window gives:  \n\n4 windows × 5 hours/window = 20 hours',
    response=20.0
)",True
"Example({'response': 36, 'question': ' Adam earned 9 dollars for each lawn he mowed. If he had 12 lawns to mow, but forgot to mow 8 of them, how much money did he actually earn? '}) (input_keys={'question'})","Prediction(
    reasoning='Adam mowed 12 - 8 = 4 lawns. At $9 per lawn, he earned 4 * 9 = 36 dollars.',
    response=36.0
)",True
"Example({'response': 64, 'question': "" A trivia team had 12 members total, but during a game 4 members didn't show up. If each member that did show up scored 8 points, how many points were scored total? ""}) (input_keys={'question'})","Prediction(
    reasoning='The total number of members is 12. Since 4 members did not show up, the number of attendees is 12 - 4 = 8. Each attendee scored 8 points, so the total points are 8 * 8 = 64.',
    response=64.0
)",True
"Example({'response': 56, 'question': "" Mike had 16 video games but 8 of them weren't working. If he wanted to sell the working games for $7 each, how much money could he earn? ""}) (input_keys={'question'})","Prediction(
    reasoning='Mike has 16 video games, with 8 not working. This leaves him with 16 - 8 = 8 working games. Each of these sells for $7, so the total earnings are 8 * 7 = $56.',
    response=56.0
)",True
"Example({'response': 49, 'question': ' A painter needed to paint 12 rooms in a building. Each room takes 7 hours to paint. If he already painted 5 rooms, how much longer will he take to paint the rest? '}) (input_keys={'question'})","Prediction(
    reasoning='The painter has 12 rooms in total and has already painted 5 of them. Therefore, there are 12 - 5 = 7 rooms remaining. Each room takes 7 hours to paint, so the total time needed for the remaining rooms is 7 * 7 = 49 hours.',
    response=49.0
)",True
"Example({'response': 15, 'question': ' There were 8 friends playing a video game online when 5 players quit. If each player left had 5 lives, how many lives did they have total? '}) (input_keys={'question'})","Prediction(
    reasoning='The total number of players remaining in the game is calculated by subtracting those who quit from the initial count. With 8 friends and 5 quitting, 3 remain. Each of these 3 players had 5 lives, so the total lives are 3 multiplied by 5, which equals 15.',
    response=15.0
)",True
"Example({'response': 27, 'question': "" A trivia team had 15 members total, but during a game 6 members didn't show up. If each member that did show up scored 3 points, how many points were scored total? ""}) (input_keys={'question'})","Prediction(
    reasoning='The trivia team had a total of 15 members. Since 6 members did not show up during the game, we subtract those from the total: 15 - 6 = 9 members who actually participated. Each member scored 3 points, so the total points scored are calculated by multiplying the number of participants by their individual score: 9 * 3 = 27.',
    response=27.0
)",True
"Example({'response': 63, 'question': "" Ned had 15 video games but 6 of them weren't working. If he wanted to sell the working games for $7 each, how much money could he earn? ""}) (input_keys={'question'})","Prediction(
    reasoning='Ned has 15 video games in total, with 6 not working. This leaves him with 9 working games. Each of these sells for $7, so multiplying the number of games by the price per game gives: 9 * 7 = 63.',
    response=63.0
)",True
"Example({'response': 42, 'question': ' Each chocolate bar in a box cost $6. If a box had 13 bars total and Zoe sold all but 6 bars, how much money would she have made? '}) (input_keys={'question'})","Prediction(
    reasoning='Zoe sold 7 chocolate bars at $6 each, so her total earnings are calculated as follows:  \nNumber of bars sold = 13 - 6 = 7  \nTotal money earned = 7 * $6 = $42',
    response=42.0
)",True
"Example({'response': 16, 'question': ' Will bought 7 boxes of chocolate candy and gave 3 to his little brother. If each box has 4 pieces inside it, how many pieces did Will still have? '}) (input_keys={'question'})","Prediction(
    reasoning='Will bought 7 boxes with 4 pieces each: 7 * 4 = 28 pieces. He gave away 3 pieces: 28 - 3 = 25 pieces remaining.',
    response=25.0
)",False
"Example({'response': 24, 'question': "" Mike invited 13 friends to a birthday party, but 7 couldn't come. If he wanted to buy enough cupcakes so each person could have exactly 4, how many should he buy? ""}) (input_keys={'question'})","Prediction(
    reasoning=""The total number of people attending the party is 13 friends minus 7 who didn't come, which equals 6 people. Each person will have exactly 4 cupcakes, so the total number of cupcakes needed is 6 multiplied by 4, resulting in 24 cupcakes."",
    response=24.0
)",True
"Example({'response': 10, 'question': ' In a video game, each enemy defeated gives you 5 points. If a level has 8 enemies total and you destroy all but 6 of them, how many points would you earn? '}) (input_keys={'question'})","Prediction(
    reasoning='You defeated 6 out of the 8 enemies. Each enemy gives you 5 points, so 6 enemies × 5 points = 30 points.',
    response=10.0
)",True
"Example({'response': 54, 'question': ' Roger earned 9 dollars for each lawn he mowed. If he had 14 lawns to mow, but forgot to mow 8 of them, how much money did he actually earn? '}) (input_keys={'question'})","Prediction(
    reasoning='Roger earned money based on the number of lawns he mowed. He had 14 lawns to mow but only managed to mow 6 (since he forgot 8). At $9 per lawn, his total earnings were calculated as:  \n\n\\[\n6 \\text{ lawns} \\times \\$9/\\text{lawn} = \\$54\n\\]',
    response=54.0
)",True
"Example({'response': 4, 'question': ' A magician was selling magic card decks for 2 dollars each. If he started with 5 decks and by the end of the day he had 3 left, how much money did he earn? '}) (input_keys={'question'})","Prediction(
    reasoning='The magician started with 5 decks and ended with 3, meaning he sold 2 decks. Each deck was sold for $2, so the total money earned is 2 * $2 = $4.',
    response=4.0
)",True
"Example({'response': 36, 'question': ' A chef needs to cook 12 potatoes. He has already cooked 6. If each potato takes 6 minutes to cook, how long will it take him to cook the rest? '}) (input_keys={'question'})","Prediction(
    reasoning='The chef needs to cook 6 more potatoes. Since each potato takes 6 minutes, the total time required is 6 * 6 = 36 minutes.',
    response=36.0
)",True
"Example({'response': 18, 'question': ' A new building needed 9 windows. The builder had already installed 6 of them. If it takes 6 hours to install each window, how long will it take him to install the rest? '}) (input_keys={'question'})","Prediction(
    reasoning='The builder needs to install 9 windows, with 6 already done. This leaves 3 windows remaining. Each installation takes 6 hours, so the total time is 3 * 6 = 18 hours.',
    response=18.0
)",True
"Example({'response': 81, 'question': ' At the fair Adam bought 13 tickets. After riding the ferris wheel he had 4 tickets left. If each ticket cost 9 dollars, how much money did Adam spend riding the ferris wheel? '}) (input_keys={'question'})","Prediction(
    reasoning='Adam bought 13 tickets in total. After riding the ferris wheel, he had 4 tickets left. Therefore, he used 13 - 4 = 9 tickets on the ferris wheel. Each ticket costs $9, so the total cost is 9 * $9 = $81.',
    response=81.0
)",True
"Example({'response': 21, 'question': ' Dave bought 12 boxes of chocolate candy and gave 5 to his little brother. If each box has 3 pieces inside it, how many pieces did Dave still have? '}) (input_keys={'question'})","Prediction(
    reasoning='Dave bought 12 boxes of chocolate candy with 3 pieces each, totaling 36 pieces. After giving 5 pieces to his brother, Dave has 31 pieces remaining.',
    response=31.0
)",False
"Example({'response': 10, 'question': ' John had 5 action figures, but needed 7 total for a complete collection. If each one costs $5, how much money would he need to finish his collection? '}) (input_keys={'question'})","Prediction(
    reasoning='John has 5 action figures and needs a total of 7. Therefore, he needs 2 more action figures. Each action figure costs $5, so the cost for 2 action figures is 2 * $5 = $10.',
    response=10.0
)",True
"Example({'response': 32, 'question': ' A painter needed to paint 9 rooms in a building. Each room takes 8 hours to paint. If he already painted 5 rooms, how much longer will he take to paint the rest? '}) (input_keys={'question'})","Prediction(
    reasoning='The painter has already painted 5 out of 9 rooms. There are 9 - 5 = 4 rooms remaining. Each room takes 8 hours to paint, so the total additional time required is 4 * 8 = 32 hours.',
    response=32.0
)",True
"Example({'response': 20, 'question': ' Each chocolate bar in a box cost $4. If a box had 8 bars total and Emily sold all but 3 bars, how much money would she have made? '}) (input_keys={'question'})","Prediction(
    reasoning='The total number of chocolate bars Emily sold is calculated by subtracting the unsold bars from the total in the box: 8 - 3 = 5 bars. Each bar costs $4, so the total money made is 5 * $4 = $20.',
    response=20.0
)",True
"Example({'response': 15, 'question': "" At lunch a waiter had 10 customers and 5 of them didn't leave a tip. If he got $3 each from the ones who did tip, how much money did he earn? ""}) (input_keys={'question'})","Prediction(
    reasoning=""The waiter had 10 customers in total. Out of these, 5 didn't leave a tip, contributing nothing. The remaining 5 did tip, earning $3 each. Therefore, the total earnings are (5 * $0) + (5 * $3) = $15."",
    response=15.0
)",True
"Example({'response': 16, 'question': ' A worksheet had 4 problems on it. If a teacher had 9 worksheets to grade and had already graded 5 of them, how many more problems does she have to grade? '}) (input_keys={'question'})","Prediction(
    reasoning='The teacher has a total of 9 worksheets, each containing 4 problems. She has already graded 5 of these. To find out how many more problems she needs to grade:\n\n1. Calculate the number of problems graded so far: \\(5 \\text{ worksheets} \\times 4 \\text{ problems/worksheet} = 20 \\text{ problems}\\).\n2. Subtract the graded problems from the total: \\(9 \\text{ worksheets} \\times 4 \\text{ problems/worksheet} - 20 \\text{ problems} = 36 - 20 = 16 \\text{ problems}\\).',
    response=16.0
)",True
"Example({'response': 40, 'question': "" Will invited 9 friends to a birthday party, but 4 couldn't come. If he wanted to buy enough cupcakes so each person could have exactly 8, how many should he buy? ""}) (input_keys={'question'})","Prediction(
    reasoning=""The number of attendees at Will's birthday party is calculated by subtracting those who couldn't attend from the total invited. So, 9 friends minus 4 who didn't come equals 5 people attending. To find out how many cupcakes are needed for each person to have exactly 8, we multiply the number of attendees by the number of cupcakes per person: 5 * 8 = 40."",
    response=40.0
)",True
"Example({'response': 45, 'question': ' A magician was selling magic card decks for 9 dollars each. If he started with 12 decks and by the end of the day he had 7 left, how much money did he earn? '}) (input_keys={'question'})","Prediction(
    reasoning='The magician started with 12 decks and ended with 7, meaning he sold 5 decks. Each deck is sold for $9, so the total money earned is 5 × $9 = $45.',
    response=45.0
)",True
"Example({'response': 6, 'question': ' A chef needs to cook 9 potatoes. He has already cooked 7. If each potato takes 3 minutes to cook, how long will it take him to cook the rest? '}) (input_keys={'question'})","Prediction(
    reasoning='The chef needs to cook a total of 9 potatoes and has already cooked 7. Therefore, he has 2 potatoes left. Each potato takes 3 minutes to cook, so the total cooking time for the remaining potatoes is:  \n\n\\[\n2 \\text{ potatoes} \\times 3 \\text{ minutes per potato} = 6 \\text{ minutes}\n\\]',
    response=6.0
)",True
"Example({'response': 45, 'question': ' A magician was selling magic card decks for 5 dollars each. If he started with 14 decks and by the end of the day he had 5 left, how much money did he earn? '}) (input_keys={'question'})","Prediction(
    reasoning='The magician sold 9 decks, each worth $5, resulting in a total earnings of $45.',
    response=45.0
)",True
"Example({'response': 18, 'question': ' Each chocolate bar in a box cost $3. If a box had 9 bars total and Wendy sold all but 3 bars, how much money would she have made? '}) (input_keys={'question'})","Prediction(
    reasoning='Wendy sold 6 chocolate bars (since there were 9 in the box and she sold all but 3). Each bar costs $3, so the total money made is 6 * $3 = $18.',
    response=18.0
)",True
"Example({'response': 24, 'question': ' A painter needed to paint 12 rooms in a building. Each room takes 3 hours to paint. If he already painted 4 rooms, how much longer will he take to paint the rest? '}) (input_keys={'question'})","Prediction(
    reasoning='The painter needs to paint a total of 12 rooms. He has already completed 4 rooms, leaving 8 rooms unpainted. Each room takes 3 hours to paint, so for the remaining 8 rooms, the time required is 8 * 3 = 24 hours.',
    response=24.0
)",True
"Example({'response': 36, 'question': ' Adam bought 13 boxes of chocolate candy and gave 7 to his little brother. If each box has 6 pieces inside it, how many pieces did Adam still have? '}) (input_keys={'question'})","Prediction(
    reasoning='Adam initially had 13 boxes of chocolate candy, each containing 6 pieces. The total number of pieces he had was calculated by multiplying the number of boxes by the number of pieces per box: 13 * 6 = 78. Adam then gave 7 pieces to his brother, so the remaining number of pieces is found by subtracting the given pieces from the initial total: 78 - 7 = 71.',
    response=71.0
)",False
"Example({'response': 28, 'question': ' At a restaurant each adult meal costs $7 and kids eat free. If a group of 13 people came in and 9 were kids, how much would it cost for the group to eat? '}) (input_keys={'question'})","Prediction(
    reasoning='There are 13 people in total, with 9 being children who eat for free. This leaves 4 adults. Each adult meal costs $7, so the total cost is 4 * $7 = $28.',
    response=28.0
)",True
"Example({'response': 20, 'question': "" A trivia team had 7 members total, but during a game 2 members didn't show up. If each member that did show up scored 4 points, how many points were scored total? ""}) (input_keys={'question'})","Prediction(
    reasoning='The trivia team had a total of 7 members. Since 2 members did not show up during the game, the number of attendees was calculated as follows:  \n\nTotal members = 7  \nAbsentees = 2  \nAttendees = Total - Absent = 7 - 2 = 5  \n\nEach attendee scored 4 points, so the total points scored are:  \n\nPoints per attendee = 4  \nTotal points = Attendees * Points per attendee = 5 * 4 = 20',
    response=20.0
)",True
"Example({'response': 12, 'question': "" Kaleb had 10 video games but 8 of them weren't working. If he wanted to sell the working games for $6 each, how much money could he earn? ""}) (input_keys={'question'})","Prediction(
    reasoning='Kaleb has a total of 10 video games, with 8 not working. This leaves him with 10 - 8 = 2 working games. Each game is sold for $6, so the total earnings are 2 * $6 = $12.',
    response=12.0
)",True
"Example({'response': 35, 'question': "" April's discount flowers was having a sale where each rose was 7 dollars. If April started with 9 roses and had 4 roses left, how much money did she earn? ""}) (input_keys={'question'})","Prediction(
    reasoning='April sold 5 roses at a price of 7 dollars each, resulting in a total earnings of 35 dollars.',
    response=35.0
)",True
"Example({'response': 32, 'question': "" At lunch a waiter had 9 customers and 5 of them didn't leave a tip. If he got $8 each from the ones who did tip, how much money did he earn? ""}) (input_keys={'question'})","Prediction(
    reasoning='The waiter earned a total of $40. This includes 5 customers who tipped, each receiving $8, resulting in 5 * 8 = $40. The remaining 4 customers did not tip and contributed nothing to the total amount.',
    response=40.0
)",False
"Example({'response': 48, 'question': ' A new building needed 14 windows. The builder had already installed 8 of them. If it takes 8 hours to install each window, how long will it take him to install the rest? '}) (input_keys={'question'})","Prediction(
    reasoning='The builder needs to install 14 windows in total and has already installed 8. Therefore, he still needs to install 14 - 8 = 6 windows. Each window installation takes 8 hours, so the total time required is 6 * 8 = 48 hours.',
    response=48.0
)",True
"Example({'response': 45, 'question': "" Bianca earned 5 points for each bag of cans she recycled. If she had 17 bags, but didn't recycle 8 of them, how many points would she have earned? ""}) (input_keys={'question'})","Prediction(
    reasoning='Bianca recycled 17 - 8 = 9 bags of cans. Each bag earns her 5 points, so she earned 9 * 5 = 45 points.',
    response=45.0
)",True
"Example({'response': 72, 'question': ' A chef needs to cook 15 potatoes. He has already cooked 6. If each potato takes 8 minutes to cook, how long will it take him to cook the rest? '}) (input_keys={'question'})","Prediction(
    reasoning='The chef needs to cook 15 potatoes in total and has already cooked 6. Therefore, there are 15 - 6 = 9 potatoes remaining. Each potato takes 8 minutes to cook, so the time required for the remaining potatoes is 9 * 8 = 72 minutes.',
    response=72.0
)",True
"Example({'response': 30, 'question': ' Henry had 3 action figures, but needed 8 total for a complete collection. If each one costs $6, how much money would he need to finish his collection? '}) (input_keys={'question'})","Prediction(
    reasoning=""The total cost for Henry's current collection is calculated by multiplying the number of action figures he has (3) by the cost per figure ($6). This results in $18.  \n\nHe needs a total of 8 action figures, so subtracting his current count (3) from the required total gives him 5 additional action figures to purchase. Each of these costs $6, so the cost for the additional figures is 5 * $6 = $30.  \n\nAdding the cost of the current collection ($18) and the additional ones ($30) together gives a total cost of $48."",
    response=48.0
)",False
"Example({'response': 64, 'question': ' John earned 8 dollars for each lawn he mowed. If he had 15 lawns to mow, but forgot to mow 7 of them, how much money did he actually earn? '}) (input_keys={'question'})","Prediction(
    reasoning='John earned money for each lawn he mowed. If he mowed 8 lawns (since he had 15 and forgot 7), and earned $8 per lawn, his total earnings are:  \n\n$8 × 8 = $64',
    response=64.0
)",True
"Example({'response': 24, 'question': ' There were 10 friends playing a video game online when 7 players quit. If each player left had 8 lives, how many lives did they have total? '}) (input_keys={'question'})","Prediction(
    reasoning='The initial number of friends is 10, and 7 quit, leaving 3 players. Each player had 8 lives, so the total lives are 3 * 8 = 24.',
    response=24.0
)",True
"Example({'response': 40, 'question': ' In a video game, each enemy defeated gives you 8 points. If a level has 7 enemies total and you destroy all but 2 of them, how many points would you earn? '}) (input_keys={'question'})","Prediction(
    
)",0.0
"Example({'response': 63, 'question': ' A painter needed to paint 11 rooms in a building. Each room takes 7 hours to paint. If he already painted 2 rooms, how much longer will he take to paint the rest? '}) (input_keys={'question'})","Prediction(
    reasoning='The painter has 11 rooms in total and has already painted 2 of them. Therefore, there are 11 - 2 = 9 rooms left to paint. Each room takes 7 hours to paint, so the time required for the remaining rooms is 9 * 7 = 63 hours.',
    response=63.0
)",True
"Example({'response': 32, 'question': "" Dave had 10 video games but 2 of them weren't working. If he wanted to sell the working games for $4 each, how much money could he earn? ""}) (input_keys={'question'})","Prediction(
    reasoning=""Dave had 10 video games but 2 weren't working, leaving him with 8 working games. Each game sells for $4, so multiplying the number of games by the price per game: 8 * $4 = $32."",
    response=32.0
)",True
"Example({'response': 32, 'question': ' A worksheet had 4 problems on it. If a teacher had 16 worksheets to grade and had already graded 8 of them, how many more problems does she have to grade? '}) (input_keys={'question'})","Prediction(
    reasoning='The total number of problems on all worksheets is calculated by multiplying the number of problems per worksheet (4) by the total number of worksheets (16), resulting in 64 problems. Since the teacher has already graded 8, subtracting this from the total gives 56 problems remaining.',
    response=56.0
)",False
"Example({'response': 14, 'question': ' A worksheet had 2 problems on it. If a teacher had 14 worksheets to grade and had already graded 7 of them, how many more problems does she have to grade? '}) (input_keys={'question'})","Prediction(
    reasoning='The total number of problems is calculated by multiplying the number of problems per worksheet by the total number of worksheets: 2 * 14 = 28. Since 7 problems have already been graded, the remaining problems to grade are 28 - 7 = 21.',
    response=21.0
)",False
"Example({'response': 36, 'question': "" April's discount flowers was having a sale where each rose was 4 dollars. If April started with 13 roses and had 4 roses left, how much money did she earn? ""}) (input_keys={'question'})","Prediction(
    reasoning='April sold 9 roses at $4 each, earning a total of 36 dollars.',
    response=36.0
)",True
"Example({'response': 35, 'question': ' At a restaurant each adult meal costs $5 and kids eat free. If a group of 15 people came in and 8 were kids, how much would it cost for the group to eat? '}) (input_keys={'question'})","Prediction(
    reasoning=""The group consists of 15 people with 8 being children. Since each child's meal costs $0, we only need to calculate the cost for adults. There are 15 - 8 = 7 adult meals. Each adult meal is $5, so the total cost is 7 * $5 = $35."",
    response=35.0
)",True
"Example({'response': 42, 'question': ' Zoe baked 5 brownies, but needed 11 total for her party. If she used 7 cups of flour on each one, how much cups of flour does she still need? '}) (input_keys={'question'})","Prediction(
    
)",0.0
"Example({'response': 20, 'question': ' A painter needed to paint 6 rooms in a building. Each room takes 5 hours to paint. If he already painted 2 rooms, how much longer will he take to paint the rest? '}) (input_keys={'question'})","Prediction(
    reasoning='The painter has a total of 6 rooms to paint. He has already completed 2 rooms, leaving him with 4 rooms remaining. Each room takes 5 hours to paint. Therefore, the additional time required is calculated as follows:\n\nRemaining rooms = Total rooms - Already painted rooms = 6 - 2 = 4\nAdditional time needed = Remaining rooms * Time per room = 4 * 5 = 20 hours',
    response=20.0
)",True
"Example({'response': 16, 'question': ' Each chocolate bar in a box cost $4. If a box had 11 bars total and Vanessa sold all but 7 bars, how much money would she have made? '}) (input_keys={'question'})","Prediction(
    reasoning='Vanessa sold 4 chocolate bars at $4 each, resulting in a total of $16.',
    response=16.0
)",True
"Example({'response': 16, 'question': "" Gwen earned 8 points for each bag of cans she recycled. If she had 4 bags, but didn't recycle 2 of them, how many points would she have earned? ""}) (input_keys={'question'})","Prediction(
    reasoning='Gwen recycled 4 bags minus 2 unrecycled bags equals 2 bags. Each bag is worth 8 points, so 2 bags times 8 points per bag equals 16 points.',
    response=16.0
)",True
"Example({'response': 24, 'question': ' A new building needed 12 windows. The builder had already installed 6 of them. If it takes 4 hours to install each window, how long will it take him to install the rest? '}) (input_keys={'question'})","Prediction(
    reasoning='The builder needs to install 12 windows in total and has already installed 6. This leaves 6 windows to be installed. Since each window installation takes 4 hours, the time required for the remaining 6 windows is calculated as follows:\n\nNumber of windows left = Total windows - Already installed windows\n= 12 - 6\n= 6 windows\n\nTime per window = 4 hours\n\nTotal time = Number of windows left × Time per window\n= 6 × 4\n= 24 hours',
    response=24.0
)",True
"Example({'response': 63, 'question': ' A chef needs to cook 15 potatoes. He has already cooked 8. If each potato takes 9 minutes to cook, how long will it take him to cook the rest? '}) (input_keys={'question'})","Prediction(
    reasoning='The chef needs to cook a total of 15 potatoes, with 8 already done. This leaves 7 potatoes. Each potato takes 9 minutes to cook, so 7 * 9 = 63 minutes.',
    response=63.0
)",True
"Example({'response': 35, 'question': "" A trivia team had 14 members total, but during a game 7 members didn't show up. If each member that did show up scored 5 points, how many points were scored total? ""}) (input_keys={'question'})","Prediction(
    reasoning='The trivia team had a total of 14 members. Out of these, 7 did not show up for the game, leaving 7 members who participated. Each participant scored 5 points, so the total points scored are calculated by multiplying the number of participants (7) by their individual scores (5). This gives us 35 points.',
    response=35.0
)",True
"Example({'response': 48, 'question': ' A chef needs to cook 13 potatoes. He has already cooked 5. If each potato takes 6 minutes to cook, how long will it take him to cook the rest? '}) (input_keys={'question'})","Prediction(
    reasoning='The chef needs to cook 13 potatoes in total. He has already cooked 5, so there are 13 - 5 = 8 potatoes remaining. Each potato takes 6 minutes to cook, so the time required for the remaining potatoes is 8 * 6 = 48 minutes.',
    response=48.0
)",True
"Example({'response': 45, 'question': "" A trivia team had 11 members total, but during a game 6 members didn't show up. If each member that did show up scored 9 points, how many points were scored total? ""}) (input_keys={'question'})","Prediction(
    reasoning='The trivia team had 11 members in total. If 6 members did not show up, then 11 - 6 = 5 members attended the game. Each of these 5 members scored 9 points, so the total points scored are 5 * 9 = 45.',
    response=45.0
)",True
"Example({'response': 18, 'question': ' Each chocolate bar in a box cost $2. If a box had 13 bars total and Rachel sold all but 4 bars, how much money would she have made? '}) (input_keys={'question'})","Prediction(
    reasoning='Rachel sold 9 chocolate bars in total (13 - 4). Each bar costs $2, so she made 9 * $2 = $18.',
    response=18.0
)",True
"Example({'response': 10, 'question': ' Isabel baked 3 brownies, but needed 5 total for her party. If she used 5 cups of flour on each one, how much cups of flour does she still need? '}) (input_keys={'question'})","Prediction(
    reasoning='Isabel baked 3 brownies and used 5 cups of flour each. The total flour used is 3 * 5 = 15 cups. She needed a total of 5 brownies, so she still needs 5 - 3 = 2 more brownies. Each of these requires 5 cups of flour, totaling 2 * 5 = 10 cups. Therefore, Isabel needs 10 more cups of flour.',
    response=10.0
)",True
"Example({'response': 24, 'question': ' A worksheet had 3 problems on it. If a teacher had 15 worksheets to grade and had already graded 7 of them, how many more problems does she have to grade? '}) (input_keys={'question'})","Prediction(
    reasoning='The total number of problems on all worksheets is calculated as follows: each worksheet has 3 problems, and there are 15 worksheets in total. Therefore, the total number of problems is \\(3 \\times 15 = 45\\). The teacher has already graded 7 out of these 15 worksheets, so the remaining number of worksheets to grade is \\(15 - 7 = 8\\). Each of these remaining 8 worksheets still contains all 3 problems. Thus, the total number of problems yet to be graded is \\(8 \\times 3 = 24\\).',
    response=24.0
)",True
"Example({'response': 27, 'question': "" At lunch a waiter had 7 customers and 4 of them didn't leave a tip. If he got $9 each from the ones who did tip, how much money did he earn? ""}) (input_keys={'question'})","Prediction(
    reasoning='The waiter had 7 customers, with 4 not leaving a tip and 3 who did. Each tipped customer earned $9, so total earnings are 3 * 9 = 27 dollars.',
    response=27.0
)",True
"Example({'response': 27, 'question': "" April's discount flowers was having a sale where each rose was 9 dollars. If April started with 11 roses and had 8 roses left, how much money did she earn? ""}) (input_keys={'question'})","Prediction(
    reasoning='April started with 11 roses and had 8 left after the sale. To find out how many roses she sold, subtract the remaining roses from the initial amount: 11 - 8 = 3. Each rose costs $9, so the total money earned is 3 * 9 = 27 dollars.',
    response=27.0
)",True
"Example({'response': 18, 'question': ' Tom bought 14 boxes of chocolate candy and gave 8 to his little brother. If each box has 3 pieces inside it, how many pieces did Tom still have? '}) (input_keys={'question'})","Prediction(
    reasoning='Tom initially had 14 boxes of chocolate candy, each containing 3 pieces. The total number of pieces is calculated as:  \n14 * 3 = 42  \n\nTom then gave 8 pieces to his little brother. Subtracting the given pieces from the initial total gives:  \n42 - 8 = 34',
    response=34.0
)",False
"Example({'response': 12, 'question': ' At a restaurant each adult meal costs $2 and kids eat free. If a group of 15 people came in and 9 were kids, how much would it cost for the group to eat? '}) (input_keys={'question'})","Prediction(
    reasoning='The total number of people in the group is 15, with 9 being kids and free to eat. Therefore, only 6 adult meals are needed. Each adult meal costs $2, so the total cost is calculated as follows:\n\nNumber of adult meals = Total people - Number of kids  \nNumber of adult meals = 15 - 9 = 6  \n\nTotal cost = (Number of adult meals) * (Cost per adult meal)  \nTotal cost = 6 * $2 = $12',
    response=12.0
)",True
"Example({'response': 32, 'question': ' Edward earned 4 dollars for each lawn he mowed. If he had 17 lawns to mow, but forgot to mow 9 of them, how much money did he actually earn? '}) (input_keys={'question'})","Prediction(
    reasoning='He mowed 8 lawns (17 - 9 = 8). He earned 4 dollars per lawn, so 8 * 4 = 32.0',
    response=32.0
)",True
"Example({'response': 56, 'question': ' A new building needed 11 windows. The builder had already installed 4 of them. If it takes 8 hours to install each window, how long will it take him to install the rest? '}) (input_keys={'question'})","Prediction(
    reasoning='The builder needs to install 11 windows in total and has already installed 4. Therefore, he still needs to install 7 windows. Each window takes 8 hours to install, so the total time required is 7 multiplied by 8, which equals 56 hours.',
    response=56.0
)",True
"Example({'response': 30, 'question': ' Tom bought 12 boxes of chocolate candy and gave 7 to his little brother. If each box has 6 pieces inside it, how many pieces did Tom still have? '}) (input_keys={'question'})","Prediction(
    reasoning='Tom bought 12 boxes of chocolate candy with 6 pieces each, totaling 72 pieces. After giving 7 pieces to his brother, he has 72 - 7 = 65 pieces remaining.',
    response=65.0
)",False
"Example({'response': 30, 'question': ' John had 6 action figures, but needed 11 total for a complete collection. If each one costs $6, how much money would he need to finish his collection? '}) (input_keys={'question'})","Prediction(
    reasoning='John has 6 action figures and needs a total of 11. The difference between what he needs and what he currently has is 11 - 6 = 5. Each action figure costs $6, so multiplying the number needed by the cost per one gives 5 * $6 = $30.',
    response=30.0
)",True
"Example({'response': 72, 'question': ' At a restaurant each adult meal costs $8 and kids eat free. If a group of 11 people came in and 2 were kids, how much would it cost for the group to eat? '}) (input_keys={'question'})","Prediction(
    reasoning='The total number of people is 11, with 2 being kids and thus free to eat. This leaves 9 adults who each pay $8 for their meal. Calculating the total cost: 9 × $8 = $72.',
    response=72.0
)",True
"Example({'response': 27, 'question': ' At the fair Kaleb bought 6 tickets. After riding the ferris wheel he had 3 tickets left. If each ticket cost 9 dollars, how much money did Kaleb spend riding the ferris wheel? '}) (input_keys={'question'})","Prediction(
    reasoning='Kaleb bought a total of 6 tickets and had 3 left after riding the ferris wheel. To find out how many tickets he used, subtract the remaining tickets from the total: 6 - 3 = 3 tickets. Each ticket costs $9, so multiply the number of tickets by the price per ticket: 3 * $9 = $27.',
    response=27.0
)",True
"Example({'response': 72, 'question': ' Tiffany baked 8 brownies, but needed 17 total for her party. If she used 8 cups of flour on each one, how much cups of flour does she still need? '}) (input_keys={'question'})","Prediction(
    
)",0.0
"Example({'response': 21, 'question': ' In a video game, each enemy defeated gives you 7 points. If a level has 11 enemies total and you destroy all but 8 of them, how many points would you earn? '}) (input_keys={'question'})","Prediction(
    reasoning='To calculate the total points earned, we multiply the number of enemies defeated by the points awarded per enemy:  \nTotal Points = 8 × 7 = 56.',
    response=56.0
)",False
"Example({'response': 56, 'question': ' A magician was selling magic card decks for 7 dollars each. If he started with 16 decks and by the end of the day he had 8 left, how much money did he earn? '}) (input_keys={'question'})","Prediction(
    reasoning='The magician started with 16 decks and ended with 8, meaning he sold 8 decks. Each deck was sold for $7, so the total earnings are calculated as follows:  \nNumber of decks sold = 16 - 8 = 8  \nTotal money earned = 8 decks × $7 per deck = $56',
    response=56.0
)",True
"Example({'response': 30, 'question': ' There were 13 friends playing a video game online when 8 players quit. If each player left had 6 lives, how many lives did they have total? '}) (input_keys={'question'})","Prediction(
    reasoning='The initial number of friends is 13. After 8 quit, there are 13 - 8 = 5 players remaining. Each player had 6 lives, so the total number of lives is 5 * 6 = 30.',
    response=30.0
)",True
"Example({'response': 6, 'question': "" At lunch a waiter had 7 customers and 5 of them didn't leave a tip. If he got $3 each from the ones who did tip, how much money did he earn? ""}) (input_keys={'question'})","Prediction(
    reasoning='The waiter had 7 customers, with 5 not leaving a tip and 2 who did. Each tipped customer earned $3, totaling 2 * $3 = $6.',
    response=6.0
)",True
"Example({'response': 63, 'question': ' At the fair Adam bought 10 tickets. After riding the ferris wheel he had 3 tickets left. If each ticket cost 9 dollars, how much money did Adam spend riding the ferris wheel? '}) (input_keys={'question'})","Prediction(
    reasoning='Adam bought 10 tickets and ended with 3, so he used 7 tickets on the ferris wheel. Each ticket costs $9, so the total money spent is 7 * 9 = 63 dollars.',
    response=63.0
)",True
"Example({'response': 63, 'question': ' A worksheet had 7 problems on it. If a teacher had 17 worksheets to grade and had already graded 8 of them, how many more problems does she have to grade? '}) (input_keys={'question'})","Prediction(
    reasoning='The teacher has a total of 17 worksheets, each containing 7 problems. She has already graded 8 of these. To find out how many more problems she has to grade:\n\n1. Calculate the total number of problems: \\(17 \\text{ worksheets} \\times 7 \\text{ problems/worksheet} = 119 \\text{ problems}\\).\n2. Subtract the number of problems already graded: \\(8 \\text{ worksheets} \\times 7 \\text{ problems/worksheet} = 56 \\text{ problems}\\).\n3. The remaining problems are: \\(119 - 56 = 63 \\text{ problems}\\).',
    response=63.0
)",True
"Example({'response': 12, 'question': "" A trivia team had 9 members total, but during a game 3 members didn't show up. If each member that did show up scored 2 points, how many points were scored total? ""}) (input_keys={'question'})","Prediction(
    reasoning='The trivia team had a total of 9 members. Out of these, 3 members did not show up during the game, leaving 6 members who participated. Each member that attended scored 2 points. Therefore, the total points scored are calculated by multiplying the number of attendees by the points each member earned:  \n\nTotal points = 6 × 2 = 12',
    response=12.0
)",True
"Example({'response': 30, 'question': "" Mike had 15 video games but 9 of them weren't working. If he wanted to sell the working games for $5 each, how much money could he earn? ""}) (input_keys={'question'})","Prediction(
    reasoning='Mike has 15 video games in total, with 9 not working. This leaves him with 15 - 9 = 6 working games. Each game is sold for $5, so the total earnings are 6 * $5 = $30.',
    response=30.0
)",True
"Example({'response': 36, 'question': ' Edward earned 9 dollars for each lawn he mowed. If he had 6 lawns to mow, but forgot to mow 2 of them, how much money did he actually earn? '}) (input_keys={'question'})","Prediction(
    reasoning='He earned a total of $36.',
    response=36.0
)",True
"Example({'response': 14, 'question': ' At a restaurant each adult meal costs $2 and kids eat free. If a group of 9 people came in and 2 were kids, how much would it cost for the group to eat? '}) (input_keys={'question'})","Prediction(
    reasoning='The total number of people in the group is 9, with 2 being children who eat for free. Therefore, there are 7 adult meals needed. Each adult meal costs $2, so the total cost is calculated as follows:  \n\nTotal cost = Number of adults × Cost per adult meal  \nTotal cost = 7 × $2  \nTotal cost = $14',
    response=14.0
)",True
"Example({'response': 54, 'question': ' Chloe baked 7 brownies, but needed 16 total for her party. If she used 6 cups of flour on each one, how much cups of flour does she still need? '}) (input_keys={'question'})","Prediction(
    reasoning='Chloe needed a total of 16 brownies but had already made 7. The amount she still needs is calculated by subtracting the ones she has from the total required: 16 - 7 = 9 cups.',
    response=9.0
)",False
"Example({'response': 15, 'question': ' There were 8 friends playing a video game online when 3 players quit. If each player left had 3 lives, how many lives did they have total? '}) (input_keys={'question'})","Prediction(
    reasoning='The problem states that there are 8 friends initially and 3 quit. If we consider the remaining 5 friends, each having 3 lives, the total number of lives is calculated by multiplying the number of remaining players by their lives: 5 * 3 = 15.',
    response=15.0
)",True
"Example({'response': 6, 'question': "" Sam invited 9 friends to a birthday party, but 6 couldn't come. If he wanted to buy enough cupcakes so each person could have exactly 2, how many should he buy? ""}) (input_keys={'question'})","Prediction(
    reasoning=""Sam invited 9 friends to his birthday party, but 6 couldn't come. This means there were 3 attendees at the party (9 - 6 = 3). Sam wanted to buy enough cupcakes so that each person could have exactly 2. Therefore, he needed 3 people multiplied by 2 cupcakes per person, which equals 6 cupcakes in total."",
    response=6.0
)",True
"Example({'response': 72, 'question': "" Megan earned 8 points for each bag of cans she recycled. If she had 14 bags, but didn't recycle 5 of them, how many points would she have earned? ""}) (input_keys={'question'})","Prediction(
    reasoning='Megan recycled 9 bags (14 total - 5 unrecycled). Each bag is worth 8 points, so 9 × 8 = 72 points.',
    response=72.0
)",True
"Example({'response': 5, 'question': ' Will had 57 dollars. If he spent 27 bucks on a new game, how many 6 dollar toys could he buy with the money he had left? '}) (input_keys={'question'})","Prediction(
    reasoning='Will had 57 dollars. He spent 27 on a game, leaving him with 30 dollars. Dividing this by the toy price of 6 dollars per toy: 30 / 6 = 5. So, he can buy 5 toys.',
    response=5.0
)",True
"Example({'response': 3, 'question': ' A pet store had 18 puppies. In one day they sold 3 of them and put the rest into cages with 5 in each cage. How many cages did they use? '}) (input_keys={'question'})","Prediction(
    reasoning='The pet store had 18 puppies initially. After selling 3, there were 15 puppies left. These 15 puppies were placed into cages with 5 each, requiring 3 cages in total.',
    response=3.0
)",True
"Example({'response': 6, 'question': ' Luke had 47 pieces of clothing to wash. He put 17 of them in one load, but decided to split the rest into 5 equal loads. How many pieces of clothing could go in each of the small loads? '}) (input_keys={'question'})","Prediction(
    reasoning='Luke had a total of 47 pieces of clothing. He placed 17 in one load, leaving him with 30 pieces. To split these equally into 5 loads, he would divide 30 by 5, resulting in 6 pieces per small load.',
    response=6.0
)",True
"Example({'response': 8, 'question': "" Edward bought 79 tickets at the state fair. He spent 23 tickets at the 'dunk a clown' booth and decided to use the rest on rides. If each ride cost 7 tickets, how many rides could he go on? ""}) (input_keys={'question'})","Prediction(
    reasoning=""Let's calculate the number of rides Edward can go on:\n\n1. Total tickets purchased: 79\n2. Tickets spent at 'dunk a clown': 23\n3. Tickets remaining for rides: 79 - 23 = 56\n4. Cost per ride: 7 tickets\n5. Number of rides possible: 56 ÷ 7 = 8"",
    response=8.0
)",True
"Example({'response': 5, 'question': "" Katie baked 18 cupcakes for her school's bake sale. If her brother, Todd, ate 8 of them how many packages could she make if she put 2 cupcake in each package? ""}) (input_keys={'question'})","Prediction(
    reasoning='Katie baked a total of 18 cupcakes and her brother Todd ate 8 of them, leaving 10 cupcakes. Since each package holds 2 cupcakes, dividing the remaining cupcakes by the number per package gives 10 ÷ 2 = 5 packages.',
    response=5.0
)",True
"Example({'response': 9, 'question': ' Megan had 93 files on her computer. She deleted 21 of them and put the rest into folders with 8 files in each one. How many folders did Megan end up with? '}) (input_keys={'question'})","Prediction(
    reasoning='Megan had a total of 93 files. She deleted 21 files, leaving her with 72 files. These remaining files were distributed into folders each containing 8 files. To find the number of folders, we divide the total number of files by the number per folder: 72 ÷ 8 = 9.',
    response=9.0
)",True
"Example({'response': 7, 'question': ' Wendy uploaded 79 pictures to Facebook. She put 44 pics into one album and put the rest into 5 different albums. How many pictures were in each album? '}) (input_keys={'question'})","Prediction(
    reasoning='The total number of pictures Wendy uploaded is 79. She placed 44 pictures into one album, leaving 79 - 44 = 35 pictures for the remaining 5 albums. Dividing these equally among the 5 albums gives 35 / 5 = 7 pictures per album.',
    response=7.0
)",True
"Example({'response': 8, 'question': ' Isabel had 72 homework problems. She finished 32 of them but still had 5 pages of problems to do. If each page has the same number of problems on it, how many problems are on each page? '}) (input_keys={'question'})","Prediction(
    reasoning='Isabel had a total of 72 homework problems. She finished 32, leaving 40 problems remaining across 5 pages. Dividing the remaining problems by the number of pages gives 8 problems per page.',
    response=8.0
)",True
"Example({'response': 6, 'question': ' The cafeteria had 62 apples. For lunch they handed out 8 to students and decided to use the rest to make pies. If each pie takes 9 apples, how many pies could they make? '}) (input_keys={'question'})","Prediction(
    reasoning='The cafeteria starts with 62 apples. After giving out 8 apples to students, there are 54 apples remaining. Each pie requires 9 apples, so dividing the remaining apples by the number needed per pie gives 54 ÷ 9 = 6 pies.',
    response=6.0
)",True
"Example({'response': 9, 'question': ' Mike made 101 dollars mowing lawns over the summer. If he spent 47 dollars buying new mower blades, how many 6 dollar games could he buy with the money he had left? '}) (input_keys={'question'})","Prediction(
    reasoning='Mike made $101 and spent $47 on mower blades, leaving him with $54. Each game costs $6, so he can buy $\\frac{54}{6} = 9$ games.',
    response=9.0
)",True
"Example({'response': 5, 'question': "" Paige's team won their dodgeball game and scored 41 points total. If Paige scored 11 of the points and everyone else scored 6 points each, how many players were on her team? ""}) (input_keys={'question'})","Prediction(
    reasoning='The total points scored by the team is 41. Since Paige scored 11 points, the remaining points are 41 - 11 = 30. Each of the other players scored 6 points each, so the number of other players is 30 / 6 = 5. Including Paige, there are 5 + 1 = 6 players on her team.',
    response=6.0
)",False
"Example({'response': 9, 'question': ' Oliver is at the library helping put away books. There are 46 book to put away total but a librarian takes 10 of them and leaves Oliver with the rest. If he can fit 4 books on a shelf, how many shelves will he need? '}) (input_keys={'question'})","Prediction(
    reasoning='The total number of books initially present was 46. After the librarian took away 10 books, Oliver had 36 books left. Since each shelf can hold 4 books, dividing the remaining books by the capacity per shelf gives us 36 ÷ 4 = 9 shelves.',
    response=9.0
)",True
"Example({'response': 3, 'question': ' Emily was planting vegetables in her garden. She started with 41 seeds and planted 29 of them in the big garden and in each of her small gardens put 4 seeds each. How many small gardens did Emily have? '}) (input_keys={'question'})","Prediction(
    reasoning='Emily started with a total of 41 seeds. She planted 29 seeds in the big garden, leaving her with 12 seeds for the small gardens. Since each small garden requires 4 seeds, dividing the remaining 12 seeds by 4 gives 3 small gardens.',
    response=3.0
)",True
"Example({'response': 8, 'question': ' Edward made 37 dollars mowing lawns over the summer. If he spent 21 dollars buying new mower blades, how many 2 dollar games could he buy with the money he had left? '}) (input_keys={'question'})","Prediction(
    reasoning='37 dollars - 21 dollars = 16 dollars left after buying mower blades.  \n\n16 dollars ÷ 2 dollars per game = 8 games.',
    response=8.0
)",True
"Example({'response': 5, 'question': ' A pet store had 81 puppies. In one day they sold 41 of them and put the rest into cages with 8 in each cage. How many cages did they use? '}) (input_keys={'question'})","Prediction(
    reasoning='The pet store had a total of 81 puppies. After selling 41 puppies, they were left with 40. These 40 puppies were placed into cages with 8 per cage, resulting in 5 cages being used.',
    response=5.0
)",True
"Example({'response': 6, 'question': "" There are 65 students trying out for the school's trivia teams. If 17 of them didn't get picked for the team and the rest were put into 8 groups, how many students would be in each group? ""}) (input_keys={'question'})","Prediction(
    reasoning='The total number of students is 65. Subtracting the 17 who did not make it for the team gives us 65 - 17 = 48 students in groups. Dividing these 48 students into 8 equal groups results in 48 ÷ 8 = 6 students per group.',
    response=6.0
)",True
"Example({'response': 2, 'question': ' Tom had 57 dollars. If he spent 49 bucks on a new game, how many 4 dollar toys could he buy with the money he had left? '}) (input_keys={'question'})","Prediction(
    reasoning='Tom had 57 dollars and spent 49 on a game, leaving him with 8 dollars. Each toy costs 4 dollars, so he can buy 8 ÷ 4 = 2 toys.',
    response=2.0
)",True
"Example({'response': 7, 'question': ' Isabel picked 66 flowers for her friend’s wedding. She was making bouquets with 8 flowers in each one. If 10 of the flowers wilted before the wedding, how many bouquets could she still make? '}) (input_keys={'question'})","Prediction(
    reasoning='Isabel picked a total of 66 flowers and wanted to create bouquets with 8 flowers each. However, 10 flowers wilted before the wedding, reducing the available flowers to 56. Dividing the remaining flowers by the number required per bouquet (56 ÷ 8) gives 7 full bouquets.',
    response=7.0
)",True
"Example({'response': 8, 'question': ' For Halloween Sarah received 108 pieces of candy. She ate 36 pieces then placed the rest into piles with 9 in each pile. How many piles could she make? '}) (input_keys={'question'})","Prediction(
    reasoning='Sarah started with 108 pieces of candy and ate 36, leaving her with 72 pieces. To find out how many piles she could make with 9 pieces each, we divide the remaining candies by the number per pile: 72 ÷ 9 = 8.',
    response=8.0
)",True
"Example({'response': 7, 'question': ' Nancy had 80 files on her computer. She deleted 31 of them and put the rest into folders with 7 files in each one. How many folders did Nancy end up with? '}) (input_keys={'question'})","Prediction(
    reasoning='Nancy had 80 files initially and deleted 31, leaving her with 49 files. Dividing these into folders of 7 each gives 49 ÷ 7 = 7 folders.',
    response=7.0
)",True
"Example({'response': 9, 'question': "" There are 36 students trying out for the school's trivia teams. If 9 of them didn't get picked for the team and the rest were put into 3 groups, how many students would be in each group? ""}) (input_keys={'question'})","Prediction(
    reasoning=""The problem involves calculating how many students are in each of three groups after removing those who didn't make it.  \n\nFirst, subtract the number of students who didn't get picked from the total:  \n36 (total students) - 9 (students not picked) = 27 (students picked).  \n\nNext, divide the number of students picked by the number of groups to find how many are in each group:  \n27 ÷ 3 = 9.  \n\nThus, there are **9 students** in each group."",
    response=9.0
)",True
"Example({'response': 9, 'question': ' The cafeteria had 96 apples. For lunch they handed out 42 to students and decided to use the rest to make pies. If each pie takes 6 apples, how many pies could they make? '}) (input_keys={'question'})","Prediction(
    reasoning='The cafeteria had a total of 96 apples. After handing out 42 apples to students, the remaining apples are calculated as follows:  \n\nRemaining apples = Total apples - Apples given out  \nRemaining apples = 96 - 42  \nRemaining apples = 54  \n\nWith these 54 apples, they can make pies where each pie requires 6 apples. The number of pies is determined by dividing the remaining apples by the apples needed per pie:  \n\nNumber of pies = Remaining apples / Apples per pie  \nNumber of pies = 54 / 6  \nNumber of pies = 9',
    response=9.0
)",True
"Example({'response': 9, 'question': ' A pet store had 64 puppies. In one day they sold 28 of them and put the rest into cages with 4 in each cage. How many cages did they use? '}) (input_keys={'question'})","Prediction(
    reasoning='The pet store had 64 puppies initially. After selling 28, the remaining number of puppies is calculated as follows:  \n64 - 28 = 36 puppies left.  \n\nThese 36 puppies are placed into cages with 4 puppies each. To find the number of cages used, divide the total number of remaining puppies by the number per cage:  \n36 ÷ 4 = 9 cages.',
    response=9.0
)",True
"Example({'response': 2, 'question': ' Edward was selling his old games. He started out with 35 but sold 19 of them. He packed the rest up putting 8 games into each box. How many boxes did he have to use? '}) (input_keys={'question'})","Prediction(
    reasoning='Edward started with 35 games and sold 19 of them, leaving him with 16 games. He packed these remaining games into boxes containing 8 each. Dividing the remaining games by the number per box (16 ÷ 8) gives exactly 2 full boxes without any leftover games.',
    response=2.0
)",True
"Example({'response': 4, 'question': ' Frank made 19 dollars mowing lawns over the summer. If he spent 11 dollars buying new mower blades, how many 2 dollar games could he buy with the money he had left? '}) (input_keys={'question'})","Prediction(
    reasoning='Frank made $19 mowing lawns over the summer and spent $11 on mower blades. Subtracting the cost of the mower blades from his total gives him $8 left for games. Dividing this amount by the cost per game ($2) yields 4 games.',
    response=4.0
)",True
"Example({'response': 7, 'question': ' Megan had 40 homework problems. She finished 26 of them but still had 2 pages of problems to do. If each page has the same number of problems on it, how many problems are on each page? '}) (input_keys={'question'})","Prediction(
    reasoning='Megan had a total of 40 homework problems. She finished 26, leaving her with 14 problems. These 14 problems are equally distributed across 2 pages. To find out how many problems are on each page, we divide the remaining problems by the number of pages: 14 ÷ 2 = 7.',
    response=7.0
)",True
"Example({'response': 7, 'question': ' Wendy picked 103 flowers for her friend’s wedding. She was making bouquets with 8 flowers in each one. If 47 of the flowers wilted before the wedding, how many bouquets could she still make? '}) (input_keys={'question'})","Prediction(
    reasoning='Wendy picked a total of 103 flowers. After subtracting the 47 wilted flowers, she has 56 good flowers left. Dividing these by the 8 flowers per bouquet gives her 7 complete bouquets.',
    response=7.0
)",True
"Example({'response': 4, 'question': ' Kaleb had 39 pieces of clothing to wash. He put 19 of them in one load, but decided to split the rest into 5 equal loads. How many pieces of clothing could go in each of the small loads? '}) (input_keys={'question'})","Prediction(
    reasoning='Kaleb had 39 pieces of clothing to wash. He used 19 in one load, leaving 20 pieces for splitting into 5 equal loads. Dividing the remaining 20 by 5 gives 4 pieces per small load.',
    response=4.0
)",True
"Example({'response': 2, 'question': "" A company invited 18 people to a luncheon, but 12 of them didn't show up. If the tables they had held 3 people each, how many tables do they need? ""}) (input_keys={'question'})","Prediction(
    reasoning='The company invited 18 people and 12 did not show up, leaving 6 attendees. Each table holds 3 people, so dividing 6 by 3 gives 2 tables needed.',
    response=2.0
)",True
"Example({'response': 8, 'question': ' Mike is at the library helping put away books. There are 82 book to put away total but a librarian takes 10 of them and leaves Mike with the rest. If he can fit 9 books on a shelf, how many shelves will he need? '}) (input_keys={'question'})","Prediction(
    reasoning='The total number of books is 82. After the librarian takes away 10 books, Mike is left with 72 books. Each shelf can hold 9 books, so dividing 72 by 9 gives exactly 8 shelves.',
    response=8.0
)",True
"Example({'response': 6, 'question': ' A pet store had 78 puppies. In one day they sold 30 of them and put the rest into cages with 8 in each cage. How many cages did they use? '}) (input_keys={'question'})","Prediction(
    reasoning='The pet store had 78 puppies, sold 30, leaving 48. Dividing these into cages with 8 each gives 6 cages.',
    response=6.0
)",True
"Example({'response': 2, 'question': ' Bianca uploaded 33 pictures to Facebook. She put 27 pics into one album and put the rest into 3 different albums. How many pictures were in each album? '}) (input_keys={'question'})","Prediction(
    reasoning='Bianca uploaded a total of 33 pictures. She put 27 pictures into one album, leaving 6 pictures for three different albums. Dividing the remaining 6 pictures equally among the three albums gives 2 pictures per album.',
    response=2.0
)",True
"Example({'response': 8, 'question': "" Emily's team won their dodgeball game and scored 39 points total. If Emily scored 23 of the points and everyone else scored 2 points each, how many players were on her team? ""}) (input_keys={'question'})","Prediction(
    reasoning='The total points scored by the team is 39. Emily scored 23 points, so the remaining points are 39 - 23 = 16. Each of the other players scored 2 points each, so the number of other players is 16 / 2 = 8. Adding Emily to this count gives a total of 8 + 1 = 9 players on the team.',
    response=9.0
)",False
"Example({'response': 8, 'question': "" A company invited 47 people to a luncheon, but 7 of them didn't show up. If the tables they had held 5 people each, how many tables do they need? ""}) (input_keys={'question'})","Prediction(
    reasoning='The number of attendees is calculated as 47 (invited) minus 7 (did not show up), resulting in 40 people. Dividing this by the table capacity of 5 gives 8 tables needed.',
    response=8.0
)",True
"Example({'response': 4, 'question': ' A waiter had 44 customers in his section. If 12 of them left and the rest of his tables had 8 people at each table, how many tables did he have? '}) (input_keys={'question'})","Prediction(
    reasoning='The total number of customers initially was 44. After 12 left, we had 32 customers remaining. Each table had 8 people, so dividing 32 by 8 gives us 4 tables.',
    response=4.0
)",True
"Example({'response': 5, 'question': ' A store had 40 coloring books in stock. They ended up putting them on sale and getting rid of 20 of them. The put the ones they still had onto shelves with 4 on each shelf. How many shelves did they use? '}) (input_keys={'question'})","Prediction(
    reasoning='The store started with 40 coloring books and sold 20, leaving them with 20 books. These were placed on shelves that hold 4 books each. To find the number of shelves needed: 20 ÷ 4 = 5 shelves.',
    response=5.0
)",True
"Example({'response': 7, 'question': "" There are 64 students trying out for the school's trivia teams. If 36 of them didn't get picked for the team and the rest were put into 4 groups, how many students would be in each group? ""}) (input_keys={'question'})","Prediction(
    reasoning=""The number of students who made it into the teams is calculated by subtracting those who didn't get picked: 64 - 36 = 28. These 28 students are divided equally into 4 groups, so each group has 28 ÷ 4 = 7 students."",
    response=7.0
)",True
"Example({'response': 6, 'question': ' Kaleb was selling his old games. He started out with 76 but sold 46 of them. He packed the rest up putting 5 games into each box. How many boxes did he have to use? '}) (input_keys={'question'})","Prediction(
    reasoning='Kaleb started with 76 games and sold 46 of them. To find the remaining games, we subtract: 76 - 46 = 30. He packs these 30 games into boxes containing 5 each. The number of boxes needed is calculated by dividing the remaining games by the per-box quantity: 30 ÷ 5 = 6.',
    response=6.0
)",True
"Example({'response': 9, 'question': ' Jerry is at the library helping put away books. There are 34 book to put away total but a librarian takes 7 of them and leaves Jerry with the rest. If he can fit 3 books on a shelf, how many shelves will he need? '}) (input_keys={'question'})","Prediction(
    reasoning='The total number of books Jerry needs to put away is 34. However, a librarian takes 7 books, leaving Jerry with 27 books (34 - 7 = 27). If each shelf can hold 3 books, the number of shelves required is calculated by dividing the total number of books by the capacity per shelf: 27 ÷ 3 = 9. Therefore, Jerry will need 9 shelves.',
    response=9.0
)",True
"Example({'response': 6, 'question': ' Nancy was planting vegetables in her garden. She started with 52 seeds and planted 28 of them in the big garden and in each of her small gardens put 4 seeds each. How many small gardens did Nancy have? '}) (input_keys={'question'})","Prediction(
    reasoning='Nancy started with 52 seeds and planted 28 in the big garden, leaving 24 seeds for small gardens. With each small garden containing 4 seeds, dividing 24 by 4 gives 6 small gardens.',
    response=6.0
)",True
"Example({'response': 9, 'question': ' Will had 83 dollars. If he spent 47 bucks on a new game, how many 4 dollar toys could he buy with the money he had left? '}) (input_keys={'question'})","Prediction(
    reasoning='Will had 83 dollars and spent 47 dollars on a new game, leaving him with 36 dollars. Each toy costs 4 dollars, so dividing the remaining money by the cost per toy gives 36 / 4 = 9 toys.',
    response=9.0
)",True
"Example({'response': 6, 'question': ' Bianca was planting vegetables in her garden. She started with 52 seeds and planted 40 of them in the big garden and in each of her small gardens put 2 seeds each. How many small gardens did Bianca have? '}) (input_keys={'question'})","Prediction(
    reasoning='Bianca started with a total of 52 seeds. She used 40 seeds in the big garden and the remaining seeds (12) were distributed equally among her small gardens, each containing 2 seeds. To find the number of small gardens, we divide the remaining seeds by the seeds per small garden:  \n\\[\n\\frac{12}{2} = 6\n\\]',
    response=6.0
)",True
"Example({'response': 3, 'question': ' A waiter had 21 customers in his section. If 12 of them left and the rest of his tables had 3 people at each table, how many tables did he have? '}) (input_keys={'question'})","Prediction(
    reasoning='The total number of customers is 21. After 12 left, there are 21 - 12 = 9 remaining. If each table has 3 people, then the number of tables is 9 / 3 = 3.',
    response=3.0
)",True
"Example({'response': 5, 'question': "" There are 25 students trying out for the school's trivia teams. If 15 of them didn't get picked for the team and the rest were put into 2 groups, how many students would be in each group? ""}) (input_keys={'question'})","Prediction(
    reasoning=""The total number of students is 25. Subtracting those who didn't make it (15) gives us 10 students in the team. Dividing these 10 by 2 groups results in 5 students per group."",
    response=5.0
)",True
"Example({'response': 5, 'question': ' The cafeteria had 47 apples. For lunch they handed out 27 to students and decided to use the rest to make pies. If each pie takes 4 apples, how many pies could they make? '}) (input_keys={'question'})","Prediction(
    reasoning='The cafeteria starts with 47 apples. After giving out 27 apples for lunch, there are 20 apples remaining. Since each pie requires 4 apples, dividing the remaining apples by 4 gives 5 pies.',
    response=5.0
)",True
"Example({'response': 6, 'question': "" Megan baked 68 cupcakes for her school's bake sale. If her brother, Todd, ate 32 of them how many packages could she make if she put 6 cupcake in each package? ""}) (input_keys={'question'})","Prediction(
    reasoning='Megan baked a total of 68 cupcakes and her brother Todd ate 32. To find the remaining cupcakes:  \n\n68 - 32 = 36 cupcakes left.\n\nEach package holds 6 cupcakes, so the number of packages is:  \n\n36 ÷ 6 = 6 packages.',
    response=6.0
)",True
"Example({'response': 9, 'question': ' A store had 120 coloring books in stock. They ended up putting them on sale and getting rid of 39 of them. The put the ones they still had onto shelves with 9 on each shelf. How many shelves did they use? '}) (input_keys={'question'})","Prediction(
    reasoning='The store started with 120 coloring books and sold 39, leaving them with 81 books. Dividing these by 9 per shelf gives exactly 9 shelves.',
    response=9.0
)",True
"Example({'response': 3, 'question': ' Isabel uploaded 25 pictures to Facebook. She put 10 pics into one album and put the rest into 5 different albums. How many pictures were in each album? '}) (input_keys={'question'})","Prediction(
    reasoning='The total number of pictures is 25. After allocating 10 pictures to one album, the remaining 15 pictures are distributed equally among 5 albums. Dividing 15 by 5 gives 3.',
    response=3.0
)",True
"Example({'response': 8, 'question': ' Sarah had 60 homework problems. She finished 20 of them but still had 5 pages of problems to do. If each page has the same number of problems on it, how many problems are on each page? '}) (input_keys={'question'})","Prediction(
    reasoning='Sarah had a total of 60 homework problems. She finished 20, leaving her with 40 problems. These remaining 40 problems are spread across 5 pages equally. To find the number of problems per page, we divide 40 by 5:  \n\n\\[\n\\frac{40}{5} = 8\n\\]',
    response=8.0
)",True
"Example({'response': 4, 'question': ' Mike made 42 dollars mowing lawns over the summer. If he spent 10 dollars buying new mower blades, how many 8 dollar games could he buy with the money he had left? '}) (input_keys={'question'})","Prediction(
    reasoning='Mike has a total of $42 after mowing lawns. He spent $10 on mower blades, leaving him with $32. Dividing this amount by the cost per game ($8) gives 4 games.',
    response=4.0
)",True
"Example({'response': 3, 'question': ' Will had 59 pieces of clothing to wash. He put 32 of them in one load, but decided to split the rest into 9 equal loads. How many pieces of clothing could go in each of the small loads? '}) (input_keys={'question'})","Prediction(
    reasoning='Will had a total of 59 pieces of clothing. He placed 32 into one load, leaving him with 27 pieces. Dividing these equally among 9 loads results in 3 pieces per load.',
    response=3.0
)",True
"Example({'response': 7, 'question': ' Oliver made 35 dollars mowing lawns over the summer. If he spent 7 dollars buying new mower blades, how many 4 dollar games could he buy with the money he had left? '}) (input_keys={'question'})","Prediction(
    reasoning='Oliver made a total of \\$35 mowing lawns. He spent \\$7 on mower blades, leaving him with \\$28. Each game costs \\$4, so he can buy 28 ÷ 4 = 7 games.',
    response=7.0
)",True
"Example({'response': 3, 'question': ' Emily was planting vegetables in her garden. She started with 42 seeds and planted 36 of them in the big garden and in each of her small gardens put 2 seeds each. How many small gardens did Emily have? '}) (input_keys={'question'})","Prediction(
    reasoning='Emily started with a total of 42 seeds and planted 36 of them in the big garden. This leaves 6 seeds remaining for her small gardens. Since each small garden contains 2 seeds, dividing the leftover seeds by the number of seeds per small garden gives us the number of small gardens:  \n\nNumber of small gardens = 6 / 2 = 3',
    response=3.0
)",True
"Example({'response': 4, 'question': "" There are 17 students trying out for the school's trivia teams. If 5 of them didn't get picked for the team and the rest were put into 3 groups, how many students would be in each group? ""}) (input_keys={'question'})","Prediction(
    reasoning='There are 17 students in total, with 5 not making it into the team. Subtracting these gives us 12 students who were picked. Dividing these equally among 3 groups results in each group having 4 students.',
    response=4.0
)",True
"Example({'response': 2, 'question': "" Katie's team won their dodgeball game and scored 12 points total. If Katie scored 4 of the points and everyone else scored 4 points each, how many players were on her team? ""}) (input_keys={'question'})","Prediction(
    reasoning='The total points scored by the team is 12. Since Katie scored 4 points, the remaining points scored by the other players are 12 - 4 = 8. Each of the other players scored 4 points each, so the number of other players is 8 / 4 = 2. Including Katie, there are 3 players on her team.',
    response=3.0
)",False
"Example({'response': 4, 'question': "" Megan baked 71 cupcakes for her school's bake sale. If her brother, Todd, ate 43 of them how many packages could she make if she put 7 cupcake in each package? ""}) (input_keys={'question'})","Prediction(
    reasoning='Megan had 71 cupcakes and her brother ate 43 of them. To find the remaining cupcakes:  \n\n71 - 43 = 28 cupcakes left.\n\nEach package holds 7 cupcakes, so the number of packages is:  \n\n28 ÷ 7 = 4 packages.',
    response=4.0
)",True
"Example({'response': 2, 'question': ' Wendy uploaded 45 pictures to Facebook. She put 27 pics into one album and put the rest into 9 different albums. How many pictures were in each album? '}) (input_keys={'question'})","Prediction(
    reasoning='The total number of pictures is 45. Wendy put 27 pictures into one album and distributed the remaining 18 pictures equally across 9 albums. Dividing 18 by 9 gives 2.',
    response=2.0
)",True
"Example({'response': 7, 'question': ' A store had 86 coloring books in stock. They ended up putting them on sale and getting rid of 37 of them. The put the ones they still had onto shelves with 7 on each shelf. How many shelves did they use? '}) (input_keys={'question'})","Prediction(
    reasoning='The store had 86 coloring books initially and sold 37 of them. Subtracting the sold books from the initial stock gives:  \n\n\\[ 86 - 37 = 49 \\]  \n\nThere are 49 coloring books remaining after the sale. These books need to be placed on shelves with 7 books each. To find out how many shelves were used, divide the number of remaining books by the number per shelf:  \n\n\\[ \\frac{49}{7} = 7 \\]  \n\nTherefore, they used 7 shelves in total.',
    response=7.0
)",True
"Example({'response': 9, 'question': ' The cafeteria had 50 apples. For lunch they handed out 5 to students and decided to use the rest to make pies. If each pie takes 5 apples, how many pies could they make? '}) (input_keys={'question'})","Prediction(
    reasoning='The cafeteria starts with 50 apples. After giving out 5 apples for lunch, 45 apples remain. Since each pie requires 5 apples, dividing the remaining apples by 5 yields 9 pies.',
    response=9.0
)",True
"Example({'response': 9, 'question': ' Nancy had 101 homework problems. She finished 47 of them but still had 6 pages of problems to do. If each page has the same number of problems on it, how many problems are on each page? '}) (input_keys={'question'})","Prediction(
    reasoning='Nancy had 101 homework problems in total. She finished 47 of them, leaving her with 54 problems. These remaining problems are spread across 6 pages equally. To find the number of problems per page, we divide the total remaining problems by the number of pages:  \n\n\\[\n\\frac{54 \\text{ problems}}{6 \\text{ pages}} = 9 \\text{ problems per page}\n\\]',
    response=9.0
)",True
"Example({'response': 3, 'question': ' Paige had 27 files on her computer. She deleted 9 of them and put the rest into folders with 6 files in each one. How many folders did Paige end up with? '}) (input_keys={'question'})","Prediction(
    reasoning='Paige had 27 files initially and deleted 9, leaving her with 18 files. Dividing these remaining files into folders with 6 each results in 3 folders.',
    response=3.0
)",True
"Example({'response': 6, 'question': ' For Halloween Bianca received 78 pieces of candy. She ate 30 pieces then placed the rest into piles with 8 in each pile. How many piles could she make? '}) (input_keys={'question'})","Prediction(
    reasoning='Bianca started with 78 pieces of candy and ate 30, leaving her with 48 pieces. To find out how many piles of 8 candies each she can make, we divide the remaining candies by the number per pile: 48 ÷ 8 = 6.',
    response=6.0
)",True
"Example({'response': 5, 'question': "" A company invited 45 people to a luncheon, but 35 of them didn't show up. If the tables they had held 2 people each, how many tables do they need? ""}) (input_keys={'question'})","Prediction(
    reasoning=""The number of people who attended is 35. Each table can hold 2 people. To find out how many tables are needed, divide the number of attendees by the capacity per table:  \n\n\\[\n\\frac{35}{2} = 17.5\n\\]  \n\nSince you can't have half a table, we round up to the next whole number, which is 18. Therefore, they need \\boxed{18} tables."",
    response=18.0
)",False
"Example({'response': 8, 'question': ' Haley uploaded 65 pictures to Facebook. She put 17 pics into one album and put the rest into 6 different albums. How many pictures were in each album? '}) (input_keys={'question'})","Prediction(
    reasoning='The total number of pictures is 65. After placing 17 pictures in the first album, there are 48 pictures left. These 48 pictures are divided equally into 6 albums, resulting in 8 pictures per album.',
    response=8.0
)",True
"Example({'response': 9, 'question': ' A pet store had 102 puppies. In one day they sold 21 of them and put the rest into cages with 9 in each cage. How many cages did they use? '}) (input_keys={'question'})","Prediction(
    reasoning='The pet store had 102 puppies initially. After selling 21, the remaining number of puppies is calculated as follows:  \n102 - 21 = 81 puppies.  \n\nThese 81 puppies are placed into cages with 9 puppies each. To find the number of cages used, divide the total number of puppies by the number per cage:  \n81 ÷ 9 = 9 cages.',
    response=9.0
)",True
"Example({'response': 8, 'question': ' Roger had 120 pieces of clothing to wash. He put 48 of them in one load, but decided to split the rest into 9 equal loads. How many pieces of clothing could go in each of the small loads? '}) (input_keys={'question'})","Prediction(
    reasoning='Roger starts with 120 pieces of clothing. He uses 48 in one load and splits the remaining 72 into 9 equal smaller loads. Dividing 72 by 9 gives 8, so each small load contains 8 pieces of clothing.',
    response=8.0
)",True
"Example({'response': 2, 'question': ' Wendy picked 45 flowers for her friend’s wedding. She was making bouquets with 5 flowers in each one. If 35 of the flowers wilted before the wedding, how many bouquets could she still make? '}) (input_keys={'question'})","Prediction(
    reasoning='Wendy started with 45 flowers. After 35 wilted, she had 10 flowers left. Each bouquet requires 5 flowers, so she could make 2 bouquets.',
    response=2.0
)",True
"Example({'response': 6, 'question': "" Isabel baked 39 cupcakes for her school's bake sale. If her brother, Todd, ate 21 of them how many packages could she make if she put 3 cupcake in each package? ""}) (input_keys={'question'})","Prediction(
    reasoning='Isabel had 39 cupcakes and her brother ate 21, leaving 18 cupcakes. Dividing the remaining cupcakes (18) by the number per package (3) gives 6 packages.',
    response=6.0
)",True
"Example({'response': 7, 'question': ' Sarah had 55 homework problems. She finished 6 of them but still had 7 pages of problems to do. If each page has the same number of problems on it, how many problems are on each page? '}) (input_keys={'question'})","Prediction(
    reasoning='Sarah had 55 homework problems in total. She finished 6, leaving 49 problems. These are spread over 7 pages equally. To find the number of problems per page: \n\\[ \\text{Problems per page} = \\frac{\\text{Remaining problems}}{\\text{Number of pages}} = \\frac{49}{7} = 7 \\]',
    response=7.0
)",True
"Example({'response': 6, 'question': "" There are 58 students trying out for the school's trivia teams. If 10 of them didn't get picked for the team and the rest were put into 8 groups, how many students would be in each group? ""}) (input_keys={'question'})","Prediction(
    reasoning='The number of students in each group is calculated by dividing the total number of students (48) by the number of groups (8).',
    response=6.0
)",True
"Example({'response': 5, 'question': ' Paige picked 53 flowers for her friend’s wedding. She was making bouquets with 7 flowers in each one. If 18 of the flowers wilted before the wedding, how many bouquets could she still make? '}) (input_keys={'question'})","Prediction(
    reasoning='Paige picked a total of 53 flowers and had 18 flowers wilt before the wedding. The number of good flowers is 53 - 18 = 35. Each bouquet requires 7 flowers, so the number of bouquets she can make is 35 ÷ 7 = 5.',
    response=5.0
)",True
"Example({'response': 2, 'question': ' A waiter had 22 customers in his section. If 14 of them left and the rest of his tables had 4 people at each table, how many tables did he have? '}) (input_keys={'question'})","Prediction(
    
)",0.0
"Example({'response': 5, 'question': ' Luke was selling his old games. He started out with 39 but sold 19 of them. He packed the rest up putting 4 games into each box. How many boxes did he have to use? '}) (input_keys={'question'})","Prediction(
    reasoning='Luke started with 39 games and sold 19 of them, leaving him with 20 games. He packed these into boxes containing 4 games each. Dividing the remaining games by the number per box (20 ÷ 4) gives 5 boxes.',
    response=5.0
)",True
"Example({'response': 3, 'question': "" Haley baked 20 cupcakes for her school's bake sale. If her brother, Todd, ate 11 of them how many packages could she make if she put 3 cupcake in each package? ""}) (input_keys={'question'})","Prediction(
    reasoning='Haley had 20 cupcakes and her brother ate 11, leaving 9 cupcakes. Dividing these by 3 per package gives 3 packages.',
    response=3.0
)",True
"Example({'response': 3, 'question': ' A pet store had 13 puppies. In one day they sold 7 of them and put the rest into cages with 2 in each cage. How many cages did they use? '}) (input_keys={'question'})","Prediction(
    reasoning='The pet store had 13 puppies initially. After selling 7, there were 6 puppies remaining. These 6 puppies were placed into cages with 2 per cage, requiring 3 cages in total.',
    response=3.0
)",True
"Example({'response': 3, 'question': ' A store had 27 coloring books in stock. They ended up putting them on sale and getting rid of 6 of them. The put the ones they still had onto shelves with 7 on each shelf. How many shelves did they use? '}) (input_keys={'question'})","Prediction(
    reasoning='The store started with 27 coloring books. After selling 6, they had 21 left. Dividing these equally into shelves with 7 each: 21 ÷ 7 = 3 shelves.',
    response=3.0
)",True
"Example({'response': 9, 'question': ' Wendy had 82 files on her computer. She deleted 37 of them and put the rest into folders with 5 files in each one. How many folders did Wendy end up with? '}) (input_keys={'question'})","Prediction(
    reasoning='Wendy had a total of 82 files and deleted 37 of them. To find the number of remaining files, we subtract: \n\n\\[ 82 - 37 = 45 \\]\n\nThese 45 files are placed into folders with 5 files each. To determine the number of folders:\n\n\\[ \\frac{45}{5} = 9 \\]',
    response=9.0
)",True
"Example({'response': 2, 'question': ' Kaleb had 12 dollars. If he spent 8 bucks on a new game, how many 2 dollar toys could he buy with the money he had left? '}) (input_keys={'question'})","Prediction(
    reasoning='Kaleb starts with $12 and spends $8 on a game, leaving him with $4. Each toy costs $2, so he can buy 4 / 2 = 2 toys.',
    response=2.0
)",True
"Example({'response': 3, 'question': ' Sarah was planting vegetables in her garden. She started with 21 seeds and planted 12 of them in the big garden and in each of her small gardens put 3 seeds each. How many small gardens did Sarah have? '}) (input_keys={'question'})","Prediction(
    reasoning='Sarah started with 21 seeds and used 12 of them in the big garden. This leaves 9 seeds for her small gardens. Since each small garden has 3 seeds, dividing the remaining seeds (9) by the number per garden (3) gives 3 small gardens.',
    response=3.0
)",True
"Example({'response': 5, 'question': ' Nancy uploaded 51 pictures to Facebook. She put 11 pics into one album and put the rest into 8 different albums. How many pictures were in each album? '}) (input_keys={'question'})","Prediction(
    reasoning='The total number of pictures is 51. After allocating 11 pictures to the first album, there are 40 pictures left for 8 albums. Dividing 40 by 8 gives 5 pictures per album.',
    response=5.0
)",True
"Example({'response': 2, 'question': "" A company invited 24 people to a luncheon, but 10 of them didn't show up. If the tables they had held 7 people each, how many tables do they need? ""}) (input_keys={'question'})","Prediction(
    reasoning='The number of attendees is calculated as 24 (total invited) minus 10 (did not show up), resulting in 14 attendees. Each table can hold 7 people, so dividing the number of attendees by the table capacity gives 14 ÷ 7 = 2 tables needed.',
    response=2.0
)",True
"Example({'response': 5, 'question': "" Bianca's team won their dodgeball game and scored 75 points total. If Bianca scored 45 of the points and everyone else scored 6 points each, how many players were on her team? ""}) (input_keys={'question'})","Prediction(
    reasoning='The total points scored by the team are 75. Bianca scored 45 points, leaving 30 points for the other players. Since each of these players scored 6 points, dividing 30 by 6 gives 5 players.',
    response=5.0
)",True
"Example({'response': 3, 'question': ' For Halloween Emily received 54 pieces of candy. She ate 33 pieces then placed the rest into piles with 7 in each pile. How many piles could she make? '}) (input_keys={'question'})","Prediction(
    reasoning='To determine how many piles Emily could make, we first calculate the number of candies remaining after she ate some. She started with 54 pieces and ate 33, leaving her with 21 pieces. Dividing these by the number of candies per pile (7) gives us 3 piles.',
    response=3.0
)",True
"Example({'response': 7, 'question': ' Haley was planting vegetables in her garden. She started with 56 seeds and planted 35 of them in the big garden and in each of her small gardens put 3 seeds each. How many small gardens did Haley have? '}) (input_keys={'question'})","Prediction(
    reasoning='Haley started with 56 seeds and used 35 of them in the big garden, leaving her with 21 seeds for small gardens. Each small garden uses 3 seeds, so dividing the remaining seeds by the number per garden (21 / 3) gives 7 small gardens.',
    response=7.0
)",True
"Example({'response': 2, 'question': ' A store had 48 coloring books in stock. They ended up putting them on sale and getting rid of 38 of them. The put the ones they still had onto shelves with 5 on each shelf. How many shelves did they use? '}) (input_keys={'question'})","Prediction(
    reasoning='The store started with 48 coloring books and sold 38, leaving them with 10 books. Dividing these 10 books by the capacity of each shelf (5 books per shelf) gives 2 shelves needed to hold all the remaining books.',
    response=2.0
)",True
"Example({'response': 4, 'question': ' Roger is at the library helping put away books. There are 14 book to put away total but a librarian takes 2 of them and leaves Roger with the rest. If he can fit 3 books on a shelf, how many shelves will he need? '}) (input_keys={'question'})","Prediction(
    reasoning='Roger has 14 books initially, but the librarian takes 2, leaving him with 12 books. Since each shelf can hold 3 books, dividing 12 by 3 gives exactly 4 shelves.',
    response=4.0
)",True
"Example({'response': 8, 'question': ' A pet store had 56 puppies. In one day they sold 24 of them and put the rest into cages with 4 in each cage. How many cages did they use? '}) (input_keys={'question'})","Prediction(
    reasoning='The pet store had 56 puppies initially. After selling 24, they were left with 32 puppies (56 - 24 = 32). These 32 puppies were placed into cages with 4 per cage, requiring 8 cages in total (32 ÷ 4 = 8).',
    response=8.0
)",True
"Example({'response': 7, 'question': ' The cafeteria had 86 apples. For lunch they handed out 30 to students and decided to use the rest to make pies. If each pie takes 8 apples, how many pies could they make? '}) (input_keys={'question'})","Prediction(
    reasoning='The cafeteria starts with 86 apples and gives out 30 for lunch, leaving 56 apples. Each pie requires 8 apples, so dividing 56 by 8 gives 7 pies.',
    response=7.0
)",True
"Example({'response': 4, 'question': ' Jerry had 60 pieces of clothing to wash. He put 40 of them in one load, but decided to split the rest into 5 equal loads. How many pieces of clothing could go in each of the small loads? '}) (input_keys={'question'})","Prediction(
    reasoning='Jerry has 60 pieces of clothing. He uses 40 for the first load, leaving 20 pieces. Dividing these equally into 5 loads gives 20 ÷ 5 = 4 pieces per small load.',
    response=4.0
)",True
"Example({'response': 9, 'question': ' Mike made 69 dollars mowing lawns over the summer. If he spent 24 dollars buying new mower blades, how many 5 dollar games could he buy with the money he had left? '}) (input_keys={'question'})","Prediction(
    reasoning='Mike made $69 mowing lawns and spent $24 on mower blades, leaving him with $45. Dividing this amount by the cost per game ($5) gives 9 games.',
    response=9.0
)",True
"Example({'response': 7, 'question': ' Will made 104 dollars mowing lawns over the summer. If he spent 41 dollars buying new mower blades, how many 9 dollar games could he buy with the money he had left? '}) (input_keys={'question'})","Prediction(
    reasoning='Will made a total of \\$104 over the summer and spent \\$41 on mower blades. Subtracting the cost of the mower from his earnings: \n\\$104 - \\$41 = \\$63.\n\nWith the remaining \\$63, Will can buy games that cost \\$9 each:\n\\$63 ÷ \\$9 = 7.',
    response=7.0
)",True
"Example({'response': 4, 'question': ' For Halloween Bianca received 32 pieces of candy. She ate 12 pieces then placed the rest into piles with 5 in each pile. How many piles could she make? '}) (input_keys={'question'})","Prediction(
    reasoning='Bianca received a total of 32 pieces of candy. After eating 12, she had 20 pieces left. Dividing these equally into piles with 5 candies each gives her 4 piles.',
    response=4.0
)",True
"Example({'response': 9, 'question': ' Luke was selling his old games. He started out with 57 but sold 39 of them. He packed the rest up putting 2 games into each box. How many boxes did he have to use? '}) (input_keys={'question'})","Prediction(
    reasoning='Luke started with 57 games and sold 39, leaving him with 18 games. Dividing the remaining 18 games by 2 per box gives 9 boxes.',
    response=9.0
)",True
"Example({'response': 9, 'question': ' A pet store had 88 puppies. In one day they sold 34 of them and put the rest into cages with 6 in each cage. How many cages did they use? '}) (input_keys={'question'})","Prediction(
    reasoning='The pet store had 88 puppies initially. After selling 34, the remaining number of puppies is calculated as:  \n\\[ 88 - 34 = 54 \\]  \n\nThese 54 puppies are placed into cages with 6 per cage. The number of cages required is:  \n\\[ \\frac{54}{6} = 9 \\]',
    response=9.0
)",True
"Example({'response': 9, 'question': ' Katie had 85 files on her computer. She deleted 40 of them and put the rest into folders with 5 files in each one. How many folders did Katie end up with? '}) (input_keys={'question'})","Prediction(
    reasoning='Katie started with 85 files and deleted 40, leaving her with 45 files. She organized these into folders containing 5 files each. Dividing 45 by 5 gives 9 folders.',
    response=9.0
)",True
"Example({'response': 3, 'question': ' Roger had 68 dollars. If he spent 47 bucks on a new game, how many 7 dollar toys could he buy with the money he had left? '}) (input_keys={'question'})","Prediction(
    reasoning='Roger starts with 68 dollars and spends 47 on a game. The remaining amount is calculated as follows:\n\n68 - 47 = 21 dollars left.\n\nEach toy costs 7 dollars, so the number of toys Roger can buy is:\n\n21 / 7 = 3 toys.',
    response=3.0
)",True
"Example({'response': 3, 'question': "" Tom bought 40 tickets at the state fair. He spent 28 tickets at the 'dunk a clown' booth and decided to use the rest on rides. If each ride cost 4 tickets, how many rides could he go on? ""}) (input_keys={'question'})","Prediction(
    reasoning=""Tom bought a total of 40 tickets. He spent 28 tickets at the 'dunk a clown' booth, leaving him with 12 tickets for rides. Each ride costs 4 tickets, so he can go on 3 rides."",
    response=3.0
)",True
"Example({'response': 7, 'question': ' The cafeteria had 75 apples. For lunch they handed out 19 to students and decided to use the rest to make pies. If each pie takes 8 apples, how many pies could they make? '}) (input_keys={'question'})","Prediction(
    reasoning='The cafeteria started with 75 apples. After handing out 19 apples for lunch, the remaining apples are calculated as follows:\n\\[ \\text{Remaining apples} = 75 - 19 = 56 \\]\nThese 56 apples were then used to make pies, each requiring 8 apples. The number of pies made is:\n\\[ \\text{Number of pies} = \\frac{56}{8} = 7 \\]',
    response=7.0
)",True
"Example({'response': 3, 'question': "" Sarah baked 38 cupcakes for her school's bake sale. If her brother, Todd, ate 14 of them how many packages could she make if she put 8 cupcake in each package? ""}) (input_keys={'question'})","Prediction(
    reasoning='Sarah baked 38 cupcakes and her brother Todd ate 14 of them. To find out how many cupcakes are left, we subtract:  \n\n38 - 14 = 24  \n\nNow, with 24 cupcakes, each package holds 8 cupcakes. We divide the remaining cupcakes by the number per package to find the number of packages:  \n\n24 ÷ 8 = 3',
    response=3.0
)",True
"Example({'response': 2, 'question': ' Nancy uploaded 41 pictures to Facebook. She put 37 pics into one album and put the rest into 2 different albums. How many pictures were in each album? '}) (input_keys={'question'})","Prediction(
    reasoning='Nancy uploaded a total of 41 pictures. She placed 37 pictures into one album and the remaining 4 pictures into two different albums. To find out how many pictures are in each album, we divide the remaining 4 pictures by 2, resulting in 2 pictures per album.',
    response=2.0
)",True
