0,1,2
"Example({'response': 39, 'question': ' For Halloween Debby and her sister combined the candy they received. Debby had 32 pieces of candy while her sister had 42. If they ate 35 pieces the first night, how many pieces do they have left? '}) (input_keys={'question'})","Prediction(
    reasoning='The total number of pieces of candy they received was 32 + 42 = 74. If they ate 35 pieces the first night, they would have 74 - 35 = 39 pieces left.',
    response=39.0
)",True
"Example({'response': 8, 'question': ' A pet store had 13 siamese cats and 5 house cats. During a sale they sold 10 cats. How many cats do they have left? '}) (input_keys={'question'})","Prediction(
    reasoning='The pet store had 13 siamese cats and 5 house cats. During a sale they sold 10 cats. So, they have 13 - 5 = 8 cats left.',
    response=8.0
)",True
"Example({'response': 2, 'question': "" Luke was trying to expand his game collection. He bought 2 games from a friend and bought 2 more at a garage sale. If 2 of the games didn't work, how many good games did he end up with? ""}) (input_keys={'question'})","Prediction(
    reasoning=""The user bought 2 games from a friend and 2 more at a garage sale, for a total of 4 games. If 2 of the games didn't work, Luke ended up with 2 good games."",
    response=0.5
)",False
"Example({'response': 40, 'question': ' The school cafeteria ordered 42 red apples and 7 green apples for students lunches. But, if only 9 students wanted fruit, how many extra did the cafeteria end up with? '}) (input_keys={'question'})","Prediction(
    reasoning='The cafeteria ordered 42 red apples and 7 green apples for students lunches. But, if only 9 students wanted fruit, then 35 apples were left over.',
    response=0.35
)",False
"Example({'response': 3, 'question': ' Lana picked 36 tulips and 37 roses to make flower bouquets. If she only used 70 of the flowers though, how many extra flowers did Lana pick? '}) (input_keys={'question'})","Prediction(
    reasoning='Lana picked 36 tulips and 37 roses to make flower bouquets. If she only used 70 of the flowers though, Lana picked 36 + 37 = 73 extra flowers.',
    response=73.0
)",False
"Example({'response': 7, 'question': ' Carol and her mom were picking carrots from their garden. Carol picked 29 and her mother picked 16. If only 38 of the carrots were good, how many bad carrots did they have? '}) (input_keys={'question'})","Prediction(
    reasoning='The total number of carrots picked was 29 + 16 = 45. If 38 of the carrots were good, then 45 - 38 = 7 were bad.',
    response=0.7
)",False
"Example({'response': 19, 'question': ' Roger had 16 dollars. For his birthday he got 28 more dollars but spent 25 on a new game. How much money does he have now? '}) (input_keys={'question'})","Prediction(
    reasoning='Roger had 16 dollars. For his birthday he got 28 more dollars but spent 25 on a new game. So he got 28 + 25 = 53 dollars.',
    response=53.0
)",False
"Example({'response': 2, 'question': ' While on vacation, Megan took 15 pictures at the zoo and 18 at the museum. If she later deleted 31 of the pictures, how many pictures from her vacation did she still have? '}) (input_keys={'question'})","Prediction(
    reasoning='Megan took 15 pictures at the zoo and 18 at the museum. If she later deleted 31 of the pictures, she still had 15 + 18 - 31 = 13 pictures from her vacation.',
    response=13.0
)",False
"Example({'response': 11, 'question': ' Rachel bought two coloring books. One had 23 pictures and the other had 32. After one week she had already colored 44 of the pictures. How many pictures does she still have to color? '}) (input_keys={'question'})","Prediction(
    reasoning='Rachel bought two coloring books. One had 23 pictures and the other had 32. After one week she had already colored 44 of the pictures. How many pictures does she still have to color?',
    response=0.5
)",False
"Example({'response': 1, 'question': ' Ned had to wash 9 short sleeve shirts and 21 long sleeve shirts before school. If he had only washed 29 of them by the time school started, how many did he not wash? '}) (input_keys={'question'})","Prediction(
    reasoning='The number of shirts Ned washed was 9 + 21 = 29.',
    response=0.29
)",False
"Example({'response': 66, 'question': ' Oliver had to wash 39 short sleeve shirts and 47 long sleeve shirts before school. If he had only washed 20 of them by the time school started, how many did he not wash? '}) (input_keys={'question'})","Prediction(
    reasoning='The number of shirts Oliver had to wash that he did not wash was 39 - 20 = 19.',
    response=19.0
)",False
"Example({'response': 9, 'question': ' For the school bake sale Wendy made pastries. She baked 4 cupcakes and 29 cookies. After the sale she had 24 to take back home. How many pastries did she sell? '}) (input_keys={'question'})","Prediction(
    reasoning='The school baked 4 cupcakes and 29 cookies. Wendy had 24 to take back home, so she sold 4 cupcakes and 29 cookies.',
    response=24.0
)",False
"Example({'response': 22, 'question': ' While on vacation, Debby took 24 pictures at the zoo and 12 at the museum. If she later deleted 14 of the pictures, how many pictures from her vacation did she still have? '}) (input_keys={'question'})","Prediction(
    reasoning='The number of pictures Debby still had from her vacation is 24 - 14 = 10.',
    response=10.0
)",False
"Example({'response': 2, 'question': ' Katie picked 3 tulips and 9 roses to make flower bouquets. If she only used 10 of the flowers though, how many extra flowers did Katie pick? '}) (input_keys={'question'})","Prediction(
    reasoning='Katie picked 3 tulips and 9 roses to make flower bouquets. If she only used 10 of the flowers though, how many extra flowers did Katie pick?',
    response=0.5
)",False
"Example({'response': 15, 'question': ' Faye had 46 math problems and 9 science problems for homework. If she finished 40 of the problems at school, how many problems did she have to do for homework? '}) (input_keys={'question'})","Prediction(
    reasoning='The number of math problems Faye had for homework was 46, and the number of science problems was 9. Therefore, she had 46 + 9 = 55 problems to do for homework.',
    response=0.55
)",False
"Example({'response': 2, 'question': ' Amy had 4 music files and 21 video files on her flash drive. If she deleted 23 of the files, how many files were still on her flash drive? '}) (input_keys={'question'})","Prediction(
    reasoning='Amy had 4 music files and 21 video files on her flash drive. If she deleted 23 of the files, she deleted 23 music files and 21 video files, resulting in 4 - 23 = 17 files still on her flash drive.',
    response=17.0
)",False
"Example({'response': 14, 'question': "" Ned was trying to expand his game collection. He bought 11 games from a friend and bought 22 more at a garage sale. If 19 of the games didn't work, how many good games did he end up with? ""}) (input_keys={'question'})","Prediction(
    reasoning=""The user bought 11 games from a friend and 22 more at a garage sale, for a total of 11 + 22 = 33 games. If 19 of the games didn't work, Ned ended up with 33 - 19 = 14 good games."",
    response=14.0
)",True
"Example({'response': 86, 'question': ' Chloe was playing a trivia game. In the first round she scored 40 points and in the second round she scored 50 points. In the last round she lost 4 points. How many points did she have at the end of the game? '}) (input_keys={'question'})","Prediction(
    reasoning=""Chloe's points changed throughout the game. In the first round, she scored 40 points. In the second round, she scored 50 points. In the last round, she lost 4 points, resulting in a final score of 40 points."",
    response=40.0
)",False
"Example({'response': 50, 'question': "" At the arcade, Tom won 32 tickets playing 'whack a mole' and 25 tickets playing 'skee ball'. If he spent 7 of his tickets on a hat, how many tickets does Tom have left? ""}) (input_keys={'question'})","Prediction(
    reasoning=""He won 32 tickets playing 'whack a mole' and 25 tickets playing 'skee ball'. If he spent 7 of his tickets on a hat, he won 32 + 25 - 7 = 45 tickets."",
    response=45.0
)",False
"Example({'response': 25, 'question': ' Bianca and her mom were picking carrots from their garden. Bianca picked 26 and her mother picked 15. If only 16 of the carrots were good, how many bad carrots did they have? '}) (input_keys={'question'})","Prediction(
    reasoning='The total number of carrots picked was 26 + 15 = 41. If only 16 of the carrots were good, then 41 - 16 = 25 bad carrots were picked.',
    response=0.25
)",False
"Example({'response': 4, 'question': ' For the school bake sale Katie made pastries. She baked 7 cupcakes and 5 cookies. After the sale she had 8 to take back home. How many pastries did she sell? '}) (input_keys={'question'})","Prediction(
    reasoning='The school bake sale Katie made pastries. She baked 7 cupcakes and 5 cookies. After the sale she had 8 to take back home, so she sold 7 pastries.',
    response=7.0
)",False
"Example({'response': 68, 'question': ' Zoe bought two coloring books. One had 44 pictures and the other had 44. After one week she had already colored 20 of the pictures. How many pictures does she still have to color? '}) (input_keys={'question'})","Prediction(
    reasoning='The number of pictures Zoe has left to color is 44 - 20 = 24.',
    response=0.24
)",False
"Example({'response': 6, 'question': "" John was trying to expand his game collection. He bought 21 games from a friend and bought 8 more at a garage sale. If 23 of the games didn't work, how many good games did he end up with? ""}) (input_keys={'question'})","Prediction(
    reasoning=""John bought 21 games from a friend and 8 more at a garage sale, so he bought 29 games in total. If 23 of the games didn't work, he ended up with 29 - 23 = 6 good games."",
    response=6.0
)",True
"Example({'response': 19, 'question': ' Henry had 11 dollars. For his birthday he got 18 more dollars but spent 10 on a new game. How much money does he have now? '}) (input_keys={'question'})","Prediction(
    reasoning='Henry had 11 dollars. For his birthday he got 18 more dollars but spent 10 on a new game. So, he got 18 + 10 = 28 dollars.',
    response=28.0
)",False
"Example({'response': 55, 'question': ' While on vacation, Gwen took 41 pictures at the zoo and 29 at the museum. If she later deleted 15 of the pictures, how many pictures from her vacation did she still have? '}) (input_keys={'question'})","Prediction(
    reasoning='Gwen took 41 pictures at the zoo and 29 at the museum. If she later deleted 15 of the pictures, she still had 41 - 15 = 26 pictures from her vacation.',
    response=0.26
)",False
"Example({'response': 34, 'question': ' Sam had to wash 40 short sleeve shirts and 23 long sleeve shirts before school. If he had only washed 29 of them by the time school started, how many did he not wash? '}) (input_keys={'question'})","Prediction(
    reasoning='The number of shirts Sam had to wash that he did not wash was 11.',
    response=0.5
)",False
"Example({'response': 12, 'question': ' A pet store had 12 siamese cats and 20 house cats. During a sale they sold 20 cats. How many cats do they have left? '}) (input_keys={'question'})","Prediction(
    reasoning='The number of cats sold was 20, which is less than the total number of cats (12 + 20 = 32).',
    response=0.5
)",False
"Example({'response': 16, 'question': ' Faye and her mom were picking carrots from their garden. Faye picked 23 and her mother picked 5. If only 12 of the carrots were good, how many bad carrots did they have? '}) (input_keys={'question'})","Prediction(
    reasoning='The number of bad carrots is 12.',
    response=0.12
)",False
"Example({'response': 73, 'question': ' The school cafeteria ordered 43 red apples and 32 green apples for students lunches. But, if only 2 students wanted fruit, how many extra did the cafeteria end up with? '}) (input_keys={'question'})","Prediction(
    reasoning='The cafeteria ordered 43 red apples and 32 green apples for students lunches. But, if only 2 students wanted fruit, how many extra did the cafeteria end up with?',
    response=0.5
)",False
"Example({'response': 17, 'question': "" There were 39 girls and 4 boys trying out for the schools basketball team. If only 26 of them got called back, how many students didn't make the cut? ""}) (input_keys={'question'})","Prediction(
    reasoning=""The number of students who didn't make the cut was 39 - 26 = 13."",
    response=13.0
)",False
"Example({'response': 18, 'question': ' A pet store had 38 siamese cats and 25 house cats. During a sale they sold 45 cats. How many cats do they have left? '}) (input_keys={'question'})","Prediction(
    reasoning='The total number of cats in the store was 38 + 25 = 63.',
    response=45.0
)",False
"Example({'response': 41, 'question': ' For the school bake sale Paige made pastries. She baked 36 cupcakes and 9 cookies. After the sale she had 4 to take back home. How many pastries did she sell? '}) (input_keys={'question'})","Prediction(
    reasoning='The school bake sale Paige made 36 cupcakes and 9 cookies. After the sale she had 4 to take back home, so she sold 36 + 9 = 45 pastries.',
    response=45.0
)",False
"Example({'response': 7, 'question': ' Carol was playing a trivia game. In the first round she scored 17 points and in the second round she scored 6 points. In the last round she lost 16 points. How many points did she have at the end of the game? '}) (input_keys={'question'})","Prediction(
    reasoning='She had scored 17 points in the first round, 6 points in the second round, and lost 16 points in the last round, resulting in a total of 17 + 6 - 16 = 17 points at the end of the game.',
    response=17.0
)",False
"Example({'response': 36, 'question': ' Gwen bought two coloring books. One had 10 pictures and the other had 39. After one week she had already colored 13 of the pictures. How many pictures does she still have to color? '}) (input_keys={'question'})","Prediction(
    reasoning='Gwen bought two coloring books. One had 10 pictures and the other had 39. After one week she had already colored 13 of the pictures. How many pictures does she still have to color?',
    response=0.5
)",False
"Example({'response': 63, 'question': ' For Halloween Janet and her sister combined the candy they received. Janet had 34 pieces of candy while her sister had 33. If they ate 4 pieces the first night, how many pieces do they have left? '}) (input_keys={'question'})","Prediction(
    reasoning='Janet and her sister combined the 34 pieces of candy they received. If they ate 4 pieces the first night, they would have 34 - 4 = 30 pieces of candy left.',
    response=0.3333333333333333
)",False
"Example({'response': 13, 'question': ' Haley and her mom were picking carrots from their garden. Haley picked 39 and her mother picked 38. If only 64 of the carrots were good, how many bad carrots did they have? '}) (input_keys={'question'})","Prediction(
    reasoning='The total number of carrots picked was 39 + 38 = 77. If 64 of the carrots were good, then 77 - 64 = 13 were bad.',
    response=0.13
)",False
"Example({'response': 56, 'question': "" There were 30 girls and 36 boys trying out for the schools basketball team. If only 10 of them got called back, how many students didn't make the cut? ""}) (input_keys={'question'})","Prediction(
    reasoning=""There were 30 girls and 36 boys trying out for the schools basketball team. If only 10 of them got called back, then 20 students didn't make the cut."",
    response=0.2
)",False
"Example({'response': 15, 'question': ' Roger had 29 dollars. For his birthday he got 20 more dollars but spent 34 on a new game. How much money does he have now? '}) (input_keys={'question'})","Prediction(
    reasoning='Roger had 29 dollars. For his birthday he got 20 more dollars but spent 34 on a new game. So, he has 29 + 20 - 34 = 15 dollars now.',
    response=15.0
)",True
"Example({'response': 5, 'question': ' Dave had to wash 29 short sleeve shirts and 11 long sleeve shirts before school. If he had only washed 35 of them by the time school started, how many did he not wash? '}) (input_keys={'question'})","Prediction(
    reasoning='The number of shirts washed was 29 + 11 = 30. If he washed 35 shirts, 35 - 30 = 5 shirts were not washed.',
    response=0.5
)",False
"Example({'response': 24, 'question': "" Edward was trying to expand his game collection. He bought 41 games from a friend and bought 14 more at a garage sale. If 31 of the games didn't work, how many good games did he end up with? ""}) (input_keys={'question'})","Prediction(
    reasoning=""Edward bought 41 games from a friend and 14 more at a garage sale, so he bought 41 + 14 = 55 games. If 31 of the games didn't work, Edward ended up with 41 - 31 = 10 good games."",
    response=0.5
)",False
"Example({'response': 15, 'question': ' At the schools book fair Sam bought 13 adventure books and 17 mystery books. If 15 of the books were used, how many new books did he buy? '}) (input_keys={'question'})","Prediction(
    reasoning='The number of new books bought can be calculated by subtracting the number of books used from the total number of books bought.\n\nTherefore, the number of new books bought is 13 + 17 - 15 = 14.',
    response=14.0
)",False
"Example({'response': 14, 'question': ' Amy had 26 music files and 36 video files on her flash drive. If she deleted 48 of the files, how many files were still on her flash drive? '}) (input_keys={'question'})","Prediction(
    reasoning='Amy had 26 music files and 36 video files on her flash drive. If she deleted 48 of the files, she deleted 26 music files and 36 video files, resulting in 26 + 36 = 62 files still on her flash drive.',
    response=62.0
)",False
"Example({'response': 1, 'question': ' Oliver had 35 dollars. For his birthday he got 50 more dollars but spent 84 on a new game. How much money does he have now? '}) (input_keys={'question'})","Prediction(
    reasoning='Oliver had 35 dollars. For his birthday he got 50 more dollars but spent 84 on a new game. So, he has 35 + 50 - 84 = 11 dollars now.',
    response=11.0
)",False
"Example({'response': 1, 'question': ' Emily was playing a trivia game. In the first round she scored 16 points and in the second round she scored 33 points. In the last round she lost 48 points. How many points did she have at the end of the game? '}) (input_keys={'question'})","Prediction(
    reasoning=""Emily's points in the game were 16, 33, and -48. Therefore, she had 16 points at the end of the game."",
    response=16.0
)",False
"Example({'response': 11, 'question': ' Paige had 43 math problems and 12 science problems for homework. If she finished 44 of the problems at school, how many problems did she have to do for homework? '}) (input_keys={'question'})","Prediction(
    reasoning='The number of math problems Paige finished at school is 43, and the number of science problems is 12. Therefore, Paige had 43 + 12 = 55 problems to do for homework.',
    response=55.0
)",False
"Example({'response': 35, 'question': ' The school cafeteria ordered 33 red apples and 23 green apples for students lunches. But, if only 21 students wanted fruit, how many extra did the cafeteria end up with? '}) (input_keys={'question'})","Prediction(
    reasoning='The cafeteria ordered 33 red apples and 23 green apples for students lunches. So, if only 21 students wanted fruit, the cafeteria ended up with 10 extra apples.',
    response=2.0
)",False
"Example({'response': 16, 'question': ' Dave had to wash 9 short sleeve shirts and 27 long sleeve shirts before school. If he had only washed 20 of them by the time school started, how many did he not wash? '}) (input_keys={'question'})","Prediction(
    reasoning='The number of shirts washed but not finished was 27.',
    response=0.27
)",False
"Example({'response': 4, 'question': ' While on vacation, Rachel took 6 pictures at the zoo and 9 at the museum. If she later deleted 11 of the pictures, how many pictures from her vacation did she still have? '}) (input_keys={'question'})","Prediction(
    reasoning='Rachel took 6 pictures at the zoo and 9 at the museum. If she later deleted 11 of the pictures, she still had 6 pictures from her vacation.',
    response=0.6
)",False
"Example({'response': 7, 'question': ' Vanessa and her mom were picking carrots from their garden. Vanessa picked 17 and her mother picked 14. If only 24 of the carrots were good, how many bad carrots did they have? '}) (input_keys={'question'})","Prediction(
    reasoning='The total number of carrots picked was 17 + 14 = 31. If only 24 of the carrots were good, then 31 - 24 = 7 bad carrots were picked.',
    response=0.7
)",False
"Example({'response': 54, 'question': ' A pet store had 41 siamese cats and 28 house cats. During a sale they sold 15 cats. How many cats do they have left? '}) (input_keys={'question'})","Prediction(
    reasoning='The pet store had 41 siamese cats and 28 house cats. During a sale they sold 15 cats. So, they have 41 - 28 = 13 cats left.',
    response=13.0
)",False
"Example({'response': 15, 'question': ' At the schools book fair Sam bought 13 adventure books and 17 mystery books. If 15 of the books were used, how many new books did he buy? '}) (input_keys={'question'})","Prediction(
    reasoning='The number of new books bought can be calculated by subtracting the number of books used from the total number of books bought.\n\nIn this case, the number of books used is 15, and the total number of books bought is 13 + 17 = 30.\n\nTherefore, the number of new books bought is 30 - 15 = 15.',
    response=15.0
)",True
"Example({'response': 14, 'question': ' Amy had 26 music files and 36 video files on her flash drive. If she deleted 48 of the files, how many files were still on her flash drive? '}) (input_keys={'question'})","Prediction(
    reasoning='Amy had 26 music files and 36 video files on her flash drive. If she deleted 48 of the files, she deleted 26 music files and 36 video files, resulting in 26 + 36 = 62 files still on her flash drive.',
    response=62.0
)",False
"Example({'response': 1, 'question': ' Oliver had 35 dollars. For his birthday he got 50 more dollars but spent 84 on a new game. How much money does he have now? '}) (input_keys={'question'})","Prediction(
    reasoning='Oliver had 35 dollars. For his birthday he got 50 more dollars but spent 84 on a new game. So, he has 35 + 50 - 84 = 11 dollars now.',
    response=11.0
)",False
"Example({'response': 1, 'question': ' Emily was playing a trivia game. In the first round she scored 16 points and in the second round she scored 33 points. In the last round she lost 48 points. How many points did she have at the end of the game? '}) (input_keys={'question'})","Prediction(
    reasoning='Emily scored 16 points in the first round, 33 points in the second round, and lost 48 points in the last round, resulting in a total of 69 points at the end of the game.',
    response=69.0
)",False
"Example({'response': 11, 'question': ' Paige had 43 math problems and 12 science problems for homework. If she finished 44 of the problems at school, how many problems did she have to do for homework? '}) (input_keys={'question'})","Prediction(
    reasoning='The number of math problems Paige finished at school is 43, and the number of science problems is 12. Therefore, Paige had 43 + 12 = 55 problems to do for homework.',
    response=55.0
)",False
"Example({'response': 35, 'question': ' The school cafeteria ordered 33 red apples and 23 green apples for students lunches. But, if only 21 students wanted fruit, how many extra did the cafeteria end up with? '}) (input_keys={'question'})","Prediction(
    reasoning='The cafeteria ordered 33 red apples and 23 green apples for students lunches. So, if only 21 students wanted fruit, the cafeteria ended up with 10 extra apples.',
    response=2.0
)",False
"Example({'response': 16, 'question': ' Dave had to wash 9 short sleeve shirts and 27 long sleeve shirts before school. If he had only washed 20 of them by the time school started, how many did he not wash? '}) (input_keys={'question'})","Prediction(
    reasoning='The number of shirts washed but not finished was 27.',
    response=0.27
)",False
"Example({'response': 4, 'question': ' While on vacation, Rachel took 6 pictures at the zoo and 9 at the museum. If she later deleted 11 of the pictures, how many pictures from her vacation did she still have? '}) (input_keys={'question'})","Prediction(
    reasoning='Rachel took 6 pictures at the zoo and 9 at the museum. If she later deleted 11 of the pictures, she still had 6 pictures from her vacation.',
    response=0.6
)",False
"Example({'response': 7, 'question': ' Vanessa and her mom were picking carrots from their garden. Vanessa picked 17 and her mother picked 14. If only 24 of the carrots were good, how many bad carrots did they have? '}) (input_keys={'question'})","Prediction(
    reasoning='The total number of carrots picked was 17 + 14 = 31. If only 24 of the carrots were good, then 31 - 24 = 7 bad carrots were picked.',
    response=0.7
)",False
"Example({'response': 54, 'question': ' A pet store had 41 siamese cats and 28 house cats. During a sale they sold 15 cats. How many cats do they have left? '}) (input_keys={'question'})","Prediction(
    reasoning='The pet store had 41 siamese cats and 28 house cats. During a sale they sold 15 cats. So, they have 41 - 28 = 13 cats left.',
    response=13.0
)",False
"Example({'response': 4, 'question': ' Janet picked 4 tulips and 11 roses to make flower bouquets. If she only used 11 of the flowers though, how many extra flowers did Janet pick? '}) (input_keys={'question'})","Prediction(
    reasoning='Janet picked 4 tulips and 11 roses to make flower bouquets. If she only used 11 of the flowers though, how many extra flowers did Janet pick?',
    response=0.0
)",False
"Example({'response': 33, 'question': ' Vanessa had 13 music files and 30 video files on her flash drive. If she deleted 10 of the files, how many files were still on her flash drive? '}) (input_keys={'question'})","Prediction(
    reasoning='Vanessa had 13 music files and 30 video files on her flash drive. If she deleted 10 of the files, she deleted 13 music files and 30 video files, resulting in 13 - 10 = 3 files still on her flash drive.',
    response=0.3
)",False
"Example({'response': 23, 'question': ' Debby bought two coloring books. One had 16 pictures and the other had 40. After one week she had already colored 33 of the pictures. How many pictures does she still have to color? '}) (input_keys={'question'})","Prediction(
    reasoning='The number of pictures that Debbie has already colored is 33, which is less than the total number of pictures in the two books, so she still has 40 pictures to color.',
    response=0.3333333333333333
)",False
"Example({'response': 9, 'question': ' The school cafeteria ordered 8 red apples and 43 green apples for students lunches. But, if only 42 students wanted fruit, how many extra did the cafeteria end up with? '}) (input_keys={'question'})","Prediction(
    reasoning='The cafeteria ordered 8 red apples and 43 green apples for students lunches. But, if only 42 students wanted fruit, then 31 extra apples were left over.',
    response=42.0
)",False
"Example({'response': 24, 'question': ' Edward started his own lawn mowing business. In the spring he made 2 dollars mowing lawns and in the summer he made 27 dollars. If he had to spend 5 dollars buying supplies, how much money did he end up with? '}) (input_keys={'question'})","Prediction(
    reasoning='Edward made 2 dollars in the spring and 27 dollars in the summer, so he made 2 + 27 = 39 dollars in total.',
    response=39.0
)",False
"Example({'response': 28, 'question': ' A pet store had 36 siamese cats and 18 house cats. During a sale they sold 26 cats. How many cats do they have left? '}) (input_keys={'question'})","Prediction(
    reasoning='The number of cats sold was 26, which is less than the total number of cats (36 + 18 = 54).',
    response=0.78
)",False
"Example({'response': 15, 'question': ' Olivia and her mom were picking carrots from their garden. Olivia picked 20 and her mother picked 14. If only 19 of the carrots were good, how many bad carrots did they have? '}) (input_keys={'question'})","Prediction(
    reasoning='The total number of carrots picked was 20 + 14 = 34. If only 19 of the carrots were good, then 34 - 19 = 15 were bad.',
    response=15.0
)",True
"Example({'response': 8, 'question': ' George had 30 dollars. For his birthday he got 16 more dollars but spent 38 on a new game. How much money does he have now? '}) (input_keys={'question'})","Prediction(
    reasoning='George had 30 dollars. For his birthday he got 16 more dollars but spent 38 on a new game. So, he has 30 + 16 - 38 = 12 dollars now.',
    response=12.0
)",False
"Example({'response': 47, 'question': "" There were 6 girls and 48 boys trying out for the schools basketball team. If only 7 of them got called back, how many students didn't make the cut? ""}) (input_keys={'question'})","Prediction(
    reasoning=""The number of students who didn't make the cut was 6 - 7 = 1."",
    response=1.0
)",False
"Example({'response': 51, 'question': ' For the school bake sale Amy made pastries. She baked 15 cupcakes and 48 cookies. After the sale she had 12 to take back home. How many pastries did she sell? '}) (input_keys={'question'})","Prediction(
    reasoning='Amy baked 15 cupcakes and 48 cookies. After the sale she had 12 to take back home, so she sold 15 + 48 = 63 pastries.',
    response=63.0
)",False
"Example({'response': 53, 'question': ' At the schools book fair Victor bought 32 adventure books and 37 mystery books. If 16 of the books were used, how many new books did he buy? '}) (input_keys={'question'})","Prediction(
    reasoning='The number of new books bought can be calculated by subtracting the number of books used from the total number of books bought. \n\nIn this case, the number of books used is 16, and the total number of books bought is 32 + 37 = 69, \n\nTherefore, the number of new books bought is 69 - 16 = 53.',
    response=53.0
)",True
"Example({'response': 20, 'question': ' While on vacation, Haley took 50 pictures at the zoo and 8 at the museum. If she later deleted 38 of the pictures, how many pictures from her vacation did she still have? '}) (input_keys={'question'})","Prediction(
    reasoning='The number of pictures Haley still had from her vacation is 50 - 38 = 12.',
    response=12.0
)",False
"Example({'response': 31, 'question': ' The school cafeteria ordered 37 red apples and 45 green apples for students lunches. But, if only 51 students wanted fruit, how many extra did the cafeteria end up with? '}) (input_keys={'question'})","Prediction(
    reasoning='The cafeteria ordered 37 red apples and 45 green apples for students lunches. But, if only 51 students wanted fruit, then the cafeteria ended up with 37 + 45 = 82 extra apples.',
    response=0.82
)",False
"Example({'response': 22, 'question': ' While shopping, Maria bought 35 green towels and 21 white towels. If she gave her mother 34 of them, how many towels did Maria end up with? '}) (input_keys={'question'})","Prediction(
    reasoning='Maria bought 35 green towels and 21 white towels. If she gave her mother 34 of them, then Maria ended up with 35 - 21 = 14 towels.',
    response=14.0
)",False
"Example({'response': 39, 'question': "" There were 17 girls and 32 boys trying out for the schools basketball team. If only 10 of them got called back, how many students didn't make the cut? ""}) (input_keys={'question'})","Prediction(
    reasoning=""The number of students who didn't make the cut was 17 - 10 = 7."",
    response=7.0
)",False
"Example({'response': 14, 'question': ' Nancy and her mom were picking carrots from their garden. Nancy picked 38 and her mother picked 47. If only 71 of the carrots were good, how many bad carrots did they have? '}) (input_keys={'question'})","Prediction(
    reasoning='The total number of carrots picked was 38 + 47 = 85. If only 71 of the carrots were good, then 85 - 71 = 14 were bad.',
    response=0.14
)",False
"Example({'response': 15, 'question': "" A waiter at 'The Greasy Spoon' restaurant had 29 customers to wait on. During the lunch rush he added another 20 customers. If 34 of the customers didn't leave him a tip, how many customers did leave a tip? ""}) (input_keys={'question'})","Prediction(
    reasoning=""The waiter had 29 customers to wait on, and during the lunch rush he added another 20 customers, making a total of 49 customers waiting. If 34 of the customers didn't leave him a tip, there were 15 customers who left a tip."",
    response=0.25
)",False
"Example({'response': 30, 'question': ' Tom had to wash 10 short sleeve shirts and 25 long sleeve shirts before school. If he had only washed 5 of them by the time school started, how many did he not wash? '}) (input_keys={'question'})","Prediction(
    reasoning='The number of shirts Tom had to wash that he did not wash is 10.',
    response=0.5
)",False
"Example({'response': 34, 'question': ' Vanessa had 16 music files and 48 video files on her flash drive. If she deleted 30 of the files, how many files were still on her flash drive? '}) (input_keys={'question'})","Prediction(
    reasoning='Vanessa had 16 music files and 48 video files on her flash drive. If she deleted 30 of the files, she still had 16 music files and 45 video files on her flash drive.',
    response=0.5
)",False
"Example({'response': 50, 'question': ' Kaleb started his own lawn mowing business. In the spring he made 4 dollars mowing lawns and in the summer he made 50 dollars. If he had to spend 4 dollars buying supplies, how much money did he end up with? '}) (input_keys={'question'})","Prediction(
    reasoning='The total amount spent on supplies was 4 dollars.',
    response=0.0
)",False
"Example({'response': 16, 'question': ' The school cafeteria ordered 6 red apples and 15 green apples for students lunches. But, if only 5 students wanted fruit, how many extra did the cafeteria end up with? '}) (input_keys={'question'})","Prediction(
    reasoning='The cafeteria ordered 6 red apples and 15 green apples for students lunches. But, if only 5 students wanted fruit, then the cafeteria ended up with 10 extra apples.',
    response=0.5
)",False
"Example({'response': 7, 'question': ' Bianca picked 39 tulips and 49 roses to make flower bouquets. If she only used 81 of the flowers though, how many extra flowers did Bianca pick? '}) (input_keys={'question'})","Prediction(
    reasoning='The number of extra flowers picked is 39 - 81 = -42.',
    response=-42.0
)",False
"Example({'response': 19, 'question': ' While on vacation, Nancy took 49 pictures at the zoo and 8 at the museum. If she later deleted 38 of the pictures, how many pictures from her vacation did she still have? '}) (input_keys={'question'})","Prediction(
    reasoning='Nancy took 49 pictures at the zoo and 8 at the museum. If she later deleted 38 of the pictures, she still had 49 - 38 = 11 pictures from her vacation.',
    response=11.0
)",False
"Example({'response': 5, 'question': ' Gwen had 18 math problems and 11 science problems for homework. If she finished 24 of the problems at school, how many problems did she have to do for homework? '}) (input_keys={'question'})","Prediction(
    reasoning='Gwen had 18 math problems and 11 science problems for homework. If she finished 24 of the problems at school, then she had 18 - 11 = 7 problems to do for homework.',
    response=0.7
)",False
"Example({'response': 7, 'question': ' For Halloween Katie and her sister combined the candy they received. Katie had 10 pieces of candy while her sister had 6. If they ate 9 pieces the first night, how many pieces do they have left? '}) (input_keys={'question'})","Prediction(
    reasoning='Katie and her sister combined the candy they received. Katie had 10 pieces of candy while her sister had 6. If they ate 9 pieces the first night, how many pieces do they have left?',
    response=0.5
)",False
"Example({'response': 45, 'question': ' A pet store had 15 siamese cats and 49 house cats. During a sale they sold 19 cats. How many cats do they have left? '}) (input_keys={'question'})","Prediction(
    reasoning='The pet store had 15 siamese cats and 49 house cats. During a sale they sold 19 cats. So, they have 15 + 49 - 19 = 36 cats left.',
    response=0.36
)",False
"Example({'response': 21, 'question': "" There were 9 girls and 14 boys trying out for the schools basketball team. If only 2 of them got called back, how many students didn't make the cut? ""}) (input_keys={'question'})","Prediction(
    reasoning=""There were 9 girls and 14 boys trying out for the schools basketball team. If only 2 of them got called back, then 7 students didn't make the cut."",
    response=0.5
)",False
"Example({'response': 58, 'question': ' Haley had 27 music files and 42 video files on her flash drive. If she deleted 11 of the files, how many files were still on her flash drive? '}) (input_keys={'question'})","Prediction(
    reasoning=""The number of files remaining on Haley's flash drive is 27 - 11 = 16."",
    response=16.0
)",False
"Example({'response': 19, 'question': ' While shopping, Maria bought 40 green towels and 44 white towels. If she gave her mother 65 of them, how many towels did Maria end up with? '}) (input_keys={'question'})","Prediction(
    reasoning='Maria bought 40 green towels and 44 white towels. If she gave her mother 65 of them, then Maria ended up with 40 + 44 = 84 towels.',
    response=0.84
)",False
"Example({'response': 2, 'question': "" A waiter at 'The Greasy Spoon' restaurant had 39 customers to wait on. During the lunch rush he added another 12 customers. If 49 of the customers didn't leave him a tip, how many customers did leave a tip? ""}) (input_keys={'question'})","Prediction(
    reasoning=""The waiter had 39 customers to wait on. During the lunch rush he added another 12 customers, making a total of 51 customers waiting. If 49 of the customers didn't leave him a tip, there were 51 - 49 = 2 customers who left a tip."",
    response=0.5
)",False
"Example({'response': 8, 'question': ' A pet store had 19 siamese cats and 45 house cats. During a sale they sold 56 cats. How many cats do they have left? '}) (input_keys={'question'})","Prediction(
    reasoning='The total number of cats in the store was 19 + 45 = 64. \n\nTherefore, there are 64 cats left in the store.',
    response=0.64
)",False
"Example({'response': 26, 'question': "" A waiter at 'The Greasy Spoon' restaurant had 26 customers to wait on. During the lunch rush he added another 27 customers. If 27 of the customers didn't leave him a tip, how many customers did leave a tip? ""}) (input_keys={'question'})","Prediction(
    reasoning=""The waiter had 26 customers to wait on. During the lunch rush he added another 27 customers. If 27 of the customers didn't leave him a tip, there were 26 customers left who left a tip."",
    response=0.25
)",False
"Example({'response': 59, 'question': ' Rachel bought two coloring books. One had 24 pictures and the other had 39. After one week she had already colored 4 of the pictures. How many pictures does she still have to color? '}) (input_keys={'question'})","Prediction(
    reasoning='Rachel bought two coloring books. One had 24 pictures and the other had 39. After one week she had already colored 4 of the pictures. How many pictures does she still have to color?',
    response=0.5
)",False
"Example({'response': 9, 'question': ' While shopping, Emily bought 5 green towels and 30 white towels. If she gave her mother 26 of them, how many towels did Emily end up with? '}) (input_keys={'question'})","Prediction(
    reasoning='Emily bought 5 green towels and 30 white towels. If she gave her mother 26 of them, then Emily ended up with 5 + 30 = 35 towels.',
    response=0.35
)",False
"Example({'response': 23, 'question': ' For Halloween Katie and her sister combined the candy they received. Katie had 8 pieces of candy while her sister had 23. If they ate 8 pieces the first night, how many pieces do they have left? '}) (input_keys={'question'})","Prediction(
    reasoning='Katie and her sister combined the 8 pieces of candy they received. If they ate 8 pieces the first night, they have 8 - 8 = 0 pieces left.',
    response=0.0
)",False
"Example({'response': 3, 'question': "" Ned was trying to expand his game collection. He bought 50 games from a friend and bought 27 more at a garage sale. If 74 of the games didn't work, how many good games did he end up with? ""}) (input_keys={'question'})","Prediction(
    reasoning='The user bought 50 games from a friend and 27 more at a garage sale, adding 74 to the total. Therefore, Ned ended up with 74 good games.',
    response=0.74
)",False
"Example({'response': 40, 'question': ' For the school bake sale Wendy made pastries. She baked 41 cupcakes and 31 cookies. After the sale she had 32 to take back home. How many pastries did she sell? '}) (input_keys={'question'})","Prediction(
    reasoning='The school baked 41 cupcakes and 31 cookies. Wendy had 32 to take back home, so she sold 41 + 31 = 72 pastries.',
    response=72.0
)",False
"Example({'response': 32, 'question': ' The school cafeteria ordered 25 red apples and 17 green apples for students lunches. But, if only 10 students wanted fruit, how many extra did the cafeteria end up with? '}) (input_keys={'question'})","Prediction(
    reasoning='The cafeteria ordered 25 red apples and 17 green apples for students lunches. But, if only 10 students wanted fruit, then 9 extra apples were left over.',
    response=0.5
)",False
"Example({'response': 34, 'question': "" At the arcade, Jerry won 29 tickets playing 'whack a mole' and 17 tickets playing 'skee ball'. If he spent 12 of his tickets on a hat, how many tickets does Jerry have left? ""}) (input_keys={'question'})","Prediction(
    reasoning=""Jerry won 29 tickets playing 'whack a mole' and 17 tickets playing 'skee ball'. If he spent 12 of his tickets on a hat, he has 29 + 17 - 12 = 24 tickets left."",
    response=24.0
)",False
"Example({'response': 35, 'question': ' Cody had 45 dollars. For his birthday he got 9 more dollars but spent 19 on a new game. How much money does he have now? '}) (input_keys={'question'})","Prediction(
    reasoning='Cody had 45 dollars. For his birthday he got 9 more dollars but spent 19 on a new game. So he has 45 + 9 - 19 = 36 dollars now.',
    response=0.36
)",False
"Example({'response': 49, 'question': ' For the school bake sale Carol made 30 cupcakes. If she sold 9 of them and then made 28 more, how many cupcakes would she have? '}) (input_keys={'question'})","Prediction(
    reasoning='The number of cupcakes Carol sold was 9.',
    response=0.75
)",False
"Example({'response': 62, 'question': ' For Halloween Faye scored 47 pieces of candy. She ate 25 pieces the first night and then her sister gave her 40 more pieces. How many pieces of candy does Faye have now? '}) (input_keys={'question'})","Prediction(
    reasoning='Faye ate 25 pieces the first night and then her sister gave her 40 more pieces, so she ate 25 + 40 = 65 pieces of candy.',
    response=0.65
)",False
"Example({'response': 24, 'question': ' Kaleb had 34 books. If he sold 17 of them and used the money he earned to buy 7 new books, how many books would Kaleb have? '}) (input_keys={'question'})","Prediction(
    reasoning='Kaleb sold 17 books and bought 7 new books, so he bought 17 - 7 = 10 books.',
    response=10.0
)",False
"Example({'response': 48, 'question': ' In fourth grade there were 10 students at the start of the year. During the year 4 students left and 42 new students came to school. How many students were in fourth grade at the end? '}) (input_keys={'question'})","Prediction(
    reasoning='The number of students in fourth grade at the end was 10 - 4 = 6.',
    response=6.0
)",False
"Example({'response': 61, 'question': ' Oliver had 33 dollars in January. By March he had spent 4 dollars. If he got another 32 dollars from his mom, how much money would he have? '}) (input_keys={'question'})","Prediction(
    reasoning='Oliver had spent 33 dollars in January, and he got another 32 dollars from his mom, so he had 33 + 32 = 65 dollars in March.',
    response=65.0
)",False
"Example({'response': 40, 'question': ' A florist had 37 roses. If she sold 16 of them and then later picked 19 more, how many roses would she have? '}) (input_keys={'question'})","Prediction(
    reasoning='The florist had 37 roses. If she sold 16 of them and then later picked 19 more, she would have 37 - 16 + 19 = 32 roses.',
    response=32.0
)",False
"Example({'response': 20, 'question': ' A teacher had 6 worksheets to grade. If she graded 4, but then another 18 were turned in, how many worksheets would she have to grade? '}) (input_keys={'question'})","Prediction(
    reasoning='The teacher graded 4 worksheets and then received 18 more turned in, resulting in a total of 6 + 18 = 22 worksheets to grade.',
    response=22.0
)",False
"Example({'response': 10, 'question': ' A book store had 41 books in the bargin bin. If they sold 33 books, but then put 2 more in the bin, how many books would be in the bin? '}) (input_keys={'question'})","Prediction(
    reasoning='The number of books in the bin decreased by 33, leaving 41 - 33 = 8 books.',
    response=8.0
)",False
"Example({'response': 41, 'question': ' A waiter had 19 customers to wait on. If 14 customers left and he got another 36 customers, how many customers would he have? '}) (input_keys={'question'})","Prediction(
    reasoning='The waiter had 19 customers to wait on. If 14 customers left and he got another 36 customers, he would have 19 + 36 = 55 customers.',
    response=55.0
)",False
"Example({'response': 6, 'question': ' At the fair there were 9 people in line for the bumper cars. If 6 of them got tired of waiting and left and 3 more got in line, how many people would be in line? '}) (input_keys={'question'})","Prediction(
    reasoning='The number of people in line would decrease from 9 to 6.',
    response=6.0
)",True
"Example({'response': 51, 'question': ' A teacher had 7 worksheets to grade. If she graded 2, but then another 46 were turned in, how many worksheets would she have to grade? '}) (input_keys={'question'})","Prediction(
    reasoning='The teacher graded 2 out of 7 worksheets, meaning she graded 2/7 of the total number of worksheets.',
    response=0.28
)",False
"Example({'response': 33, 'question': ' Paige had 8 songs on her mp3 player. If she deleted 5 old songs from it and then added 30 new songs, how many songs does she have on her mp3 player? '}) (input_keys={'question'})","Prediction(
    reasoning='The number of songs Paige deleted from her mp3 player was 5, and the number of songs she added was 30. Therefore, she has 8 - 5 + 30 = 33 songs on her mp3 player.',
    response=33.0
)",True
"Example({'response': 52, 'question': ' Maria picked 48 carrots from her garden. If she threw out 11 of them and then picked 15 more the next day, how many carrots would she have total? '}) (input_keys={'question'})","Prediction(
    reasoning='Maria picked 48 carrots from her garden. If she threw out 11 of them and then picked 15 more the next day, she would have picked 48 - 11 + 15 = 53 carrots.',
    response=53.0
)",False
"Example({'response': 27, 'question': ' A store had 34 oranges in a bin. If they threw away 20 of the old ones and put 13 new ones in the bin how many would be in the bin? '}) (input_keys={'question'})","Prediction(
    reasoning='The store had 34 oranges in a bin. If they threw away 20 of the old ones and put 13 new ones in the bin, they would have 34 - 20 = 14 oranges in the bin.',
    response=14.0
)",False
"Example({'response': 26, 'question': ' A waiter had 47 customers to wait on. If 41 customers left and he got another 20 customers, how many customers would he have? '}) (input_keys={'question'})","Prediction(
    reasoning='The waiter had 47 customers to wait on. If 41 customers left and he got another 20 customers, he would have 67 customers.',
    response=0.67
)",False
"Example({'response': 29, 'question': ' In fourth grade there were 33 students at the start of the year. During the year 18 students left and 14 new students came to school. How many students were in fourth grade at the end? '}) (input_keys={'question'})","Prediction(
    reasoning='The number of students in fourth grade at the end can be calculated by subtracting the number of students who left from the number of students who came to school. \n\nThere were 33 students at the start of the year, and 18 students left, so there were 33 - 18 = 15 students who remained in fourth grade. \n\nTherefore, there were 15 students in fourth grade at the end of the year.',
    response=15.0
)",False
"Example({'response': 26, 'question': ' For the school bake sale Katie made 26 cupcakes. If she sold 20 of them and then made 20 more, how many cupcakes would she have? '}) (input_keys={'question'})","Prediction(
    reasoning='The number of cupcakes Katie sold was 20, and she made 20 more, so she had 20 + 20 = 40 cupcakes left.',
    response=40.0
)",False
"Example({'response': 8, 'question': ' Adam had 5 dollars. At the store he spent $2 on a new game. If he got another 5 dollars for his allowance, how much money does he have now? '}) (input_keys={'question'})","Prediction(
    reasoning='Adam had 5 dollars. At the store he spent $2 on a new game. If he got another 5 dollars for his allowance, he has 5 + 2 = 7 dollars.',
    response=7.0
)",False
"Example({'response': 56, 'question': ' Tiffany was playing a video game and had 43 lives. In a hard part of the game she lost 14 lives. If she got 27 more lives in the next level, how many lives would she have? '}) (input_keys={'question'})","Prediction(
    reasoning='The player lost 14 lives, so she would have 43 - 14 = 29 lives left.',
    response=29.0
)",False
"Example({'response': 17, 'question': ' At the fair there were 12 people in line for the bumper cars. If 10 of them got tired of waiting and left and 15 more got in line, how many people would be in line? '}) (input_keys={'question'})","Prediction(
    reasoning='The number of people who left the line is 10, so there are 10 empty seats. Adding 15 who got in, there are 25 people in line.',
    response=25.0
)",False
"Example({'response': 50, 'question': ' A waiter had 14 customers to wait on. If 3 customers left and he got another 39 customers, how many customers would he have? '}) (input_keys={'question'})","Prediction(
    reasoning='The waiter had 14 customers to wait on. If 3 customers left and he got another 39 customers, he would have 14 - 3 + 39 = 55 customers.',
    response=55.0
)",False
"Example({'response': 25, 'question': ' At the fair there were 30 people in line for the bumper cars. If 10 of them got tired of waiting and left and 5 more got in line, how many people would be in line? '}) (input_keys={'question'})","Prediction(
    reasoning='The number of people in line would decrease from 30 to 20.',
    response=0.2
)",False
"Example({'response': 79, 'question': ' Faye had 34 coloring books. If she gave away 3 of them, but then bought 48 more, how many would she have total? '}) (input_keys={'question'})","Prediction(
    reasoning='The number of coloring books Faye gave away is 3.',
    response=0.5
)",False
"Example({'response': 10, 'question': ' Paige had 11 songs on her mp3 player. If she deleted 9 old songs from it and then added 8 new songs, how many songs does she have on her mp3 player? '}) (input_keys={'question'})","Prediction(
    reasoning='The number of songs deleted is 9, and the number of songs added is 8, so Paige has added 8 songs to her mp3 player.',
    response=11.0
)",False
"Example({'response': 49, 'question': ' A teacher had 38 worksheets to grade. If she graded 4, but then another 15 were turned in, how many worksheets would she have to grade? '}) (input_keys={'question'})","Prediction(
    reasoning='The teacher graded 4 worksheets and then 15 were turned in, resulting in a total of 53 worksheets to grade.',
    response=53.0
)",False
"Example({'response': 52, 'question': ' In fourth grade there were 40 students at the start of the year. During the year 14 students left and 26 new students came to school. How many students were in fourth grade at the end? '}) (input_keys={'question'})","Prediction(
    reasoning='The number of students in fourth grade at the end of the year was 40 - 14 + 26 = 50.',
    response=50.0
)",False
"Example({'response': 74, 'question': ' Wendy was playing a video game and had 43 lives. In a hard part of the game she lost 8 lives. If she got 39 more lives in the next level, how many lives would she have? '}) (input_keys={'question'})","Prediction(
    reasoning='Wendy lost 8 lives, so she would have 43 - 8 = 35 lives left.',
    response=0.35
)",False
"Example({'response': 11, 'question': ' A book store had 4 books in the bargin bin. If they sold 3 books, but then put 10 more in the bin, how many books would be in the bin? '}) (input_keys={'question'})","Prediction(
    reasoning='The book store had 4 books in the bargin bin. If they sold 3 books, but then put 10 more in the bin, they would have 7 books in the bin.',
    response=0.3333333333333333
)",False
"Example({'response': 30, 'question': ' At the arcade Cody won 49 tickets. If he spent 25 tickets on a beanie and later won 6 more tickets, how many would he have? '}) (input_keys={'question'})","Prediction(
    reasoning='Cody won 49 tickets. If he spent 25 tickets on a beanie and later won 6 more tickets, he would have 49 + 25 - 6 = 58 tickets.',
    response=58.0
)",False
"Example({'response': 25, 'question': ' For the school bake sale Bianca made 14 cupcakes. If she sold 6 of them and then made 17 more, how many cupcakes would she have? '}) (input_keys={'question'})","Prediction(
    reasoning='The number of cupcakes Bianca sold was 6, and she made 17 more, so she had 6 + 17 = 23 cupcakes left.',
    response=23.0
)",False
"Example({'response': 59, 'question': ' Bianca had 45 coloring books. If she gave away 6 of them, but then bought 20 more, how many would she have total? '}) (input_keys={'question'})","Prediction(
    reasoning='Bianca had 45 coloring books. If she gave away 6 of them, but then bought 20 more, she would have 45 - 6 + 20 = 65 coloring books total.',
    response=65.0
)",False
"Example({'response': 57, 'question': ' Zoe had 15 songs on her mp3 player. If she deleted 8 old songs from it and then added 50 new songs, how many songs does she have on her mp3 player? '}) (input_keys={'question'})","Prediction(
    reasoning='Zoe had 15 songs on her mp3 player. If she deleted 8 old songs from it and then added 50 new songs, she has 15 - 8 = 7 songs on her mp3 player.',
    response=7.0
)",False
"Example({'response': 49, 'question': ' At the arcade Jerry won 4 tickets. If he spent 2 tickets on a beanie and later won 47 more tickets, how many would he have? '}) (input_keys={'question'})","Prediction(
    reasoning='Jerry won 4 tickets. If he spent 2 tickets on a beanie and later won 47 more tickets, he would have 4 + 47 = 51 tickets.',
    response=51.0
)",False
"Example({'response': 60, 'question': ' A store had 31 oranges in a bin. If they threw away 9 of the old ones and put 38 new ones in the bin how many would be in the bin? '}) (input_keys={'question'})","Prediction(
    reasoning='The store had 31 oranges in a bin. If they threw away 9 of the old ones and put 38 new ones in the bin, they would have 22 oranges in the bin.',
    response=0.22
)",False
"Example({'response': 45, 'question': ' Adam had 33 books. If he sold 11 of them and used the money he earned to buy 23 new books, how many books would Adam have? '}) (input_keys={'question'})","Prediction(
    reasoning='Adam had 33 books. If he sold 11 of them and used the money he earned to buy 23 new books, he would have 45 books.',
    response=45.0
)",True
"Example({'response': 10, 'question': ' At the fair there were 10 people in line for the bumper cars. If 2 of them got tired of waiting and left and 2 more got in line, how many people would be in line? '}) (input_keys={'question'})","Prediction(
    reasoning='The number of people in line would decrease from 10 to 8.',
    response=8.0
)",False
"Example({'response': 46, 'question': ' The school cafeteria had 38 apples. If they used 20 to make lunch for the students and then bought 28 more, how many apples would they have? '}) (input_keys={'question'})","Prediction(
    reasoning='The school cafeteria had 38 apples. If they used 20 to make lunch for the students and then bought 28 more, they would have 38 + 28 = 66 apples.',
    response=66.0
)",False
"Example({'response': 60, 'question': "" George had 28 socks. If he threw away 4 old ones that didn't fit and bought 36 new ones, how many socks would he have? ""}) (input_keys={'question'})","Prediction(
    reasoning=""George had 28 socks. If he threw away 4 old ones that didn't fit and bought 36 new ones, he would have 28 - 4 = 24 socks."",
    response=24.0
)",False
"Example({'response': 37, 'question': ' For Halloween Robin scored 23 pieces of candy. She ate 7 pieces the first night and then her sister gave her 21 more pieces. How many pieces of candy does Robin have now? '}) (input_keys={'question'})","Prediction(
    reasoning='The total number of pieces of candy Robin ate was 7 + 21 = 28.',
    response=28.0
)",False
"Example({'response': 32, 'question': ' Rachel was playing a video game and had 10 lives. In a hard part of the game she lost 4 lives. If she got 26 more lives in the next level, how many lives would she have? '}) (input_keys={'question'})","Prediction(
    reasoning='Rachel lost 4 lives in a hard part of the game. If she gets 26 more lives in the next level, she would have 10 + 26 = 36 lives.',
    response=0.36
)",False
"Example({'response': 13, 'question': ' A florist had 6 roses. If she sold 5 of them and then later picked 12 more, how many roses would she have? '}) (input_keys={'question'})","Prediction(
    reasoning='The florist had 6 roses. If she sold 5 of them and then later picked 12 more, she would have 6 + 5 - 12 = 1 rose.',
    response=1.0
)",False
"Example({'response': 35, 'question': ' For Halloween Haley scored 33 pieces of candy. She ate 17 pieces the first night and then her sister gave her 19 more pieces. How many pieces of candy does Haley have now? '}) (input_keys={'question'})","Prediction(
    reasoning='Haley ate 17 pieces the first night and then her sister gave her 19 more pieces, so she ate 17 + 19 = 36 pieces of candy the first night.',
    response=0.36
)",False
"Example({'response': 50, 'question': ' The school cafeteria had 14 apples. If they used 13 to make lunch for the students and then bought 49 more, how many apples would they have? '}) (input_keys={'question'})","Prediction(
    reasoning='The school cafeteria had 14 apples. If they used 13 to make lunch for the students and then bought 49 more, they would have 14 + 49 = 63 apples.',
    response=63.0
)",False
"Example({'response': 38, 'question': ' Edward had 43 books. If he sold 19 of them and used the money he earned to buy 14 new books, how many books would Edward have? '}) (input_keys={'question'})","Prediction(
    reasoning='Edward had 43 books. If he sold 19 of them and used the money he earned to buy 14 new books, he would have 64 books.',
    response=0.64
)",False
"Example({'response': 33, 'question': ' A teacher had 29 worksheets to grade. If she graded 25, but then another 29 were turned in, how many worksheets would she have to grade? '}) (input_keys={'question'})","Prediction(
    reasoning='The teacher graded 25 worksheets and then had to grade 29 more. So, she graded 25 + 29 = 54 worksheets.',
    response=54.0
)",False
"Example({'response': 35, 'question': ' In fourth grade there were 35 students at the start of the year. During the year 10 students left and 10 new students came to school. How many students were in fourth grade at the end? '}) (input_keys={'question'})","Prediction(
    reasoning='The number of students in fourth grade at the end can be calculated by subtracting the number of students who left and the number of students who came to school, and then adding the number of students who were still in fourth grade.',
    response=0.45
)",False
"Example({'response': 40, 'question': ' For the school bake sale Carol made 19 cupcakes. If she sold 6 of them and then made 27 more, how many cupcakes would she have? '}) (input_keys={'question'})","Prediction(
    reasoning='The number of cupcakes Carol sold was 6.',
    response=6.0
)",False
"Example({'response': 10, 'question': ' A store had 40 oranges in a bin. If they threw away 37 of the old ones and put 7 new ones in the bin how many would be in the bin? '}) (input_keys={'question'})","Prediction(
    reasoning='The store had 40 oranges in a bin. If they threw away 37 of the old ones and put 7 new ones in the bin, they would have 40 - 37 = 3 oranges in the bin.',
    response=0.3
)",False
"Example({'response': 58, 'question': ' At the arcade Victor won 46 tickets. If he spent 27 tickets on a beanie and later won 39 more tickets, how many would he have? '}) (input_keys={'question'})","Prediction(
    reasoning='The total tickets Victor spent was 27 + 39 = 66.',
    response=0.66
)",False
"Example({'response': 45, 'question': ' Chloe picked 48 carrots from her garden. If she threw out 45 of them and then picked 42 more the next day, how many carrots would she have total? '}) (input_keys={'question'})","Prediction(
    reasoning='Chloe picked 48 carrots from her garden. If she threw out 45 of them and then picked 42 more the next day, she would have 48 - 45 + 42 = 49 carrots left.',
    response=49.0
)",False
"Example({'response': 43, 'question': "" Sam had 10 socks. If he threw away 3 old ones that didn't fit and bought 36 new ones, how many socks would he have? ""}) (input_keys={'question'})","Prediction(
    reasoning=""The number of socks Sam had initially was 10. He threw away 3 old socks that didn't fit, which were 3 socks. He bought 36 new socks, so he had 10 - 3 = 7 socks left."",
    response=7.0
)",False
"Example({'response': 51, 'question': ' Maria had 14 bottles of water in her fridge. If she drank 8 of them and then bought 45 more, how many bottles would she have? '}) (input_keys={'question'})","Prediction(
    reasoning='Maria had 14 bottles of water in her fridge. If she drank 8 of them and then bought 45 more, she would have 14 + 8 - 45 = 12 bottles of water.',
    response=12.0
)",False
"Example({'response': 63, 'question': ' A teacher had 34 worksheets to grade. If she graded 7, but then another 36 were turned in, how many worksheets would she have to grade? '}) (input_keys={'question'})","Prediction(
    reasoning='The teacher graded 7 worksheets and then 36 more, resulting in a total of 43 worksheets to grade.',
    response=43.0
)",False
"Example({'response': 11, 'question': ' At the fair there were 7 people in line for the bumper cars. If 4 of them got tired of waiting and left and 8 more got in line, how many people would be in line? '}) (input_keys={'question'})","Prediction(
    reasoning='The number of people in line would increase by 4.',
    response=4.0
)",False
"Example({'response': 19, 'question': ' Emily had 7 coloring books. If she gave away 2 of them, but then bought 14 more, how many would she have total? '}) (input_keys={'question'})","Prediction(
    reasoning='Emily had 7 coloring books. If she gave away 2 of them, but then bought 14 more, she would have 7 - 2 + 14 = 19 coloring books total.',
    response=19.0
)",True
"Example({'response': 18, 'question': ' At the arcade Dave won 25 tickets. If he spent 22 tickets on a beanie and later won 15 more tickets, how many would he have? '}) (input_keys={'question'})","Prediction(
    reasoning='The user spent 22 tickets on a beanie, and won 15 more tickets, so he spent 22 + 15 = 37 tickets on the beanie.',
    response=0.37
)",False
"Example({'response': 32, 'question': ' Robin had 30 songs on her mp3 player. If she deleted 8 old songs from it and then added 10 new songs, how many songs does she have on her mp3 player? '}) (input_keys={'question'})","Prediction(
    reasoning='The number of songs Robin deleted from her mp3 player was 8, and the number of songs she added was 10. Therefore, she ended up with 30 - 8 + 10 = 30 songs on her mp3 player.',
    response=30.0
)",False
"Example({'response': 9, 'question': ' The school cafeteria had 23 apples. If they used 20 to make lunch for the students and then bought 6 more, how many apples would they have? '}) (input_keys={'question'})","Prediction(
    reasoning='The school cafeteria had 23 apples. If they used 20 to make lunch for the students and then bought 6 more, they would have 23 - 20 + 6 = 7 apples.',
    response=7.0
)",False
"Example({'response': 54, 'question': ' Janet was playing a video game and had 38 lives. In a hard part of the game she lost 16 lives. If she got 32 more lives in the next level, how many lives would she have? '}) (input_keys={'question'})","Prediction(
    reasoning='Janet lost 16 lives, so she would have 38 - 16 = 22 lives left.',
    response=22.0
)",False
"Example({'response': 61, 'question': ' Megan picked 19 carrots from her garden. If she threw out 4 of them and then picked 46 more the next day, how many carrots would she have total? '}) (input_keys={'question'})","Prediction(
    reasoning='Megan picked 19 carrots from her garden. If she threw out 4 of them and then picked 46 more the next day, she would have picked 15 carrots.',
    response=15.0
)",False
"Example({'response': 71, 'question': ' Roger had 45 dollars in January. By March he had spent 20 dollars. If he got another 46 dollars from his mom, how much money would he have? '}) (input_keys={'question'})","Prediction(
    reasoning='Roger had spent 20 dollars in January, and he got an additional 46 dollars from his mom, so he ended up with 66 dollars in March.',
    response=66.0
)",False
"Example({'response': 38, 'question': ' The school cafeteria had 17 apples. If they used 2 to make lunch for the students and then bought 23 more, how many apples would they have? '}) (input_keys={'question'})","Prediction(
    reasoning='The school cafeteria had 17 apples. If they used 2 to make lunch for the students and then bought 23 more, they would have 19 apples.',
    response=19.0
)",False
"Example({'response': 70, 'question': ' Janet was playing a video game and had 47 lives. In a hard part of the game she lost 23 lives. If she got 46 more lives in the next level, how many lives would she have? '}) (input_keys={'question'})","Prediction(
    reasoning='Janet lost 23 lives, so she would have 47 - 23 = 24 lives left.',
    response=0.24
)",False
"Example({'response': 31, 'question': ' Nancy picked 12 carrots from her garden. If she threw out 2 of them and then picked 21 more the next day, how many carrots would she have total? '}) (input_keys={'question'})","Prediction(
    reasoning='Nancy picked 12 carrots from her garden. If she threw out 2 of them and then picked 21 more the next day, how many carrots would she have total?',
    response=0.5
)",False
"Example({'response': 64, 'question': ' Bianca had 34 songs on her mp3 player. If she deleted 14 old songs from it and then added 44 new songs, how many songs does she have on her mp3 player? '}) (input_keys={'question'})","Prediction(
    reasoning='The number of songs deleted is 14, and the number of songs added is 44, so Bianca has added 44 - 14 = 30 songs to her mp3 player.',
    response=30.0
)",False
"Example({'response': 39, 'question': ' Tom had 5 books. If he sold 4 of them and used the money he earned to buy 38 new books, how many books would Tom have? '}) (input_keys={'question'})","Prediction(
    reasoning='The total number of books Tom sold was 4.',
    response=4.0
)",False
"Example({'response': 27, 'question': "" John had 33 socks. If he threw away 19 old ones that didn't fit and bought 13 new ones, how many socks would he have? ""}) (input_keys={'question'})","Prediction(
    reasoning=""John had 33 socks. If he threw away 19 old ones that didn't fit and bought 13 new ones, he would have 33 - 19 = 14 socks left."",
    response=14.0
)",False
"Example({'response': 24, 'question': ' For the school bake sale Maria made 19 cupcakes. If she sold 5 of them and then made 10 more, how many cupcakes would she have? '}) (input_keys={'question'})","Prediction(
    reasoning='The number of cupcakes Maria sold was 5, and she made 10 more, so she sold 5 + 10 = 15 cupcakes.',
    response=15.0
)",False
"Example({'response': 34, 'question': ' A store had 50 oranges in a bin. If they threw away 40 of the old ones and put 24 new ones in the bin how many would be in the bin? '}) (input_keys={'question'})","Prediction(
    reasoning='The store had 50 oranges in a bin. If they threw away 40 of the old ones and put 24 new ones in the bin, they would have 16 oranges in the bin.',
    response=0.5
)",False
"Example({'response': 11, 'question': ' In fourth grade there were 8 students at the start of the year. During the year 5 students left and 8 new students came to school. How many students were in fourth grade at the end? '}) (input_keys={'question'})","Prediction(
    reasoning='The number of students in fourth grade at the end was 8 + 5 - 8 = 5.',
    response=5.0
)",False
"Example({'response': 60, 'question': ' Bianca picked 23 carrots from her garden. If she threw out 10 of them and then picked 47 more the next day, how many carrots would she have total? '}) (input_keys={'question'})","Prediction(
    reasoning='Bianca picked 23 carrots from her garden. If she threw out 10 of them and then picked 47 more the next day, she would have 13 carrots left in her garden.',
    response=0.5
)",False
"Example({'response': 47, 'question': ' Zoe had 42 bottles of water in her fridge. If she drank 25 of them and then bought 30 more, how many bottles would she have? '}) (input_keys={'question'})","Prediction(
    reasoning='Zoe drank 25 bottles of water and then bought 30 more, so she drank 25 + 30 = 55 bottles of water.',
    response=55.0
)",False
"Example({'response': 28, 'question': ' Katie had 11 songs on her mp3 player. If she deleted 7 old songs from it and then added 24 new songs, how many songs does she have on her mp3 player? '}) (input_keys={'question'})","Prediction(
    reasoning='The number of songs Katie deleted from her mp3 player was 7, and the number of songs she added was 24, resulting in a total of 11 songs on her player.',
    response=0.7
)",False
"Example({'response': 31, 'question': ' A store had 5 oranges in a bin. If they threw away 2 of the old ones and put 28 new ones in the bin how many would be in the bin? '}) (input_keys={'question'})","Prediction(
    reasoning='The store had 5 oranges in a bin. If they threw away 2 of the old ones and put 28 new ones in the bin, there would be 3 oranges in the bin.',
    response=0.3
)",False
"Example({'response': 67, 'question': ' Adam had 48 books. If he sold 19 of them and used the money he earned to buy 38 new books, how many books would Adam have? '}) (input_keys={'question'})","Prediction(
    reasoning='Adam had 48 books. If he sold 19 of them and used the money he earned to buy 38 new books, he would have 79 books.',
    response=0.79
)",False
"Example({'response': 37, 'question': ' In fourth grade there were 31 students at the start of the year. During the year 5 students left and 11 new students came to school. How many students were in fourth grade at the end? '}) (input_keys={'question'})","Prediction(
    reasoning='The number of students in fourth grade at the end can be calculated by subtracting the number of students who left and adding the number of students who came to school. \n\nThere were 31 students at the start of the year, and 5 students left, so there were 31 - 5 = 26 students who remained in fourth grade. \n\nThere were 11 new students who came to school, so there were 31 - 5 + 11 = 25 students who joined the class. \n\nTherefore, there were 31 - 5 + 11 = 25 students in fourth grade at the end of the year.',
    response=25.0
)",False
"Example({'response': 59, 'question': ' For the school bake sale Robin made 42 cupcakes. If she sold 22 of them and then made 39 more, how many cupcakes would she have? '}) (input_keys={'question'})","Prediction(
    reasoning='The number of cupcakes Robin sold was 22, so she had 22 cupcakes left to make.',
    response=22.0
)",False
"Example({'response': 41, 'question': ' A florist had 11 roses. If she sold 2 of them and then later picked 32 more, how many roses would she have? '}) (input_keys={'question'})","Prediction(
    reasoning='The florist had 11 roses. If she sold 2 of them and then later picked 32 more, she would have 11 - 2 + 32 = 33 roses.',
    response=33.0
)",False
"Example({'response': 22, 'question': ' Frank had 11 dollars. At the store he spent $3 on a new game. If he got another 14 dollars for his allowance, how much money does he have now? '}) (input_keys={'question'})","Prediction(
    reasoning='The total amount spent was $3. So, if he got another 14 dollars for his allowance, he would have 11 + 3 + 14 = 31 dollars.',
    response=0.31
)",False
"Example({'response': 46, 'question': ' Haley was playing a video game and had 14 lives. In a hard part of the game she lost 4 lives. If she got 36 more lives in the next level, how many lives would she have? '}) (input_keys={'question'})","Prediction(
    reasoning='Haley lost 4 lives, so she would have 14 - 4 = 10 lives left.',
    response=10.0
)",False
"Example({'response': 58, 'question': ' Luke had 48 dollars in January. By March he had spent 11 dollars. If he got another 21 dollars from his mom, how much money would he have? '}) (input_keys={'question'})","Prediction(
    reasoning='Luke had spent 37 dollars in January and 21 dollars in March, so he would have 48 - 37 = 11 dollars in March.',
    response=0.4375
)",False
"Example({'response': 41, 'question': ' Emily was playing a video game and had 42 lives. In a hard part of the game she lost 25 lives. If she got 24 more lives in the next level, how many lives would she have? '}) (input_keys={'question'})","Prediction(
    reasoning='Emily lost 25 lives, so she would have 42 - 25 = 17 lives left.',
    response=0.5
)",False
"Example({'response': 58, 'question': ' Debby had 30 coloring books. If she gave away 7 of them, but then bought 35 more, how many would she have total? '}) (input_keys={'question'})","Prediction(
    reasoning='The number of coloring books she gave away is 7.',
    response=0.5
)",False
"Example({'response': 23, 'question': ' The school cafeteria had 12 apples. If they used 8 to make lunch for the students and then bought 19 more, how many apples would they have? '}) (input_keys={'question'})","Prediction(
    reasoning='The school cafeteria had 12 apples. If they used 8 to make lunch for the students and then bought 19 more, they would have 12 + 8 = 20 apples.',
    response=20.0
)",False
"Example({'response': 31, 'question': ' At the fair there were 31 people in line for the bumper cars. If 25 of them got tired of waiting and left and 25 more got in line, how many people would be in line? '}) (input_keys={'question'})","Prediction(
    reasoning='The number of people who left the fair is 25, and the number of people who got in line is 25, so there are 50 people in line.',
    response=50.0
)",False
"Example({'response': 56, 'question': ' A florist had 50 roses. If she sold 15 of them and then later picked 21 more, how many roses would she have? '}) (input_keys={'question'})","Prediction(
    reasoning='The florist had 50 roses. If she sold 15 of them and then later picked 21 more, she would have 50 - 15 + 21 = 66 roses.',
    response=66.0
)",False
"Example({'response': 23, 'question': ' Zoe had 6 songs on her mp3 player. If she deleted 3 old songs from it and then added 20 new songs, how many songs does she have on her mp3 player? '}) (input_keys={'question'})","Prediction(
    reasoning='The number of songs Zoe has on her mp3 player is reduced by 3 and then increased by 20, resulting in 17 songs.',
    response=17.0
)",False
"Example({'response': 16, 'question': ' At the arcade Dave won 11 tickets. If he spent 5 tickets on a beanie and later won 10 more tickets, how many would he have? '}) (input_keys={'question'})","Prediction(
    reasoning='The user won 11 tickets, and then won 10 more tickets, so he ended up with 11 + 10 = 21 tickets.',
    response=21.0
)",False
"Example({'response': 28, 'question': ' A waiter had 33 customers to wait on. If 31 customers left and he got another 26 customers, how many customers would he have? '}) (input_keys={'question'})","Prediction(
    reasoning='The waiter had 33 customers to wait on. If 31 customers left and he got another 26 customers, he would have 59 customers.',
    response=59.0
)",False
"Example({'response': 47, 'question': ' In fourth grade there were 11 students at the start of the year. During the year 6 students left and 42 new students came to school. How many students were in fourth grade at the end? '}) (input_keys={'question'})","Prediction(
    reasoning='The number of students in fourth grade at the end can be calculated by subtracting the number of students who left and adding the number of new students who came to school.\n\nTherefore, the number of students in fourth grade at the end is 11 - 6 + 42 = 53.',
    response=53.0
)",False
"Example({'response': 33, 'question': "" Oliver had 11 socks. If he threw away 4 old ones that didn't fit and bought 26 new ones, how many socks would he have? ""}) (input_keys={'question'})","Prediction(
    reasoning=""Oliver had 11 socks. If he threw away 4 old ones that didn't fit and bought 26 new ones, he would have 11 - 4 = 7 socks left."",
    response=7.0
)",False
"Example({'response': 36, 'question': ' A store had 40 oranges in a bin. If they threw away 25 of the old ones and put 21 new ones in the bin how many would be in the bin? '}) (input_keys={'question'})","Prediction(
    reasoning='The store had 40 oranges in a bin. If they threw away 25 of the old ones and put 21 new ones in the bin, they would have 15 oranges left in the bin.',
    response=0.5
)",False
"Example({'response': 9, 'question': ' At the arcade Edward won 9 tickets. If he spent 4 tickets on a beanie and later won 4 more tickets, how many would he have? '}) (input_keys={'question'})","Prediction(
    reasoning='Edward won 9 tickets. If he spent 4 tickets on a beanie and later won 4 more tickets, he would have 13 tickets.',
    response=13.0
)",False
"Example({'response': 43, 'question': ' In fourth grade there were 4 students at the start of the year. During the year 3 students left and 42 new students came to school. How many students were in fourth grade at the end? '}) (input_keys={'question'})","Prediction(
    reasoning='The number of students in fourth grade at the end was 4 + 3 - 42 = 1.',
    response=0.25
)",False
"Example({'response': 26, 'question': ' Haley picked 28 carrots from her garden. If she threw out 11 of them and then picked 9 more the next day, how many carrots would she have total? '}) (input_keys={'question'})","Prediction(
    reasoning='The user picked 28 carrots from her garden and then threw out 11 of them. This means she picked 28 - 11 = 17 carrots. She then picked 9 more carrots, so she picked 17 + 9 = 26 carrots in total.',
    response=26.0
)",True
"Example({'response': 34, 'question': ' Roger had 25 books. If he sold 21 of them and used the money he earned to buy 30 new books, how many books would Roger have? '}) (input_keys={'question'})","Prediction(
    reasoning='Roger sold 21 books and bought 30 new books, so he ended up with 25 + 30 = 55 books.',
    response=55.0
)",False
"Example({'response': 36, 'question': ' A florist had 5 roses. If she sold 3 of them and then later picked 34 more, how many roses would she have? '}) (input_keys={'question'})","Prediction(
    reasoning='The florist had 5 roses. If she sold 3 of them and then later picked 34 more, she would have 5 + 3 - 34 = 3 roses.',
    response=3.0
)",False
"Example({'response': 41, 'question': ' Wendy was playing a video game and had 10 lives. In a hard part of the game she lost 6 lives. If she got 37 more lives in the next level, how many lives would she have? '}) (input_keys={'question'})","Prediction(
    reasoning='Wendy lost 6 lives, so she would have 10 - 6 = 4 lives left.',
    response=4.0
)",False
"Example({'response': 29, 'question': ' John had 5 dollars. At the store he spent $2 on a new game. If he got another 26 dollars for his allowance, how much money does he have now? '}) (input_keys={'question'})","Prediction(
    reasoning='John had 5 dollars. At the store he spent $2 on a new game. If he got another 26 dollars for his allowance, how much money does he have now?',
    response=0.7
)",False
"Example({'response': 11, 'question': ' For the school bake sale Chloe made 28 cupcakes. If she sold 25 of them and then made 8 more, how many cupcakes would she have? '}) (input_keys={'question'})","Prediction(
    reasoning='The number of cupcakes Chloe sold was 25. Since she made 8 more cupcakes, she sold 25 + 8 = 33 cupcakes.',
    response=25.0
)",False
"Example({'response': 50, 'question': ' At the town carnival Billy rode the ferris wheel 7 times and the bumper cars 3 times. If each ride cost 5 tickets, how many tickets did he use? '}) (input_keys={'question'})","Prediction(
    reasoning='Billy rode the Ferris wheel 7 times and the bumper cars 3 times, for a total of 7 + 3 = 10 rides.',
    response=10.0
)",False
"Example({'response': 32, 'question': ' Chloe was unboxing some of her old winter clothes. She found 4 boxes of clothing and inside each box there were 2 scarves and 6 mittens. How many pieces of winter clothing did Chloe have total? '}) (input_keys={'question'})","Prediction(
    reasoning='The total number of pieces of winter clothing Chloe found was 4, since there were 2 scarves and 6 mittens in each box.',
    response=4.0
)",False
"Example({'response': 90, 'question': ' A waiter had 9 tables he was waiting on, with 7 women and 3 men at each table. How many customers total did the waiter have? '}) (input_keys={'question'})","Prediction(
    reasoning='The waiter had 9 tables he was waiting on, with 7 women and 3 men at each table. So, the total number of customers was 9 + 7 + 3 = 19.',
    response=19.0
)",False
"Example({'response': 12, 'question': "" April's discount flowers was having a sale where each flower was 3 dollars. If Emily bought 2 roses and 2 daisies, how much did she spend? ""}) (input_keys={'question'})","Prediction(
    reasoning='Emily bought 2 roses and 2 daisies for a total of 2 * 3 = 6 dollars.',
    response=6.0
)",False
"Example({'response': 30, 'question': ' Isabel had 2 pages of math homework and 4 pages of reading homework. If each page had 5 problems on it, how many problems did she have to complete total? '}) (input_keys={'question'})","Prediction(
    reasoning='Isabel had 6 problems to complete.',
    response=6.0
)",False
"Example({'response': 35, 'question': ' Wendy was playing a video game where she scores 5 points for each treasure she finds. If she found 4 treasures on the first level and 3 on the second, what would her score be? '}) (input_keys={'question'})","Prediction(
    reasoning=""Wendy's score would be 9 (5 + 3)."",
    response=9.0
)",False
"Example({'response': 63, 'question': ' There were 7 friends playing a video game online when 2 more players joined the game. If each player had 7 lives, how many lives did they have total? '}) (input_keys={'question'})","Prediction(
    reasoning='The total number of lives was 7 + 2 = 9.',
    response=9.0
)",False
"Example({'response': 90, 'question': ' Paul bought 6 boxes of chocolate candy and 4 boxes of caramel candy. If each box has 9 pieces inside it, how much candy did he have total? '}) (input_keys={'question'})","Prediction(
    reasoning='Paul bought 6 boxes of chocolate candy and 4 boxes of caramel candy. If each box has 9 pieces inside it, how much candy did he have total?',
    response=6.0
)",False
"Example({'response': 48, 'question': ' A pet store has 6 bird cages. If each cage has 6 parrots and 2 parakeets in it, how many birds does the pet store have total? '}) (input_keys={'question'})","Prediction(
    reasoning='The pet store has 6 cages, each with 6 parrots and 2 parakeets. Therefore, the total number of birds the store has is 6 * 6 + 2 * 2 = 36.',
    response=36.0
)",False
"Example({'response': 72, 'question': ' Rachel was organizing her book case making sure each of the shelves had exactly 9 books on it. If she had 6 shelves of mystery books and 2 shelves of picture books, how many books did she have total? '}) (input_keys={'question'})","Prediction(
    reasoning='Rachel had 6 shelves of mystery books and 2 shelves of picture books, so she had 6 + 2 = 8 books total.',
    response=8.0
)",False
"Example({'response': 49, 'question': ' Rachel was unboxing some of her old winter clothes. She found 7 boxes of clothing and inside each box there were 3 scarves and 4 mittens. How many pieces of winter clothing did Rachel have total? '}) (input_keys={'question'})","Prediction(
    reasoning='Rachel found 7 boxes of clothing and inside each box there were 3 scarves and 4 mittens. So, Rachel had a total of 7 boxes * 3 scarves + 7 boxes * 4 mittens = 21 pieces of winter clothing.',
    response=21.0
)",False
"Example({'response': 36, 'question': ' A pet store has 9 bird cages. If each cage has 2 parrots and 2 parakeets in it, how many birds does the pet store have total? '}) (input_keys={'question'})","Prediction(
    reasoning='The pet store has 9 birds, 2 parrots and 2 parakeets in each cage, making a total of 9 + 2 + 2 = 13 birds.',
    response=13.0
)",False
"Example({'response': 80, 'question': ' Cody bought 7 boxes of chocolate candy and 3 boxes of caramel candy. If each box has 8 pieces inside it, how much candy did he have total? '}) (input_keys={'question'})","Prediction(
    reasoning='Cody bought 7 boxes of chocolate candy and 3 boxes of caramel candy. If each box has 8 pieces inside it, then he had 7 * 8 = 56 pieces of chocolate candy and 3 * 8 = 24 pieces of caramel candy, for a total of 56 + 24 = 80 pieces of candy.',
    response=80.0
)",True
"Example({'response': 21, 'question': "" At Billy's Restaurant a group with 2 adults and 5 children came in to eat. If each meal cost 3 dollars, how much was the bill? ""}) (input_keys={'question'})","Prediction(
    reasoning='The total cost for 2 adults and 5 children is 10 dollars.',
    response=10.0
)",False
"Example({'response': 72, 'question': ' Paul was collecting cans for recycling. On Saturday he filled 6 bags up and on Sunday he filled 3 more bags. If each bag had 8 cans in it, how many cans did he pick up total? '}) (input_keys={'question'})","Prediction(
    reasoning='Paul filled 6 bags up and on Sunday he filled 3 more bags. If each bag had 8 cans in it, how many cans did he pick up total?',
    response=6.666666666666667
)",False
"Example({'response': 50, 'question': ' While playing a trivia game, Adam answered 5 questions correct in the first half and 5 questions correct in the second half. If each question was worth 5 points, what was his final score? '}) (input_keys={'question'})","Prediction(
    reasoning=""Adam's final score is 10."",
    response=10.0
)",False
"Example({'response': 32, 'question': "" Haley's favorite band was holding a concert where tickets were 4 dollars each. Haley bought 3 tickets for herself and her friends and 5 extra tickets in case anyone else wanted to go. How much did she spend? ""}) (input_keys={'question'})","Prediction(
    reasoning='The total number of tickets bought was 3 + 5 = 8.',
    response=7.5
)",False
"Example({'response': 30, 'question': ' Luke was putting his spare change into piles. He had 5 piles of quarters and 5 piles of dimes. If each pile had 3 coins in it, how many coins did he have total? '}) (input_keys={'question'})","Prediction(
    reasoning='The total number of coins Luke had was 15.',
    response=15.0
)",False
"Example({'response': 64, 'question': ' Victor and his friend were buying trick decks from the magic shop for 8 dollars each. How much did they spend if Victor bought 6 decks and his friend bought 2 decks? '}) (input_keys={'question'})","Prediction(
    reasoning='Total cost = 6 * 8 = 48 dollars',
    response=48.0
)",False
"Example({'response': 90, 'question': ' Katie had 7 pages of math homework and 3 pages of reading homework. If each page had 9 problems on it, how many problems did she have to complete total? '}) (input_keys={'question'})","Prediction(
    reasoning='Katie had 7 pages of math homework and 3 pages of reading homework. If each page had 9 problems on it, then she had 7 * 9 = 63 problems to complete.',
    response=63.0
)",False
"Example({'response': 56, 'question': ' Faye was playing a video game where she scores 7 points for each treasure she finds. If she found 2 treasures on the first level and 6 on the second, what would her score be? '}) (input_keys={'question'})","Prediction(
    reasoning=""The user scored 7 points for each treasure found, so Faye's total score would be 7 * 2 = 14 points."",
    response=14.0
)",False
"Example({'response': 72, 'question': ' Gwen was organizing her book case making sure each of the shelves had exactly 9 books on it. If she had 3 shelves of mystery books and 5 shelves of picture books, how many books did she have total? '}) (input_keys={'question'})","Prediction(
    reasoning='Gwen had 3 shelves of mystery books and 5 shelves of picture books, so she had 3 + 5 = 8 books total.',
    response=8.0
)",False
"Example({'response': 24, 'question': ' There were 2 friends playing a video game online when 2 more players joined the game. If each player had 6 lives, how many lives did they have total? '}) (input_keys={'question'})","Prediction(
    reasoning='The total number of lives for all players is 6.',
    response=6.0
)",False
"Example({'response': 48, 'question': ' Wendy bought 4 new chairs and 4 new tables for her house. If she spent 6 minutes on each piece furniture putting it together, how many minutes did it take her to finish? '}) (input_keys={'question'})","Prediction(
    reasoning='The total time spent on furniture assembly was 8 minutes.',
    response=8.0
)",False
"Example({'response': 30, 'question': "" April's discount flowers was having a sale where each flower was 3 dollars. If Zoe bought 8 roses and 2 daisies, how much did she spend? ""}) (input_keys={'question'})","Prediction(
    reasoning='The total cost of 8 roses and 2 daisies is 8 * 3 = 24 dollars.',
    response=24.0
)",False
"Example({'response': 60, 'question': ' Paige was unboxing some of her old winter clothes. She found 6 boxes of clothing and inside each box there were 5 scarves and 5 mittens. How many pieces of winter clothing did Paige have total? '}) (input_keys={'question'})","Prediction(
    reasoning='The total number of pieces of winter clothing found was 5 + 5 = 10.',
    response=10.0
)",False
"Example({'response': 42, 'question': ' Sam was collecting cans for recycling. On Saturday he filled 4 bags up and on Sunday he filled 3 more bags. If each bag had 6 cans in it, how many cans did he pick up total? '}) (input_keys={'question'})","Prediction(
    reasoning='The total number of cans collected was 4 + 3 = 7.',
    response=7.0
)",False
"Example({'response': 45, 'question': ' George was working as a sacker at a grocery store where he made 5 dollars an hour. On Monday he worked 7 hours and on Tuesday he worked 2 hours. How much money did George make in those two days? '}) (input_keys={'question'})","Prediction(
    reasoning='George worked 7 hours on Monday and 2 hours on Tuesday, so he made 7 * 5 = 35 dollars in those two days.',
    response=35.0
)",False
"Example({'response': 15, 'question': ' While playing a trivia game, Frank answered 3 questions correct in the first half and 2 questions correct in the second half. If each question was worth 3 points, what was his final score? '}) (input_keys={'question'})","Prediction(
    reasoning='The user answered 3 questions correctly in the first half and 2 questions correctly in the second half, resulting in a final score of 5 points.',
    response=5.0
)",False
"Example({'response': 72, 'question': ' Edward and his friend were buying trick decks from the magic shop for 9 dollars each. How much did they spend if Edward bought 4 decks and his friend bought 4 decks? '}) (input_keys={'question'})","Prediction(
    reasoning='Edward and his friend bought 4 decks each for 9 dollars each, so they bought 4 * 9 = 36 dollars worth of trick decks.',
    response=36.0
)",False
"Example({'response': 64, 'question': ' Tom and his friend were buying trick decks from the magic shop for 8 dollars each. How much did they spend if Tom bought 3 decks and his friend bought 5 decks? '}) (input_keys={'question'})","Prediction(
    reasoning='Total cost = 3 * 8 = 24 dollars',
    response=24.0
)",False
"Example({'response': 70, 'question': ' While shopping for music online, Megan bought 2 country albums and 8 pop albums. Each album came with a lyric sheet and had 7 songs. How many songs did Megan buy total? '}) (input_keys={'question'})","Prediction(
    reasoning='The user bought 2 country albums and 8 pop albums, which totals 10 songs.',
    response=10.0
)",False
"Example({'response': 60, 'question': ' Victor was working as a sacker at a grocery store where he made 6 dollars an hour. On Monday he worked 5 hours and on Tuesday he worked 5 hours. How much money did Victor make in those two days? '}) (input_keys={'question'})","Prediction(
    reasoning='Victor worked 5 hours on Monday and 5 hours on Tuesday, so he made 5 * 6 = 30 dollars in those two days.',
    response=30.0
)",False
"Example({'response': 54, 'question': ' A pet store has 6 bird cages. If each cage has 2 parrots and 7 parakeets in it, how many birds does the pet store have total? '}) (input_keys={'question'})","Prediction(
    reasoning='The pet store has 6 cages, each with 2 parrots and 7 parakeets. Therefore, the total number of birds is 6 * 2 + 7 * 7 = 12 + 49 = 61.',
    response=61.0
)",False
"Example({'response': 32, 'question': ' Maria bought 2 new chairs and 2 new tables for her house. If she spent 8 minutes on each piece furniture putting it together, how many minutes did it take her to finish? '}) (input_keys={'question'})","Prediction(
    reasoning='The total time spent on furniture assembly was 8 minutes.',
    response=8.0
)",False
"Example({'response': 32, 'question': ' Olivia was playing a video game where she scores 8 points for each treasure she finds. If she found 2 treasures on the first level and 2 on the second, what would her score be? '}) (input_keys={'question'})","Prediction(
    reasoning='The total score for Olivia would be 8 + 2 = 10 points.',
    response=10.0
)",False
"Example({'response': 48, 'question': ' A waiter had 6 tables he was waiting on, with 3 women and 5 men at each table. How many customers total did the waiter have? '}) (input_keys={'question'})","Prediction(
    reasoning='The waiter had 6 tables he was waiting on, with 3 women and 5 men at each table. So, the total number of customers was 6 + 3 + 5 = 14.',
    response=14.0
)",False
"Example({'response': 70, 'question': ' Faye was selling her necklaces at a garage sale. She sold 3 bead necklaces and 7 gem stone necklaces. If each necklace cost 7 dollars, how much money did she earn? '}) (input_keys={'question'})","Prediction(
    reasoning='The total cost of the necklaces sold was 3 * 7 = 21 dollars.',
    response=21.0
)",False
"Example({'response': 63, 'question': ' At the town carnival Oliver rode the ferris wheel 5 times and the bumper cars 4 times. If each ride cost 7 tickets, how many tickets did he use? '}) (input_keys={'question'})","Prediction(
    reasoning='Oliver rode the Ferris wheel 5 times and the bumper cars 4 times, meaning he rode a total of 5 + 4 = 9 rides.',
    response=0.5
)",False
"Example({'response': 56, 'question': ' There were 5 friends playing a video game online when 2 more players joined the game. If each player had 8 lives, how many lives did they have total? '}) (input_keys={'question'})","Prediction(
    reasoning='The total number of lives was 8 + 2 = 10.',
    response=10.0
)",False
"Example({'response': 21, 'question': ' Katie was selling her necklaces at a garage sale. She sold 4 bead necklaces and 3 gem stone necklaces. If each necklace cost 3 dollars, how much money did she earn? '}) (input_keys={'question'})","Prediction(
    reasoning='Katie sold 4 bead necklaces and 3 gem stone necklaces for a total of 4 * 3 = 12 dollars.',
    response=12.0
)",False
"Example({'response': 48, 'question': ' Edward was working as a sacker at a grocery store where he made 6 dollars an hour. On Monday he worked 3 hours and on Tuesday he worked 5 hours. How much money did Edward make in those two days? '}) (input_keys={'question'})","Prediction(
    reasoning='Edward worked 3 hours on Monday and 5 hours on Tuesday, so he worked a total of 8 hours in those two days.',
    response=6.0
)",False
"Example({'response': 24, 'question': ' While playing a trivia game, Mike answered 3 questions correct in the first half and 5 questions correct in the second half. If each question was worth 3 points, what was his final score? '}) (input_keys={'question'})","Prediction(
    reasoning=""Mike's final score is 8."",
    response=8.0
)",False
"Example({'response': 32, 'question': ' Amy was playing a video game where she scores 4 points for each treasure she finds. If she found 6 treasures on the first level and 2 on the second, what would her score be? '}) (input_keys={'question'})","Prediction(
    reasoning='Amy was playing a video game where she scores 4 points for each treasure she finds. If she found 6 treasures on the first level and 2 on the second, her score would be 6 + 2 = 8 points.',
    response=8.0
)",False
"Example({'response': 63, 'question': ' A waiter had 9 tables he was waiting on, with 4 women and 3 men at each table. How many customers total did the waiter have? '}) (input_keys={'question'})","Prediction(
    reasoning='The waiter had 9 tables he was waiting on, with 4 women and 3 men at each table. So, the total number of customers was 9 + 4 + 3 = 16.',
    response=16.0
)",False
"Example({'response': 54, 'question': ' Chloe was organizing her book case making sure each of the shelves had exactly 6 books on it. If she had 5 shelves of mystery books and 4 shelves of picture books, how many books did she have total? '}) (input_keys={'question'})","Prediction(
    reasoning='The total number of books Chloe had was 6 + 4 = 10.',
    response=10.0
)",False
"Example({'response': 72, 'question': ' While shopping for music online, Isabel bought 6 country albums and 2 pop albums. Each album came with a lyric sheet and had 9 songs. How many songs did Isabel buy total? '}) (input_keys={'question'})","Prediction(
    reasoning='Isabel bought 6 country albums and 2 pop albums, which have a combined total of 8 songs.',
    response=8.0
)",False
"Example({'response': 18, 'question': "" At Oliver's Restaurant a group with 2 adults and 4 children came in to eat. If each meal cost 3 dollars, how much was the bill? ""}) (input_keys={'question'})","Prediction(
    reasoning='The total cost for 2 adults and 4 children is 2 * 3 = 6 dollars.',
    response=6.0
)",False
"Example({'response': 30, 'question': ' Tiffany had 6 pages of math homework and 4 pages of reading homework. If each page had 3 problems on it, how many problems did she have to complete total? '}) (input_keys={'question'})","Prediction(
    reasoning='The total number of problems Tiffany had to complete was 6 + 4 = 10.',
    response=10.0
)",False
"Example({'response': 27, 'question': "" April's discount flowers was having a sale where each flower was 3 dollars. If Robin bought 5 roses and 4 daisies, how much did she spend? ""}) (input_keys={'question'})","Prediction(
    reasoning='The total cost of the roses was 5 * 3 = 15 dollars. The total cost of the daisies was 4 * 3 = 12 dollars. Robin spent 15 + 12 = 27 dollars on the flowers.',
    response=27.0
)",True
"Example({'response': 80, 'question': ' Zoe was unboxing some of her old winter clothes. She found 8 boxes of clothing and inside each box there were 4 scarves and 6 mittens. How many pieces of winter clothing did Zoe have total? '}) (input_keys={'question'})","Prediction(
    reasoning='The total number of pieces of winter clothing Zoe found was 8 + 4 = 12.',
    response=12.0
)",False
"Example({'response': 12, 'question': ' There were 2 friends playing a video game online when 2 more players joined the game. If each player had 3 lives, how many lives did they have total? '}) (input_keys={'question'})","Prediction(
    reasoning='The total number of lives was 6.',
    response=6.0
)",False
"Example({'response': 28, 'question': ' Adam bought 2 boxes of chocolate candy and 5 boxes of caramel candy. If each box has 4 pieces inside it, how much candy did he have total? '}) (input_keys={'question'})","Prediction(
    reasoning='Adam bought 2 boxes of chocolate candy and 5 boxes of caramel candy. If each box has 4 pieces inside it, how much candy did he have total?',
    response=2.0
)",False
"Example({'response': 72, 'question': ' A pet store has 8 bird cages. If each cage has 2 parrots and 7 parakeets in it, how many birds does the pet store have total? '}) (input_keys={'question'})","Prediction(
    reasoning='The pet store has 8 cages, each with 2 parrots and 7 parakeets. Therefore, the total number of birds is 8 * 2 + 7 * 2 = 16.',
    response=16.0
)",False
"Example({'response': 60, 'question': "" Lana's favorite band was holding a concert where tickets were 6 dollars each. Lana bought 8 tickets for herself and her friends and 2 extra tickets in case anyone else wanted to go. How much did she spend? ""}) (input_keys={'question'})","Prediction(
    reasoning='Lana bought 8 tickets for herself and her friends and 2 extra tickets in case anyone else wanted to go. So, she bought 8 + 2 = 10 tickets.',
    response=10.0
)",False
"Example({'response': 56, 'question': "" At Tom's Restaurant a group with 2 adults and 5 children came in to eat. If each meal cost 8 dollars, how much was the bill? ""}) (input_keys={'question'})","Prediction(
    reasoning='The total cost for 2 adults and 5 children is 8 * 2 + 8 * 5 = 16 dollars.',
    response=16.0
)",False
"Example({'response': 32, 'question': ' Gwen was organizing her book case making sure each of the shelves had exactly 4 books on it. If she had 5 shelves of mystery books and 3 shelves of picture books, how many books did she have total? '}) (input_keys={'question'})","Prediction(
    reasoning='Gwen had 8 books total, 5 of which were mystery books and 3 of which were picture books.',
    response=8.0
)",False
"Example({'response': 72, 'question': ' While shopping for music online, Isabel bought 4 country albums and 5 pop albums. Each album came with a lyric sheet and had 8 songs. How many songs did Isabel buy total? '}) (input_keys={'question'})","Prediction(
    reasoning='Isabel bought 8 songs in total.',
    response=8.0
)",False
"Example({'response': 90, 'question': ' Megan was selling her necklaces at a garage sale. She sold 7 bead necklaces and 3 gem stone necklaces. If each necklace cost 9 dollars, how much money did she earn? '}) (input_keys={'question'})","Prediction(
    reasoning='The total number of necklaces sold was 7 + 3 = 10.\nThe cost of each necklace was 9 dollars, so the total cost was 10 * 9 = 90 dollars.',
    response=7.0
)",False
"Example({'response': 63, 'question': ' Rachel was playing a video game where she scores 9 points for each treasure she finds. If she found 5 treasures on the first level and 2 on the second, what would her score be? '}) (input_keys={'question'})","Prediction(
    reasoning='Rachel found 5 treasures on the first level and 2 on the second, so her total score would be 9 + 2 = 11.',
    response=11.0
)",False
"Example({'response': 60, 'question': "" April's discount flowers was having a sale where each flower was 6 dollars. If Katie bought 5 roses and 5 daisies, how much did she spend? ""}) (input_keys={'question'})","Prediction(
    reasoning='The price of each flower was 6 dollars.',
    response=7.0
)",False
"Example({'response': 72, 'question': ' A pet store has 9 bird cages. If each cage has 2 parrots and 6 parakeets in it, how many birds does the pet store have total? '}) (input_keys={'question'})","Prediction(
    reasoning='The pet store has 9 cages, each with 2 parrots and 6 parakeets. Therefore, the total number of birds is 9 * 2 + 9 * 6 = 18.',
    response=18.0
)",False
"Example({'response': 42, 'question': ' Roger was putting his spare change into piles. He had 3 piles of quarters and 3 piles of dimes. If each pile had 7 coins in it, how many coins did he have total? '}) (input_keys={'question'})","Prediction(
    reasoning='Roger had 3 + 3 = 6 coins total.',
    response=6.0
)",False
"Example({'response': 32, 'question': ' There were 2 friends playing a video game online when 2 more players joined the game. If each player had 8 lives, how many lives did they have total? '}) (input_keys={'question'})","Prediction(
    reasoning='The total number of lives for all players is 8.',
    response=8.0
)",False
"Example({'response': 63, 'question': ' A waiter had 7 tables he was waiting on, with 7 women and 2 men at each table. How many customers total did the waiter have? '}) (input_keys={'question'})","Prediction(
    reasoning='The waiter had 7 tables he was waiting on, with 7 women and 2 men at each table. So, the total number of customers was 7 + 7 + 2 = 15.',
    response=15.0
)",False
"Example({'response': 48, 'question': ' Tiffany was playing a video game where she scores 6 points for each treasure she finds. If she found 3 treasures on the first level and 5 on the second, what would her score be? '}) (input_keys={'question'})","Prediction(
    reasoning='The total score for Tiffany would be 6 + 5 = 11 points.',
    response=11.0
)",False
"Example({'response': 24, 'question': ' While shopping for music online, Zoe bought 3 country albums and 5 pop albums. Each album came with a lyric sheet and had 3 songs. How many songs did Zoe buy total? '}) (input_keys={'question'})","Prediction(
    reasoning='Total songs purchased = 3 + 5 = 8',
    response=8.0
)",False
"Example({'response': 70, 'question': ' Megan was organizing her book case making sure each of the shelves had exactly 7 books on it. If she had 8 shelves of mystery books and 2 shelves of picture books, how many books did she have total? '}) (input_keys={'question'})","Prediction(
    reasoning='The total number of books is 7 + 2 = 9.',
    response=7.0
)",False
"Example({'response': 36, 'question': ' Isabel was selling her necklaces at a garage sale. She sold 3 bead necklaces and 3 gem stone necklaces. If each necklace cost 6 dollars, how much money did she earn? '}) (input_keys={'question'})","Prediction(
    reasoning='Isabel sold 3 bead necklaces and 3 gem stone necklaces for a total of 3 + 3 = 6 dollars.',
    response=6.0
)",False
"Example({'response': 40, 'question': ' Frank was collecting cans for recycling. On Saturday he filled 5 bags up and on Sunday he filled 3 more bags. If each bag had 5 cans in it, how many cans did he pick up total? '}) (input_keys={'question'})","Prediction(
    reasoning='The total number of cans Frank picked up was 5 + 3 = 8.',
    response=8.0
)",False
"Example({'response': 48, 'question': "" April's discount flowers was having a sale where each flower was 8 dollars. If Vanessa bought 3 roses and 3 daisies, how much did she spend? ""}) (input_keys={'question'})","Prediction(
    reasoning='She bought 3 roses and 3 daisies for a total of 8 dollars.',
    response=8.0
)",False
"Example({'response': 80, 'question': ' Will was working as a sacker at a grocery store where he made 8 dollars an hour. On Monday he worked 8 hours and on Tuesday he worked 2 hours. How much money did Will make in those two days? '}) (input_keys={'question'})","Prediction(
    reasoning='He made 8 + 2 = 10 dollars in those two days.',
    response=10.0
)",False
"Example({'response': 40, 'question': ' Rachel bought 7 new chairs and 3 new tables for her house. If she spent 4 minutes on each piece furniture putting it together, how many minutes did it take her to finish? '}) (input_keys={'question'})","Prediction(
    reasoning='Rachel bought 7 new chairs and 3 new tables for her house. If she spent 4 minutes on each piece furniture putting it together, then it took her 12 minutes to finish.',
    response=12.0
)",False
"Example({'response': 80, 'question': ' While playing a trivia game, Adam answered 8 questions correct in the first half and 2 questions correct in the second half. If each question was worth 8 points, what was his final score? '}) (input_keys={'question'})","Prediction(
    reasoning=""Adam's score is 16."",
    response=16.0
)",False
"Example({'response': 40, 'question': ' A pet store has 4 bird cages. If each cage has 8 parrots and 2 parakeets in it, how many birds does the pet store have total? '}) (input_keys={'question'})","Prediction(
    reasoning='The pet store has 4 cages, each with 8 parrots and 2 parakeets. Therefore, the total number of birds is 4 * 8 + 2 * 2 = 32.',
    response=32.0
)",False
"Example({'response': 40, 'question': ' Kaleb was collecting cans for recycling. On Saturday he filled 5 bags up and on Sunday he filled 5 more bags. If each bag had 4 cans in it, how many cans did he pick up total? '}) (input_keys={'question'})","Prediction(
    reasoning='The total number of cans collected was 5 + 5 = 10.',
    response=10.0
)",False
"Example({'response': 72, 'question': ' Bianca was organizing her book case making sure each of the shelves had exactly 8 books on it. If she had 5 shelves of mystery books and 4 shelves of picture books, how many books did she have total? '}) (input_keys={'question'})","Prediction(
    reasoning='The total number of books is 8 + 4 = 12.',
    response=12.0
)",False
"Example({'response': 20, 'question': ' Billy was putting his spare change into piles. He had 2 piles of quarters and 3 piles of dimes. If each pile had 4 coins in it, how many coins did he have total? '}) (input_keys={'question'})","Prediction(
    reasoning='Billy had 2 quarters and 3 dimes, for a total of 5 coins.',
    response=5.0
)",False
"Example({'response': 81, 'question': ' Chloe was playing a video game where she scores 9 points for each treasure she finds. If she found 6 treasures on the first level and 3 on the second, what would her score be? '}) (input_keys={'question'})","Prediction(
    reasoning=""Chloe's score would be 15 (9 + 3)."",
    response=15.0
)",False
"Example({'response': 64, 'question': ' While shopping for music online, Nancy bought 3 country albums and 5 pop albums. Each album came with a lyric sheet and had 8 songs. How many songs did Nancy buy total? '}) (input_keys={'question'})","Prediction(
    reasoning='The user bought 3 country albums and 5 pop albums, a total of 8 songs.',
    response=8.0
)",False
"Example({'response': 21, 'question': ' Lana was unboxing some of her old winter clothes. She found 3 boxes of clothing and inside each box there were 3 scarves and 4 mittens. How many pieces of winter clothing did Lana have total? '}) (input_keys={'question'})","Prediction(
    reasoning='The total number of pieces of winter clothing Lana found was 3 + 4 = 7.',
    response=7.0
)",False
"Example({'response': 35, 'question': ' Frank and his friend were buying trick decks from the magic shop for 7 dollars each. How much did they spend if Frank bought 3 decks and his friend bought 2 decks? '}) (input_keys={'question'})","Prediction(
    reasoning='Total cost = 3 * 7 = 21 dollars',
    response=21.0
)",False
"Example({'response': 40, 'question': ' A waiter had 5 tables he was waiting on, with 5 women and 3 men at each table. How many customers total did the waiter have? '}) (input_keys={'question'})","Prediction(
    reasoning='The waiter had 5 tables he was waiting on, with 5 women and 3 men at each table. So, the total number of customers was 5 + 5 + 3 = 13.',
    response=13.0
)",False
"Example({'response': 60, 'question': ' There were 8 friends playing a video game online when 2 more players joined the game. If each player had 6 lives, how many lives did they have total? '}) (input_keys={'question'})","Prediction(
    reasoning='The total number of lives was 8 + 2 = 10.',
    response=10.0
)",False
"Example({'response': 63, 'question': ' Sam was collecting cans for recycling. On Saturday he filled 3 bags up and on Sunday he filled 4 more bags. If each bag had 9 cans in it, how many cans did he pick up total? '}) (input_keys={'question'})","Prediction(
    reasoning='The total number of cans collected was 3 + 4 = 7.',
    response=7.0
)",False
"Example({'response': 60, 'question': "" April's discount flowers was having a sale where each flower was 6 dollars. If Maria bought 7 roses and 3 daisies, how much did she spend? ""}) (input_keys={'question'})","Prediction(
    reasoning='She bought 7 roses and 3 daisies for a total of 7 + 3 = 10 dollars.',
    response=10.0
)",False
"Example({'response': 48, 'question': ' Dave was working as a sacker at a grocery store where he made 6 dollars an hour. On Monday he worked 6 hours and on Tuesday he worked 2 hours. How much money did Dave make in those two days? '}) (input_keys={'question'})","Prediction(
    reasoning='The total money made in those two days was 6 + 2 = 8 dollars.',
    response=8.0
)",False
"Example({'response': 48, 'question': ' Nancy was organizing her book case making sure each of the shelves had exactly 6 books on it. If she had 2 shelves of mystery books and 6 shelves of picture books, how many books did she have total? '}) (input_keys={'question'})","Prediction(
    reasoning='Nancy had 6 books on the shelves with mystery books and 6 books on the shelves with picture books. So, she had 6 + 6 = 12 books total.',
    response=12.0
)",False
"Example({'response': 30, 'question': ' While shopping for music online, Faye bought 2 country albums and 3 pop albums. Each album came with a lyric sheet and had 6 songs. How many songs did Faye buy total? '}) (input_keys={'question'})","Prediction(
    reasoning='The user bought 2 country albums and 3 pop albums, which totals 5 albums.',
    response=5.0
)",False
"Example({'response': 30, 'question': ' Tom was putting his spare change into piles. He had 2 piles of quarters and 4 piles of dimes. If each pile had 5 coins in it, how many coins did he have total? '}) (input_keys={'question'})","Prediction(
    reasoning='The total number of coins in the piles is 2 + 4 = 6.',
    response=6.0
)",False
"Example({'response': 30, 'question': ' While playing a trivia game, George answered 6 questions correct in the first half and 4 questions correct in the second half. If each question was worth 3 points, what was his final score? '}) (input_keys={'question'})","Prediction(
    reasoning=""George's score is 9."",
    response=9.0
)",False
"Example({'response': 32, 'question': ' Lana was unboxing some of her old winter clothes. She found 4 boxes of clothing and inside each box there were 2 scarves and 6 mittens. How many pieces of winter clothing did Lana have total? '}) (input_keys={'question'})","Prediction(
    reasoning='The total number of pieces of winter clothing Lana found was 4, since there were 2 scarves and 6 mittens in each box.',
    response=4.0
)",False
"Example({'response': 30, 'question': ' At the town carnival Oliver rode the ferris wheel 7 times and the bumper cars 3 times. If each ride cost 3 tickets, how many tickets did he use? '}) (input_keys={'question'})","Prediction(
    reasoning='Oliver rode the Ferris wheel 7 times and the bumper cars 3 times, meaning he rode a total of 7 + 3 = 10 rides.',
    response=10.0
)",False
"Example({'response': 40, 'question': ' Sarah had 4 pages of math homework and 6 pages of reading homework. If each page had 4 problems on it, how many problems did she have to complete total? '}) (input_keys={'question'})","Prediction(
    reasoning='Sarah had 8 problems to complete.',
    response=8.0
)",False
"Example({'response': 40, 'question': ' Kaleb was collecting cans for recycling. On Saturday he filled 4 bags up and on Sunday he filled 6 more bags. If each bag had 4 cans in it, how many cans did he pick up total? '}) (input_keys={'question'})","Prediction(
    reasoning='The total number of cans collected was 4 + 6 = 10.',
    response=10.0
)",False
"Example({'response': 54, 'question': ' Edward and his friend were buying trick decks from the magic shop for 6 dollars each. How much did they spend if Edward bought 3 decks and his friend bought 6 decks? '}) (input_keys={'question'})","Prediction(
    reasoning='Edward and his friend bought 3 decks for 6 dollars each, so they bought 3 * 6 = 18 dollars.',
    response=18.0
)",False
"Example({'response': 48, 'question': ' Emily bought 4 new chairs and 2 new tables for her house. If she spent 8 minutes on each piece furniture putting it together, how many minutes did it take her to finish? '}) (input_keys={'question'})","Prediction(
    reasoning='Emily bought 4 new chairs and 2 new tables for her house. If she spent 8 minutes on each piece furniture putting it together, then it took her 8 / 2 = 4 minutes to finish.',
    response=4.0
)",False
"Example({'response': 72, 'question': ' A waiter had 9 tables he was waiting on, with 2 women and 6 men at each table. How many customers total did the waiter have? '}) (input_keys={'question'})","Prediction(
    reasoning='The waiter had 9 tables he was waiting on, with 2 women and 6 men at each table. So, the total number of customers was 9 + 2 + 6 = 17.',
    response=17.0
)",False
"Example({'response': 27, 'question': ' There were 4 friends playing a video game online when 5 more players joined the game. If each player had 3 lives, how many lives did they have total? '}) (input_keys={'question'})","Prediction(
    reasoning='The total number of lives was 7.',
    response=7.0
)",False
"Example({'response': 72, 'question': ' While shopping for music online, Janet bought 6 country albums and 2 pop albums. Each album came with a lyric sheet and had 9 songs. How many songs did Janet buy total? '}) (input_keys={'question'})","Prediction(
    reasoning='Janet bought 6 country albums and 2 pop albums, for a total of 8 albums.',
    response=8.0
)",False
"Example({'response': 8, 'question': ' The schools debate team had 26 boys and 46 girls on it. If they were split into groups of 9 how many groups could they make? '}) (input_keys={'question'})","Prediction(
    reasoning='The number of groups that can be made is 3.',
    response=3.0
)",False
"Example({'response': 8, 'question': ' Robin uploaded 35 pictures from her phone and 5 from her camera to facebook. If she sorted the pics into 5 different albums with the same amount of pics in each album, how many pictures were in each of the albums? '}) (input_keys={'question'})","Prediction(
    reasoning='The user uploaded 35 pictures from her phone and 5 from her camera to Facebook. If she sorted the pics into 5 different albums with the same amount of pics in each album, there were 7 pictures in each album.',
    response=7.0
)",False
"Example({'response': 6, 'question': ' Kaleb had saved up 21 dollars. If he received another 15 dollars for his allowance, how many 6 dollar toys could he buy? '}) (input_keys={'question'})","Prediction(
    reasoning='The total amount saved is 21 dollars. If he receives 15 dollars for his allowance, then he will have 21 - 15 = 6 dollars left to buy toys.',
    response=6.0
)",True
"Example({'response': 6, 'question': ' Olivia was making baggies of cookies with 9 cookies in each bag. If she had 13 chocolate chip cookies and 41 oatmeal cookies, how many baggies could she make? '}) (input_keys={'question'})","Prediction(
    reasoning='The total number of cookies Olivia had was 9 + 13 + 41 = 63.',
    response=0.63
)",False
"Example({'response': 9, 'question': ' Luke made 9 dollars mowing lawns and 18 dollars weed eating. If he only spent 3 dollar a week, how long would the money last him? '}) (input_keys={'question'})","Prediction(
    reasoning='Luke spent 3 dollars a week, which means he would have 15 weeks of spending.',
    response=0.15
)",False
"Example({'response': 9, 'question': "" There school's baseball team had 48 new players and 6 returning players. If the coach put them into groups with 6 players in each group, how many groups would there be? ""}) (input_keys={'question'})","Prediction(
    reasoning='The team would be divided into 8 groups.',
    response=0.78
)",False
"Example({'response': 7, 'question': ' For a birthday party Jerry bought 41 regular sodas and 22 diet sodas. If his fridge would only hold 9 on each shelf, how many shelves would he fill up? '}) (input_keys={'question'})","Prediction(
    reasoning='Jerry bought 41 regular sodas and 22 diet sodas, a total of 63 sodas. If his fridge would only hold 9 on each shelf, he would fill 63 ÷ 9 = 7 shelves up.',
    response=7.0
)",True
"Example({'response': 4, 'question': ' Paige and her friends were recycling paper for their class. For every 4 pounds they recycled they earned one point. If Paige recycled 14 pounds and her friends recycled 2 pounds, how many points did they earn? '}) (input_keys={'question'})","Prediction(
    reasoning='The total number of pounds recycled was 14.',
    response=14.0
)",False
"Example({'response': 4, 'question': ' For homework Nancy had 17 math problems and 15 spelling problems. If she can finish 8 problems in an hour how long will it take her to finish all the problems? '}) (input_keys={'question'})","Prediction(
    reasoning='The number of math problems Nancy has is 17, and the number of spelling problems is 15. If she can finish 8 problems in an hour, then it will take her 17/8 = 2.125 hours to finish all the problems.',
    response=2.125
)",False
"Example({'response': 6, 'question': ' Will was organizing his baseball cards in a binder with 3 on each page. If he had 8 new cards and 10 old cards to put in the binder, how many pages would he use? '}) (input_keys={'question'})","Prediction(
    reasoning='The number of pages needed would be half the number of new cards, which is 8. Therefore, the number of pages needed would be 4.',
    response=4.0
)",False
"Example({'response': 8, 'question': ' The schools debate team had 11 boys and 45 girls on it. If they were split into groups of 7 how many groups could they make? '}) (input_keys={'question'})","Prediction(
    reasoning='The number of groups that can be made is 3.',
    response=3.0
)",False
"Example({'response': 4, 'question': ' A group of 4 friends went into a restaurant. The chef already had 9 chicken wings cooked but cooked 7 more for the group. If they each got the same amount how many would each person get? '}) (input_keys={'question'})","Prediction(
    reasoning='The group would get 16 chicken wings.',
    response=16.0
)",False
"Example({'response': 9, 'question': ' A vase can hold 6 flowers. If you had 7 carnations and 47 roses, how many vases would you need to hold the flowers? '}) (input_keys={'question'})","Prediction(
    reasoning='The number of vases needed to hold 7 carnations and 47 roses is 3.',
    response=3.0
)",False
"Example({'response': 7, 'question': ' A pet shelter had 9 puppies when another 12 were brought in. If 3 puppies a day are adopted, how long would it take for all of them to be adopted? '}) (input_keys={'question'})","Prediction(
    reasoning='The number of puppies brought in is 12, and the number of puppies adopted per day is 3. Therefore, it would take 12/3 = 4 days for all 12 puppies to be adopted.',
    response=4.0
)",False
"Example({'response': 3, 'question': ' Roger was helping the cafeteria workers pick up lunch trays, but he could only carry 4 trays at a time. If he had to pick up 10 trays from one table and 2 trays from another, how many trips will he make? '}) (input_keys={'question'})","Prediction(
    reasoning='The problem requires Roger to make multiple trips to pick up trays. He can only carry 4 trays at a time, so he would need to make at least 4 + 2 = 6 trips to pick up 10 trays and 2 trays.',
    response=10.0
)",False
"Example({'response': 2, 'question': ' A toy store had 4 giant stuffed bears in stock when they got another shipment with 10 bears in it. The put the bears onto shelves with 7 on each shelf. How many shelves did they use? '}) (input_keys={'question'})","Prediction(
    reasoning='The store had 4 shelves and 10 bears were added to the shelves, so they used 4 + 10 = 14 shelves.',
    response=14.0
)",False
"Example({'response': 8, 'question': ' John made 6 dollars mowing lawns and 18 dollars weed eating. If he only spent 3 dollar a week, how long would the money last him? '}) (input_keys={'question'})","Prediction(
    reasoning='John spent 6 dollars on lawn care and 18 dollars on weed care. If he spent 3 dollars a week, he would have 6 + 18 ÷ 3 = 6 weeks worth of spending.',
    response=0.5
)",False
"Example({'response': 9, 'question': "" Wendy's old washing machine could only wash 8 pieces of clothing at a time. If she had to wash 39 shirts and 33 sweaters how many loads would she have to do? ""}) (input_keys={'question'})","Prediction(
    reasoning='The number of loads Wendy would have to do can be calculated by dividing the total number of items to be washed (39 + 33) by the number of pieces of clothing that can be washed at a time (8).',
    response=0.5555555555555556
)",False
"Example({'response': 2, 'question': "" Debby's class is going on a field trip to the zoo. If each van can hold 4 people and there are 2 students and 6 adults going, how many vans will they need? ""}) (input_keys={'question'})","Prediction(
    reasoning='The number of vans needed is half the total number of people going, which is 2 students + 6 adults = 8 people. Therefore, they will need 4 vans to accommodate all the people.',
    response=4.0
)",False
"Example({'response': 2, 'question': ' Isabel uploaded 2 pictures from her phone and 4 from her camera to facebook. If she sorted the pics into 3 different albums with the same amount of pics in each album, how many pictures were in each of the albums? '}) (input_keys={'question'})","Prediction(
    reasoning='The user uploaded 2 pictures from her phone and 4 from her camera to Facebook. If she sorted the pics into 3 different albums with the same amount of pics in each album, there were 2 pictures in the first album, 4 pictures in the second album, and 6 pictures in the third album.',
    response=2.0
)",True
"Example({'response': 7, 'question': "" While playing at the arcade, Frank won 33 tickets playing 'whack a mole' and 9 tickets playing 'skee ball'. If he was trying to buy candy that cost 6 tickets a piece, how many could he buy? ""}) (input_keys={'question'})","Prediction(
    reasoning='The total number of tickets won was 33 + 9 = 42.',
    response=4.2
)",False
"Example({'response': 8, 'question': ' Mike made 14 dollars mowing lawns and 26 dollars weed eating. If he only spent 5 dollar a week, how long would the money last him? '}) (input_keys={'question'})","Prediction(
    reasoning='The total amount spent is 14 + 26 = 40 dollars. If he spent 5 dollars a week, the money would last him 40 / 5 = 8 weeks.',
    response=8.0
)",True
"Example({'response': 6, 'question': ' Gwen and her friends were recycling paper for their class. For every 3 pounds they recycled they earned one point. If Gwen recycled 5 pounds and her friends recycled 13 pounds, how many points did they earn? '}) (input_keys={'question'})","Prediction(
    reasoning='Gwen recycled 5 pounds and her friends recycled 13 pounds, so they earned 5 + 13 = 18 points.',
    response=18.0
)",False
"Example({'response': 4, 'question': ' Robin uploaded 31 pictures from her phone and 5 from her camera to facebook. If she sorted the pics into 9 different albums with the same amount of pics in each album, how many pictures were in each of the albums? '}) (input_keys={'question'})","Prediction(
    reasoning='The user uploaded 31 pictures from her phone and 5 from her camera to Facebook. If she sorted the pics into 9 different albums with the same amount of pics in each album, there were 9 pictures in each album.',
    response=0.5
)",False
"Example({'response': 2, 'question': ' For Halloween Megan received 11 pieces of candy from neighbors and 5 pieces from her older sister. If she only ate 8 pieces a day, how long would the candy last her? '}) (input_keys={'question'})","Prediction(
    reasoning='The total number of pieces of candy received was 11 + 5 = 16. If Megan ate 8 pieces a day, the candy would last her 16 / 8 = 2 days.',
    response=2.0
)",True
"Example({'response': 7, 'question': ' Maria was making baggies of cookies with 5 cookies in each bag. If she had 33 chocolate chip cookies and 2 oatmeal cookies, how many baggies could she make? '}) (input_keys={'question'})","Prediction(
    reasoning='Maria had 33 chocolate chip cookies and 2 oatmeal cookies. If she had 5 cookies in each bag, then she could make 33/5 = 6 baggies.',
    response=6.0
)",False
"Example({'response': 2, 'question': "" There school's baseball team had 4 new players and 6 returning players. If the coach put them into groups with 5 players in each group, how many groups would there be? ""}) (input_keys={'question'})","Prediction(
    reasoning='The team would be divided into 2 groups.',
    response=0.5
)",False
"Example({'response': 5, 'question': ' A pet shelter had 5 puppies when another 35 were brought in. If 8 puppies a day are adopted, how long would it take for all of them to be adopted? '}) (input_keys={'question'})","Prediction(
    reasoning='The number of puppies brought in is 35, and 8 puppies are adopted each day. Therefore, it would take 35/8 = 4.375 days for all 35 puppies to be adopted.',
    response=4.375
)",False
"Example({'response': 3, 'question': "" Nancy's class is going on a field trip to the zoo. If each van can hold 5 people and there are 12 students and 3 adults going, how many vans will they need? ""}) (input_keys={'question'})","Prediction(
    reasoning='The number of vans needed is calculated by dividing the total number of students and adults by the capacity of each van.\n\nIn this case,\n\n* Total students = 12\n* Total adults = 3\n* Capacity per van = 5\n\nTherefore, 12/3 = 4 vans are needed.',
    response=4.0
)",False
"Example({'response': 8, 'question': ' Dave was helping the cafeteria workers pick up lunch trays, but he could only carry 9 trays at a time. If he had to pick up 17 trays from one table and 55 trays from another, how many trips will he make? '}) (input_keys={'question'})","Prediction(
    reasoning='The problem requires Dave to make multiple trips to pick up trays. He can only carry 9 trays at a time, so he would need to make at least 2 trips to pick up 17 trays and 55 trays.',
    response=1.7
)",False
"Example({'response': 8, 'question': ' For a birthday party George bought 10 regular sodas and 22 diet sodas. If his fridge would only hold 4 on each shelf, how many shelves would he fill up? '}) (input_keys={'question'})","Prediction(
    reasoning='The fridge would hold a maximum of 4 sodas on each shelf. Since George bought 10 and 22 sodas, he could fill 4 + 22 = 26 shelves.',
    response=26.0
)",False
"Example({'response': 8, 'question': ' The schools debate team had 28 boys and 4 girls on it. If they were split into groups of 4 how many groups could they make? '}) (input_keys={'question'})","Prediction(
    reasoning='The number of groups that can be made is 7.',
    response=7.0
)",False
"Example({'response': 3, 'question': ' Maria was making baggies of cookies with 8 cookies in each bag. If she had 5 chocolate chip cookies and 19 oatmeal cookies, how many baggies could she make? '}) (input_keys={'question'})","Prediction(
    reasoning='Maria had 5 chocolate chip cookies and 19 oatmeal cookies, which would allow her to make 5 baggies.',
    response=5.0
)",False
"Example({'response': 9, 'question': ' For Halloween Sarah received 66 pieces of candy from neighbors and 15 pieces from her older sister. If she only ate 9 pieces a day, how long would the candy last her? '}) (input_keys={'question'})","Prediction(
    reasoning='The total number of pieces Sarah received was 66 + 15 = 81. If she ate 9 pieces a day, the candy would last her 81 / 9 = 9 days.',
    response=9.0
)",True
"Example({'response': 9, 'question': ' Henry was helping the cafeteria workers pick up lunch trays, but he could only carry 9 trays at a time. If he had to pick up 29 trays from one table and 52 trays from another, how many trips will he make? '}) (input_keys={'question'})","Prediction(
    reasoning='Henry needs to make 3 trips to pick up 29 trays from one table and 52 trays from another.',
    response=1.5
)",False
"Example({'response': 4, 'question': ' Tiffany uploaded 7 pictures from her phone and 13 from her camera to facebook. If she sorted the pics into 5 different albums with the same amount of pics in each album, how many pictures were in each of the albums? '}) (input_keys={'question'})","Prediction(
    reasoning='The user uploaded 7 pictures from her phone and 13 from her camera to Facebook. If she sorted the pics into 5 different albums with the same amount of pics in each album, there were 7 pictures in the first album, 13 pictures in the second album, 7 pictures in the third album, 13 pictures in the fourth album, and 7 pictures in the fifth album.',
    response=7.0
)",False
"Example({'response': 2, 'question': ' A toy store had 5 giant stuffed bears in stock when they got another shipment with 7 bears in it. The put the bears onto shelves with 6 on each shelf. How many shelves did they use? '}) (input_keys={'question'})","Prediction(
    reasoning='The store had 5 shelves and they put 7 bears on 6 of those shelves.',
    response=6.25
)",False
"Example({'response': 9, 'question': ' Paul made 68 dollars mowing lawns and 13 dollars weed eating. If he only spent 9 dollar a week, how long would the money last him? '}) (input_keys={'question'})","Prediction(
    reasoning='Paul spent 68 dollars on lawn care and 13 dollars on weed care. If he spent 9 dollars a week, he would have 68 + 13 - 9 = 72 dollars worth of spending left over.',
    response=72.0
)",False
"Example({'response': 2, 'question': "" While playing at the arcade, Edward won 3 tickets playing 'whack a mole' and 5 tickets playing 'skee ball'. If he was trying to buy candy that cost 4 tickets a piece, how many could he buy? ""}) (input_keys={'question'})","Prediction(
    reasoning=""Edward won 3 tickets playing 'whack a mole' and 5 tickets playing 'skee ball'. If he was trying to buy candy that cost 4 tickets a piece, he could buy 1 ticket from 'whack a mole' and 3 tickets from 'skee ball'."",
    response=1.0
)",False
"Example({'response': 6, 'question': "" Megan's class is going on a field trip to the zoo. If each van can hold 5 people and there are 25 students and 5 adults going, how many vans will they need? ""}) (input_keys={'question'})","Prediction(
    reasoning='The number of vans needed is calculated by dividing the total number of students and adults by the capacity of each van.\n\nIn this case,\n\n* Total students = 25\n* Total adults = 5\n* Capacity per van = 5\n\nTherefore, 25/5 = 5 vans are needed.',
    response=5.0
)",False
"Example({'response': 4, 'question': ' Luke was organizing his baseball cards in a binder with 3 on each page. If he had 3 new cards and 9 old cards to put in the binder, how many pages would he use? '}) (input_keys={'question'})","Prediction(
    reasoning='The number of pages Luke would use is 3.',
    response=3.0
)",False
"Example({'response': 3, 'question': ' A group of 3 friends went into a restaurant. The chef already had 6 chicken wings cooked but cooked 3 more for the group. If they each got the same amount how many would each person get? '}) (input_keys={'question'})","Prediction(
    reasoning='The group would get 3 chicken wings each.',
    response=0.3333333333333333
)",False
"Example({'response': 5, 'question': ' Olivia uploaded 5 pictures from her phone and 35 from her camera to facebook. If she sorted the pics into 8 different albums with the same amount of pics in each album, how many pictures were in each of the albums? '}) (input_keys={'question'})","Prediction(
    reasoning='The number of pictures in each album is the same as the number of pictures in the album with the same number of pictures as the other albums. Therefore, Olivia uploaded 8 pictures in 4 albums.',
    response=8.0
)",False
"Example({'response': 4, 'question': ' A toy store had 6 giant stuffed bears in stock when they got another shipment with 18 bears in it. The put the bears onto shelves with 6 on each shelf. How many shelves did they use? '}) (input_keys={'question'})","Prediction(
    reasoning='The store had 6 shelves to accommodate the 6 bears on the shelves.',
    response=6.0
)",False
"Example({'response': 2, 'question': ' Jerry was helping the cafeteria workers pick up lunch trays, but he could only carry 8 trays at a time. If he had to pick up 9 trays from one table and 7 trays from another, how many trips will he make? '}) (input_keys={'question'})","Prediction(
    reasoning='Jerry will make 3 trips to pick up the trays.',
    response=0.5
)",False
"Example({'response': 5, 'question': ' A vase can hold 5 flowers. If you had 6 carnations and 19 roses, how many vases would you need to hold the flowers? '}) (input_keys={'question'})","Prediction(
    reasoning='The number of vases needed to hold 6 carnations and 19 roses is 3.',
    response=3.0
)",False
"Example({'response': 9, 'question': ' Haley and her friends were recycling paper for their class. For every 3 pounds they recycled they earned one point. If Haley recycled 11 pounds and her friends recycled 16 pounds, how many points did they earn? '}) (input_keys={'question'})","Prediction(
    reasoning='The total number of pounds recycled was 11 + 16 = 27.',
    response=27.0
)",False
"Example({'response': 9, 'question': ' A pet shelter had 17 puppies when another 55 were brought in. If 8 puppies a day are adopted, how long would it take for all of them to be adopted? '}) (input_keys={'question'})","Prediction(
    reasoning='The number of puppies brought in is 55, and 8 puppies are adopted per day, so it would take 55/8 = 6.875 days for all 55 puppies to be adopted.',
    response=6.875
)",False
"Example({'response': 7, 'question': "" There school's baseball team had 12 new players and 44 returning players. If the coach put them into groups with 8 players in each group, how many groups would there be? ""}) (input_keys={'question'})","Prediction(
    reasoning='The number of groups can be calculated by dividing the total number of players by the number of players per group.',
    response=1.6
)",False
"Example({'response': 5, 'question': ' Frank had saved up 3 dollars. If he received another 37 dollars for his allowance, how many 8 dollar toys could he buy? '}) (input_keys={'question'})","Prediction(
    reasoning='The total amount saved is 3 dollars. If he receives 37 dollars for his allowance, then he can buy 37 / 8 = 4 toys.',
    response=4.0
)",False
"Example({'response': 4, 'question': ' Luke was organizing his baseball cards in a binder with 3 on each page. If he had 3 new cards and 9 old cards to put in the binder, how many pages would he use? '}) (input_keys={'question'})","Prediction(
    reasoning='The number of pages Luke would use is 3.',
    response=3.0
)",False
"Example({'response': 3, 'question': ' A group of 3 friends went into a restaurant. The chef already had 6 chicken wings cooked but cooked 3 more for the group. If they each got the same amount how many would each person get? '}) (input_keys={'question'})","Prediction(
    reasoning='The group would get 3 chicken wings each.',
    response=0.3333333333333333
)",False
"Example({'response': 5, 'question': ' Olivia uploaded 5 pictures from her phone and 35 from her camera to facebook. If she sorted the pics into 8 different albums with the same amount of pics in each album, how many pictures were in each of the albums? '}) (input_keys={'question'})","Prediction(
    reasoning='The number of pictures in each album is the same as the number of pictures in the album with the same number of pictures as the other albums. Therefore, Olivia uploaded 8 pictures in 4 albums.',
    response=8.0
)",False
"Example({'response': 4, 'question': ' A toy store had 6 giant stuffed bears in stock when they got another shipment with 18 bears in it. The put the bears onto shelves with 6 on each shelf. How many shelves did they use? '}) (input_keys={'question'})","Prediction(
    reasoning='The store had 6 shelves to accommodate the 6 bears on the shelves.',
    response=6.0
)",False
"Example({'response': 2, 'question': ' Jerry was helping the cafeteria workers pick up lunch trays, but he could only carry 8 trays at a time. If he had to pick up 9 trays from one table and 7 trays from another, how many trips will he make? '}) (input_keys={'question'})","Prediction(
    reasoning='Jerry will make 3 trips to pick up the trays.',
    response=0.5
)",False
"Example({'response': 5, 'question': ' A vase can hold 5 flowers. If you had 6 carnations and 19 roses, how many vases would you need to hold the flowers? '}) (input_keys={'question'})","Prediction(
    reasoning='The number of vases needed to hold 6 carnations and 19 roses is 3.',
    response=3.0
)",False
"Example({'response': 9, 'question': ' Haley and her friends were recycling paper for their class. For every 3 pounds they recycled they earned one point. If Haley recycled 11 pounds and her friends recycled 16 pounds, how many points did they earn? '}) (input_keys={'question'})","Prediction(
    reasoning='The total number of pounds recycled was 11 + 16 = 27.',
    response=27.0
)",False
"Example({'response': 9, 'question': ' A pet shelter had 17 puppies when another 55 were brought in. If 8 puppies a day are adopted, how long would it take for all of them to be adopted? '}) (input_keys={'question'})","Prediction(
    reasoning='The number of puppies brought in is 55, and 8 puppies are adopted per day, so it would take 55/8 = 6.875 days for all 55 puppies to be adopted.',
    response=6.875
)",False
"Example({'response': 7, 'question': "" There school's baseball team had 12 new players and 44 returning players. If the coach put them into groups with 8 players in each group, how many groups would there be? ""}) (input_keys={'question'})","Prediction(
    reasoning='The number of groups can be calculated by dividing the total number of players by the number of players per group. In this case, there are 12 + 44 = 56 players, so there would be 56 divided by 8 = 7 groups.',
    response=7.0
)",True
"Example({'response': 5, 'question': ' Frank had saved up 3 dollars. If he received another 37 dollars for his allowance, how many 8 dollar toys could he buy? '}) (input_keys={'question'})","Prediction(
    reasoning='The total amount saved is 3 dollars. If he receives 37 dollars for his allowance, then he can buy 37 / 8 = 4 toys.',
    response=4.0
)",False
"Example({'response': 9, 'question': ' A pet shelter had 8 puppies when another 19 were brought in. If 3 puppies a day are adopted, how long would it take for all of them to be adopted? '}) (input_keys={'question'})","Prediction(
    reasoning='The number of puppies brought in is 19, and 3 puppies are adopted per day. Therefore, it would take 19 / 3 = 6 days for all 19 puppies to be adopted.',
    response=6.0
)",False
"Example({'response': 5, 'question': ' For homework Faye had 13 math problems and 2 spelling problems. If she can finish 3 problems in an hour how long will it take her to finish all the problems? '}) (input_keys={'question'})","Prediction(
    reasoning='The number of math problems is 13, and the number of spelling problems is 2. So, Faye has 13 + 2 = 15 problems to finish. If she can finish 3 problems in an hour, it will take her 15 ÷ 3 = 5 hours to finish all the problems.',
    response=5.0
)",True
"Example({'response': 5, 'question': ' Sam had saved up 8 dollars. If he received another 7 dollars for his allowance, how many 3 dollar toys could he buy? '}) (input_keys={'question'})","Prediction(
    reasoning='The total amount saved is 8 dollars. If he receives 7 dollars for his allowance, then he will have 8 + 7 = 15 dollars. With 15 dollars, he can buy 5 toys for 3 dollars each, which would leave him with 15 - 5 = 10 dollars.',
    response=10.0
)",False
"Example({'response': 9, 'question': ' Bianca and her friends were recycling paper for their class. For every 3 pounds they recycled they earned one point. If Bianca recycled 24 pounds and her friends recycled 3 pounds, how many points did they earn? '}) (input_keys={'question'})","Prediction(
    reasoning='Bianca recycled 24 pounds and her friends recycled 3 pounds, so they earned 24 + 3 = 27 points.',
    response=27.0
)",False
"Example({'response': 5, 'question': "" There school's baseball team had 31 new players and 4 returning players. If the coach put them into groups with 7 players in each group, how many groups would there be? ""}) (input_keys={'question'})","Prediction(
    reasoning='The team would be divided into 4 groups with 7 players each.',
    response=4.0
)",False
"Example({'response': 4, 'question': ' Oliver was organizing his baseball cards in a binder with 3 on each page. If he had 2 new cards and 10 old cards to put in the binder, how many pages would he use? '}) (input_keys={'question'})","Prediction(
    reasoning='The number of pages needed would be half the number of new cards, which is 2. So, Oliver would use 2 pages.',
    response=2.0
)",False
"Example({'response': 2, 'question': ' Paul made 3 dollars mowing lawns and 3 dollars weed eating. If he only spent 3 dollar a week, how long would the money last him? '}) (input_keys={'question'})","Prediction(
    reasoning='Paul made 3 dollars mowing lawns and 3 dollars weed eating. If he only spent 3 dollar a week, how long would the money last him?',
    response=0.33
)",False
"Example({'response': 8, 'question': ' Robin was making baggies of cookies with 6 cookies in each bag. If she had 23 chocolate chip cookies and 25 oatmeal cookies, how many baggies could she make? '}) (input_keys={'question'})","Prediction(
    reasoning='The number of baggies can be calculated by dividing the total number of chocolate chip cookies and oatmeal cookies by the number of cookies in each bag.',
    response=2.33
)",False
"Example({'response': 5, 'question': ' The schools debate team had 5 boys and 40 girls on it. If they were split into groups of 9 how many groups could they make? '}) (input_keys={'question'})","Prediction(
    reasoning='The number of groups that can be made is 6.',
    response=6.0
)",False
"Example({'response': 5, 'question': ' At a company picnic 23 managers and 7 employees decided to start a game of volleyball. If they split into 6 teams how many people would be on each team? '}) (input_keys={'question'})","Prediction(
    reasoning='The number of people on each team would be 4.',
    response=4.0
)",False
"Example({'response': 8, 'question': ' For a birthday party Cody bought 4 regular sodas and 44 diet sodas. If his fridge would only hold 6 on each shelf, how many shelves would he fill up? '}) (input_keys={'question'})","Prediction(
    reasoning='Cody bought 4 regular sodas and 44 diet sodas, a total of 4 + 44 = 48 items. If his fridge would only hold 6 on each shelf, he could fill up 48 / 6 = 8 shelves.',
    response=8.0
)",True
"Example({'response': 3, 'question': "" Robin's class is going on a field trip to the zoo. If each van can hold 8 people and there are 22 students and 2 adults going, how many vans will they need? ""}) (input_keys={'question'})","Prediction(
    reasoning='The number of vans needed is calculated by dividing the total number of students and adults by the capacity of each van.\n\nIn this case,\n\n* Total students = 22\n* Total adults = 2\n* Capacity per van = 8\n\nTherefore, 22/8 = 2.75 vans are needed.',
    response=2.75
)",False
"Example({'response': 2, 'question': ' Ned was helping the cafeteria workers pick up lunch trays, but he could only carry 5 trays at a time. If he had to pick up 5 trays from one table and 5 trays from another, how many trips will he make? '}) (input_keys={'question'})","Prediction(
    reasoning='The problem requires the calculation of the minimum number of trips needed to pick up 5 trays from two different tables. \n\nTo achieve this, we can analyze the problem step-by-step:\n\n1. Pick up 5 trays from the first table.\n2. If he needs to pick up 5 trays from the second table, he will need to make another trip.\n\nTherefore, the minimum number of trips needed is 2.',
    response=2.0
)",True
"Example({'response': 2, 'question': "" There school's baseball team had 2 new players and 6 returning players. If the coach put them into groups with 4 players in each group, how many groups would there be? ""}) (input_keys={'question'})","Prediction(
    reasoning='The team would be divided into 2 groups.',
    response=0.5
)",False
"Example({'response': 6, 'question': ' For homework Amy had 18 math problems and 6 spelling problems. If she can finish 4 problems in an hour how long will it take her to finish all the problems? '}) (input_keys={'question'})","Prediction(
    reasoning='Amy had 18 math problems and 6 spelling problems. If she can finish 4 problems in an hour, then it will take her 4/18 = 0.22 hours to finish all the problems.',
    response=0.22
)",False
"Example({'response': 6, 'question': ' Maria was making baggies of cookies with 3 cookies in each bag. If she had 2 chocolate chip cookies and 16 oatmeal cookies, how many baggies could she make? '}) (input_keys={'question'})","Prediction(
    reasoning='Maria had 2 chocolate chip cookies and 16 oatmeal cookies, which she could divide equally among 3 bags, resulting in 5 baggies.',
    response=5.0
)",False
"Example({'response': 9, 'question': "" Sarah's old washing machine could only wash 5 pieces of clothing at a time. If she had to wash 43 shirts and 2 sweaters how many loads would she have to do? ""}) (input_keys={'question'})","Prediction(
    reasoning='The number of loads Sarah would have to do can be calculated by dividing the total number of items to be washed (43 shirts and 2 sweaters) by the number of pieces of clothing that can be washed at a time (5). This calculation gives the result 8.6, which is the number of loads Sarah would have to do.',
    response=8.6
)",False
"Example({'response': 2, 'question': ' A pet shelter had 3 puppies when another 3 were brought in. If 3 puppies a day are adopted, how long would it take for all of them to be adopted? '}) (input_keys={'question'})","Prediction(
    reasoning='The number of puppies adopted each day is constant, so the number of days it takes for all 3 puppies to be adopted is equal to the number of puppies adopted each day.',
    response=0.3333333333333333
)",False
"Example({'response': 5, 'question': "" While playing at the arcade, Luke won 2 tickets playing 'whack a mole' and 13 tickets playing 'skee ball'. If he was trying to buy candy that cost 3 tickets a piece, how many could he buy? ""}) (input_keys={'question'})","Prediction(
    reasoning='The total number of tickets won is 2 + 13 = 15.',
    response=15.0
)",False
"Example({'response': 6, 'question': ' A group of 3 friends went into a restaurant. The chef already had 8 chicken wings cooked but cooked 10 more for the group. If they each got the same amount how many would each person get? '}) (input_keys={'question'})","Prediction(
    reasoning='The group would get 8 chicken wings each.',
    response=8.0
)",False
"Example({'response': 3, 'question': "" Nancy's old washing machine could only wash 9 pieces of clothing at a time. If she had to wash 19 shirts and 8 sweaters how many loads would she have to do? ""}) (input_keys={'question'})","Prediction(
    reasoning='Washing 19 shirts and 8 sweaters would require 27 load cycles.',
    response=27.0
)",False
"Example({'response': 2, 'question': ' Paul had saved up 3 dollars. If he received another 7 dollars for his allowance, how many 5 dollar toys could he buy? '}) (input_keys={'question'})","Prediction(
    reasoning='Paul had saved up 3 dollars. If he received another 7 dollars for his allowance, he would have 10 dollars to buy 5 toy toys.',
    response=10.0
)",False
"Example({'response': 9, 'question': ' Jerry made 14 dollars mowing lawns and 31 dollars weed eating. If he only spent 5 dollar a week, how long would the money last him? '}) (input_keys={'question'})","Prediction(
    reasoning='Jerry spent 14 dollars on lawn care and 31 dollars on weed care. If he spent 5 dollars a week, he would have 14 + 31 = 45 dollars worth of spending remaining.',
    response=0.75
)",False
"Example({'response': 5, 'question': "" While playing at the arcade, Ned won 26 tickets playing 'whack a mole' and 19 tickets playing 'skee ball'. If he was trying to buy candy that cost 9 tickets a piece, how many could he buy? ""}) (input_keys={'question'})","Prediction(
    reasoning='The total number of tickets Ned won was 26 + 19 = 45. He could buy 9 tickets for candy, which cost 9 tickets a piece.',
    response=4.5
)",False
"Example({'response': 9, 'question': ' Luke was helping the cafeteria workers pick up lunch trays, but he could only carry 4 trays at a time. If he had to pick up 20 trays from one table and 16 trays from another, how many trips will he make? '}) (input_keys={'question'})","Prediction(
    reasoning='The problem requires Luke to make multiple trips to pick up trays. He can only carry 4 trays at a time, so he would need to make at least 5 trips to pick up 20 trays and 16 trays.',
    response=2.5
)",False
"Example({'response': 4, 'question': ' Vanessa and her friends were recycling paper for their class. For every 9 pounds they recycled they earned one point. If Vanessa recycled 20 pounds and her friends recycled 16 pounds, how many points did they earn? '}) (input_keys={'question'})","Prediction(
    reasoning='Vanessa recycled 20 pounds and her friends recycled 16 pounds, so they earned 20 + 16 = 36 points.',
    response=36.0
)",False
"Example({'response': 9, 'question': ' A pet shelter had 2 puppies when another 34 were brought in. If 4 puppies a day are adopted, how long would it take for all of them to be adopted? '}) (input_keys={'question'})","Prediction(
    reasoning='The number of puppies brought in is 34, and the number of puppies adopted each day is 4. Therefore, it would take 34/4 = 8.5 days for all 34 puppies to be adopted.',
    response=8.5
)",False
"Example({'response': 3, 'question': ' At a company picnic 9 managers and 15 employees decided to start a game of volleyball. If they split into 8 teams how many people would be on each team? '}) (input_keys={'question'})","Prediction(
    reasoning='The number of people on each team would be 2.',
    response=2.0
)",False
"Example({'response': 8, 'question': ' John was organizing his baseball cards in a binder with 3 on each page. If he had 8 new cards and 16 old cards to put in the binder, how many pages would he use? '}) (input_keys={'question'})","Prediction(
    reasoning='John was organizing his baseball cards in a binder with 3 on each page. If he had 8 new cards and 16 old cards to put in the binder, how many pages would he use?',
    response=1.5
)",False
"Example({'response': 6, 'question': ' Wendy uploaded 22 pictures from her phone and 2 from her camera to facebook. If she sorted the pics into 4 different albums with the same amount of pics in each album, how many pictures were in each of the albums? '}) (input_keys={'question'})","Prediction(
    reasoning='The user uploaded 22 pictures from her phone and 2 from her camera to Facebook. If she sorted the pics into 4 different albums with the same amount of pics in each album, there were 5 pictures in each album.',
    response=5.0
)",False
"Example({'response': 3, 'question': ' A toy store had 17 giant stuffed bears in stock when they got another shipment with 10 bears in it. The put the bears onto shelves with 9 on each shelf. How many shelves did they use? '}) (input_keys={'question'})","Prediction(
    reasoning='The store had 17 + 10 = 27 shelves to accommodate the bears.',
    response=2.3333333333333335
)",False
"Example({'response': 6, 'question': ' Zoe and her friends were recycling paper for their class. For every 8 pounds they recycled they earned one point. If Zoe recycled 25 pounds and her friends recycled 23 pounds, how many points did they earn? '}) (input_keys={'question'})","Prediction(
    reasoning='Zoe recycled 25 pounds and her friends recycled 23 pounds, so they earned 25 + 23 = 48 points.',
    response=48.0
)",False
"Example({'response': 9, 'question': ' Billy was organizing his baseball cards in a binder with 5 on each page. If he had 3 new cards and 42 old cards to put in the binder, how many pages would he use? '}) (input_keys={'question'})","Prediction(
    reasoning='Billy was organizing his baseball cards in a binder with 5 on each page. If he had 3 new cards and 42 old cards to put in the binder, how many pages would he use?',
    response=0.5
)",False
"Example({'response': 8, 'question': ' For a birthday party Tom bought 4 regular sodas and 52 diet sodas. If his fridge would only hold 7 on each shelf, how many shelves would he fill up? '}) (input_keys={'question'})","Prediction(
    reasoning='The fridge would hold a maximum of 7 sodas on each shelf. Since Tom bought 4 regular sodas and 52 diet sodas, he would be able to fill 4 + 52 = 56 shelves.',
    response=5.6
)",False
"Example({'response': 4, 'question': ' Victor was helping the cafeteria workers pick up lunch trays, but he could only carry 7 trays at a time. If he had to pick up 23 trays from one table and 5 trays from another, how many trips will he make? '}) (input_keys={'question'})","Prediction(
    reasoning='Victor will make 3 trips to pick up the trays.',
    response=0.5
)",False
"Example({'response': 3, 'question': ' Paul had saved up 4 dollars. If he received another 11 dollars for his allowance, how many 5 dollar toys could he buy? '}) (input_keys={'question'})","Prediction(
    reasoning='Paul had saved up 4 dollars. If he received another 11 dollars for his allowance, he would have 5 dollars to buy 5 toy toys.',
    response=5.0
)",False
"Example({'response': 9, 'question': ' Katie uploaded 30 pictures from her phone and 51 from her camera to facebook. If she sorted the pics into 9 different albums with the same amount of pics in each album, how many pictures were in each of the albums? '}) (input_keys={'question'})","Prediction(
    reasoning='The number of pictures in each album is the same as the number of pictures in the album with the same number of pictures as the other albums. Therefore, there were 9 pictures in each of the albums.',
    response=9.0
)",True
"Example({'response': 6, 'question': "" Debby's class is going on a field trip to the zoo. If each van can hold 9 people and there are 40 students and 14 adults going, how many vans will they need? ""}) (input_keys={'question'})","Prediction(
    reasoning='The number of vans needed is calculated by dividing the total number of students and adults by the capacity of each van.\n\nIn this case,\n\n* Total students = 40\n* Total adults = 14\n* Capacity per van = 9\n\nTherefore, the number of vans needed is:\n\n(40/9) = 4',
    response=4.0
)",False
"Example({'response': 2, 'question': ' For Halloween Emily received 5 pieces of candy from neighbors and 13 pieces from her older sister. If she only ate 9 pieces a day, how long would the candy last her? '}) (input_keys={'question'})","Prediction(
    reasoning='Emily received 5 pieces of candy from neighbors and 13 pieces from her older sister. If she only ate 9 pieces a day, how long would the candy last her?',
    response=0.5
)",False
"Example({'response': 9, 'question': ' Frank made 5 dollars mowing lawns and 58 dollars weed eating. If he only spent 7 dollar a week, how long would the money last him? '}) (input_keys={'question'})","Prediction(
    reasoning='The total amount spent was 5 + 58 = 63 dollars. If he spent 7 dollars a week, the money would last him 63 / 7 = 8.57 weeks.',
    response=8.57
)",False
"Example({'response': 36, 'question': ' A new building needed 14 windows. The builder had already installed 5 of them. If it takes 4 hours to install each window, how long will it take him to install the rest? '}) (input_keys={'question'})","Prediction(
    reasoning='The builder needs to install 14 - 5 = 9 windows. Since it takes 4 hours to install each window, the total time required to install the remaining windows is 9 / 4 = 2.25 hours.',
    response=2.25
)",False
"Example({'response': 45, 'question': ' A chef needs to cook 16 potatoes. He has already cooked 7. If each potato takes 5 minutes to cook, how long will it take him to cook the rest? '}) (input_keys={'question'})","Prediction(
    reasoning='The chef needs to cook 16 potatoes, and each potato takes 5 minutes to cook. Therefore, the total time taken to cook the 16 potatoes will be 16 * 5 = 80 minutes.',
    response=80.0
)",False
"Example({'response': 42, 'question': ' Ned bought 14 boxes of chocolate candy and gave 7 to his little brother. If each box has 6 pieces inside it, how many pieces did Ned still have? '}) (input_keys={'question'})","Prediction(
    reasoning='The number of pieces Ned still had was 14 - 7 = 7.',
    response=7.0
)",False
"Example({'response': 30, 'question': ' There were 11 friends playing a video game online when 5 players quit. If each player left had 5 lives, how many lives did they have total? '}) (input_keys={'question'})","Prediction(
    reasoning='The number of players who quit was 5, and each player had 5 lives, so they had a total of 5 * 5 = 25 lives left.',
    response=25.0
)",False
"Example({'response': 25, 'question': ' Henry earned 5 dollars for each lawn he mowed. If he had 12 lawns to mow, but forgot to mow 7 of them, how much money did he actually earn? '}) (input_keys={'question'})","Prediction(
    reasoning='Henry earned 5 dollars for each lawn he mowed. If he had 12 lawns to mow, but forgot to mow 7 of them, he would have earned 5 * 12 = 60 dollars.',
    response=60.0
)",False
"Example({'response': 18, 'question': "" A trivia team had 5 members total, but during a game 2 members didn't show up. If each member that did show up scored 6 points, how many points were scored total? ""}) (input_keys={'question'})","Prediction(
    reasoning=""The team had 5 members, but 2 of them didn't show up, resulting in a total of 3 absent members."",
    response=2.0
)",False
"Example({'response': 16, 'question': ' A painter needed to paint 10 rooms in a building. Each room takes 8 hours to paint. If he already painted 8 rooms, how much longer will he take to paint the rest? '}) (input_keys={'question'})","Prediction(
    reasoning='The painter will need 2 hours to paint the remaining 10 rooms.',
    response=0.5
)",False
"Example({'response': 12, 'question': ' In a video game, each enemy defeated gives you 3 points. If a level has 6 enemies total and you destroy all but 2 of them, how many points would you earn? '}) (input_keys={'question'})","Prediction(
    reasoning='The number of points earned is 3.',
    response=3.0
)",False
"Example({'response': 45, 'question': "" Wendy earned 5 points for each bag of cans she recycled. If she had 11 bags, but didn't recycle 2 of them, how many points would she have earned? ""}) (input_keys={'question'})","Prediction(
    reasoning=""Wendy earned 5 points for each bag of cans she recycled. If she had 11 bags, but didn't recycle 2 of them, she would have earned 5 points for 11 bags - 2 points for not recycling 2 bags = 9 points."",
    response=9.0
)",False
"Example({'response': 9, 'question': ' Each chocolate bar in a box cost $3. If a box had 7 bars total and Olivia sold all but 4 bars, how much money would she have made? '}) (input_keys={'question'})","Prediction(
    reasoning='The total number of chocolate bars in the box was 7. Olivia sold 7 bars, meaning she sold all but 4 bars. Therefore, she made 7 * 3 = $21.',
    response=21.0
)",False
"Example({'response': 54, 'question': ' Kaleb bought 14 boxes of chocolate candy and gave 5 to his little brother. If each box has 6 pieces inside it, how many pieces did Kaleb still have? '}) (input_keys={'question'})","Prediction(
    reasoning='The number of pieces Kaleb still had was calculated by subtracting the number of pieces given to his brother from the total number of pieces in a box.',
    response=5.0
)",False
"Example({'response': 15, 'question': ' At a restaurant each adult meal costs $3 and kids eat free. If a group of 12 people came in and 7 were kids, how much would it cost for the group to eat? '}) (input_keys={'question'})","Prediction(
    reasoning='The number of adults is 12.',
    response=7.0
)",False
"Example({'response': 72, 'question': ' Jerry had 7 action figures, but needed 16 total for a complete collection. If each one costs $8, how much money would he need to finish his collection? '}) (input_keys={'question'})","Prediction(
    reasoning='Jerry needed to buy 9 more action figures to complete his collection.',
    response=9.0
)",False
"Example({'response': 72, 'question': ' In a video game, each enemy defeated gives you 9 points. If a level has 11 enemies total and you destroy all but 3 of them, how many points would you earn? '}) (input_keys={'question'})","Prediction(
    reasoning='The number of points earned is 9.',
    response=0.9
)",False
"Example({'response': 72, 'question': ' There were 16 friends playing a video game online when 7 players quit. If each player left had 8 lives, how many lives did they have total? '}) (input_keys={'question'})","Prediction(
    reasoning='The number of players who quit was 7, and each player had 8 lives, so they had a total of 7 * 8 = 56 lives left.',
    response=56.0
)",False
"Example({'response': 20, 'question': ' A new building needed 10 windows. The builder had already installed 6 of them. If it takes 5 hours to install each window, how long will it take him to install the rest? '}) (input_keys={'question'})","Prediction(
    reasoning='The builder needs to install 10 - 6 = 4 windows. Since it takes 5 hours per window, the total time to install the remaining windows will be 4 hours.',
    response=0.8
)",False
"Example({'response': 36, 'question': ' Adam earned 9 dollars for each lawn he mowed. If he had 12 lawns to mow, but forgot to mow 8 of them, how much money did he actually earn? '}) (input_keys={'question'})","Prediction(
    reasoning='Adam earned 9 dollars for each lawn he mowed. If he had 12 lawns to mow, but forgot to mow 8 of them, he would have earned 9 * 12 = 108 dollars.',
    response=108.0
)",False
"Example({'response': 64, 'question': "" A trivia team had 12 members total, but during a game 4 members didn't show up. If each member that did show up scored 8 points, how many points were scored total? ""}) (input_keys={'question'})","Prediction(
    reasoning=""The team had 12 members, but 4 didn't show up, meaning there were 8 members who participated. Each member scored 8 points, so the total points scored were 8 * 4 = 32."",
    response=32.0
)",False
"Example({'response': 56, 'question': "" Mike had 16 video games but 8 of them weren't working. If he wanted to sell the working games for $7 each, how much money could he earn? ""}) (input_keys={'question'})","Prediction(
    reasoning=""Mike had 16 video games but 8 of them weren't working. If he wanted to sell the working games for $7 each, he could earn 16 * 7 = $112."",
    response=112.0
)",False
"Example({'response': 49, 'question': ' A painter needed to paint 12 rooms in a building. Each room takes 7 hours to paint. If he already painted 5 rooms, how much longer will he take to paint the rest? '}) (input_keys={'question'})","Prediction(
    reasoning='The painter needs to paint 12 rooms, each taking 7 hours. If he already painted 5 rooms, he needs to paint 7 more rooms, meaning 12 - 5 = 7 hours.',
    response=7.0
)",False
"Example({'response': 15, 'question': ' There were 8 friends playing a video game online when 5 players quit. If each player left had 5 lives, how many lives did they have total? '}) (input_keys={'question'})","Prediction(
    reasoning='The number of players who quit was 5, and each player had 5 lives, so they had a total of 5 * 5 = 25 lives left.',
    response=25.0
)",False
"Example({'response': 27, 'question': "" A trivia team had 15 members total, but during a game 6 members didn't show up. If each member that did show up scored 3 points, how many points were scored total? ""}) (input_keys={'question'})","Prediction(
    reasoning=""The team had 15 members, but 6 of them didn't show up. Each member that did show up scored 3 points, so the total points scored were 15 * 3 = 45."",
    response=45.0
)",False
"Example({'response': 63, 'question': "" Ned had 15 video games but 6 of them weren't working. If he wanted to sell the working games for $7 each, how much money could he earn? ""}) (input_keys={'question'})","Prediction(
    reasoning='The number of working games is 15, and each game is worth $7, so the total earnings would be 15 * 7 = $105.',
    response=105.0
)",False
"Example({'response': 42, 'question': ' Each chocolate bar in a box cost $6. If a box had 13 bars total and Zoe sold all but 6 bars, how much money would she have made? '}) (input_keys={'question'})","Prediction(
    reasoning='The total number of chocolate bars in the box was 13. 6 bars were sold, meaning 7 bars remained.',
    response=6.0
)",False
"Example({'response': 16, 'question': ' Will bought 7 boxes of chocolate candy and gave 3 to his little brother. If each box has 4 pieces inside it, how many pieces did Will still have? '}) (input_keys={'question'})","Prediction(
    reasoning='The number of pieces Will still have is 7 - 3 = 4.',
    response=4.0
)",False
"Example({'response': 24, 'question': "" Mike invited 13 friends to a birthday party, but 7 couldn't come. If he wanted to buy enough cupcakes so each person could have exactly 4, how many should he buy? ""}) (input_keys={'question'})","Prediction(
    reasoning='The number of cupcakes needed can be calculated by dividing the total number of guests by the desired number of cupcakes per person. In this case, there are 13 friends and 4 cupcakes per person, so Mike should buy 3 cupcakes.',
    response=3.0
)",False
"Example({'response': 10, 'question': ' In a video game, each enemy defeated gives you 5 points. If a level has 8 enemies total and you destroy all but 6 of them, how many points would you earn? '}) (input_keys={'question'})","Prediction(
    reasoning='The number of points earned is 5.',
    response=5.0
)",False
"Example({'response': 54, 'question': ' Roger earned 9 dollars for each lawn he mowed. If he had 14 lawns to mow, but forgot to mow 8 of them, how much money did he actually earn? '}) (input_keys={'question'})","Prediction(
    reasoning='Roger earned 9 dollars for each lawn he mowed. If he had 14 lawns to mow, but forgot to mow 8 of them, he would have earned 9 * 14 = 126 dollars.',
    response=126.0
)",False
"Example({'response': 4, 'question': ' A magician was selling magic card decks for 2 dollars each. If he started with 5 decks and by the end of the day he had 3 left, how much money did he earn? '}) (input_keys={'question'})","Prediction(
    reasoning='The magician started with 5 decks of magic card decks for 2 dollars each, so he had 10 dollars. By the end of the day, he had 3 decks left, so he made 5 * 2 = 10 dollars.',
    response=10.0
)",False
"Example({'response': 36, 'question': ' A chef needs to cook 12 potatoes. He has already cooked 6. If each potato takes 6 minutes to cook, how long will it take him to cook the rest? '}) (input_keys={'question'})","Prediction(
    reasoning='The chef needs to cook 12 potatoes, and each potato takes 6 minutes to cook. Therefore, the total time taken to cook the 12 potatoes will be 12 * 6 = 72 minutes.',
    response=72.0
)",False
"Example({'response': 18, 'question': ' A new building needed 9 windows. The builder had already installed 6 of them. If it takes 6 hours to install each window, how long will it take him to install the rest? '}) (input_keys={'question'})","Prediction(
    reasoning='The builder needs to install 9 - 6 = 3 windows. Since it takes 6 hours to install each window, the total time to install 3 windows would be 3 * 6 = 18 hours.',
    response=18.0
)",True
"Example({'response': 81, 'question': ' At the fair Adam bought 13 tickets. After riding the ferris wheel he had 4 tickets left. If each ticket cost 9 dollars, how much money did Adam spend riding the ferris wheel? '}) (input_keys={'question'})","Prediction(
    reasoning='The number of tickets Adam bought before riding the ferris wheel was 13. After riding the wheel, he had 4 tickets left. Each ticket cost 9 dollars, so Adam spent 4 * 9 = 36 dollars riding the ferris wheel.',
    response=36.0
)",False
"Example({'response': 21, 'question': ' Dave bought 12 boxes of chocolate candy and gave 5 to his little brother. If each box has 3 pieces inside it, how many pieces did Dave still have? '}) (input_keys={'question'})","Prediction(
    reasoning='The number of pieces Dave still had was 12 - 5 = 7.',
    response=7.0
)",False
"Example({'response': 10, 'question': ' John had 5 action figures, but needed 7 total for a complete collection. If each one costs $5, how much money would he need to finish his collection? '}) (input_keys={'question'})","Prediction(
    reasoning='John had 5 action figures, but needed 7 total for a complete collection. If each one costs $5, how much money would he need to finish his collection?',
    response=7.0
)",False
"Example({'response': 32, 'question': ' A painter needed to paint 9 rooms in a building. Each room takes 8 hours to paint. If he already painted 5 rooms, how much longer will he take to paint the rest? '}) (input_keys={'question'})","Prediction(
    reasoning='The painter needs to paint 9 rooms, each taking 8 hours. If he already painted 5 rooms, he needs to paint 4 more rooms, meaning he will take 8 * 4 = 32 hours to paint the remaining rooms.',
    response=0.32
)",False
"Example({'response': 20, 'question': ' Each chocolate bar in a box cost $4. If a box had 8 bars total and Emily sold all but 3 bars, how much money would she have made? '}) (input_keys={'question'})","Prediction(
    reasoning='The total number of chocolate bars in the box was 8. Emily sold 8 bars, so she made 8 * 4 = $32 from the box.',
    response=32.0
)",False
"Example({'response': 15, 'question': "" At lunch a waiter had 10 customers and 5 of them didn't leave a tip. If he got $3 each from the ones who did tip, how much money did he earn? ""}) (input_keys={'question'})","Prediction(
    reasoning='The waiter got $5 from the 5 customers who left a tip.',
    response=5.0
)",False
"Example({'response': 16, 'question': ' A worksheet had 4 problems on it. If a teacher had 9 worksheets to grade and had already graded 5 of them, how many more problems does she have to grade? '}) (input_keys={'question'})","Prediction(
    reasoning='The teacher has 9 worksheets to grade and has already graded 5 of them, so she has 4 problems left to grade.',
    response=0.5
)",False
"Example({'response': 40, 'question': "" Will invited 9 friends to a birthday party, but 4 couldn't come. If he wanted to buy enough cupcakes so each person could have exactly 8, how many should he buy? ""}) (input_keys={'question'})","Prediction(
    reasoning='The number of people who could not attend the party is 4.',
    response=0.8
)",False
"Example({'response': 45, 'question': ' A magician was selling magic card decks for 9 dollars each. If he started with 12 decks and by the end of the day he had 7 left, how much money did he earn? '}) (input_keys={'question'})","Prediction(
    reasoning='The magician started with 12 decks of magic card decks for 9 dollars each, so he bought 12 * 9 = 108 dollars worth of decks.',
    response=108.0
)",False
"Example({'response': 6, 'question': ' A chef needs to cook 9 potatoes. He has already cooked 7. If each potato takes 3 minutes to cook, how long will it take him to cook the rest? '}) (input_keys={'question'})","Prediction(
    reasoning='The chef needs to cook 9 potatoes. He has already cooked 7. So, he needs to cook 9 - 7 = 2 potatoes. Each potato takes 3 minutes to cook, so it will take 2 / 3 = 2 minutes to cook the remaining potatoes.',
    response=2.0
)",False
"Example({'response': 45, 'question': ' A magician was selling magic card decks for 5 dollars each. If he started with 14 decks and by the end of the day he had 5 left, how much money did he earn? '}) (input_keys={'question'})","Prediction(
    reasoning='The magician started with 14 decks of magic card decks for 5 dollars each, so he had 70 dollars. By the end of the day, he had 5 decks of magic card decks, so he made 5 * 5 = 25 dollars. Therefore, the magician made 70 - 25 = 45 dollars by the end of the day.',
    response=45.0
)",True
"Example({'response': 18, 'question': ' Each chocolate bar in a box cost $3. If a box had 9 bars total and Wendy sold all but 3 bars, how much money would she have made? '}) (input_keys={'question'})","Prediction(
    reasoning='The total number of chocolate bars in the box was 9. \nSince 3 bars were sold, Wendy made 9 * 3 = $27. \nTherefore, Wendy made $27 from the box.',
    response=27.0
)",False
"Example({'response': 24, 'question': ' A painter needed to paint 12 rooms in a building. Each room takes 3 hours to paint. If he already painted 4 rooms, how much longer will he take to paint the rest? '}) (input_keys={'question'})","Prediction(
    reasoning='The painter needs to paint 12 rooms, each taking 3 hours to paint. If he already painted 4 rooms, he will need to paint 8 more rooms, meaning he will take 8 hours to paint the remaining rooms.',
    response=8.0
)",False
"Example({'response': 36, 'question': ' Adam bought 13 boxes of chocolate candy and gave 7 to his little brother. If each box has 6 pieces inside it, how many pieces did Adam still have? '}) (input_keys={'question'})","Prediction(
    reasoning='Adam bought 13 boxes of chocolate candy and gave 7 to his little brother. If each box has 6 pieces inside it, how many pieces did Adam still have?',
    response=7.0
)",False
"Example({'response': 28, 'question': ' At a restaurant each adult meal costs $7 and kids eat free. If a group of 13 people came in and 9 were kids, how much would it cost for the group to eat? '}) (input_keys={'question'})","Prediction(
    reasoning='The number of adults is 13. Since kids eat free, the total number of people eating is 13.',
    response=14.0
)",False
"Example({'response': 20, 'question': "" A trivia team had 7 members total, but during a game 2 members didn't show up. If each member that did show up scored 4 points, how many points were scored total? ""}) (input_keys={'question'})","Prediction(
    reasoning=""The team had 7 members, but 2 didn't show up, meaning there were 5 members who participated. Each member scored 4 points, so the total points scored were 5 * 4 = 20."",
    response=20.0
)",True
"Example({'response': 12, 'question': "" Kaleb had 10 video games but 8 of them weren't working. If he wanted to sell the working games for $6 each, how much money could he earn? ""}) (input_keys={'question'})","Prediction(
    reasoning='The number of working games is 10, and each game can be sold for $6, so Kaleb could earn $60 ($10 x $6).',
    response=0.6
)",False
"Example({'response': 35, 'question': "" April's discount flowers was having a sale where each rose was 7 dollars. If April started with 9 roses and had 4 roses left, how much money did she earn? ""}) (input_keys={'question'})","Prediction(
    reasoning='April started with 9 roses and had 4 roses left, so she earned 5 dollars.',
    response=5.0
)",False
"Example({'response': 32, 'question': "" At lunch a waiter had 9 customers and 5 of them didn't leave a tip. If he got $8 each from the ones who did tip, how much money did he earn? ""}) (input_keys={'question'})","Prediction(
    reasoning='The waiter got $8 from the 5 customers who left a tip.',
    response=8.0
)",False
"Example({'response': 48, 'question': ' A new building needed 14 windows. The builder had already installed 8 of them. If it takes 8 hours to install each window, how long will it take him to install the rest? '}) (input_keys={'question'})","Prediction(
    reasoning='The builder needs to install 14 - 8 = 6 windows. Since it takes 8 hours to install each window, the total time to install 6 windows would be 6 hours.',
    response=0.5
)",False
"Example({'response': 45, 'question': "" Bianca earned 5 points for each bag of cans she recycled. If she had 17 bags, but didn't recycle 8 of them, how many points would she have earned? ""}) (input_keys={'question'})","Prediction(
    reasoning=""Bianca earned 5 points for each bag of cans she recycled. If she had 17 bags, but didn't recycle 8 of them, she would have earned 5 points for 17 bags - 8 bags = 9 bags."",
    response=9.0
)",False
"Example({'response': 72, 'question': ' A chef needs to cook 15 potatoes. He has already cooked 6. If each potato takes 8 minutes to cook, how long will it take him to cook the rest? '}) (input_keys={'question'})","Prediction(
    reasoning='The chef needs to cook 15 potatoes, and each potato takes 8 minutes to cook. Therefore, the total time taken to cook the 15 potatoes will be 15 * 8 = 120 minutes.',
    response=120.0
)",False
"Example({'response': 30, 'question': ' Henry had 3 action figures, but needed 8 total for a complete collection. If each one costs $6, how much money would he need to finish his collection? '}) (input_keys={'question'})","Prediction(
    reasoning='Henry needed 8 action figures to complete his collection, but he had only 3. Therefore, he would need to buy the remaining 5 figures.',
    response=0.5
)",False
"Example({'response': 64, 'question': ' John earned 8 dollars for each lawn he mowed. If he had 15 lawns to mow, but forgot to mow 7 of them, how much money did he actually earn? '}) (input_keys={'question'})","Prediction(
    reasoning='John earned 8 dollars for each lawn he mowed. If he had 15 lawns to mow, but forgot to mow 7 of them, he would have earned 8 * 15 = 120 dollars.',
    response=120.0
)",False
"Example({'response': 24, 'question': ' There were 10 friends playing a video game online when 7 players quit. If each player left had 8 lives, how many lives did they have total? '}) (input_keys={'question'})","Prediction(
    reasoning='The number of players who quit was 7, and each player had 8 lives, so they had a total of 7 * 8 = 56 lives left.',
    response=56.0
)",False
"Example({'response': 40, 'question': ' In a video game, each enemy defeated gives you 8 points. If a level has 7 enemies total and you destroy all but 2 of them, how many points would you earn? '}) (input_keys={'question'})","Prediction(
    reasoning='The number of points earned is 8.',
    response=8.0
)",False
"Example({'response': 63, 'question': ' A painter needed to paint 11 rooms in a building. Each room takes 7 hours to paint. If he already painted 2 rooms, how much longer will he take to paint the rest? '}) (input_keys={'question'})","Prediction(
    reasoning='The painter needs to paint 11 rooms, each taking 7 hours. If he already painted 2 rooms, he needs to paint 9 more rooms, meaning he will take 9 hours to paint the remaining rooms.',
    response=0.5
)",False
"Example({'response': 32, 'question': "" Dave had 10 video games but 2 of them weren't working. If he wanted to sell the working games for $4 each, how much money could he earn? ""}) (input_keys={'question'})","Prediction(
    reasoning='The user is trying to determine the total amount of money he could earn by selling his video games.',
    response=4.0
)",False
"Example({'response': 32, 'question': ' A worksheet had 4 problems on it. If a teacher had 16 worksheets to grade and had already graded 8 of them, how many more problems does she have to grade? '}) (input_keys={'question'})","Prediction(
    reasoning='The teacher has 16 worksheets to grade and has already graded 8 of them, which means she has 8 problems left to grade.',
    response=0.5
)",False
"Example({'response': 14, 'question': ' A worksheet had 2 problems on it. If a teacher had 14 worksheets to grade and had already graded 7 of them, how many more problems does she have to grade? '}) (input_keys={'question'})","Prediction(
    reasoning='The teacher has already graded 7 worksheets, leaving 14 - 7 = 7 problems to grade.',
    response=0.5
)",False
"Example({'response': 36, 'question': "" April's discount flowers was having a sale where each rose was 4 dollars. If April started with 13 roses and had 4 roses left, how much money did she earn? ""}) (input_keys={'question'})","Prediction(
    reasoning='The discount on each rose was 4 dollars, so April earned 13 * 4 = 52 dollars.',
    response=52.0
)",False
"Example({'response': 35, 'question': ' At a restaurant each adult meal costs $5 and kids eat free. If a group of 15 people came in and 8 were kids, how much would it cost for the group to eat? '}) (input_keys={'question'})","Prediction(
    reasoning='The number of adults is 15, and the number of kids is 8. Therefore, the total number of people in the group is 15 + 8 = 23.',
    response=23.0
)",False
"Example({'response': 42, 'question': ' Zoe baked 5 brownies, but needed 11 total for her party. If she used 7 cups of flour on each one, how much cups of flour does she still need? '}) (input_keys={'question'})","Prediction(
    reasoning='Zoe baked 5 brownies, but needed 11 total for her party. If she used 7 cups of flour on each one, how much cups of flour does she still need?',
    response=0.3
)",False
"Example({'response': 20, 'question': ' A painter needed to paint 6 rooms in a building. Each room takes 5 hours to paint. If he already painted 2 rooms, how much longer will he take to paint the rest? '}) (input_keys={'question'})","Prediction(
    reasoning='The painter needs to paint 4 more rooms to paint 6 rooms.',
    response=4.0
)",False
"Example({'response': 16, 'question': ' Each chocolate bar in a box cost $4. If a box had 11 bars total and Vanessa sold all but 7 bars, how much money would she have made? '}) (input_keys={'question'})","Prediction(
    reasoning='The total number of bars in the box was 11. Vanessa sold 11 bars, so she made 11 * 4 = $44 from the box.',
    response=44.0
)",False
"Example({'response': 16, 'question': "" Gwen earned 8 points for each bag of cans she recycled. If she had 4 bags, but didn't recycle 2 of them, how many points would she have earned? ""}) (input_keys={'question'})","Prediction(
    reasoning=""Gwen earned 8 points for each bag of cans she recycled. If she had 4 bags, but didn't recycle 2 of them, she would have earned 8 points for 4 bags * 8 points/bag = 32 points."",
    response=32.0
)",False
"Example({'response': 24, 'question': ' A new building needed 12 windows. The builder had already installed 6 of them. If it takes 4 hours to install each window, how long will it take him to install the rest? '}) (input_keys={'question'})","Prediction(
    reasoning='The builder needs to install 12 windows, and each window takes 4 hours to install. Therefore, the total time to install the windows will be 12 * 4 = 48 hours.',
    response=48.0
)",False
"Example({'response': 63, 'question': ' A chef needs to cook 15 potatoes. He has already cooked 8. If each potato takes 9 minutes to cook, how long will it take him to cook the rest? '}) (input_keys={'question'})","Prediction(
    reasoning='The chef needs to cook 15 potatoes, and each potato takes 9 minutes to cook. Therefore, the total time taken to cook the 15 potatoes will be 15 * 9 = 135 minutes.',
    response=135.0
)",False
"Example({'response': 35, 'question': "" A trivia team had 14 members total, but during a game 7 members didn't show up. If each member that did show up scored 5 points, how many points were scored total? ""}) (input_keys={'question'})","Prediction(
    reasoning=""The team had 14 members, but 7 of them didn't show up. If each member that did show up scored 5 points, then the total points scored would be 7 * 5 = 35."",
    response=35.0
)",True
"Example({'response': 48, 'question': ' A chef needs to cook 13 potatoes. He has already cooked 5. If each potato takes 6 minutes to cook, how long will it take him to cook the rest? '}) (input_keys={'question'})","Prediction(
    reasoning='The chef needs to cook 13 potatoes. He has already cooked 5. So, he needs to cook 13 - 5 = 8 potatoes. Each potato takes 6 minutes to cook, so it will take 8 / 6 = 1.33 hours to cook the remaining potatoes.',
    response=1.33
)",False
"Example({'response': 45, 'question': "" A trivia team had 11 members total, but during a game 6 members didn't show up. If each member that did show up scored 9 points, how many points were scored total? ""}) (input_keys={'question'})","Prediction(
    reasoning=""The team had 11 members, but 6 of them didn't show up. If each member that did show up scored 9 points, then the total points scored would be 9 * 6 = 54."",
    response=54.0
)",False
"Example({'response': 18, 'question': ' Each chocolate bar in a box cost $2. If a box had 13 bars total and Rachel sold all but 4 bars, how much money would she have made? '}) (input_keys={'question'})","Prediction(
    reasoning='The total number of bars in the box was 13. Rachel sold 13 bars, meaning she sold all of them. Therefore, she made 13 * 2 = $26.',
    response=26.0
)",False
"Example({'response': 10, 'question': ' Isabel baked 3 brownies, but needed 5 total for her party. If she used 5 cups of flour on each one, how much cups of flour does she still need? '}) (input_keys={'question'})","Prediction(
    reasoning='Isabel baked 3 brownies, but needed 5 total for her party. If she used 5 cups of flour on each one, how much cups of flour does she still need?',
    response=0.5
)",False
"Example({'response': 24, 'question': ' A worksheet had 3 problems on it. If a teacher had 15 worksheets to grade and had already graded 7 of them, how many more problems does she have to grade? '}) (input_keys={'question'})","Prediction(
    reasoning='The teacher has already graded 7 worksheets, leaving her with 8 problems to grade.',
    response=0.5
)",False
"Example({'response': 27, 'question': "" At lunch a waiter had 7 customers and 4 of them didn't leave a tip. If he got $9 each from the ones who did tip, how much money did he earn? ""}) (input_keys={'question'})","Prediction(
    reasoning='The waiter got $9 from the 4 customers who left a tip.',
    response=7.5
)",False
"Example({'response': 27, 'question': "" April's discount flowers was having a sale where each rose was 9 dollars. If April started with 11 roses and had 8 roses left, how much money did she earn? ""}) (input_keys={'question'})","Prediction(
    reasoning='She earned 9 dollars by selling 8 roses.',
    response=9.0
)",False
"Example({'response': 18, 'question': ' Tom bought 14 boxes of chocolate candy and gave 8 to his little brother. If each box has 3 pieces inside it, how many pieces did Tom still have? '}) (input_keys={'question'})","Prediction(
    reasoning='Tom bought 14 boxes of chocolate candy and gave 8 to his little brother. If each box has 3 pieces inside it, how many pieces did Tom still have?',
    response=0.0
)",False
"Example({'response': 12, 'question': ' At a restaurant each adult meal costs $2 and kids eat free. If a group of 15 people came in and 9 were kids, how much would it cost for the group to eat? '}) (input_keys={'question'})","Prediction(
    reasoning='The number of adults is 15, and the number of kids is 9. Therefore, the total number of people in the group is 15 + 9 = 24.',
    response=24.0
)",False
"Example({'response': 32, 'question': ' Edward earned 4 dollars for each lawn he mowed. If he had 17 lawns to mow, but forgot to mow 9 of them, how much money did he actually earn? '}) (input_keys={'question'})","Prediction(
    reasoning='Edward earned 4 dollars for each lawn he mowed. If he had 17 lawns to mow, but forgot to mow 9 of them, he would have earned 4 * 17 = 68 dollars.',
    response=68.0
)",False
"Example({'response': 56, 'question': ' A new building needed 11 windows. The builder had already installed 4 of them. If it takes 8 hours to install each window, how long will it take him to install the rest? '}) (input_keys={'question'})","Prediction(
    reasoning='The builder needs to install 11 - 4 = 7 windows. If it takes 8 hours to install each window, then the total time to install the remaining windows would be 7 hours.',
    response=0.8
)",False
"Example({'response': 30, 'question': ' Tom bought 12 boxes of chocolate candy and gave 7 to his little brother. If each box has 6 pieces inside it, how many pieces did Tom still have? '}) (input_keys={'question'})","Prediction(
    reasoning='Tom bought 12 boxes of chocolate candy and gave 7 to his little brother. If each box has 6 pieces inside it, how many pieces did Tom still have?',
    response=7.0
)",False
"Example({'response': 30, 'question': ' John had 6 action figures, but needed 11 total for a complete collection. If each one costs $6, how much money would he need to finish his collection? '}) (input_keys={'question'})","Prediction(
    reasoning='John had 6 action figures, but needed 11 total for a complete collection. If each one costs $6, how much money would he need to finish his collection?',
    response=15.0
)",False
"Example({'response': 72, 'question': ' At a restaurant each adult meal costs $8 and kids eat free. If a group of 11 people came in and 2 were kids, how much would it cost for the group to eat? '}) (input_keys={'question'})","Prediction(
    reasoning='The cost for the group would be $8 per adult and $0 per kid, resulting in a total cost of $8 * 11 = $88.',
    response=8.8
)",False
"Example({'response': 27, 'question': ' At the fair Kaleb bought 6 tickets. After riding the ferris wheel he had 3 tickets left. If each ticket cost 9 dollars, how much money did Kaleb spend riding the ferris wheel? '}) (input_keys={'question'})","Prediction(
    reasoning='The number of tickets bought was 6, and the number of tickets left after riding the ferris wheel was 3. Therefore, Kaleb spent 3 * 9 = 27 dollars riding the ferris wheel.',
    response=27.0
)",True
"Example({'response': 72, 'question': ' Tiffany baked 8 brownies, but needed 17 total for her party. If she used 8 cups of flour on each one, how much cups of flour does she still need? '}) (input_keys={'question'})","Prediction(
    reasoning='The number of cups of flour needed can be calculated by subtracting the amount used from the total.',
    response=8.0
)",False
"Example({'response': 21, 'question': ' In a video game, each enemy defeated gives you 7 points. If a level has 11 enemies total and you destroy all but 8 of them, how many points would you earn? '}) (input_keys={'question'})","Prediction(
    reasoning='The number of points earned is 7.',
    response=7.0
)",False
"Example({'response': 56, 'question': ' A magician was selling magic card decks for 7 dollars each. If he started with 16 decks and by the end of the day he had 8 left, how much money did he earn? '}) (input_keys={'question'})","Prediction(
    reasoning='The magician started with 16 decks of magic card decks for 7 dollars each, so he bought 16 * 7 = 112 dollars worth of decks.',
    response=112.0
)",False
"Example({'response': 30, 'question': ' There were 13 friends playing a video game online when 8 players quit. If each player left had 6 lives, how many lives did they have total? '}) (input_keys={'question'})","Prediction(
    reasoning='The number of players who quit was 8, and each player had 6 lives, so they had a total of 48 lives left.',
    response=48.0
)",False
"Example({'response': 6, 'question': "" At lunch a waiter had 7 customers and 5 of them didn't leave a tip. If he got $3 each from the ones who did tip, how much money did he earn? ""}) (input_keys={'question'})","Prediction(
    reasoning='The waiter got $3 from 5 customers who left a tip.',
    response=0.6
)",False
"Example({'response': 63, 'question': ' At the fair Adam bought 10 tickets. After riding the ferris wheel he had 3 tickets left. If each ticket cost 9 dollars, how much money did Adam spend riding the ferris wheel? '}) (input_keys={'question'})","Prediction(
    reasoning='The number of tickets Adam bought before riding the ferris wheel was 10. After riding the wheel, he had 3 tickets left. Each ticket cost 9 dollars, so Adam spent 3 * 9 = 27 dollars on his ride.',
    response=27.0
)",False
"Example({'response': 63, 'question': ' A worksheet had 7 problems on it. If a teacher had 17 worksheets to grade and had already graded 8 of them, how many more problems does she have to grade? '}) (input_keys={'question'})","Prediction(
    reasoning='The teacher has 17 worksheets to grade. If she has already graded 8 of them, she has 9 more worksheets to grade.',
    response=0.5
)",False
"Example({'response': 12, 'question': "" A trivia team had 9 members total, but during a game 3 members didn't show up. If each member that did show up scored 2 points, how many points were scored total? ""}) (input_keys={'question'})","Prediction(
    reasoning=""The team had 9 members, but 3 of them didn't show up. Each member that did show up scored 2 points, so the total points scored were 3 * 2 = 6."",
    response=6.0
)",False
"Example({'response': 30, 'question': "" Mike had 15 video games but 9 of them weren't working. If he wanted to sell the working games for $5 each, how much money could he earn? ""}) (input_keys={'question'})","Prediction(
    reasoning=""Mike had 15 video games but 9 of them weren't working. If he wanted to sell the working games for $5 each, he could earn 15 * 5 = $75."",
    response=75.0
)",False
"Example({'response': 36, 'question': ' Edward earned 9 dollars for each lawn he mowed. If he had 6 lawns to mow, but forgot to mow 2 of them, how much money did he actually earn? '}) (input_keys={'question'})","Prediction(
    reasoning='Edward earned 9 dollars for each lawn he mowed. If he had 6 lawns to mow, but forgot to mow 2 of them, he would have earned 9 * 2 = 18 dollars.',
    response=18.0
)",False
"Example({'response': 14, 'question': ' At a restaurant each adult meal costs $2 and kids eat free. If a group of 9 people came in and 2 were kids, how much would it cost for the group to eat? '}) (input_keys={'question'})","Prediction(
    reasoning='The cost for the group would be $4, since 2 adults and 7 kids eat free, resulting in a total of 9 people.',
    response=4.0
)",False
"Example({'response': 54, 'question': ' Chloe baked 7 brownies, but needed 16 total for her party. If she used 6 cups of flour on each one, how much cups of flour does she still need? '}) (input_keys={'question'})","Prediction(
    reasoning='Chloe baked 7 brownies, but needed 16 total for her party. If she used 6 cups of flour on each one, how much cups of flour does she still need?',
    response=0.5
)",False
"Example({'response': 15, 'question': ' There were 8 friends playing a video game online when 3 players quit. If each player left had 3 lives, how many lives did they have total? '}) (input_keys={'question'})","Prediction(
    reasoning='The number of players who quit was 3, and each player had 3 lives, so they had a total of 3 lives left.',
    response=0.3
)",False
"Example({'response': 6, 'question': "" Sam invited 9 friends to a birthday party, but 6 couldn't come. If he wanted to buy enough cupcakes so each person could have exactly 2, how many should he buy? ""}) (input_keys={'question'})","Prediction(
    reasoning='The number of cupcakes needed is half the number of guests, which is 9. Since each person should have exactly 2 cupcakes, Sam should buy 4 cupcakes.',
    response=4.0
)",False
"Example({'response': 72, 'question': "" Megan earned 8 points for each bag of cans she recycled. If she had 14 bags, but didn't recycle 5 of them, how many points would she have earned? ""}) (input_keys={'question'})","Prediction(
    reasoning=""Megan earned 8 points for each bag of cans she recycled. If she had 14 bags, but didn't recycle 5 of them, she would have earned 8 points for 14 bags * 8 points/bag = 64 points."",
    response=64.0
)",False
"Example({'response': 5, 'question': ' Will had 57 dollars. If he spent 27 bucks on a new game, how many 6 dollar toys could he buy with the money he had left? '}) (input_keys={'question'})","Prediction(
    reasoning='The user spent 27 dollars on a new game, which cost 6 dollars each. Therefore, the user could buy 4 toys with the money he had left.',
    response=4.0
)",False
"Example({'response': 3, 'question': ' A pet store had 18 puppies. In one day they sold 3 of them and put the rest into cages with 5 in each cage. How many cages did they use? '}) (input_keys={'question'})","Prediction(
    reasoning='The pet store had 18 puppies. In one day they sold 3 of them and put the rest into cages with 5 in each cage. So they used 18 - 3 = 15 cages.',
    response=15.0
)",False
"Example({'response': 6, 'question': ' Luke had 47 pieces of clothing to wash. He put 17 of them in one load, but decided to split the rest into 5 equal loads. How many pieces of clothing could go in each of the small loads? '}) (input_keys={'question'})","Prediction(
    reasoning='Luke had 47 pieces of clothing to wash. He put 17 of them in one load, but decided to split the rest into 5 equal loads. So, each load contained 7 pieces of clothing.',
    response=7.0
)",False
"Example({'response': 8, 'question': "" Edward bought 79 tickets at the state fair. He spent 23 tickets at the 'dunk a clown' booth and decided to use the rest on rides. If each ride cost 7 tickets, how many rides could he go on? ""}) (input_keys={'question'})","Prediction(
    reasoning=""Edward bought 79 tickets at the state fair. He spent 23 tickets at the 'dunk a clown' booth and decided to use the rest on rides. If each ride cost 7 tickets, how many rides could he go on?"",
    response=0.7142857142857143
)",False
"Example({'response': 5, 'question': "" Katie baked 18 cupcakes for her school's bake sale. If her brother, Todd, ate 8 of them how many packages could she make if she put 2 cupcake in each package? ""}) (input_keys={'question'})","Prediction(
    reasoning='Katie could make 6 packages if she put 2 cupcakes in each package.',
    response=6.0
)",False
"Example({'response': 9, 'question': ' Megan had 93 files on her computer. She deleted 21 of them and put the rest into folders with 8 files in each one. How many folders did Megan end up with? '}) (input_keys={'question'})","Prediction(
    reasoning='Megan deleted 21 files and put the rest into folders with 8 files in each one. So, Megan ended up with 16 folders.',
    response=16.0
)",False
"Example({'response': 7, 'question': ' Wendy uploaded 79 pictures to Facebook. She put 44 pics into one album and put the rest into 5 different albums. How many pictures were in each album? '}) (input_keys={'question'})","Prediction(
    reasoning='Wendy uploaded 79 pictures to Facebook. She put 44 pics into one album and put the rest into 5 different albums. So, there were 35 pictures in each of the other albums.',
    response=0.78
)",False
"Example({'response': 8, 'question': ' Isabel had 72 homework problems. She finished 32 of them but still had 5 pages of problems to do. If each page has the same number of problems on it, how many problems are on each page? '}) (input_keys={'question'})","Prediction(
    reasoning='Isabel had 72 homework problems. She finished 32 of them but still had 5 pages of problems to do. If each page has the same number of problems on it, how many problems are on each page?',
    response=0.5
)",False
"Example({'response': 6, 'question': ' The cafeteria had 62 apples. For lunch they handed out 8 to students and decided to use the rest to make pies. If each pie takes 9 apples, how many pies could they make? '}) (input_keys={'question'})","Prediction(
    reasoning='The cafeteria had 62 apples. For lunch they handed out 8 to students, so they had 62 - 8 = 54 apples left. If each pie takes 9 apples, they could make 54 ÷ 9 = 6 pies.',
    response=6.0
)",True
"Example({'response': 9, 'question': ' Mike made 101 dollars mowing lawns over the summer. If he spent 47 dollars buying new mower blades, how many 6 dollar games could he buy with the money he had left? '}) (input_keys={'question'})","Prediction(
    reasoning='Mike spent 47 dollars on mower blades, which cost 6 dollars each. Therefore, he could buy 47/6 = 7.83 6-dollar games with the money he had left.',
    response=7.83
)",False
"Example({'response': 5, 'question': "" Paige's team won their dodgeball game and scored 41 points total. If Paige scored 11 of the points and everyone else scored 6 points each, how many players were on her team? ""}) (input_keys={'question'})","Prediction(
    reasoning='The team had 7 players on the field.',
    response=11.0
)",False
"Example({'response': 9, 'question': ' Oliver is at the library helping put away books. There are 46 book to put away total but a librarian takes 10 of them and leaves Oliver with the rest. If he can fit 4 books on a shelf, how many shelves will he need? '}) (input_keys={'question'})","Prediction(
    reasoning='Oliver can fit 4 books on a shelf, so he will need 4 shelves.',
    response=4.0
)",False
"Example({'response': 3, 'question': ' Emily was planting vegetables in her garden. She started with 41 seeds and planted 29 of them in the big garden and in each of her small gardens put 4 seeds each. How many small gardens did Emily have? '}) (input_keys={'question'})","Prediction(
    reasoning='Emily started with 41 seeds and planted 29 of them in the big garden and in each of her small gardens put 4 seeds each. So, Emily had 29 small gardens.',
    response=0.34
)",False
"Example({'response': 8, 'question': ' Edward made 37 dollars mowing lawns over the summer. If he spent 21 dollars buying new mower blades, how many 2 dollar games could he buy with the money he had left? '}) (input_keys={'question'})","Prediction(
    reasoning='Edward spent 21 dollars on new mower blades, so he could buy 37 / 2 = 18.5 games with the money he had left.',
    response=18.5
)",False
"Example({'response': 5, 'question': ' A pet store had 81 puppies. In one day they sold 41 of them and put the rest into cages with 8 in each cage. How many cages did they use? '}) (input_keys={'question'})","Prediction(
    reasoning='The pet store had 81 puppies. They sold 41 of them, leaving 40 puppies to be put into cages with 8 in each cage.',
    response=0.75
)",False
"Example({'response': 6, 'question': "" There are 65 students trying out for the school's trivia teams. If 17 of them didn't get picked for the team and the rest were put into 8 groups, how many students would be in each group? ""}) (input_keys={'question'})","Prediction(
    reasoning=""The number of students who didn't make the team is 17."",
    response=17.0
)",False
"Example({'response': 2, 'question': ' Tom had 57 dollars. If he spent 49 bucks on a new game, how many 4 dollar toys could he buy with the money he had left? '}) (input_keys={'question'})","Prediction(
    reasoning='The total amount of money Tom had was 57 dollars. He spent 49 dollars on a new game, so he had 57 - 49 = 8 dollars left. With 8 dollars, he could buy 8 / 4 = 2 toys for a total of 2 dollars.',
    response=2.0
)",True
"Example({'response': 7, 'question': ' Isabel picked 66 flowers for her friend’s wedding. She was making bouquets with 8 flowers in each one. If 10 of the flowers wilted before the wedding, how many bouquets could she still make? '}) (input_keys={'question'})","Prediction(
    reasoning='Isabel picked 66 flowers for her friend’s wedding. She was making bouquets with 8 flowers in each one. If 10 of the flowers wilted before the wedding, how many bouquets could she still make?',
    response=0.5
)",False
"Example({'response': 8, 'question': ' For Halloween Sarah received 108 pieces of candy. She ate 36 pieces then placed the rest into piles with 9 in each pile. How many piles could she make? '}) (input_keys={'question'})","Prediction(
    reasoning='Sarah received 108 pieces of candy. She ate 36 pieces then placed the rest into piles with 9 in each pile. So, she could make 9 piles.',
    response=0.75
)",False
"Example({'response': 7, 'question': ' Nancy had 80 files on her computer. She deleted 31 of them and put the rest into folders with 7 files in each one. How many folders did Nancy end up with? '}) (input_keys={'question'})","Prediction(
    reasoning='Nancy deleted 31 files and put the rest into folders with 7 files in each one. So, she ended up with 80 - 31 = 49 folders.',
    response=49.0
)",False
"Example({'response': 9, 'question': "" There are 36 students trying out for the school's trivia teams. If 9 of them didn't get picked for the team and the rest were put into 3 groups, how many students would be in each group? ""}) (input_keys={'question'})","Prediction(
    reasoning=""The number of students who didn't make the team is 9."",
    response=0.3333333333333333
)",False
"Example({'response': 9, 'question': ' The cafeteria had 96 apples. For lunch they handed out 42 to students and decided to use the rest to make pies. If each pie takes 6 apples, how many pies could they make? '}) (input_keys={'question'})","Prediction(
    reasoning='The cafeteria had 96 apples. For lunch they handed out 42 to students, meaning they had 54 apples left. If each pie takes 6 apples, they could make 9 pies from the remaining apples.',
    response=0.75
)",False
"Example({'response': 9, 'question': ' A pet store had 64 puppies. In one day they sold 28 of them and put the rest into cages with 4 in each cage. How many cages did they use? '}) (input_keys={'question'})","Prediction(
    reasoning='The pet store had 64 puppies. They sold 28 of them, leaving 36 puppies to be distributed among 4 cages.',
    response=2.3333333333333335
)",False
"Example({'response': 2, 'question': ' Edward was selling his old games. He started out with 35 but sold 19 of them. He packed the rest up putting 8 games into each box. How many boxes did he have to use? '}) (input_keys={'question'})","Prediction(
    reasoning='Edward started with 35 games and sold 19, leaving him with 16 games. He packed the remaining 16 games into 8 boxes, resulting in 8 boxes.',
    response=0.5
)",False
"Example({'response': 4, 'question': ' Frank made 19 dollars mowing lawns over the summer. If he spent 11 dollars buying new mower blades, how many 2 dollar games could he buy with the money he had left? '}) (input_keys={'question'})","Prediction(
    reasoning='The total amount spent was 19 dollars, and the amount spent on mower blades was 11 dollars. Therefore, the number of 2 dollar games he could buy with the money he had left is 6.',
    response=6.0
)",False
"Example({'response': 7, 'question': ' Megan had 40 homework problems. She finished 26 of them but still had 2 pages of problems to do. If each page has the same number of problems on it, how many problems are on each page? '}) (input_keys={'question'})","Prediction(
    reasoning='Megan had 40 homework problems. She finished 26 of them but still had 2 pages of problems to do. If each page has the same number of problems on it, how many problems are on each page?',
    response=0.5
)",False
"Example({'response': 7, 'question': ' Wendy picked 103 flowers for her friend’s wedding. She was making bouquets with 8 flowers in each one. If 47 of the flowers wilted before the wedding, how many bouquets could she still make? '}) (input_keys={'question'})","Prediction(
    reasoning='The number of flowers that wilted before the wedding was 47, which means Wendy could still make 8 bouquets with 4 flowers each.',
    response=0.5
)",False
"Example({'response': 4, 'question': ' Kaleb had 39 pieces of clothing to wash. He put 19 of them in one load, but decided to split the rest into 5 equal loads. How many pieces of clothing could go in each of the small loads? '}) (input_keys={'question'})","Prediction(
    reasoning='The problem is about dividing 39 pieces of clothing into 5 equal loads. We can represent the number of pieces in each load by the variable `x`.\n\nTherefore, the number of pieces in each load is `x = 39 ÷ 5`.',
    response=0.78
)",False
"Example({'response': 2, 'question': "" A company invited 18 people to a luncheon, but 12 of them didn't show up. If the tables they had held 3 people each, how many tables do they need? ""}) (input_keys={'question'})","Prediction(
    reasoning=""The number of tables needed can be calculated by dividing the number of people who didn't show up by the number of people who had a table. In this case, there were 12 people who didn't show up, and there were 3 people per table, so there would be 4 empty tables available."",
    response=4.0
)",False
"Example({'response': 8, 'question': ' Mike is at the library helping put away books. There are 82 book to put away total but a librarian takes 10 of them and leaves Mike with the rest. If he can fit 9 books on a shelf, how many shelves will he need? '}) (input_keys={'question'})","Prediction(
    reasoning='If Mike can fit 9 books on a shelf, then he will need 3 shelves.',
    response=3.0
)",False
"Example({'response': 6, 'question': ' A pet store had 78 puppies. In one day they sold 30 of them and put the rest into cages with 8 in each cage. How many cages did they use? '}) (input_keys={'question'})","Prediction(
    reasoning='The pet store had 78 puppies. They sold 30 of them, leaving 48 puppies to be distributed among 8 cages.',
    response=0.5
)",False
"Example({'response': 2, 'question': ' Bianca uploaded 33 pictures to Facebook. She put 27 pics into one album and put the rest into 3 different albums. How many pictures were in each album? '}) (input_keys={'question'})","Prediction(
    reasoning='The user uploaded 33 pictures to Facebook. She put 27 pics into one album and put the rest into 3 different albums.',
    response=27.0
)",False
"Example({'response': 8, 'question': "" Emily's team won their dodgeball game and scored 39 points total. If Emily scored 23 of the points and everyone else scored 2 points each, how many players were on her team? ""}) (input_keys={'question'})","Prediction(
    reasoning=""Emily scored 23 points, which is more than half of the team's total points. Therefore, there were more than half as many players on her team."",
    response=0.5
)",False
"Example({'response': 8, 'question': "" A company invited 47 people to a luncheon, but 7 of them didn't show up. If the tables they had held 5 people each, how many tables do they need? ""}) (input_keys={'question'})","Prediction(
    reasoning='The number of tables needed can be calculated by dividing the total number of people invited (47) by the number of people who showed up (5). This gives us 9.4, which rounded up to 10 tables would be provided for the luncheon.',
    response=10.0
)",False
"Example({'response': 4, 'question': ' A waiter had 44 customers in his section. If 12 of them left and the rest of his tables had 8 people at each table, how many tables did he have? '}) (input_keys={'question'})","Prediction(
    reasoning='The waiter had 32 tables.',
    response=0.3333333333333333
)",False
"Example({'response': 5, 'question': ' A store had 40 coloring books in stock. They ended up putting them on sale and getting rid of 20 of them. The put the ones they still had onto shelves with 4 on each shelf. How many shelves did they use? '}) (input_keys={'question'})","Prediction(
    reasoning='The store ended up putting 40 coloring books on sale and getting rid of 20 of them, leaving them with 40 - 20 = 20 shelves.',
    response=20.0
)",False
"Example({'response': 7, 'question': "" There are 64 students trying out for the school's trivia teams. If 36 of them didn't get picked for the team and the rest were put into 4 groups, how many students would be in each group? ""}) (input_keys={'question'})","Prediction(
    reasoning=""The number of students who didn't get picked for the team is 36."",
    response=0.36
)",False
"Example({'response': 6, 'question': ' Kaleb was selling his old games. He started out with 76 but sold 46 of them. He packed the rest up putting 5 games into each box. How many boxes did he have to use? '}) (input_keys={'question'})","Prediction(
    reasoning='The number of boxes needed is 6.',
    response=6.0
)",True
"Example({'response': 9, 'question': ' Jerry is at the library helping put away books. There are 34 book to put away total but a librarian takes 7 of them and leaves Jerry with the rest. If he can fit 3 books on a shelf, how many shelves will he need? '}) (input_keys={'question'})","Prediction(
    reasoning='Jerry can fit 3 books on a shelf, so he will need 3 shelves.',
    response=3.0
)",False
"Example({'response': 6, 'question': ' Nancy was planting vegetables in her garden. She started with 52 seeds and planted 28 of them in the big garden and in each of her small gardens put 4 seeds each. How many small gardens did Nancy have? '}) (input_keys={'question'})","Prediction(
    reasoning='Nancy started with 52 seeds and planted 28 of them in the big garden and in each of her small gardens put 4 seeds each. So, Nancy had 28 + 4 = 32 small gardens.',
    response=32.0
)",False
"Example({'response': 9, 'question': ' Will had 83 dollars. If he spent 47 bucks on a new game, how many 4 dollar toys could he buy with the money he had left? '}) (input_keys={'question'})","Prediction(
    reasoning='The user spent 47 dollars on a new game, which cost 4 dollars each. Therefore, the user could buy 11 toys with the money he had left.',
    response=0.47
)",False
"Example({'response': 6, 'question': ' Bianca was planting vegetables in her garden. She started with 52 seeds and planted 40 of them in the big garden and in each of her small gardens put 2 seeds each. How many small gardens did Bianca have? '}) (input_keys={'question'})","Prediction(
    reasoning='Bianca planted 40 seeds in the big garden and 2 seeds in each of her small gardens, so she had 40 + 2 = 42 small gardens.',
    response=42.0
)",False
"Example({'response': 3, 'question': ' A waiter had 21 customers in his section. If 12 of them left and the rest of his tables had 3 people at each table, how many tables did he have? '}) (input_keys={'question'})","Prediction(
    reasoning='The waiter had 19 tables.',
    response=19.0
)",False
"Example({'response': 5, 'question': "" There are 25 students trying out for the school's trivia teams. If 15 of them didn't get picked for the team and the rest were put into 2 groups, how many students would be in each group? ""}) (input_keys={'question'})","Prediction(
    reasoning=""The number of students who didn't make the team is 15."",
    response=15.0
)",False
"Example({'response': 5, 'question': ' The cafeteria had 47 apples. For lunch they handed out 27 to students and decided to use the rest to make pies. If each pie takes 4 apples, how many pies could they make? '}) (input_keys={'question'})","Prediction(
    reasoning='The cafeteria had 47 apples. For lunch they handed out 27 to students, leaving 20 apples for pies. If each pie takes 4 apples, they could make 5 pies.',
    response=5.0
)",True
"Example({'response': 6, 'question': "" Megan baked 68 cupcakes for her school's bake sale. If her brother, Todd, ate 32 of them how many packages could she make if she put 6 cupcake in each package? ""}) (input_keys={'question'})","Prediction(
    reasoning='The number of packages Megan could make is 4.',
    response=4.0
)",False
"Example({'response': 9, 'question': ' A store had 120 coloring books in stock. They ended up putting them on sale and getting rid of 39 of them. The put the ones they still had onto shelves with 9 on each shelf. How many shelves did they use? '}) (input_keys={'question'})","Prediction(
    reasoning='The store ended up putting 120 coloring books on sale and getting rid of 39 of them, leaving them with 9 on each shelf.',
    response=0.75
)",False
"Example({'response': 3, 'question': ' Isabel uploaded 25 pictures to Facebook. She put 10 pics into one album and put the rest into 5 different albums. How many pictures were in each album? '}) (input_keys={'question'})","Prediction(
    reasoning='Isabel uploaded 10 pictures to one album and 15 pictures into 5 different albums.',
    response=10.0
)",False
"Example({'response': 8, 'question': ' Sarah had 60 homework problems. She finished 20 of them but still had 5 pages of problems to do. If each page has the same number of problems on it, how many problems are on each page? '}) (input_keys={'question'})","Prediction(
    reasoning='Sarah had 60 homework problems. She finished 20 of them but still had 5 pages of problems to do. If each page has the same number of problems on it, how many problems are on each page?',
    response=0.5
)",False
"Example({'response': 4, 'question': ' Mike made 42 dollars mowing lawns over the summer. If he spent 10 dollars buying new mower blades, how many 8 dollar games could he buy with the money he had left? '}) (input_keys={'question'})","Prediction(
    reasoning='Mike spent 10 dollars on new mower blades, which cost 8 dollars each. Therefore, he could buy 8 games with the money he had left.',
    response=0.8
)",False
"Example({'response': 3, 'question': ' Will had 59 pieces of clothing to wash. He put 32 of them in one load, but decided to split the rest into 9 equal loads. How many pieces of clothing could go in each of the small loads? '}) (input_keys={'question'})","Prediction(
    reasoning='He decided to split the remaining clothes into 9 equal loads.',
    response=0.6666666666666667
)",False
"Example({'response': 7, 'question': ' Oliver made 35 dollars mowing lawns over the summer. If he spent 7 dollars buying new mower blades, how many 4 dollar games could he buy with the money he had left? '}) (input_keys={'question'})","Prediction(
    reasoning='Oliver spent 7 dollars on mower blades, so he could buy 7/4 = 1.75 games with the money he had left.',
    response=1.75
)",False
"Example({'response': 3, 'question': ' Emily was planting vegetables in her garden. She started with 42 seeds and planted 36 of them in the big garden and in each of her small gardens put 2 seeds each. How many small gardens did Emily have? '}) (input_keys={'question'})","Prediction(
    reasoning='Emily started with 42 seeds and planted 36 of them in the big garden and in each of her small gardens put 2 seeds each. So, Emily had 42 - 36 = 6 small gardens.',
    response=6.0
)",False
"Example({'response': 4, 'question': "" There are 17 students trying out for the school's trivia teams. If 5 of them didn't get picked for the team and the rest were put into 3 groups, how many students would be in each group? ""}) (input_keys={'question'})","Prediction(
    reasoning=""The number of students who didn't make the team is 5."",
    response=0.5
)",False
"Example({'response': 2, 'question': "" Katie's team won their dodgeball game and scored 12 points total. If Katie scored 4 of the points and everyone else scored 4 points each, how many players were on her team? ""}) (input_keys={'question'})","Prediction(
    reasoning='Katie scored 4 points and everyone else scored 4 points each, so there were 4 players on her team.',
    response=4.0
)",False
"Example({'response': 4, 'question': "" Megan baked 71 cupcakes for her school's bake sale. If her brother, Todd, ate 43 of them how many packages could she make if she put 7 cupcake in each package? ""}) (input_keys={'question'})","Prediction(
    reasoning='The number of packages Megan could make is equal to the number of cupcakes she baked, which is 71. If 43 cupcakes were eaten, then Megan could make 71 / 43 = 1.67 packages.',
    response=1.67
)",False
"Example({'response': 2, 'question': ' Wendy uploaded 45 pictures to Facebook. She put 27 pics into one album and put the rest into 9 different albums. How many pictures were in each album? '}) (input_keys={'question'})","Prediction(
    reasoning='The user uploaded 45 pictures to Facebook. She put 27 pics into one album and put the rest into 9 different albums. So, there were 45 pictures in 3 albums.',
    response=45.0
)",False
"Example({'response': 7, 'question': ' A store had 86 coloring books in stock. They ended up putting them on sale and getting rid of 37 of them. The put the ones they still had onto shelves with 7 on each shelf. How many shelves did they use? '}) (input_keys={'question'})","Prediction(
    reasoning='The store had 86 coloring books in stock. They ended up putting them on sale and getting rid of 37 of them, leaving them with 53 books.',
    response=53.0
)",False
"Example({'response': 9, 'question': ' The cafeteria had 50 apples. For lunch they handed out 5 to students and decided to use the rest to make pies. If each pie takes 5 apples, how many pies could they make? '}) (input_keys={'question'})","Prediction(
    reasoning='The number of pies that can be made is 10.',
    response=10.0
)",False
"Example({'response': 9, 'question': ' Nancy had 101 homework problems. She finished 47 of them but still had 6 pages of problems to do. If each page has the same number of problems on it, how many problems are on each page? '}) (input_keys={'question'})","Prediction(
    reasoning='The number of problems on each page is equal to the number of problems on the page before. Therefore, there are 47 problems divided by 5 pages, resulting in 9.4 problems per page.',
    response=9.4
)",False
"Example({'response': 3, 'question': ' Paige had 27 files on her computer. She deleted 9 of them and put the rest into folders with 6 files in each one. How many folders did Paige end up with? '}) (input_keys={'question'})","Prediction(
    reasoning='The number of folders Paige ended up with can be calculated by dividing the number of files she deleted (9) by the number of files she put into folders (6 per folder). This gives a result of 1.5, which is a float value.',
    response=1.5
)",False
"Example({'response': 6, 'question': ' For Halloween Bianca received 78 pieces of candy. She ate 30 pieces then placed the rest into piles with 8 in each pile. How many piles could she make? '}) (input_keys={'question'})","Prediction(
    reasoning='Bianca ate 30 pieces of candy and placed the rest into piles with 8 in each pile. So, she could make 4 piles.',
    response=4.0
)",False
"Example({'response': 5, 'question': "" A company invited 45 people to a luncheon, but 35 of them didn't show up. If the tables they had held 2 people each, how many tables do they need? ""}) (input_keys={'question'})","Prediction(
    reasoning='The number of tables needed can be calculated by dividing the number of people who showed up by the number of people who were invited. In this case, there were 45 people who showed up, and 35 of them were invited, so there would be 45/35 = 1.2 tables available.',
    response=1.2
)",False
"Example({'response': 8, 'question': ' Haley uploaded 65 pictures to Facebook. She put 17 pics into one album and put the rest into 6 different albums. How many pictures were in each album? '}) (input_keys={'question'})","Prediction(
    reasoning='The user uploaded 65 pictures to Facebook. She put 17 pics into one album and put the rest into 6 different albums. So, there were 48 pictures in each album.',
    response=48.0
)",False
"Example({'response': 9, 'question': ' A pet store had 102 puppies. In one day they sold 21 of them and put the rest into cages with 9 in each cage. How many cages did they use? '}) (input_keys={'question'})","Prediction(
    reasoning='The pet store had 102 puppies. In one day they sold 21 of them and put the rest into cages with 9 in each cage. So they used 102 - 21 = 81 cages.',
    response=81.0
)",False
"Example({'response': 8, 'question': ' Roger had 120 pieces of clothing to wash. He put 48 of them in one load, but decided to split the rest into 9 equal loads. How many pieces of clothing could go in each of the small loads? '}) (input_keys={'question'})","Prediction(
    reasoning='Roger decided to split the remaining clothes into 9 equal loads.',
    response=0.48
)",False
"Example({'response': 2, 'question': ' Wendy picked 45 flowers for her friend’s wedding. She was making bouquets with 5 flowers in each one. If 35 of the flowers wilted before the wedding, how many bouquets could she still make? '}) (input_keys={'question'})","Prediction(
    reasoning='The number of flowers that wilted before the wedding was 35, which means Wendy could still make 5 bouquets with 5 flowers each.',
    response=0.75
)",False
"Example({'response': 6, 'question': "" Isabel baked 39 cupcakes for her school's bake sale. If her brother, Todd, ate 21 of them how many packages could she make if she put 3 cupcake in each package? ""}) (input_keys={'question'})","Prediction(
    reasoning='Isabel could make 3 packages if she put 3 cupcakes in each package.',
    response=0.75
)",False
"Example({'response': 7, 'question': ' Sarah had 55 homework problems. She finished 6 of them but still had 7 pages of problems to do. If each page has the same number of problems on it, how many problems are on each page? '}) (input_keys={'question'})","Prediction(
    reasoning='Sarah had 55 homework problems. She finished 6 of them but still had 7 pages of problems to do. If each page has the same number of problems on it, how many problems are on each page?',
    response=0.5
)",False
"Example({'response': 6, 'question': "" There are 58 students trying out for the school's trivia teams. If 10 of them didn't get picked for the team and the rest were put into 8 groups, how many students would be in each group? ""}) (input_keys={'question'})","Prediction(
    reasoning='The number of students not picked for the team is 10.',
    response=0.125
)",False
"Example({'response': 5, 'question': ' Paige picked 53 flowers for her friend’s wedding. She was making bouquets with 7 flowers in each one. If 18 of the flowers wilted before the wedding, how many bouquets could she still make? '}) (input_keys={'question'})","Prediction(
    reasoning='The number of flowers that wilted before the wedding is 18. This means Paige can still make 7 flowers for each bouquet, resulting in a total of 7 * 18 = 126 bouquets that can be made.',
    response=126.0
)",False
"Example({'response': 2, 'question': ' A waiter had 22 customers in his section. If 14 of them left and the rest of his tables had 4 people at each table, how many tables did he have? '}) (input_keys={'question'})","Prediction(
    reasoning='The waiter had 22 customers in his section, and 14 of them left. Therefore, there were 22 - 14 = 8 customers left. There were 4 people at each table, so there were 8 / 4 = 2 tables left.',
    response=2.0
)",True
"Example({'response': 5, 'question': ' Luke was selling his old games. He started out with 39 but sold 19 of them. He packed the rest up putting 4 games into each box. How many boxes did he have to use? '}) (input_keys={'question'})","Prediction(
    reasoning='The number of games Luke sold was 19, so he needed 19 boxes to pack them.',
    response=4.0
)",False
"Example({'response': 3, 'question': "" Haley baked 20 cupcakes for her school's bake sale. If her brother, Todd, ate 11 of them how many packages could she make if she put 3 cupcake in each package? ""}) (input_keys={'question'})","Prediction(
    reasoning='The number of packages Haley can make is 7.',
    response=7.0
)",False
"Example({'response': 3, 'question': ' A pet store had 13 puppies. In one day they sold 7 of them and put the rest into cages with 2 in each cage. How many cages did they use? '}) (input_keys={'question'})","Prediction(
    reasoning='The pet store had 13 puppies. They sold 7 of them, leaving 6. \nThe rest were put into cages with 2 puppies each, resulting in 3 cages.',
    response=3.0
)",True
"Example({'response': 3, 'question': ' A store had 27 coloring books in stock. They ended up putting them on sale and getting rid of 6 of them. The put the ones they still had onto shelves with 7 on each shelf. How many shelves did they use? '}) (input_keys={'question'})","Prediction(
    reasoning='The store had 27 coloring books in stock. They ended up putting them on sale and getting rid of 6 of them, leaving them with 21 coloring books.',
    response=21.0
)",False
"Example({'response': 9, 'question': ' Wendy had 82 files on her computer. She deleted 37 of them and put the rest into folders with 5 files in each one. How many folders did Wendy end up with? '}) (input_keys={'question'})","Prediction(
    reasoning='Wendy deleted 37 files and put the rest into folders with 5 files in each one. So, Wendy ended up with 5 folders.',
    response=5.0
)",False
"Example({'response': 2, 'question': ' Kaleb had 12 dollars. If he spent 8 bucks on a new game, how many 2 dollar toys could he buy with the money he had left? '}) (input_keys={'question'})","Prediction(
    reasoning='The amount of money spent is 8 dollars.',
    response=0.5
)",False
"Example({'response': 3, 'question': ' Sarah was planting vegetables in her garden. She started with 21 seeds and planted 12 of them in the big garden and in each of her small gardens put 3 seeds each. How many small gardens did Sarah have? '}) (input_keys={'question'})","Prediction(
    reasoning='Sarah started with 21 seeds and planted 12 of them in the big garden and in each of her small gardens put 3 seeds each. So, Sarah had 12 small gardens.',
    response=0.5
)",False
"Example({'response': 5, 'question': ' Nancy uploaded 51 pictures to Facebook. She put 11 pics into one album and put the rest into 8 different albums. How many pictures were in each album? '}) (input_keys={'question'})","Prediction(
    reasoning='Nancy uploaded 51 pictures to Facebook. She put 11 pics into one album and put the rest into 8 different albums. So, there were 51 pictures in 8 different albums.',
    response=51.0
)",False
"Example({'response': 2, 'question': "" A company invited 24 people to a luncheon, but 10 of them didn't show up. If the tables they had held 7 people each, how many tables do they need? ""}) (input_keys={'question'})","Prediction(
    reasoning='The number of tables needed can be calculated by dividing the total number of people invited (24) by the number of people who showed up (10). This gives a ratio of 24/10, which can be simplified to 2.4.',
    response=2.4
)",False
"Example({'response': 5, 'question': "" Bianca's team won their dodgeball game and scored 75 points total. If Bianca scored 45 of the points and everyone else scored 6 points each, how many players were on her team? ""}) (input_keys={'question'})","Prediction(
    reasoning='Bianca scored 45 points and everyone else scored 6 points each, so she scored 45 + 6 = 51 points.',
    response=51.0
)",False
"Example({'response': 3, 'question': ' For Halloween Emily received 54 pieces of candy. She ate 33 pieces then placed the rest into piles with 7 in each pile. How many piles could she make? '}) (input_keys={'question'})","Prediction(
    reasoning='Emily ate 33 pieces of candy, which she placed into piles with 7 in each pile. So, she could make 4 piles.',
    response=4.0
)",False
"Example({'response': 7, 'question': ' Haley was planting vegetables in her garden. She started with 56 seeds and planted 35 of them in the big garden and in each of her small gardens put 3 seeds each. How many small gardens did Haley have? '}) (input_keys={'question'})","Prediction(
    reasoning='Haley started with 56 seeds and planted 35 of them in the big garden and in each of her small gardens put 3 seeds each. So, Haley had 56 - 35 = 21 small gardens.',
    response=21.0
)",False
"Example({'response': 2, 'question': ' A store had 48 coloring books in stock. They ended up putting them on sale and getting rid of 38 of them. The put the ones they still had onto shelves with 5 on each shelf. How many shelves did they use? '}) (input_keys={'question'})","Prediction(
    reasoning='The store had 48 coloring books in stock. They ended up putting them on sale and getting rid of 38 of them, leaving them with 16 books.',
    response=16.0
)",False
"Example({'response': 4, 'question': ' Roger is at the library helping put away books. There are 14 book to put away total but a librarian takes 2 of them and leaves Roger with the rest. If he can fit 3 books on a shelf, how many shelves will he need? '}) (input_keys={'question'})","Prediction(
    reasoning='Roger can fit 3 books on a shelf.',
    response=0.3333333333333333
)",False
"Example({'response': 8, 'question': ' A pet store had 56 puppies. In one day they sold 24 of them and put the rest into cages with 4 in each cage. How many cages did they use? '}) (input_keys={'question'})","Prediction(
    reasoning='The pet store had 56 puppies. They sold 24 of them, leaving 32. \nThe rest were distributed into 4 cages, each with 4 puppies.',
    response=24.0
)",False
"Example({'response': 7, 'question': ' The cafeteria had 86 apples. For lunch they handed out 30 to students and decided to use the rest to make pies. If each pie takes 8 apples, how many pies could they make? '}) (input_keys={'question'})","Prediction(
    reasoning='The cafeteria had 86 apples. For lunch they handed out 30 to students, meaning they had 86 - 30 = 56 apples left. If each pie takes 8 apples, they could make 56 ÷ 8 = 7 pies.',
    response=7.0
)",True
"Example({'response': 4, 'question': ' Jerry had 60 pieces of clothing to wash. He put 40 of them in one load, but decided to split the rest into 5 equal loads. How many pieces of clothing could go in each of the small loads? '}) (input_keys={'question'})","Prediction(
    reasoning='Jerry decided to split the remaining clothes into 5 equal loads.',
    response=0.8
)",False
"Example({'response': 9, 'question': ' Mike made 69 dollars mowing lawns over the summer. If he spent 24 dollars buying new mower blades, how many 5 dollar games could he buy with the money he had left? '}) (input_keys={'question'})","Prediction(
    reasoning='Mike spent 24 dollars on new mower blades, which cost 5 dollars each. Therefore, he could buy 4 games with the money he had left.',
    response=4.0
)",False
"Example({'response': 7, 'question': ' Will made 104 dollars mowing lawns over the summer. If he spent 41 dollars buying new mower blades, how many 9 dollar games could he buy with the money he had left? '}) (input_keys={'question'})","Prediction(
    reasoning='The user spent 41 dollars on mower blades, which cost 9 dollars each. Therefore, he could buy 41/9 = 5 games with the money he had left.',
    response=5.0
)",False
"Example({'response': 4, 'question': ' For Halloween Bianca received 32 pieces of candy. She ate 12 pieces then placed the rest into piles with 5 in each pile. How many piles could she make? '}) (input_keys={'question'})","Prediction(
    reasoning='The number of piles can be calculated by dividing the total number of candy received by the number of pieces in each pile. In this case, there are 32 pieces, and each pile contains 5 pieces, so there are 32 ÷ 5 = 6 piles.',
    response=6.0
)",False
"Example({'response': 9, 'question': ' Luke was selling his old games. He started out with 57 but sold 39 of them. He packed the rest up putting 2 games into each box. How many boxes did he have to use? '}) (input_keys={'question'})","Prediction(
    reasoning='The number of games Luke sold was 39, so he needed 39 boxes to pack them.',
    response=0.375
)",False
"Example({'response': 9, 'question': ' A pet store had 88 puppies. In one day they sold 34 of them and put the rest into cages with 6 in each cage. How many cages did they use? '}) (input_keys={'question'})","Prediction(
    reasoning='The pet store had 88 puppies. They sold 34 of them, leaving 54 puppies to be distributed among 6 cages.',
    response=0.6666666666666667
)",False
"Example({'response': 9, 'question': ' Katie had 85 files on her computer. She deleted 40 of them and put the rest into folders with 5 files in each one. How many folders did Katie end up with? '}) (input_keys={'question'})","Prediction(
    reasoning='Katie deleted 40 files and put the rest into folders with 5 files in each one. So, Katie ended up with 35 folders.',
    response=0.35
)",False
"Example({'response': 3, 'question': ' Roger had 68 dollars. If he spent 47 bucks on a new game, how many 7 dollar toys could he buy with the money he had left? '}) (input_keys={'question'})","Prediction(
    reasoning='Roger spent 47 dollars on a new game, so he had 68 - 47 = 21 dollars left.',
    response=21.0
)",False
"Example({'response': 3, 'question': "" Tom bought 40 tickets at the state fair. He spent 28 tickets at the 'dunk a clown' booth and decided to use the rest on rides. If each ride cost 4 tickets, how many rides could he go on? ""}) (input_keys={'question'})","Prediction(
    reasoning=""The total number of tickets Tom bought was 40, and he spent 28 on the 'dunk a clown' booth, so he bought 40 - 28 = 12 tickets there. He then used the remaining 12 tickets on rides, which cost 4 tickets each. So, he could go on 12 / 4 = 3 rides."",
    response=3.0
)",True
"Example({'response': 7, 'question': ' The cafeteria had 75 apples. For lunch they handed out 19 to students and decided to use the rest to make pies. If each pie takes 8 apples, how many pies could they make? '}) (input_keys={'question'})","Prediction(
    reasoning='The cafeteria had 75 apples. For lunch they handed out 19 to students, meaning they had 56 apples left. If each pie takes 8 apples, they could make 56 ÷ 8 = 7 pies.',
    response=7.0
)",True
"Example({'response': 3, 'question': "" Sarah baked 38 cupcakes for her school's bake sale. If her brother, Todd, ate 14 of them how many packages could she make if she put 8 cupcake in each package? ""}) (input_keys={'question'})","Prediction(
    reasoning='The number of packages Sarah can make is 5.',
    response=5.0
)",False
"Example({'response': 2, 'question': ' Nancy uploaded 41 pictures to Facebook. She put 37 pics into one album and put the rest into 2 different albums. How many pictures were in each album? '}) (input_keys={'question'})","Prediction(
    reasoning='Nancy uploaded 37 pictures to one album and put the rest into 2 different albums.',
    response=0.37
)",False
