0,1,2
"Example({'response': 39, 'question': ' For Halloween Debby and her sister combined the candy they received. Debby had 32 pieces of candy while her sister had 42. If they ate 35 pieces the first night, how many pieces do they have left? '}) (input_keys={'question'})","Prediction(
    reasoning=""To find out how many pieces are left, we need to subtract the number of pieces eaten from the total number of pieces.\n\nTotal pieces = Debby's pieces + Sister's pieces\n= 32 + 42\n= 74\n\nPieces eaten = 35\n\nPieces left = Total pieces - Pieces eaten\n= 74 - 35\n= 39"",
    response=39.0
)",True
"Example({'response': 8, 'question': ' A pet store had 13 siamese cats and 5 house cats. During a sale they sold 10 cats. How many cats do they have left? '}) (input_keys={'question'})","Prediction(
    reasoning='To find out how many cats the pet store has left, we need to subtract the number of cats sold from the total number of cats initially present.\n\nTotal cats = 13 (siamese) + 5 (house) = 18\nCats sold = 10\n\nCats left = Total cats - Cats sold\n= 18 - 10\n= 8',
    response=8.0
)",True
"Example({'response': 2, 'question': "" Luke was trying to expand his game collection. He bought 2 games from a friend and bought 2 more at a garage sale. If 2 of the games didn't work, how many good games did he end up with? ""}) (input_keys={'question'})","Prediction(
    reasoning=""To find out how many good games Luke ended up with, we need to subtract the number of non-working games from the total number of games.\n\nLuke bought 4 games in total (2 from a friend and 2 at a garage sale).\nOut of these 4 games, 2 didn't work.\nSo, the number of good games is: 4 - 2 = 2"",
    response=2.0
)",True
"Example({'response': 40, 'question': ' The school cafeteria ordered 42 red apples and 7 green apples for students lunches. But, if only 9 students wanted fruit, how many extra did the cafeteria end up with? '}) (input_keys={'question'})","Prediction(
    reasoning='The cafeteria ordered 42 red apples and 7 green apples for students lunches. But, if only 9 students wanted fruit, how many extra did the cafeteria end up with?',
    response=35.0
)",False
"Example({'response': 3, 'question': ' Lana picked 36 tulips and 37 roses to make flower bouquets. If she only used 70 of the flowers though, how many extra flowers did Lana pick? '}) (input_keys={'question'})","Prediction(
    reasoning='To find out how many extra flowers Lana picked, we need to subtract the number of flowers she actually used (70) from the total number of flowers she picked initially (36 + 37 = 73).',
    response=0.27
)",False
"Example({'response': 7, 'question': ' Carol and her mom were picking carrots from their garden. Carol picked 29 and her mother picked 16. If only 38 of the carrots were good, how many bad carrots did they have? '}) (input_keys={'question'})","Prediction(
    reasoning='To find out how many bad carrots they had, we need to subtract the number of good carrots from the total number of carrots. So, 45 - 38 = 7.',
    response=7.0
)",True
"Example({'response': 19, 'question': ' Roger had 16 dollars. For his birthday he got 28 more dollars but spent 25 on a new game. How much money does he have now? '}) (input_keys={'question'})","Prediction(
    
)",0.0
"Example({'response': 2, 'question': ' While on vacation, Megan took 15 pictures at the zoo and 18 at the museum. If she later deleted 31 of the pictures, how many pictures from her vacation did she still have? '}) (input_keys={'question'})","Prediction(
    reasoning='To find out how many pictures Megan still had after deleting some, we need to subtract the number of deleted pictures from the total. So, she has 33 - 31 = 2 pictures left.',
    response=2.0
)",True
"Example({'response': 11, 'question': ' Rachel bought two coloring books. One had 23 pictures and the other had 32. After one week she had already colored 44 of the pictures. How many pictures does she still have to color? '}) (input_keys={'question'})","Prediction(
    reasoning='To find out how many pictures Rachel still has to color, we need to subtract the number of pictures she has colored from the total number of pictures in both books.\n\nTotal pictures = 23 + 32 = 55\nPictures colored so far = 44\n\nRemaining pictures = Total pictures - Pictures colored so far\n= 55 - 44\n= 11',
    response=11.0
)",True
"Example({'response': 1, 'question': ' Ned had to wash 9 short sleeve shirts and 21 long sleeve shirts before school. If he had only washed 29 of them by the time school started, how many did he not wash? '}) (input_keys={'question'})","Prediction(
    reasoning=""To find out how many shirts Ned didn't wash, we need to subtract the number of shirts he actually washed (29) from the total number of shirts he should have washed (9 + 21 = 30)."",
    response=5.0
)",False
"Example({'response': 66, 'question': ' Oliver had to wash 39 short sleeve shirts and 47 long sleeve shirts before school. If he had only washed 20 of them by the time school started, how many did he not wash? '}) (input_keys={'question'})","Prediction(
    reasoning='Oliver had to wash 39 short sleeve shirts and 47 long sleeve shirts before school. If he had only washed 20 of them by the time school started, how many did he not wash?',
    response=66.0
)",True
"Example({'response': 9, 'question': ' For the school bake sale Wendy made pastries. She baked 4 cupcakes and 29 cookies. After the sale she had 24 to take back home. How many pastries did she sell? '}) (input_keys={'question'})","Prediction(
    reasoning='To find out how many pastries Wendy sold, we need to subtract the number of pastries she had left from the total number of pastries she made.',
    response=9.0
)",True
"Example({'response': 22, 'question': ' While on vacation, Debby took 24 pictures at the zoo and 12 at the museum. If she later deleted 14 of the pictures, how many pictures from her vacation did she still have? '}) (input_keys={'question'})","Prediction(
    reasoning='To find out how many pictures Debby still has, we need to subtract the number of deleted pictures from the total. So, she has 36 - 14 = 22 pictures left.',
    response=22.0
)",True
"Example({'response': 2, 'question': ' Katie picked 3 tulips and 9 roses to make flower bouquets. If she only used 10 of the flowers though, how many extra flowers did Katie pick? '}) (input_keys={'question'})","Prediction(
    reasoning='To find out how many extra flowers Katie picked, we need to subtract the number of flowers she actually used (10) from the total number of flowers she picked initially (3 + 9 = 12).',
    response=5.0
)",False
"Example({'response': 15, 'question': ' Faye had 46 math problems and 9 science problems for homework. If she finished 40 of the problems at school, how many problems did she have to do for homework? '}) (input_keys={'question'})","Prediction(
    reasoning='To find out how many problems Faye has left to do for homework, we need to subtract the number of problems she finished from the total number of math and science problems.\n\nFaye had 46 math problems and 9 science problems. She finished 40 problems at school.\nSo, the number of problems left is: 46 + 9 - 40 = 7',
    response=7.0
)",False
"Example({'response': 2, 'question': ' Amy had 4 music files and 21 video files on her flash drive. If she deleted 23 of the files, how many files were still on her flash drive? '}) (input_keys={'question'})","Prediction(
    reasoning=""To find out how many files are still on Amy's flash drive, we need to subtract the number of deleted files from the total number of files.\n\nTotal files = 4 (music) + 21 (video)\n= 25\n\nDeleted files = 23\nRemaining files = Total files - Deleted files\n= 25 - 23\n= 2"",
    response=2.0
)",True
"Example({'response': 14, 'question': "" Ned was trying to expand his game collection. He bought 11 games from a friend and bought 22 more at a garage sale. If 19 of the games didn't work, how many good games did he end up with? ""}) (input_keys={'question'})","Prediction(
    
)",0.0
"Example({'response': 86, 'question': ' Chloe was playing a trivia game. In the first round she scored 40 points and in the second round she scored 50 points. In the last round she lost 4 points. How many points did she have at the end of the game? '}) (input_keys={'question'})","Prediction(
    reasoning='The final score is 94',
    response=94.0
)",False
"Example({'response': 50, 'question': "" At the arcade, Tom won 32 tickets playing 'whack a mole' and 25 tickets playing 'skee ball'. If he spent 7 of his tickets on a hat, how many tickets does Tom have left? ""}) (input_keys={'question'})","Prediction(
    reasoning='Tom won a total of 57 tickets.',
    response=50.0
)",True
"Example({'response': 25, 'question': ' Bianca and her mom were picking carrots from their garden. Bianca picked 26 and her mother picked 15. If only 16 of the carrots were good, how many bad carrots did they have? '}) (input_keys={'question'})","Prediction(
    reasoning='To find the number of bad carrots, we subtract the good carrots from the total.',
    response=25.0
)",True
"Example({'response': 4, 'question': ' For the school bake sale Katie made pastries. She baked 7 cupcakes and 5 cookies. After the sale she had 8 to take back home. How many pastries did she sell? '}) (input_keys={'question'})","Prediction(
    reasoning='To find out how many pastries Katie sold in total, we need to add the number of cupcakes and cookies she sold. \n\n7 (cupcakes) + 5 (cookies) = 12\n\nSo, Katie sold a total of 12 pastries.',
    response=12.0
)",False
"Example({'response': 68, 'question': ' Zoe bought two coloring books. One had 44 pictures and the other had 44. After one week she had already colored 20 of the pictures. How many pictures does she still have to color? '}) (input_keys={'question'})","Prediction(
    reasoning='To find out how many pictures Zoe still has to color, we need to subtract the number of pictures she has colored from the total number of pictures in both books.\n\nTotal pictures = 44 + 44 = 88\nPictures colored so far = 20\n\nRemaining pictures = Total pictures - Pictures colored so far\n= 88 - 20\n= 68',
    response=68.0
)",True
"Example({'response': 6, 'question': "" John was trying to expand his game collection. He bought 21 games from a friend and bought 8 more at a garage sale. If 23 of the games didn't work, how many good games did he end up with? ""}) (input_keys={'question'})","Prediction(
    
)",0.0
"Example({'response': 19, 'question': ' Henry had 11 dollars. For his birthday he got 18 more dollars but spent 10 on a new game. How much money does he have now? '}) (input_keys={'question'})","Prediction(
    
)",0.0
"Example({'response': 55, 'question': ' While on vacation, Gwen took 41 pictures at the zoo and 29 at the museum. If she later deleted 15 of the pictures, how many pictures from her vacation did she still have? '}) (input_keys={'question'})","Prediction(
    reasoning='Gwen had 70 pictures and deleted 15 of them.',
    response=55.0
)",True
"Example({'response': 34, 'question': ' Sam had to wash 40 short sleeve shirts and 23 long sleeve shirts before school. If he had only washed 29 of them by the time school started, how many did he not wash? '}) (input_keys={'question'})","Prediction(
    reasoning='Sam did not wash 34 short sleeve shirts.',
    response=34.0
)",True
"Example({'response': 12, 'question': ' A pet store had 12 siamese cats and 20 house cats. During a sale they sold 20 cats. How many cats do they have left? '}) (input_keys={'question'})","Prediction(
    reasoning='To find out how many cats the pet store has left, we need to subtract the number of cats sold from the total number of cats initially present.\n\nInitial total cats = 12 + 20 = 32\nCats sold = 20\n\nRemaining cats = Initial total cats - Cats sold\n= 32 - 20\n= 12',
    response=12.0
)",True
"Example({'response': 16, 'question': ' Faye and her mom were picking carrots from their garden. Faye picked 23 and her mother picked 5. If only 12 of the carrots were good, how many bad carrots did they have? '}) (input_keys={'question'})","Prediction(
    
)",0.0
"Example({'response': 73, 'question': ' The school cafeteria ordered 43 red apples and 32 green apples for students lunches. But, if only 2 students wanted fruit, how many extra did the cafeteria end up with? '}) (input_keys={'question'})","Prediction(
    reasoning='To find out how many extra apples the cafeteria ended up with, we need to subtract the number of apples taken by the 2 students from the total number of apples ordered.\n\nTotal apples = 43 (red) + 32 (green)\n= 75\n\nApples taken by students = 2\nSo, extra apples = Total apples - Apples taken by students\n= 75 - 2\n= 73',
    response=73.0
)",True
"Example({'response': 17, 'question': "" There were 39 girls and 4 boys trying out for the schools basketball team. If only 26 of them got called back, how many students didn't make the cut? ""}) (input_keys={'question'})","Prediction(
    reasoning=""To find the number of students who didn't make the cut, we need to subtract the number of students who got called back from the total number of students.\n\nTotal students = 39 (girls) + 4 (boys) = 43\nStudents called back = 26\n\nStudents not called back = Total students - Students called back\n= 43 - 26\n= 17"",
    response=17.0
)",True
"Example({'response': 18, 'question': ' A pet store had 38 siamese cats and 25 house cats. During a sale they sold 45 cats. How many cats do they have left? '}) (input_keys={'question'})","Prediction(
    reasoning='To find out how many cats the pet store has left, we need to subtract the number of cats sold from the total number of cats initially present.\n\nTotal cats = 38 (siamese) + 25 (house) = 63\nCats sold = 45\n\nCats left = Total cats - Cats sold\n= 63 - 45\n= 18',
    response=18.0
)",True
"Example({'response': 41, 'question': ' For the school bake sale Paige made pastries. She baked 36 cupcakes and 9 cookies. After the sale she had 4 to take back home. How many pastries did she sell? '}) (input_keys={'question'})","Prediction(
    
)",0.0
"Example({'response': 7, 'question': ' Carol was playing a trivia game. In the first round she scored 17 points and in the second round she scored 6 points. In the last round she lost 16 points. How many points did she have at the end of the game? '}) (input_keys={'question'})","Prediction(
    reasoning=""To find out how many points Carol had at the end of the game, we need to add up her scores from all three rounds. \n\nRound 1: 17\nRound 2: 6\nRound 3: -16\n\nSo, let's calculate that:\n17 + 6 = 23\n23 + (-16) = 7\n\nTherefore, Carol had 7 points at the end of the game."",
    response=7.0
)",True
"Example({'response': 36, 'question': ' Gwen bought two coloring books. One had 10 pictures and the other had 39. After one week she had already colored 13 of the pictures. How many pictures does she still have to color? '}) (input_keys={'question'})","Prediction(
    reasoning='To find out how many pictures Gwen still has to color, we need to subtract the number of pictures she has colored from the total number of pictures in both books.\n\nTotal pictures = 10 + 39 = 49\nPictures colored so far = 13\n\nRemaining pictures = Total pictures - Pictures colored so far\n= 49 - 13\n= 36',
    response=36.0
)",True
"Example({'response': 63, 'question': ' For Halloween Janet and her sister combined the candy they received. Janet had 34 pieces of candy while her sister had 33. If they ate 4 pieces the first night, how many pieces do they have left? '}) (input_keys={'question'})","Prediction(
    reasoning=""To find out how many pieces are left, we need to subtract the number of pieces eaten from the total number of pieces.\n\nTotal pieces = Janet's pieces + Sister's pieces\n= 34 + 33\n= 67\n\nPieces eaten = 4\nRemaining pieces = Total pieces - Pieces eaten\n= 67 - 4\n= 63"",
    response=63.0
)",True
"Example({'response': 13, 'question': ' Haley and her mom were picking carrots from their garden. Haley picked 39 and her mother picked 38. If only 64 of the carrots were good, how many bad carrots did they have? '}) (input_keys={'question'})","Prediction(
    reasoning='To find the number of bad carrots, we subtract the number of good carrots from the total.',
    response=13.0
)",True
"Example({'response': 56, 'question': "" There were 30 girls and 36 boys trying out for the schools basketball team. If only 10 of them got called back, how many students didn't make the cut? ""}) (input_keys={'question'})","Prediction(
    reasoning=""To find the number of students who didn't make the cut, we need to subtract the number of students who got called back from the total number of students.\n\n30 (girls) + 36 (boys) = 66\n10 (called back) - 10 (did not get called back) = 6"",
    response=6.0
)",False
"Example({'response': 15, 'question': ' Roger had 29 dollars. For his birthday he got 20 more dollars but spent 34 on a new game. How much money does he have now? '}) (input_keys={'question'})","Prediction(
    
)",0.0
"Example({'response': 5, 'question': ' Dave had to wash 29 short sleeve shirts and 11 long sleeve shirts before school. If he had only washed 35 of them by the time school started, how many did he not wash? '}) (input_keys={'question'})","Prediction(
    reasoning=""To find out how many shirts Dave didn't wash, we need to subtract the number of shirts he actually washed (35) from the total number of shirts he should have washed (29 + 11 = 40).\n\nSo, Dave didn't wash 40 - 35 = 5 shirts."",
    response=5.0
)",True
"Example({'response': 24, 'question': "" Edward was trying to expand his game collection. He bought 41 games from a friend and bought 14 more at a garage sale. If 31 of the games didn't work, how many good games did he end up with? ""}) (input_keys={'question'})","Prediction(
    
)",0.0
"Example({'response': 15, 'question': ' At the schools book fair Sam bought 13 adventure books and 17 mystery books. If 15 of the books were used, how many new books did he buy? '}) (input_keys={'question'})","Prediction(
    reasoning='To find the number of new books bought, subtract the used books from the total.',
    response=15.0
)",True
"Example({'response': 14, 'question': ' Amy had 26 music files and 36 video files on her flash drive. If she deleted 48 of the files, how many files were still on her flash drive? '}) (input_keys={'question'})","Prediction(
    reasoning='To find out how many files are left, we need to subtract the number of deleted files from the total number of files.\n\nTotal files = 26 (music) + 36 (video) = 62\nDeleted files = 48\n\nFiles left = Total files - Deleted files\n= 62 - 48\n= 14',
    response=14.0
)",True
"Example({'response': 1, 'question': ' Oliver had 35 dollars. For his birthday he got 50 more dollars but spent 84 on a new game. How much money does he have now? '}) (input_keys={'question'})","Prediction(
    
)",0.0
"Example({'response': 1, 'question': ' Emily was playing a trivia game. In the first round she scored 16 points and in the second round she scored 33 points. In the last round she lost 48 points. How many points did she have at the end of the game? '}) (input_keys={'question'})","Prediction(
    reasoning='Emily had a total of -41 points at the end of the game.',
    response=-41.0
)",False
"Example({'response': 11, 'question': ' Paige had 43 math problems and 12 science problems for homework. If she finished 44 of the problems at school, how many problems did she have to do for homework? '}) (input_keys={'question'})","Prediction(
    reasoning='44 - 43 = 1',
    response=1.0
)",False
"Example({'response': 35, 'question': ' The school cafeteria ordered 33 red apples and 23 green apples for students lunches. But, if only 21 students wanted fruit, how many extra did the cafeteria end up with? '}) (input_keys={'question'})","Prediction(
    reasoning='The cafeteria ordered more apples than students wanted fruit.',
    response=12.0
)",False
"Example({'response': 16, 'question': ' Dave had to wash 9 short sleeve shirts and 27 long sleeve shirts before school. If he had only washed 20 of them by the time school started, how many did he not wash? '}) (input_keys={'question'})","Prediction(
    
)",0.0
"Example({'response': 4, 'question': ' While on vacation, Rachel took 6 pictures at the zoo and 9 at the museum. If she later deleted 11 of the pictures, how many pictures from her vacation did she still have? '}) (input_keys={'question'})","Prediction(
    reasoning='To find out how many pictures Rachel still had after deleting some, we need to subtract the number of deleted pictures from the total. So, she has 15 - 11 = 4 pictures left.',
    response=4.0
)",True
"Example({'response': 7, 'question': ' Vanessa and her mom were picking carrots from their garden. Vanessa picked 17 and her mother picked 14. If only 24 of the carrots were good, how many bad carrots did they have? '}) (input_keys={'question'})","Prediction(
    
)",0.0
"Example({'response': 54, 'question': ' A pet store had 41 siamese cats and 28 house cats. During a sale they sold 15 cats. How many cats do they have left? '}) (input_keys={'question'})","Prediction(
    reasoning='To find out how many cats the pet store has left, we need to subtract the number of cats sold from the total number of cats initially present.\n\nTotal cats = 41 + 28 = 69\nCats sold = 15\n\nCats left = Total cats - Cats sold\n= 69 - 15\n= 54',
    response=54.0
)",True
"Example({'response': 15, 'question': ' At the schools book fair Sam bought 13 adventure books and 17 mystery books. If 15 of the books were used, how many new books did he buy? '}) (input_keys={'question'})","Prediction(
    reasoning='To find the number of new books bought, subtract the used books from the total.',
    response=15.0
)",True
"Example({'response': 14, 'question': ' Amy had 26 music files and 36 video files on her flash drive. If she deleted 48 of the files, how many files were still on her flash drive? '}) (input_keys={'question'})","Prediction(
    reasoning='To find out how many files are left, we need to subtract the number of deleted files from the total number of files.\n\nTotal files = 26 (music) + 36 (video) = 62\nDeleted files = 48\n\nFiles left = Total files - Deleted files\n= 62 - 48\n= 14',
    response=14.0
)",True
"Example({'response': 1, 'question': ' Oliver had 35 dollars. For his birthday he got 50 more dollars but spent 84 on a new game. How much money does he have now? '}) (input_keys={'question'})","Prediction(
    reasoning='To find out how much money Oliver has now, we need to subtract the amount he spent from the initial amount he had.\n\nInitial amount = 35\nAmount spent = 84\n\nNet amount = Initial amount - Amount spent\n= 35 - 84\n= -49\n\nSo, Oliver has a net loss of $49.',
    response=-49.0
)",False
"Example({'response': 1, 'question': ' Emily was playing a trivia game. In the first round she scored 16 points and in the second round she scored 33 points. In the last round she lost 48 points. How many points did she have at the end of the game? '}) (input_keys={'question'})","Prediction(
    
)",0.0
"Example({'response': 11, 'question': ' Paige had 43 math problems and 12 science problems for homework. If she finished 44 of the problems at school, how many problems did she have to do for homework? '}) (input_keys={'question'})","Prediction(
    reasoning='The total number of problems Paige had for homework is equal to the sum of math and science problems she finished at school.',
    response=44.0
)",False
"Example({'response': 35, 'question': ' The school cafeteria ordered 33 red apples and 23 green apples for students lunches. But, if only 21 students wanted fruit, how many extra did the cafeteria end up with? '}) (input_keys={'question'})","Prediction(
    reasoning='The cafeteria ordered more apples than students wanted fruit.',
    response=8.0
)",False
"Example({'response': 16, 'question': ' Dave had to wash 9 short sleeve shirts and 27 long sleeve shirts before school. If he had only washed 20 of them by the time school started, how many did he not wash? '}) (input_keys={'question'})","Prediction(
    reasoning='Dave had to wash 9 short sleeve shirts and 27 long sleeve shirts before school.',
    response=16.0
)",True
"Example({'response': 4, 'question': ' While on vacation, Rachel took 6 pictures at the zoo and 9 at the museum. If she later deleted 11 of the pictures, how many pictures from her vacation did she still have? '}) (input_keys={'question'})","Prediction(
    reasoning='To find out how many pictures Rachel still had after deleting some, we need to subtract the number of deleted pictures from the total. So, she has 15 - 11 = 4 pictures left.',
    response=4.0
)",True
"Example({'response': 7, 'question': ' Vanessa and her mom were picking carrots from their garden. Vanessa picked 17 and her mother picked 14. If only 24 of the carrots were good, how many bad carrots did they have? '}) (input_keys={'question'})","Prediction(
    
)",0.0
"Example({'response': 54, 'question': ' A pet store had 41 siamese cats and 28 house cats. During a sale they sold 15 cats. How many cats do they have left? '}) (input_keys={'question'})","Prediction(
    reasoning='# Calculate the difference between the total number of cats and the number of cats sold\ntotal_cats = 41\ncats_sold = 15\nremaining_cats = total_cats - cats_sold',
    response=26.0
)",False
"Example({'response': 4, 'question': ' Janet picked 4 tulips and 11 roses to make flower bouquets. If she only used 11 of the flowers though, how many extra flowers did Janet pick? '}) (input_keys={'question'})","Prediction(
    reasoning='To find out how many extra flowers Janet picked, we need to subtract the number of flowers she actually used (11) from the total number of flowers she picked initially (4 + 11 = 15).',
    response=5.0
)",False
"Example({'response': 33, 'question': ' Vanessa had 13 music files and 30 video files on her flash drive. If she deleted 10 of the files, how many files were still on her flash drive? '}) (input_keys={'question'})","Prediction(
    reasoning='To find out how many files were still on her flash drive, we need to subtract the number of deleted files from the total number of files. \n\ndeleted_files = 10\ntotal_files = 13 + 30\n\nreasoning = total_files - deleted_files',
    response=0.5
)",False
"Example({'response': 23, 'question': ' Debby bought two coloring books. One had 16 pictures and the other had 40. After one week she had already colored 33 of the pictures. How many pictures does she still have to color? '}) (input_keys={'question'})","Prediction(
    reasoning='To find out how many pictures Debby still has to color, we need to subtract the number of pictures she has colored from the total number of pictures in both books.\n\nTotal pictures = 16 + 40 = 56\nPictures colored so far = 33\n\nRemaining pictures = Total pictures - Pictures colored so far\n= 56 - 33\n= 23',
    response=23.0
)",True
"Example({'response': 9, 'question': ' The school cafeteria ordered 8 red apples and 43 green apples for students lunches. But, if only 42 students wanted fruit, how many extra did the cafeteria end up with? '}) (input_keys={'question'})","Prediction(
    reasoning='To find out how many extra apples the cafeteria ended up with, we need to subtract the number of students who wanted fruit from the total number of apples.\n\nTotal apples = 8 (red) + 43 (green) = 51\nStudents wanting fruit = 42\n\nExtra apples = Total apples - Students wanting fruit\n= 51 - 42\n= 9',
    response=9.0
)",True
"Example({'response': 24, 'question': ' Edward started his own lawn mowing business. In the spring he made 2 dollars mowing lawns and in the summer he made 27 dollars. If he had to spend 5 dollars buying supplies, how much money did he end up with? '}) (input_keys={'question'})","Prediction(
    
)",0.0
"Example({'response': 28, 'question': ' A pet store had 36 siamese cats and 18 house cats. During a sale they sold 26 cats. How many cats do they have left? '}) (input_keys={'question'})","Prediction(
    reasoning='# Calculate the difference between the initial and final number of cats\ninitial_cats = 36\nfinal_cats = 10\ndifference = initial_cats - final_cats',
    response=10.0
)",False
"Example({'response': 15, 'question': ' Olivia and her mom were picking carrots from their garden. Olivia picked 20 and her mother picked 14. If only 19 of the carrots were good, how many bad carrots did they have? '}) (input_keys={'question'})","Prediction(
    
)",0.0
"Example({'response': 8, 'question': ' George had 30 dollars. For his birthday he got 16 more dollars but spent 38 on a new game. How much money does he have now? '}) (input_keys={'question'})","Prediction(
    reasoning='To find out how much money George has now, we need to subtract the amount he spent from the initial amount he had.\n\nInitial amount = 30\nAmount spent = 38\n\nNet amount = Initial amount - Amount spent\n= 30 - 38\n= -8\n\nSo, George has a net loss of $8.',
    response=-8.0
)",False
"Example({'response': 47, 'question': "" There were 6 girls and 48 boys trying out for the schools basketball team. If only 7 of them got called back, how many students didn't make the cut? ""}) (input_keys={'question'})","Prediction(
    reasoning=""To find the number of students who didn't make the cut, we need to subtract the number of students who got called back from the total number of students.\n\n6 (girls) + 48 (boys) = 54\n7 (called back) - 7 (called back) = 0\n\nSo, there were 0 students who didn't make the cut."",
    response=0.0
)",False
"Example({'response': 51, 'question': ' For the school bake sale Amy made pastries. She baked 15 cupcakes and 48 cookies. After the sale she had 12 to take back home. How many pastries did she sell? '}) (input_keys={'question'})","Prediction(
    reasoning='To find out how many pastries Amy sold, we need to subtract the number of pastries she took back home from the total number of pastries she baked. \n\nShe baked a total of 15 + 48 = 63 pastries.\n\nSo, she sold 63 - 12 = 51 pastries.',
    response=51.0
)",True
"Example({'response': 53, 'question': ' At the schools book fair Victor bought 32 adventure books and 37 mystery books. If 16 of the books were used, how many new books did he buy? '}) (input_keys={'question'})","Prediction(
    
)",0.0
"Example({'response': 20, 'question': ' While on vacation, Haley took 50 pictures at the zoo and 8 at the museum. If she later deleted 38 of the pictures, how many pictures from her vacation did she still have? '}) (input_keys={'question'})","Prediction(
    reasoning='To find out how many pictures Haley still had after deleting some, we need to subtract the number of deleted pictures from the total. So, she has 58 - 38 = 20 pictures left.',
    response=20.0
)",True
"Example({'response': 31, 'question': ' The school cafeteria ordered 37 red apples and 45 green apples for students lunches. But, if only 51 students wanted fruit, how many extra did the cafeteria end up with? '}) (input_keys={'question'})","Prediction(
    
)",0.0
"Example({'response': 22, 'question': ' While shopping, Maria bought 35 green towels and 21 white towels. If she gave her mother 34 of them, how many towels did Maria end up with? '}) (input_keys={'question'})","Prediction(
    reasoning='Maria ended up with 22 towels.',
    response=22.0
)",True
"Example({'response': 39, 'question': "" There were 17 girls and 32 boys trying out for the schools basketball team. If only 10 of them got called back, how many students didn't make the cut? ""}) (input_keys={'question'})","Prediction(
    reasoning=""To find the number of students who didn't make the cut, we need to subtract the number of students who got called back from the total number of students.\n\n17 (girls) + 32 (boys) = 49\n10 (called back) - 10 (called back) = 0\n\nSo, there were no students who didn't make the cut."",
    response=0.0
)",False
"Example({'response': 14, 'question': ' Nancy and her mom were picking carrots from their garden. Nancy picked 38 and her mother picked 47. If only 71 of the carrots were good, how many bad carrots did they have? '}) (input_keys={'question'})","Prediction(
    
)",0.0
"Example({'response': 15, 'question': "" A waiter at 'The Greasy Spoon' restaurant had 29 customers to wait on. During the lunch rush he added another 20 customers. If 34 of the customers didn't leave him a tip, how many customers did leave a tip? ""}) (input_keys={'question'})","Prediction(
    reasoning=""To find out how many customers left a tip, we need to subtract the number of customers who didn't leave a tip from the total number of customers.\n\ntotal_customers = 29 + 20\ncustomers_without_tip = 34\n\ncustomers_with_tip = total_customers - customers_without_tip"",
    response=0.57
)",False
"Example({'response': 30, 'question': ' Tom had to wash 10 short sleeve shirts and 25 long sleeve shirts before school. If he had only washed 5 of them by the time school started, how many did he not wash? '}) (input_keys={'question'})","Prediction(
    reasoning=""To find out how many shirts Tom didn't wash, we need to subtract the number of shirts he actually washed (5) from the total number of shirts he needed to wash (10 + 25 = 35).\n\nSo, Tom didn't wash 35 - 5 = 30 shirts."",
    response=30.0
)",True
"Example({'response': 34, 'question': ' Vanessa had 16 music files and 48 video files on her flash drive. If she deleted 30 of the files, how many files were still on her flash drive? '}) (input_keys={'question'})","Prediction(
    reasoning='To find out how many files were still on her flash drive, we need to subtract the number of deleted files from the total number of files. \n\ndeleted_files = 30\ntotal_files = 16 + 48\n\nreasoning = total_files - deleted_files',
    response=0.5
)",False
"Example({'response': 50, 'question': ' Kaleb started his own lawn mowing business. In the spring he made 4 dollars mowing lawns and in the summer he made 50 dollars. If he had to spend 4 dollars buying supplies, how much money did he end up with? '}) (input_keys={'question'})","Prediction(
    
)",0.0
"Example({'response': 16, 'question': ' The school cafeteria ordered 6 red apples and 15 green apples for students lunches. But, if only 5 students wanted fruit, how many extra did the cafeteria end up with? '}) (input_keys={'question'})","Prediction(
    reasoning='To find out how many extra apples the cafeteria ended up with, we need to subtract the number of apples taken by the 5 students from the total number of apples ordered.\n\n6 (total red apples) - 5 (apples taken by students) = 1\n\nSo, the cafeteria ended up with 1 extra apple.',
    response=1.0
)",False
"Example({'response': 7, 'question': ' Bianca picked 39 tulips and 49 roses to make flower bouquets. If she only used 81 of the flowers though, how many extra flowers did Bianca pick? '}) (input_keys={'question'})","Prediction(
    reasoning='Bianca had 7 extra flowers.',
    response=7.0
)",True
"Example({'response': 19, 'question': ' While on vacation, Nancy took 49 pictures at the zoo and 8 at the museum. If she later deleted 38 of the pictures, how many pictures from her vacation did she still have? '}) (input_keys={'question'})","Prediction(
    reasoning='To find out how many pictures Nancy still had after deleting some, we need to subtract the number of deleted pictures from the total. So, she has 57 - 38 = 19 pictures left.',
    response=19.0
)",True
"Example({'response': 5, 'question': ' Gwen had 18 math problems and 11 science problems for homework. If she finished 24 of the problems at school, how many problems did she have to do for homework? '}) (input_keys={'question'})","Prediction(
    reasoning='To find out how many problems Gwen had left to do for homework, we need to subtract the number of problems she finished from the total number of math and science problems.\n\nGwen started with 18 + 11 = 29 problems.\nShe finished 24 problems at school.\nSo, she has 29 - 24 = 5 problems left to do for homework.',
    response=5.0
)",True
"Example({'response': 7, 'question': ' For Halloween Katie and her sister combined the candy they received. Katie had 10 pieces of candy while her sister had 6. If they ate 9 pieces the first night, how many pieces do they have left? '}) (input_keys={'question'})","Prediction(
    reasoning='To find out how many pieces are left, we need to subtract the number of pieces eaten from the total number of pieces.\n\nKatie and her sister started with 10 + 6 = 16 pieces.\nThey ate 9 pieces, so they have 16 - 9 = 7 pieces left.',
    response=7.0
)",True
"Example({'response': 45, 'question': ' A pet store had 15 siamese cats and 49 house cats. During a sale they sold 19 cats. How many cats do they have left? '}) (input_keys={'question'})","Prediction(
    reasoning='To find out how many cats the pet store has left, we need to subtract the number of cats sold from the total number of cats initially present.\n\nInitial total = 15 + 49\n= 64\n\nNumber of cats sold = 19\n\nRemaining cats = Initial total - Number of cats sold\n= 64 - 19\n= 45',
    response=45.0
)",True
"Example({'response': 21, 'question': "" There were 9 girls and 14 boys trying out for the schools basketball team. If only 2 of them got called back, how many students didn't make the cut? ""}) (input_keys={'question'})","Prediction(
    reasoning=""To find the number of students who didn't make the cut, we need to subtract the number of students who got called back from the total number of students.\n\n9 (girls) + 14 (boys) = 23\n2 (called back) - 2 (called back) = 0\n\nSo, there were 0 students who didn't make the cut."",
    response=0.0
)",False
"Example({'response': 58, 'question': ' Haley had 27 music files and 42 video files on her flash drive. If she deleted 11 of the files, how many files were still on her flash drive? '}) (input_keys={'question'})","Prediction(
    reasoning='The number of music files deleted is 11.',
    response=58.0
)",True
"Example({'response': 19, 'question': ' While shopping, Maria bought 40 green towels and 44 white towels. If she gave her mother 65 of them, how many towels did Maria end up with? '}) (input_keys={'question'})","Prediction(
    reasoning='Maria ended up with 19 towels.',
    response=19.0
)",True
"Example({'response': 2, 'question': "" A waiter at 'The Greasy Spoon' restaurant had 39 customers to wait on. During the lunch rush he added another 12 customers. If 49 of the customers didn't leave him a tip, how many customers did leave a tip? ""}) (input_keys={'question'})","Prediction(
    reasoning=""To find out how many customers left a tip, we need to subtract the number of customers who didn't leave a tip from the total number of customers.\n\nTotal customers = 39 + 12 = 51\nCustomers who didn't leave a tip = 49\n\nSo, customers who left a tip = Total customers - Customers who didn't leave a tip\n= 51 - 49\n= 2"",
    response=2.0
)",True
"Example({'response': 8, 'question': ' A pet store had 19 siamese cats and 45 house cats. During a sale they sold 56 cats. How many cats do they have left? '}) (input_keys={'question'})","Prediction(
    reasoning='To find out how many cats the pet store has left, we need to subtract the number of cats sold from the total number of cats initially present.\n\nInitial total = 19 + 45\n= 64\n\nNumber of cats sold = 56\n\nRemaining cats = Initial total - Number of cats sold\n= 64 - 56\n= 8',
    response=8.0
)",True
"Example({'response': 26, 'question': "" A waiter at 'The Greasy Spoon' restaurant had 26 customers to wait on. During the lunch rush he added another 27 customers. If 27 of the customers didn't leave him a tip, how many customers did leave a tip? ""}) (input_keys={'question'})","Prediction(
    reasoning=""The waiter at 'The Greasy Spoon' restaurant had 26 customers to wait on. During the lunch rush he added another 27 customers. If 27 of the customers didn't leave him a tip, how many customers did leave a tip?"",
    response=26.0
)",True
"Example({'response': 59, 'question': ' Rachel bought two coloring books. One had 24 pictures and the other had 39. After one week she had already colored 4 of the pictures. How many pictures does she still have to color? '}) (input_keys={'question'})","Prediction(
    reasoning='To find out how many pictures Rachel still has to color, we need to subtract the number of pictures she has colored from the total number of pictures in both books.\n\nTotal pictures = 24 + 39 = 63\nPictures colored so far = 4\n\nRemaining pictures = Total pictures - Pictures colored so far\n= 63 - 4\n= 59',
    response=59.0
)",True
"Example({'response': 9, 'question': ' While shopping, Emily bought 5 green towels and 30 white towels. If she gave her mother 26 of them, how many towels did Emily end up with? '}) (input_keys={'question'})","Prediction(
    
)",0.0
"Example({'response': 23, 'question': ' For Halloween Katie and her sister combined the candy they received. Katie had 8 pieces of candy while her sister had 23. If they ate 8 pieces the first night, how many pieces do they have left? '}) (input_keys={'question'})","Prediction(
    reasoning='To find out how many pieces are left, we need to subtract the number of pieces eaten from the total number of pieces.\n\nKatie and her sister started with 8 + 23 = 31 pieces.\nThey ate 8 pieces, so they have 31 - 8 = 23 pieces left.',
    response=23.0
)",True
"Example({'response': 3, 'question': "" Ned was trying to expand his game collection. He bought 50 games from a friend and bought 27 more at a garage sale. If 74 of the games didn't work, how many good games did he end up with? ""}) (input_keys={'question'})","Prediction(
    reasoning='To find out how many good games Ned ended up with, we need to subtract the number of non-working games from the total number of games.\n\nNed bought 50 + 27 = 77 games in total.\nHe had 74 non-working games.\n\nSo, the number of good games is: 77 - 74 = 3',
    response=3.0
)",True
"Example({'response': 40, 'question': ' For the school bake sale Wendy made pastries. She baked 41 cupcakes and 31 cookies. After the sale she had 32 to take back home. How many pastries did she sell? '}) (input_keys={'question'})","Prediction(
    
)",0.0
"Example({'response': 32, 'question': ' The school cafeteria ordered 25 red apples and 17 green apples for students lunches. But, if only 10 students wanted fruit, how many extra did the cafeteria end up with? '}) (input_keys={'question'})","Prediction(
    reasoning='The cafeteria ordered 25 red apples and 17 green apples, but only 10 students wanted fruit. To find out how many extra apples they ended up with, we need to subtract the number of students who wanted fruit from the total number of apples.',
    response=15.0
)",False
"Example({'response': 34, 'question': "" At the arcade, Jerry won 29 tickets playing 'whack a mole' and 17 tickets playing 'skee ball'. If he spent 12 of his tickets on a hat, how many tickets does Jerry have left? ""}) (input_keys={'question'})","Prediction(
    reasoning='To find out how many tickets Jerry has left, we need to subtract the number of tickets he spent (12) from the total number of tickets he won.\n\n29 + 17 = 46\n\nSo, Jerry has 46 - 12 = 34 tickets left.',
    response=34.0
)",True
"Example({'response': 35, 'question': ' Cody had 45 dollars. For his birthday he got 9 more dollars but spent 19 on a new game. How much money does he have now? '}) (input_keys={'question'})","Prediction(
    reasoning='To find out how much money Cody has now, we need to subtract the amount he spent from the initial amount he had.\n\nInitial amount = 45\nAmount spent = 19\n\nAmount left = Initial amount - Amount spent\n= 45 - 19\n= 26\n\nSo, Cody has 26 dollars now.',
    response=26.0
)",False
"Example({'response': 49, 'question': ' For the school bake sale Carol made 30 cupcakes. If she sold 9 of them and then made 28 more, how many cupcakes would she have? '}) (input_keys={'question'})","Prediction(
    
)",0.0
"Example({'response': 62, 'question': ' For Halloween Faye scored 47 pieces of candy. She ate 25 pieces the first night and then her sister gave her 40 more pieces. How many pieces of candy does Faye have now? '}) (input_keys={'question'})","Prediction(
    reasoning=""To find out how many pieces of candy Faye has now, we need to add the number of pieces she had initially (47) to the number of pieces she ate (25), and then add the number of pieces her sister gave her (40).\n\nFaye's initial amount: 47\nShe ate 25 pieces: 47 - 25 = 22\nHer sister gave her 40 more pieces: 22 + 40 = 62\n\nSo, Faye now has 62 pieces of candy."",
    response=62.0
)",True
"Example({'response': 24, 'question': ' Kaleb had 34 books. If he sold 17 of them and used the money he earned to buy 7 new books, how many books would Kaleb have? '}) (input_keys={'question'})","Prediction(
    reasoning='To find out how many books Kaleb has left, we need to subtract the number of books he sold from the total number of books he had.\n\n34 (total books) - 17 (books sold) = 17\n\nSo, Kaleb has 17 books left.',
    response=17.0
)",False
"Example({'response': 48, 'question': ' In fourth grade there were 10 students at the start of the year. During the year 4 students left and 42 new students came to school. How many students were in fourth grade at the end? '}) (input_keys={'question'})","Prediction(
    reasoning='To find the number of students in fourth grade at the end, we need to subtract the number of students who left from the initial number of students and then add the number of new students.\n\nInitial number of students: 10\nNumber of students who left: 4\nNew students: 42\n\nStudents remaining: 10 - 4 + 42 = 48',
    response=48.0
)",True
"Example({'response': 61, 'question': ' Oliver had 33 dollars in January. By March he had spent 4 dollars. If he got another 32 dollars from his mom, how much money would he have? '}) (input_keys={'question'})","Prediction(
    
)",0.0
"Example({'response': 40, 'question': ' A florist had 37 roses. If she sold 16 of them and then later picked 19 more, how many roses would she have? '}) (input_keys={'question'})","Prediction(
    reasoning='To find out how many roses the florist has now, we need to add the number of roses she sold (16) to the number of roses she picked (19).',
    response=50.0
)",False
"Example({'response': 20, 'question': ' A teacher had 6 worksheets to grade. If she graded 4, but then another 18 were turned in, how many worksheets would she have to grade? '}) (input_keys={'question'})","Prediction(
    reasoning='To find out how many worksheets the teacher has left to grade, we need to subtract the number of worksheets already graded (4) from the total number of worksheets (6).\n\n6 - 4 = 2\n\nSo, the teacher has 2 worksheets left to grade.',
    response=2.0
)",False
"Example({'response': 10, 'question': ' A book store had 41 books in the bargin bin. If they sold 33 books, but then put 2 more in the bin, how many books would be in the bin? '}) (input_keys={'question'})","Prediction(
    reasoning='To find the number of books left in the bin after selling and putting some back, we need to subtract the number of books sold from the initial number of books.\n\nInitial number of books = 41\nNumber of books sold = 33\n\nNumber of books left = Initial number of books - Number of books sold\n= 41 - 33\n= 8\n\nSo, there would be 8 books in the bin.',
    response=8.0
)",False
"Example({'response': 41, 'question': ' A waiter had 19 customers to wait on. If 14 customers left and he got another 36 customers, how many customers would he have? '}) (input_keys={'question'})","Prediction(
    reasoning='To find the total number of customers the waiter has now, we need to add the initial number of customers (19) to the number of new customers (36). \n\n19 + 36 = 55\n\nSo, the waiter now has 55 customers.',
    response=55.0
)",False
"Example({'response': 6, 'question': ' At the fair there were 9 people in line for the bumper cars. If 6 of them got tired of waiting and left and 3 more got in line, how many people would be in line? '}) (input_keys={'question'})","Prediction(
    reasoning='To find the number of people remaining in line, we need to subtract the number of people who left from the initial number of people.\n\nInitial number of people = 9\nNumber of people who left = 6\n\nRemaining number of people = Initial number - Number of people who left\n= 9 - 6\n= 3\n\nSo, there would be 3 people in line.',
    response=3.0
)",False
"Example({'response': 51, 'question': ' A teacher had 7 worksheets to grade. If she graded 2, but then another 46 were turned in, how many worksheets would she have to grade? '}) (input_keys={'question'})","Prediction(
    
)",0.0
"Example({'response': 33, 'question': ' Paige had 8 songs on her mp3 player. If she deleted 5 old songs from it and then added 30 new songs, how many songs does she have on her mp3 player? '}) (input_keys={'question'})","Prediction(
    reasoning='To find the total number of songs Paige has now, we need to add the number of songs she deleted (5) to the number of songs she added (30). \n\n8 + 5 = 13\n\nSo, Paige now has 13 songs on her mp3 player.',
    response=13.0
)",False
"Example({'response': 52, 'question': ' Maria picked 48 carrots from her garden. If she threw out 11 of them and then picked 15 more the next day, how many carrots would she have total? '}) (input_keys={'question'})","Prediction(
    reasoning='To find the total number of carrots Maria has, we need to add the number of carrots she picked on the first day (48) to the number of carrots she picked on the second day (15).\n\n48 + 15 = 63\n\nSo, Maria would have a total of 63 carrots.',
    response=63.0
)",False
"Example({'response': 27, 'question': ' A store had 34 oranges in a bin. If they threw away 20 of the old ones and put 13 new ones in the bin how many would be in the bin? '}) (input_keys={'question'})","Prediction(
    reasoning='To find the total number of oranges in the bin, we need to add the number of oranges thrown away (20) to the number of oranges added (13).\n\nTotal oranges = 34 - 20 + 13\nTotal oranges = 22',
    response=22.0
)",False
"Example({'response': 26, 'question': ' A waiter had 47 customers to wait on. If 41 customers left and he got another 20 customers, how many customers would he have? '}) (input_keys={'question'})","Prediction(
    reasoning='To find the total number of customers the waiter has now, we need to add the initial number of customers (47) to the number of new customers (20). \n\n47 + 20 = 67\n\nSo, the waiter now has 67 customers.',
    response=67.0
)",False
"Example({'response': 29, 'question': ' In fourth grade there were 33 students at the start of the year. During the year 18 students left and 14 new students came to school. How many students were in fourth grade at the end? '}) (input_keys={'question'})","Prediction(
    reasoning='The number of students at the end of the year can be calculated by subtracting the number of students who left from the initial number and then adding the new students.',
    response=33.0
)",False
"Example({'response': 26, 'question': ' For the school bake sale Katie made 26 cupcakes. If she sold 20 of them and then made 20 more, how many cupcakes would she have? '}) (input_keys={'question'})","Prediction(
    reasoning='To find out how many cupcakes Katie has, we need to add the number of cupcakes she sold (20) to the number of cupcakes she made (20).',
    response=46.0
)",False
"Example({'response': 8, 'question': ' Adam had 5 dollars. At the store he spent $2 on a new game. If he got another 5 dollars for his allowance, how much money does he have now? '}) (input_keys={'question'})","Prediction(
    reasoning='To find out how much money Adam has now, we need to add the amount he spent at the store ($2) and the amount he received from his allowance (5 dollars). \n\nAdam had 5 dollars initially. He spent $2 on a new game. So, he was left with:\n5 - 2 = 3 dollars\n\nThen, he got another 5 dollars for his allowance. Now, he has:\n3 + 5 = 8 dollars',
    response=8.0
)",True
"Example({'response': 56, 'question': ' Tiffany was playing a video game and had 43 lives. In a hard part of the game she lost 14 lives. If she got 27 more lives in the next level, how many lives would she have? '}) (input_keys={'question'})","Prediction(
    reasoning='To find out how many lives Tiffany had after losing some and getting more, we subtracted the number of lives she lost from her initial number of lives. Then, we added the number of lives she got in the next level to get the final total.',
    response=56.0
)",True
"Example({'response': 17, 'question': ' At the fair there were 12 people in line for the bumper cars. If 10 of them got tired of waiting and left and 15 more got in line, how many people would be in line? '}) (input_keys={'question'})","Prediction(
    reasoning='To find the number of people left in line, we need to subtract the number of people who left from the initial number.',
    response=2.0
)",False
"Example({'response': 50, 'question': ' A waiter had 14 customers to wait on. If 3 customers left and he got another 39 customers, how many customers would he have? '}) (input_keys={'question'})","Prediction(
    reasoning='To find the total number of customers after new arrivals, we need to add the initial number of customers (14) to the number of customers who arrived (39). This can be calculated as follows:\n\n14 + 39 = 53\n\nSo, the waiter now has a total of 53 customers.',
    response=53.0
)",False
"Example({'response': 25, 'question': ' At the fair there were 30 people in line for the bumper cars. If 10 of them got tired of waiting and left and 5 more got in line, how many people would be in line? '}) (input_keys={'question'})","Prediction(
    reasoning='To find the number of people left in line, we need to subtract the number of people who left from the initial number.',
    response=25.0
)",True
"Example({'response': 79, 'question': ' Faye had 34 coloring books. If she gave away 3 of them, but then bought 48 more, how many would she have total? '}) (input_keys={'question'})","Prediction(
    reasoning='To find out how many coloring books Faye has now, we need to add the number of books she gave away (3) to the number of books she bought (48). \n\nSo, 34 + 3 = 37\n\nFaye now has a total of 37 coloring books.',
    response=37.0
)",False
"Example({'response': 10, 'question': ' Paige had 11 songs on her mp3 player. If she deleted 9 old songs from it and then added 8 new songs, how many songs does she have on her mp3 player? '}) (input_keys={'question'})","Prediction(
    reasoning='To find the total number of songs Paige has now, we need to add the number of songs she deleted (9) to the number of songs she added (8). \n\n11 + 9 = 20\n\nSo, Paige now has 20 songs on her mp3 player.',
    response=20.0
)",False
"Example({'response': 49, 'question': ' A teacher had 38 worksheets to grade. If she graded 4, but then another 15 were turned in, how many worksheets would she have to grade? '}) (input_keys={'question'})","Prediction(
    
)",0.0
"Example({'response': 52, 'question': ' In fourth grade there were 40 students at the start of the year. During the year 14 students left and 26 new students came to school. How many students were in fourth grade at the end? '}) (input_keys={'question'})","Prediction(
    reasoning='The number of students at the end of the year can be calculated by subtracting the number of students who left from the initial number of students.',
    response=40.0
)",False
"Example({'response': 74, 'question': ' Wendy was playing a video game and had 43 lives. In a hard part of the game she lost 8 lives. If she got 39 more lives in the next level, how many lives would she have? '}) (input_keys={'question'})","Prediction(
    reasoning='Wendy lost 8 lives and got 39 more, so she now has 43 - 8 + 39 = 60 lives.',
    response=60.0
)",False
"Example({'response': 11, 'question': ' A book store had 4 books in the bargin bin. If they sold 3 books, but then put 10 more in the bin, how many books would be in the bin? '}) (input_keys={'question'})","Prediction(
    reasoning='To find the total number of books in the bin after selling and putting back some, we need to add the initial number of books (4) to the number of books added (10).',
    response=13.0
)",False
"Example({'response': 30, 'question': ' At the arcade Cody won 49 tickets. If he spent 25 tickets on a beanie and later won 6 more tickets, how many would he have? '}) (input_keys={'question'})","Prediction(
    reasoning='Cody initially had 49 tickets. He then spent 25 tickets on a beanie, leaving him with:\n49 - 25 = 24\n\nLater, Cody won 6 more tickets, bringing his total to:\n24 + 6 = 30',
    response=30.0
)",True
"Example({'response': 25, 'question': ' For the school bake sale Bianca made 14 cupcakes. If she sold 6 of them and then made 17 more, how many cupcakes would she have? '}) (input_keys={'question'})","Prediction(
    reasoning='To find out how many cupcakes Bianca has now, we need to add the number of cupcakes she sold (6) to the number of cupcakes she made (17).',
    response=25.0
)",True
"Example({'response': 59, 'question': ' Bianca had 45 coloring books. If she gave away 6 of them, but then bought 20 more, how many would she have total? '}) (input_keys={'question'})","Prediction(
    reasoning='To find out how many coloring books Bianca has now, we need to add the number of books she gave away (6) to the number of books she bought (20). \n\n6 + 20 = 26\n\nSo, Bianca now has a total of 26 coloring books.',
    response=26.0
)",False
"Example({'response': 57, 'question': ' Zoe had 15 songs on her mp3 player. If she deleted 8 old songs from it and then added 50 new songs, how many songs does she have on her mp3 player? '}) (input_keys={'question'})","Prediction(
    reasoning='To find out how many songs Zoe has now, we need to add the number of old songs she deleted (8) and the number of new songs she added (50).',
    response=75.0
)",False
"Example({'response': 49, 'question': ' At the arcade Jerry won 4 tickets. If he spent 2 tickets on a beanie and later won 47 more tickets, how many would he have? '}) (input_keys={'question'})","Prediction(
    reasoning='Jerry initially had 4 tickets and spent 2, so he was left with',
    response=2.0
)",False
"Example({'response': 60, 'question': ' A store had 31 oranges in a bin. If they threw away 9 of the old ones and put 38 new ones in the bin how many would be in the bin? '}) (input_keys={'question'})","Prediction(
    reasoning='To find the total number of oranges in the bin, we need to add the number of oranges thrown away (9) to the number of oranges added (38).',
    response=50.0
)",False
"Example({'response': 45, 'question': ' Adam had 33 books. If he sold 11 of them and used the money he earned to buy 23 new books, how many books would Adam have? '}) (input_keys={'question'})","Prediction(
    
)",0.0
"Example({'response': 10, 'question': ' At the fair there were 10 people in line for the bumper cars. If 2 of them got tired of waiting and left and 2 more got in line, how many people would be in line? '}) (input_keys={'question'})","Prediction(
    reasoning='The number of people in line decreased by 2, and it increased by 2.',
    response=8.0
)",False
"Example({'response': 46, 'question': ' The school cafeteria had 38 apples. If they used 20 to make lunch for the students and then bought 28 more, how many apples would they have? '}) (input_keys={'question'})","Prediction(
    reasoning='To find out how many apples the cafeteria has now, we need to add the number of apples they used (20) to the number of apples they bought (28).',
    response=50.0
)",False
"Example({'response': 60, 'question': "" George had 28 socks. If he threw away 4 old ones that didn't fit and bought 36 new ones, how many socks would he have? ""}) (input_keys={'question'})","Prediction(
    reasoning='To find out how many socks George has now, we need to add the number of new socks he bought (36) to the original number of socks he had (28).',
    response=42.0
)",False
"Example({'response': 37, 'question': ' For Halloween Robin scored 23 pieces of candy. She ate 7 pieces the first night and then her sister gave her 21 more pieces. How many pieces of candy does Robin have now? '}) (input_keys={'question'})","Prediction(
    
)",0.0
"Example({'response': 32, 'question': ' Rachel was playing a video game and had 10 lives. In a hard part of the game she lost 4 lives. If she got 26 more lives in the next level, how many lives would she have? '}) (input_keys={'question'})","Prediction(
    reasoning='To find out how many lives Rachel would have after getting more, we need to add the number of lives she lost (4) and the number of lives she got in the next level (26).',
    response=30.0
)",False
"Example({'response': 13, 'question': ' A florist had 6 roses. If she sold 5 of them and then later picked 12 more, how many roses would she have? '}) (input_keys={'question'})","Prediction(
    reasoning='To find out how many roses the florist has now, we need to add the number of roses she sold (5) to the number of roses she picked (12).\n\n6 (initial roses) + 5 (roses sold) + 12 (roses picked) = 23',
    response=23.0
)",False
"Example({'response': 35, 'question': ' For Halloween Haley scored 33 pieces of candy. She ate 17 pieces the first night and then her sister gave her 19 more pieces. How many pieces of candy does Haley have now? '}) (input_keys={'question'})","Prediction(
    
)",0.0
"Example({'response': 50, 'question': ' The school cafeteria had 14 apples. If they used 13 to make lunch for the students and then bought 49 more, how many apples would they have? '}) (input_keys={'question'})","Prediction(
    reasoning='The cafeteria had 14 apples. If they used 13 to make lunch for the students and then bought 49 more, how many apples would they have?',
    response=63.0
)",False
"Example({'response': 38, 'question': ' Edward had 43 books. If he sold 19 of them and used the money he earned to buy 14 new books, how many books would Edward have? '}) (input_keys={'question'})","Prediction(
    reasoning='To find out how many books Edward has now, we need to subtract the number of books he sold from his original total.\n\nBooks sold = 19\nOriginal total = 43\n\nNew total = Original total - Books sold\n= 43 - 19\n= 24\n\nSo, Edward would have 24 books now.',
    response=24.0
)",False
"Example({'response': 33, 'question': ' A teacher had 29 worksheets to grade. If she graded 25, but then another 29 were turned in, how many worksheets would she have to grade? '}) (input_keys={'question'})","Prediction(
    reasoning='The teacher would have to grade 54 worksheets.',
    response=54.0
)",False
"Example({'response': 35, 'question': ' In fourth grade there were 35 students at the start of the year. During the year 10 students left and 10 new students came to school. How many students were in fourth grade at the end? '}) (input_keys={'question'})","Prediction(
    reasoning='To find the number of students in fourth grade at the end, we need to subtract the number of students who left from the initial number of students and then add the number of new students who joined.\n\nInitial number of students: 35\nNumber of students who left: 10\nNumber of new students who joined: 10\n\nStudents remaining after leaving: 35 - 10 = 25\nStudents added to the school: 10\n\nTotal number of students at the end: 25 + 10 = 35',
    response=0.5
)",False
"Example({'response': 40, 'question': ' For the school bake sale Carol made 19 cupcakes. If she sold 6 of them and then made 27 more, how many cupcakes would she have? '}) (input_keys={'question'})","Prediction(
    reasoning='To find out how many cupcakes she has now, we need to add the number of cupcakes she sold (6) to the number of cupcakes she made (27).',
    response=35.0
)",False
"Example({'response': 10, 'question': ' A store had 40 oranges in a bin. If they threw away 37 of the old ones and put 7 new ones in the bin how many would be in the bin? '}) (input_keys={'question'})","Prediction(
    reasoning='To find out how many oranges are in the bin now, we need to add the number of oranges thrown away (37) to the number of oranges added (7). \n\nSo, 40 + 7 = 47',
    response=47.0
)",False
"Example({'response': 58, 'question': ' At the arcade Victor won 46 tickets. If he spent 27 tickets on a beanie and later won 39 more tickets, how many would he have? '}) (input_keys={'question'})","Prediction(
    reasoning='Victor initially had 46 tickets and spent 27 on a beanie, leaving him with 19. Then he won 39 more, bringing his total to 58.',
    response=58.0
)",True
"Example({'response': 45, 'question': ' Chloe picked 48 carrots from her garden. If she threw out 45 of them and then picked 42 more the next day, how many carrots would she have total? '}) (input_keys={'question'})","Prediction(
    reasoning='To find the total number of carrots Chloe has, we need to add the number of carrots she picked on the first day (48) to the number of carrots she picked on the second day (42).\n\nTotal = 48 + 42\nTotal = 90',
    response=90.0
)",False
"Example({'response': 43, 'question': "" Sam had 10 socks. If he threw away 3 old ones that didn't fit and bought 36 new ones, how many socks would he have? ""}) (input_keys={'question'})","Prediction(
    
)",0.0
"Example({'response': 51, 'question': ' Maria had 14 bottles of water in her fridge. If she drank 8 of them and then bought 45 more, how many bottles would she have? '}) (input_keys={'question'})","Prediction(
    reasoning='To find out how many bottles Maria has now, we need to add the number of bottles she drank (8) to the number of bottles she bought (45). \n\n14 + 8 = 22\n\nSo, Maria now has 22 bottles of water.',
    response=22.0
)",False
"Example({'response': 63, 'question': ' A teacher had 34 worksheets to grade. If she graded 7, but then another 36 were turned in, how many worksheets would she have to grade? '}) (input_keys={'question'})","Prediction(
    reasoning='The teacher had 34 worksheets to grade. If she graded 7, but then another 36 were turned in, how many worksheets would she have to grade?',
    response=43.0
)",False
"Example({'response': 11, 'question': ' At the fair there were 7 people in line for the bumper cars. If 4 of them got tired of waiting and left and 8 more got in line, how many people would be in line? '}) (input_keys={'question'})","Prediction(
    reasoning='To find the number of people remaining in line, we need to subtract the number of people who left from the initial number of people.\n\nInitial number of people = 7\nNumber of people who left = 4\n\nRemaining number of people = Initial number - Number of people who left\n= 7 - 4\n= 3\n\nSo, there would be 3 people in line.',
    response=3.0
)",False
"Example({'response': 19, 'question': ' Emily had 7 coloring books. If she gave away 2 of them, but then bought 14 more, how many would she have total? '}) (input_keys={'question'})","Prediction(
    reasoning='To find out how many coloring books Emily has now, we need to subtract the number of books she gave away from the original number and add the number of new books she bought.\n\n7 (original books) - 2 (books given away) = 5\n5 + 14 (new books bought) = 19\n\nSo, Emily would have 19 coloring books now.',
    response=19.0
)",True
"Example({'response': 18, 'question': ' At the arcade Dave won 25 tickets. If he spent 22 tickets on a beanie and later won 15 more tickets, how many would he have? '}) (input_keys={'question'})","Prediction(
    reasoning='To find out how many tickets Dave has now, we need to add the number of tickets he won after buying the beanie to the initial number of tickets.\n\nInitial tickets: 25\nTickets spent on beanie: 22\n\nNew total tickets = Initial tickets + Tickets spent on beanie\n= 25 + 22\n= 47',
    response=47.0
)",False
"Example({'response': 32, 'question': ' Robin had 30 songs on her mp3 player. If she deleted 8 old songs from it and then added 10 new songs, how many songs does she have on her mp3 player? '}) (input_keys={'question'})","Prediction(
    reasoning='To find out how many songs Robin has now, we need to add the number of new songs she added (10) to the number of old songs she deleted (8). \n\n30 + 10 = 40\n\nSo, Robin now has 40 songs on her mp3 player.',
    response=40.0
)",False
"Example({'response': 9, 'question': ' The school cafeteria had 23 apples. If they used 20 to make lunch for the students and then bought 6 more, how many apples would they have? '}) (input_keys={'question'})","Prediction(
    reasoning='The school cafeteria had 23 apples. If they used 20 to make lunch for the students and then bought 6 more, how many apples would they have?',
    response=29.0
)",False
"Example({'response': 54, 'question': ' Janet was playing a video game and had 38 lives. In a hard part of the game she lost 16 lives. If she got 32 more lives in the next level, how many lives would she have? '}) (input_keys={'question'})","Prediction(
    reasoning='Janet lost 16 lives and got 32 more, so she now has 38 - 16 + 32 = 46 lives.',
    response=46.0
)",False
"Example({'response': 61, 'question': ' Megan picked 19 carrots from her garden. If she threw out 4 of them and then picked 46 more the next day, how many carrots would she have total? '}) (input_keys={'question'})","Prediction(
    
)",0.0
"Example({'response': 71, 'question': ' Roger had 45 dollars in January. By March he had spent 20 dollars. If he got another 46 dollars from his mom, how much money would he have? '}) (input_keys={'question'})","Prediction(
    
)",0.0
"Example({'response': 38, 'question': ' The school cafeteria had 17 apples. If they used 2 to make lunch for the students and then bought 23 more, how many apples would they have? '}) (input_keys={'question'})","Prediction(
    reasoning='The school cafeteria had 17 apples. If they used 2 to make lunch for the students and then bought 23 more, how many apples would they have?',
    response=50.0
)",False
"Example({'response': 70, 'question': ' Janet was playing a video game and had 47 lives. In a hard part of the game she lost 23 lives. If she got 46 more lives in the next level, how many lives would she have? '}) (input_keys={'question'})","Prediction(
    reasoning='To find out how many lives Janet has now, we need to add the number of lives she lost and the number of lives she gained. This can be done using simple arithmetic:\n\n47 (initial lives) - 23 (lost lives) + 46 (gained lives) = 70',
    response=70.0
)",True
"Example({'response': 31, 'question': ' Nancy picked 12 carrots from her garden. If she threw out 2 of them and then picked 21 more the next day, how many carrots would she have total? '}) (input_keys={'question'})","Prediction(
    reasoning='To find out how many carrots Nancy has in total, we need to add the number of carrots she picked on the first day (12) and the number of carrots she picked on the second day (21).',
    response=45.0
)",False
"Example({'response': 64, 'question': ' Bianca had 34 songs on her mp3 player. If she deleted 14 old songs from it and then added 44 new songs, how many songs does she have on her mp3 player? '}) (input_keys={'question'})","Prediction(
    reasoning='To find out how many songs Bianca has now, we need to add the number of new songs she added (44) to the number of old songs she deleted (14). \n\nSo, the total number of songs is: 34 + 44 = 78',
    response=78.0
)",False
"Example({'response': 39, 'question': ' Tom had 5 books. If he sold 4 of them and used the money he earned to buy 38 new books, how many books would Tom have? '}) (input_keys={'question'})","Prediction(
    reasoning='To find out how many books Tom has now, we need to subtract the number of books he sold from the total number of books he had initially.\n\nInitial number of books = 5\nNumber of books sold = 4\n\nTotal number of books after selling some = Initial number of books - Number of books sold\n= 5 - 4\n= 1\n\nSo, Tom now has 1 book.',
    response=1.0
)",False
"Example({'response': 27, 'question': "" John had 33 socks. If he threw away 19 old ones that didn't fit and bought 13 new ones, how many socks would he have? ""}) (input_keys={'question'})","Prediction(
    reasoning='To find out how many socks John has now, we need to add the number of new socks he bought (13) to the number of old socks he threw away (19). \n\nSo, 33 + 13 = 46',
    response=46.0
)",False
"Example({'response': 24, 'question': ' For the school bake sale Maria made 19 cupcakes. If she sold 5 of them and then made 10 more, how many cupcakes would she have? '}) (input_keys={'question'})","Prediction(
    reasoning='To find out how many cupcakes Maria has now, we need to add the number of cupcakes she sold (5) to the number of cupcakes she made (10).',
    response=25.0
)",False
"Example({'response': 34, 'question': ' A store had 50 oranges in a bin. If they threw away 40 of the old ones and put 24 new ones in the bin how many would be in the bin? '}) (input_keys={'question'})","Prediction(
    reasoning='The number of oranges in the bin increased by 24, so we need to add this to the initial amount.',
    response=74.0
)",False
"Example({'response': 11, 'question': ' In fourth grade there were 8 students at the start of the year. During the year 5 students left and 8 new students came to school. How many students were in fourth grade at the end? '}) (input_keys={'question'})","Prediction(
    reasoning='To find the number of students in fourth grade at the end, we need to subtract the number of students who left from the initial number of students and then add the number of new students who joined.\n\nInitial number of students = 8\nNumber of students who left = 5\nNumber of new students who joined = 8\n\nStudents remaining = Initial number - Number of students who left + Number of new students who joined\n= 8 - 5 + 8\n= 11',
    response=11.0
)",True
"Example({'response': 60, 'question': ' Bianca picked 23 carrots from her garden. If she threw out 10 of them and then picked 47 more the next day, how many carrots would she have total? '}) (input_keys={'question'})","Prediction(
    reasoning='To find the total number of carrots Bianca has, we need to add the number of carrots she picked on the first day (23) to the number of carrots she picked on the second day (47).\n\nTotal = 23 + 47\nTotal = 70',
    response=70.0
)",False
"Example({'response': 47, 'question': ' Zoe had 42 bottles of water in her fridge. If she drank 25 of them and then bought 30 more, how many bottles would she have? '}) (input_keys={'question'})","Prediction(
    reasoning='To find out how many bottles Zoe has now, we need to add the number of bottles she drank (25) to the number of bottles she bought (30). \n\n42 + 25 = 67\n\nSo, Zoe now has 67 bottles of water.',
    response=67.0
)",False
"Example({'response': 28, 'question': ' Katie had 11 songs on her mp3 player. If she deleted 7 old songs from it and then added 24 new songs, how many songs does she have on her mp3 player? '}) (input_keys={'question'})","Prediction(
    reasoning='To find out how many songs Katie has now, we need to add the number of old songs she deleted (7) and the number of new songs she added (24).',
    response=45.0
)",False
"Example({'response': 31, 'question': ' A store had 5 oranges in a bin. If they threw away 2 of the old ones and put 28 new ones in the bin how many would be in the bin? '}) (input_keys={'question'})","Prediction(
    reasoning='To find the total number of oranges in the bin, we need to add the initial number of oranges (5) to the number of new oranges (28). \n\nInitial oranges: 5\nNew oranges: 28\n\nTotal oranges = Initial oranges + New oranges\n= 5 + 28\n= 33',
    response=33.0
)",False
"Example({'response': 67, 'question': ' Adam had 48 books. If he sold 19 of them and used the money he earned to buy 38 new books, how many books would Adam have? '}) (input_keys={'question'})","Prediction(
    reasoning='67',
    response=67.0
)",True
"Example({'response': 37, 'question': ' In fourth grade there were 31 students at the start of the year. During the year 5 students left and 11 new students came to school. How many students were in fourth grade at the end? '}) (input_keys={'question'})","Prediction(
    reasoning='The number of students at the end of the year can be calculated by subtracting the number of students who left from the initial number of students.',
    response=31.0
)",False
"Example({'response': 59, 'question': ' For the school bake sale Robin made 42 cupcakes. If she sold 22 of them and then made 39 more, how many cupcakes would she have? '}) (input_keys={'question'})","Prediction(
    
)",0.0
"Example({'response': 41, 'question': ' A florist had 11 roses. If she sold 2 of them and then later picked 32 more, how many roses would she have? '}) (input_keys={'question'})","Prediction(
    reasoning='To find out how many roses the florist has now, we need to add the number of roses she sold (2) to the number of roses she picked (32).',
    response=45.0
)",False
"Example({'response': 22, 'question': ' Frank had 11 dollars. At the store he spent $3 on a new game. If he got another 14 dollars for his allowance, how much money does he have now? '}) (input_keys={'question'})","Prediction(
    reasoning=""To find out how much money Frank has now, we need to add the amount he spent at the store and the amount he received from his allowance.\n\nFrank had 11 dollars initially.\nHe spent $3 on a new game.\nSo, he spent 3 dollars.\nHe got another 14 dollars for his allowance.\nSo, he received 14 dollars.\n\nNow, let's calculate the total amount of money Frank has now:\n11 (initial amount) + 3 (amount spent) = 14\n14 + 14 = 28\n\nFrank now has a total of 28 dollars."",
    response=28.0
)",False
"Example({'response': 46, 'question': ' Haley was playing a video game and had 14 lives. In a hard part of the game she lost 4 lives. If she got 36 more lives in the next level, how many lives would she have? '}) (input_keys={'question'})","Prediction(
    reasoning='Haley lost 4 lives, so she now has 14 - 4 = 10 lives.',
    response=10.0
)",False
"Example({'response': 58, 'question': ' Luke had 48 dollars in January. By March he had spent 11 dollars. If he got another 21 dollars from his mom, how much money would he have? '}) (input_keys={'question'})","Prediction(
    reasoning=""To find out how much money Luke has now, we need to subtract the amount he spent (11 dollars) from the initial amount he had (48 dollars). Then, we add the amount he received from his mom (21 dollars).\n\nLuke's current amount: 48 - 11 = 37\nLuke's new amount: 37 + 21 = 58"",
    response=58.0
)",True
"Example({'response': 41, 'question': ' Emily was playing a video game and had 42 lives. In a hard part of the game she lost 25 lives. If she got 24 more lives in the next level, how many lives would she have? '}) (input_keys={'question'})","Prediction(
    reasoning=""Emily's lives decreased by 25 after losing some in the hard part of the game."",
    response=17.0
)",False
"Example({'response': 58, 'question': ' Debby had 30 coloring books. If she gave away 7 of them, but then bought 35 more, how many would she have total? '}) (input_keys={'question'})","Prediction(
    reasoning='To find out how many coloring books Debby has now, we need to add the number of books she gave away (7) to the number of books she bought (35). \n\nDeby had 30 coloring books initially. She gave away 7 and then bought 35 more.\n\nSo, the total number of coloring books Debby has now is: \n30 + 7 - 35 = 2',
    response=2.0
)",False
"Example({'response': 23, 'question': ' The school cafeteria had 12 apples. If they used 8 to make lunch for the students and then bought 19 more, how many apples would they have? '}) (input_keys={'question'})","Prediction(
    reasoning='The school cafeteria had 12 apples. If they used 8 to make lunch for the students and then bought 19 more, how many apples would they have?',
    response=31.0
)",False
"Example({'response': 31, 'question': ' At the fair there were 31 people in line for the bumper cars. If 25 of them got tired of waiting and left and 25 more got in line, how many people would be in line? '}) (input_keys={'question'})","Prediction(
    reasoning='To find the number of people remaining in line, we need to subtract the number of people who left from the initial number of people.\n\nInitial number of people = 31\nNumber of people who left = 25\n\nRemaining number of people = Initial number - Number of people who left\n= 31 - 25\n= 6\n\nSo, there would be 6 people in line.',
    response=6.0
)",False
"Example({'response': 56, 'question': ' A florist had 50 roses. If she sold 15 of them and then later picked 21 more, how many roses would she have? '}) (input_keys={'question'})","Prediction(
    
)",0.0
"Example({'response': 23, 'question': ' Zoe had 6 songs on her mp3 player. If she deleted 3 old songs from it and then added 20 new songs, how many songs does she have on her mp3 player? '}) (input_keys={'question'})","Prediction(
    reasoning='To find out how many songs Zoe has now, we need to add the number of new songs she added (20) to the number of old songs she deleted (3). \n\nSo, the total number of songs is: 6 + 20 = 26',
    response=26.0
)",False
"Example({'response': 16, 'question': ' At the arcade Dave won 11 tickets. If he spent 5 tickets on a beanie and later won 10 more tickets, how many would he have? '}) (input_keys={'question'})","Prediction(
    
)",0.0
"Example({'response': 28, 'question': ' A waiter had 33 customers to wait on. If 31 customers left and he got another 26 customers, how many customers would he have? '}) (input_keys={'question'})","Prediction(
    reasoning='To find the total number of customers the waiter has now, we need to add the initial number of customers (33) to the number of customers who left (31) and then add the number of new customers (26).\n\nTotal customers = Initial customers + Customers who left + New customers\n= 33 + 31 + 26\n= 90',
    response=90.0
)",False
"Example({'response': 47, 'question': ' In fourth grade there were 11 students at the start of the year. During the year 6 students left and 42 new students came to school. How many students were in fourth grade at the end? '}) (input_keys={'question'})","Prediction(
    reasoning='To find the number of students in fourth grade at the end, we need to subtract the number of students who left from the initial number of students and then add the number of new students.\n\nInitial number of students: 11\nNumber of students who left: 6\nNew students: 42\n\nStudents remaining: 11 - 6 + 42 = 47',
    response=47.0
)",True
"Example({'response': 33, 'question': "" Oliver had 11 socks. If he threw away 4 old ones that didn't fit and bought 26 new ones, how many socks would he have? ""}) (input_keys={'question'})","Prediction(
    reasoning='To find out how many socks Oliver has now, we need to add the number of socks he threw away (4) to the number of socks he bought (26). \n\nSo, 11 + 26 = 37',
    response=37.0
)",False
"Example({'response': 36, 'question': ' A store had 40 oranges in a bin. If they threw away 25 of the old ones and put 21 new ones in the bin how many would be in the bin? '}) (input_keys={'question'})","Prediction(
    reasoning='The number of oranges in the bin increased by 21 - 25 = 6',
    response=56.0
)",False
"Example({'response': 9, 'question': ' At the arcade Edward won 9 tickets. If he spent 4 tickets on a beanie and later won 4 more tickets, how many would he have? '}) (input_keys={'question'})","Prediction(
    reasoning='Edward initially had 9 tickets. He then spent 4 tickets on a beanie, leaving him with 9 - 4 = 5 tickets.\n\nLater, Edward won 4 more tickets, bringing his total to 5 + 4 = 9 tickets.',
    response=9.0
)",True
"Example({'response': 43, 'question': ' In fourth grade there were 4 students at the start of the year. During the year 3 students left and 42 new students came to school. How many students were in fourth grade at the end? '}) (input_keys={'question'})","Prediction(
    reasoning='The number of students in fourth grade at the end is calculated by starting with 4 students and subtracting 3 (the number of students who left), then adding 42 (the number of new students) to get a total of 46.',
    response=46.0
)",False
"Example({'response': 26, 'question': ' Haley picked 28 carrots from her garden. If she threw out 11 of them and then picked 9 more the next day, how many carrots would she have total? '}) (input_keys={'question'})","Prediction(
    
)",0.0
"Example({'response': 34, 'question': ' Roger had 25 books. If he sold 21 of them and used the money he earned to buy 30 new books, how many books would Roger have? '}) (input_keys={'question'})","Prediction(
    reasoning='The total number of books Roger would have after buying new ones.',
    response=34.0
)",True
"Example({'response': 36, 'question': ' A florist had 5 roses. If she sold 3 of them and then later picked 34 more, how many roses would she have? '}) (input_keys={'question'})","Prediction(
    
)",0.0
"Example({'response': 41, 'question': ' Wendy was playing a video game and had 10 lives. In a hard part of the game she lost 6 lives. If she got 37 more lives in the next level, how many lives would she have? '}) (input_keys={'question'})","Prediction(
    reasoning='Wendy started with 10 lives and lost 6. To find out how many lives she had left, we subtract 6 from 10: 10 - 6 = 4.\n\nThen, Wendy got 37 more lives in the next level. We add 37 to 4 to get the total number of lives: 4 + 37 = 41.',
    response=41.0
)",True
"Example({'response': 29, 'question': ' John had 5 dollars. At the store he spent $2 on a new game. If he got another 26 dollars for his allowance, how much money does he have now? '}) (input_keys={'question'})","Prediction(
    reasoning=""To find out how much money John has now, we need to add the amount he spent at the store and the amount he received from his allowance.\n\nJohn started with $5.\nHe spent $2 on a new game.\nHe got another 26 dollars for his allowance.\n\nSo, let's calculate:\n$5 (initial amount) + $2 (amount spent) = $7\n+ $26 (allowance) = $33\n\nTherefore, John now has $33."",
    response=33.0
)",False
"Example({'response': 11, 'question': ' For the school bake sale Chloe made 28 cupcakes. If she sold 25 of them and then made 8 more, how many cupcakes would she have? '}) (input_keys={'question'})","Prediction(
    reasoning='To find out how many cupcakes Chloe has now, we need to add the number of cupcakes she had after selling some and the number of cupcakes she made later. This can be calculated as: initial cupcakes + cupcakes sold - cupcakes made later',
    response=11.0
)",True
"Example({'response': 50, 'question': ' At the town carnival Billy rode the ferris wheel 7 times and the bumper cars 3 times. If each ride cost 5 tickets, how many tickets did he use? '}) (input_keys={'question'})","Prediction(
    
)",0.0
"Example({'response': 32, 'question': ' Chloe was unboxing some of her old winter clothes. She found 4 boxes of clothing and inside each box there were 2 scarves and 6 mittens. How many pieces of winter clothing did Chloe have total? '}) (input_keys={'question'})","Prediction(
    reasoning='To find the total number of pieces of winter clothing, we need to multiply the number of scarves in each box by the number of mittens in each box and then add them together. \n\n4 boxes * 2 scarves/box = 8 scarves\n4 boxes * 6 mittens/box = 24 mittens\n\nTotal number of pieces of winter clothing = 8 + 24 = 32',
    response=32.0
)",True
"Example({'response': 90, 'question': ' A waiter had 9 tables he was waiting on, with 7 women and 3 men at each table. How many customers total did the waiter have? '}) (input_keys={'question'})","Prediction(
    reasoning='To find the total number of customers, we need to multiply the number of tables by the number of people per table. \n\nNumber of tables = 9\nNumber of people per table = 7 + 3 = 10\n\nTotal customers = Number of tables * Number of people per table\n= 9 * 10\n= 90',
    response=90.0
)",True
"Example({'response': 12, 'question': "" April's discount flowers was having a sale where each flower was 3 dollars. If Emily bought 2 roses and 2 daisies, how much did she spend? ""}) (input_keys={'question'})","Prediction(
    reasoning='To find out how much Emily spent, we need to calculate the total cost of the roses and the daisies separately and then add them together.\n\nRoses: 2 * 3 = 6 dollars\nDaisies: 2 * 3 = 6 dollars\nTotal cost: 6 + 6 = 12 dollars',
    response=12.0
)",True
"Example({'response': 30, 'question': ' Isabel had 2 pages of math homework and 4 pages of reading homework. If each page had 5 problems on it, how many problems did she have to complete total? '}) (input_keys={'question'})","Prediction(
    reasoning='To find the total number of problems Isabel had to complete, we need to multiply the number of pages by the number of problems per page.\n\n2 (pages) x 5 (problems per page) = 10\n\nSo, Isabel had a total of 10 problems to complete.',
    response=10.0
)",False
"Example({'response': 35, 'question': ' Wendy was playing a video game where she scores 5 points for each treasure she finds. If she found 4 treasures on the first level and 3 on the second, what would her score be? '}) (input_keys={'question'})","Prediction(
    
)",0.0
"Example({'response': 63, 'question': ' There were 7 friends playing a video game online when 2 more players joined the game. If each player had 7 lives, how many lives did they have total? '}) (input_keys={'question'})","Prediction(
    reasoning='To find the total number of lives, we need to multiply the initial number of players (7) by the number of additional players (2), and then multiply that result by the number of lives per player (7).\n\n7 * 2 = 14\n14 * 7 = 98\n\nSo, there were a total of 98 lives.',
    response=98.0
)",False
"Example({'response': 90, 'question': ' Paul bought 6 boxes of chocolate candy and 4 boxes of caramel candy. If each box has 9 pieces inside it, how much candy did he have total? '}) (input_keys={'question'})","Prediction(
    reasoning='To find the total amount of candy Paul had, we need to multiply the number of boxes of chocolate candy by the number of pieces in each box, and then add that result to the number of boxes of caramel candy multiplied by the number of pieces in each box.\n\n6 * 9 = 54\n4 * 9 = 36\n\nTotal amount of candy = 54 + 36 = 90',
    response=90.0
)",True
"Example({'response': 48, 'question': ' A pet store has 6 bird cages. If each cage has 6 parrots and 2 parakeets in it, how many birds does the pet store have total? '}) (input_keys={'question'})","Prediction(
    reasoning='To find the total number of birds, we need to calculate the total number of parrots and parakeets separately and then add them together.\n\nEach cage has 6 parrots: 6 cages * 6 parrots/cage = 36 parrots\nEach cage has 2 parakeets: 6 cages * 2 parakeets/cage = 12 parakeets\n\nTotal number of birds = 36 parrots + 12 parakeets = 48 birds',
    response=48.0
)",True
"Example({'response': 72, 'question': ' Rachel was organizing her book case making sure each of the shelves had exactly 9 books on it. If she had 6 shelves of mystery books and 2 shelves of picture books, how many books did she have total? '}) (input_keys={'question'})","Prediction(
    reasoning='6 * 9 = 54',
    response=54.0
)",False
"Example({'response': 49, 'question': ' Rachel was unboxing some of her old winter clothes. She found 7 boxes of clothing and inside each box there were 3 scarves and 4 mittens. How many pieces of winter clothing did Rachel have total? '}) (input_keys={'question'})","Prediction(
    reasoning='To find the total number of pieces of winter clothing, we need to multiply the number of scarves in each box by the number of mittens in each box and then add that result to the product of the number of scarves per box and the number of mittens per box.\n\n7 boxes * 3 scarves/box = 21 scarves\n7 boxes * 4 mittens/box = 28 mittens\n\nTotal winter clothing = 21 + 28 = 49 pieces',
    response=49.0
)",True
"Example({'response': 36, 'question': ' A pet store has 9 bird cages. If each cage has 2 parrots and 2 parakeets in it, how many birds does the pet store have total? '}) (input_keys={'question'})","Prediction(
    reasoning='To find the total number of birds, we need to multiply the number of cages by the number of parrots per cage and then by the number of parakeets per cage.\n\n9 cages * 2 parrots/cage = 18 parrots\n18 parrots * 2 parakeets/cage = 36 parakeets\n\nSo, the pet store has a total of 18 + 36 = 54 birds.',
    response=54.0
)",False
"Example({'response': 80, 'question': ' Cody bought 7 boxes of chocolate candy and 3 boxes of caramel candy. If each box has 8 pieces inside it, how much candy did he have total? '}) (input_keys={'question'})","Prediction(
    reasoning='To find the total amount of candy Cody had, we need to multiply the number of boxes of chocolate candy by the number of pieces per box, and then add that result to the number of boxes of caramel candy multiplied by the number of pieces per box.\n\n7 * 8 = 56\n3 * 8 = 24\n\nTotal candy = 56 + 24 = 80',
    response=80.0
)",True
"Example({'response': 21, 'question': "" At Billy's Restaurant a group with 2 adults and 5 children came in to eat. If each meal cost 3 dollars, how much was the bill? ""}) (input_keys={'question'})","Prediction(
    
)",0.0
"Example({'response': 72, 'question': ' Paul was collecting cans for recycling. On Saturday he filled 6 bags up and on Sunday he filled 3 more bags. If each bag had 8 cans in it, how many cans did he pick up total? '}) (input_keys={'question'})","Prediction(
    reasoning='To find the total number of cans Paul picked up, we need to add the number of cans from both days.\n\n6 (cans from Saturday) + 3 (cans from Sunday) = 9\n\nSo, Paul picked up a total of 9 cans.',
    response=9.0
)",False
"Example({'response': 50, 'question': ' While playing a trivia game, Adam answered 5 questions correct in the first half and 5 questions correct in the second half. If each question was worth 5 points, what was his final score? '}) (input_keys={'question'})","Prediction(
    reasoning='5.0',
    response=25.0
)",False
"Example({'response': 32, 'question': "" Haley's favorite band was holding a concert where tickets were 4 dollars each. Haley bought 3 tickets for herself and her friends and 5 extra tickets in case anyone else wanted to go. How much did she spend? ""}) (input_keys={'question'})","Prediction(
    
)",0.0
"Example({'response': 30, 'question': ' Luke was putting his spare change into piles. He had 5 piles of quarters and 5 piles of dimes. If each pile had 3 coins in it, how many coins did he have total? '}) (input_keys={'question'})","Prediction(
    reasoning='To find the total number of coins, we need to calculate the total number of quarters and dimes separately.',
    response=65.0
)",False
"Example({'response': 64, 'question': ' Victor and his friend were buying trick decks from the magic shop for 8 dollars each. How much did they spend if Victor bought 6 decks and his friend bought 2 decks? '}) (input_keys={'question'})","Prediction(
    reasoning=""To find the total amount spent, we need to calculate the cost of both Victor's decks and his friend's decks.\n\nVictor bought 6 decks at $8 each:\n6 x 8 = 48 dollars\n\nHis friend bought 2 decks at $8 each:\n2 x 8 = 16 dollars\n\nTotal amount spent: 48 + 16 = 64 dollars"",
    response=64.0
)",True
"Example({'response': 90, 'question': ' Katie had 7 pages of math homework and 3 pages of reading homework. If each page had 9 problems on it, how many problems did she have to complete total? '}) (input_keys={'question'})","Prediction(
    reasoning='To find the total number of problems Katie had to complete, we need to multiply the number of pages in math homework by the number of problems per page and add that result to the number of pages in reading homework multiplied by the number of problems per page.\n\n7 (math homework) * 9 (problems per page) = 63\n3 (reading homework) * 9 (problems per page) = 27\n\nTotal problems = 63 + 27 = 90',
    response=90.0
)",True
"Example({'response': 56, 'question': ' Faye was playing a video game where she scores 7 points for each treasure she finds. If she found 2 treasures on the first level and 6 on the second, what would her score be? '}) (input_keys={'question'})","Prediction(
    
)",0.0
"Example({'response': 72, 'question': ' Gwen was organizing her book case making sure each of the shelves had exactly 9 books on it. If she had 3 shelves of mystery books and 5 shelves of picture books, how many books did she have total? '}) (input_keys={'question'})","Prediction(
    reasoning='To find the total number of books Gwen had, we need to multiply the number of shelves by the number of books on each shelf. \n\n3 (shelves) * 9 (books per shelf) = 27',
    response=27.0
)",False
"Example({'response': 24, 'question': ' There were 2 friends playing a video game online when 2 more players joined the game. If each player had 6 lives, how many lives did they have total? '}) (input_keys={'question'})","Prediction(
    reasoning='To find the total number of lives, we need to multiply the initial number of players (3) by the number of lives each player has (6).\n\n3 * 6 = 18\n\nSo, there were a total of 18 lives.',
    response=18.0
)",False
"Example({'response': 48, 'question': ' Wendy bought 4 new chairs and 4 new tables for her house. If she spent 6 minutes on each piece furniture putting it together, how many minutes did it take her to finish? '}) (input_keys={'question'})","Prediction(
    reasoning='To find the total time Wendy spent assembling the furniture, we need to multiply the number of pieces by the time spent per piece.\n\nNumber of chairs: 4\nNumber of tables: 4\nTime per chair: 6 minutes\n\nTotal time = Number of chairs * Time per chair\n= 8 * 6\n= 48 minutes',
    response=48.0
)",True
"Example({'response': 30, 'question': "" April's discount flowers was having a sale where each flower was 3 dollars. If Zoe bought 8 roses and 2 daisies, how much did she spend? ""}) (input_keys={'question'})","Prediction(
    reasoning='To find the total amount spent by Zoe, we need to calculate the cost of the roses and the daisies separately and then add them together.\n\nThe cost of 8 roses at 3 dollars each is:\n8 x 3 = 24 dollars\n\nThe cost of 2 daisies at 3 dollars each is:\n2 x 3 = 6 dollars\n\nSo, the total amount spent by Zoe is:\n24 + 6 = 30 dollars',
    response=30.0
)",True
"Example({'response': 60, 'question': ' Paige was unboxing some of her old winter clothes. She found 6 boxes of clothing and inside each box there were 5 scarves and 5 mittens. How many pieces of winter clothing did Paige have total? '}) (input_keys={'question'})","Prediction(
    reasoning='The total number of scarves and mittens can be calculated by multiplying the number of boxes by the number of items in each box.',
    response=60.0
)",True
"Example({'response': 42, 'question': ' Sam was collecting cans for recycling. On Saturday he filled 4 bags up and on Sunday he filled 3 more bags. If each bag had 6 cans in it, how many cans did he pick up total? '}) (input_keys={'question'})","Prediction(
    reasoning='To find the total number of cans Sam picked up, we need to multiply the number of bags filled on both days by the number of cans per bag.\n\n4 (bags filled on Saturday) * 6 (cans per bag) = 24\n3 (bags filled on Sunday) * 6 (cans per bag) = 18\n\nSo, Sam picked up a total of 24 + 18 = 42 cans.',
    response=42.0
)",True
"Example({'response': 45, 'question': ' George was working as a sacker at a grocery store where he made 5 dollars an hour. On Monday he worked 7 hours and on Tuesday he worked 2 hours. How much money did George make in those two days? '}) (input_keys={'question'})","Prediction(
    reasoning='The total hours worked by George is 7 + 2 = 9 hours.',
    response=45.0
)",True
"Example({'response': 15, 'question': ' While playing a trivia game, Frank answered 3 questions correct in the first half and 2 questions correct in the second half. If each question was worth 3 points, what was his final score? '}) (input_keys={'question'})","Prediction(
    
)",0.0
"Example({'response': 72, 'question': ' Edward and his friend were buying trick decks from the magic shop for 9 dollars each. How much did they spend if Edward bought 4 decks and his friend bought 4 decks? '}) (input_keys={'question'})","Prediction(
    reasoning='To find the total amount spent, we need to multiply the number of decks bought by the price per deck.\n\nNumber of decks bought by Edward: 4\nPrice per deck: 9 dollars\n\nTotal amount spent by Edward: 4 x 9 = 36 dollars\n\nNumber of decks bought by his friend: 4\nPrice per deck: 9 dollars\n\nTotal amount spent by his friend: 4 x 9 = 36 dollars\n\nSo, the total amount spent is 36 + 36 = 72 dollars.',
    response=72.0
)",True
"Example({'response': 64, 'question': ' Tom and his friend were buying trick decks from the magic shop for 8 dollars each. How much did they spend if Tom bought 3 decks and his friend bought 5 decks? '}) (input_keys={'question'})","Prediction(
    
)",0.0
"Example({'response': 70, 'question': ' While shopping for music online, Megan bought 2 country albums and 8 pop albums. Each album came with a lyric sheet and had 7 songs. How many songs did Megan buy total? '}) (input_keys={'question'})","Prediction(
    reasoning=""To find the total number of songs Megan bought, we need to multiply the number of country albums by 2 (since she bought 2) and add it to the product of the number of pop albums by 8 (since she bought 8).\n\nLet's calculate:\n\nCountry albums: 2\nPop albums: 8\n\nTotal songs from country albums: 2 x 7 = 14\nTotal songs from pop albums: 8 x 7 = 56\n\nAdding both totals together:\n14 + 56 = 70\n\nSo, Megan bought a total of 70 songs."",
    response=70.0
)",True
"Example({'response': 60, 'question': ' Victor was working as a sacker at a grocery store where he made 6 dollars an hour. On Monday he worked 5 hours and on Tuesday he worked 5 hours. How much money did Victor make in those two days? '}) (input_keys={'question'})","Prediction(
    reasoning='Victor worked for 10 hours over two days.',
    response=6.0
)",False
"Example({'response': 54, 'question': ' A pet store has 6 bird cages. If each cage has 2 parrots and 7 parakeets in it, how many birds does the pet store have total? '}) (input_keys={'question'})","Prediction(
    reasoning='To find the total number of birds, we need to multiply the number of cages by the number of parrots per cage and then add the result to the product of the number of cages and the number of parakeets per cage.\n\n6 (cages) * 2 (parrots/cage) = 12\n12 * 7 (parakeets/cage) = 84\n\nSo, the pet store has a total of 84 birds.',
    response=84.0
)",False
"Example({'response': 32, 'question': ' Maria bought 2 new chairs and 2 new tables for her house. If she spent 8 minutes on each piece furniture putting it together, how many minutes did it take her to finish? '}) (input_keys={'question'})","Prediction(
    reasoning='The total time spent assembling furniture is calculated by multiplying the number of chairs and tables by the time spent per piece.',
    response=16.0
)",False
"Example({'response': 32, 'question': ' Olivia was playing a video game where she scores 8 points for each treasure she finds. If she found 2 treasures on the first level and 2 on the second, what would her score be? '}) (input_keys={'question'})","Prediction(
    
)",0.0
"Example({'response': 48, 'question': ' A waiter had 6 tables he was waiting on, with 3 women and 5 men at each table. How many customers total did the waiter have? '}) (input_keys={'question'})","Prediction(
    
)",0.0
"Example({'response': 70, 'question': ' Faye was selling her necklaces at a garage sale. She sold 3 bead necklaces and 7 gem stone necklaces. If each necklace cost 7 dollars, how much money did she earn? '}) (input_keys={'question'})","Prediction(
    
)",0.0
"Example({'response': 63, 'question': ' At the town carnival Oliver rode the ferris wheel 5 times and the bumper cars 4 times. If each ride cost 7 tickets, how many tickets did he use? '}) (input_keys={'question'})","Prediction(
    reasoning='To find out how many tickets Oliver used, we need to calculate the total number of rides and multiply it by the cost per ticket.\n\nTotal rides = Ferris wheel + Bumper cars\n= 5 + 4\n= 9\n\nCost per ticket = 7 tickets\nTotal tickets used = Total rides * Cost per ticket\n= 9 * 7\n= 63',
    response=63.0
)",True
"Example({'response': 56, 'question': ' There were 5 friends playing a video game online when 2 more players joined the game. If each player had 8 lives, how many lives did they have total? '}) (input_keys={'question'})","Prediction(
    reasoning='To find the total number of lives, we need to multiply the initial number of players by the number of lives each player has.\n\nInitial number of players = 5\nNumber of lives per player = 8\n\nTotal number of lives = Initial number of players * Number of lives per player\n= 5 * 8\n= 40',
    response=40.0
)",False
"Example({'response': 21, 'question': ' Katie was selling her necklaces at a garage sale. She sold 4 bead necklaces and 3 gem stone necklaces. If each necklace cost 3 dollars, how much money did she earn? '}) (input_keys={'question'})","Prediction(
    
)",0.0
"Example({'response': 48, 'question': ' Edward was working as a sacker at a grocery store where he made 6 dollars an hour. On Monday he worked 3 hours and on Tuesday he worked 5 hours. How much money did Edward make in those two days? '}) (input_keys={'question'})","Prediction(
    reasoning='Edward worked for 8 hours over two days.',
    response=18.0
)",False
"Example({'response': 24, 'question': ' While playing a trivia game, Mike answered 3 questions correct in the first half and 5 questions correct in the second half. If each question was worth 3 points, what was his final score? '}) (input_keys={'question'})","Prediction(
    reasoning='(9 + 15) / 2 = 12.5',
    response=12.5
)",False
"Example({'response': 32, 'question': ' Amy was playing a video game where she scores 4 points for each treasure she finds. If she found 6 treasures on the first level and 2 on the second, what would her score be? '}) (input_keys={'question'})","Prediction(
    
)",0.0
"Example({'response': 63, 'question': ' A waiter had 9 tables he was waiting on, with 4 women and 3 men at each table. How many customers total did the waiter have? '}) (input_keys={'question'})","Prediction(
    reasoning='To find the total number of customers, we need to multiply the number of tables by the number of people per table. \n\nNumber of tables = 9\nNumber of people per table = 7 (4 women + 3 men)\n\nTotal customers = Number of tables * Number of people per table\n= 9 * 7\n= 63',
    response=63.0
)",True
"Example({'response': 54, 'question': ' Chloe was organizing her book case making sure each of the shelves had exactly 6 books on it. If she had 5 shelves of mystery books and 4 shelves of picture books, how many books did she have total? '}) (input_keys={'question'})","Prediction(
    reasoning='5 * 6 = 30',
    response=30.0
)",False
"Example({'response': 72, 'question': ' While shopping for music online, Isabel bought 6 country albums and 2 pop albums. Each album came with a lyric sheet and had 9 songs. How many songs did Isabel buy total? '}) (input_keys={'question'})","Prediction(
    
)",0.0
"Example({'response': 18, 'question': "" At Oliver's Restaurant a group with 2 adults and 4 children came in to eat. If each meal cost 3 dollars, how much was the bill? ""}) (input_keys={'question'})","Prediction(
    reasoning='$18.00',
    response=18.0
)",True
"Example({'response': 30, 'question': ' Tiffany had 6 pages of math homework and 4 pages of reading homework. If each page had 3 problems on it, how many problems did she have to complete total? '}) (input_keys={'question'})","Prediction(
    reasoning='To find the total number of problems Tiffany had to complete, we need to multiply the number of pages in each subject by the number of problems per page.\n\n6 (math) * 3 (problems per page) = 18\n4 (reading) * 3 (problems per page) = 12\n\nSo, Tiffany had a total of 18 + 12 = 30 problems to complete.',
    response=30.0
)",True
"Example({'response': 27, 'question': "" April's discount flowers was having a sale where each flower was 3 dollars. If Robin bought 5 roses and 4 daisies, how much did she spend? ""}) (input_keys={'question'})","Prediction(
    reasoning='To find out how much Robin spent, we need to calculate the total cost of all the flowers.\n\nShe bought 5 roses at 3 dollars each: 5 x 3 = 15 dollars\nShe also bought 4 daisies at 3 dollars each: 4 x 3 = 12 dollars\n\nSo, the total amount she spent is: 15 + 12 = 27 dollars',
    response=27.0
)",True
"Example({'response': 80, 'question': ' Zoe was unboxing some of her old winter clothes. She found 8 boxes of clothing and inside each box there were 4 scarves and 6 mittens. How many pieces of winter clothing did Zoe have total? '}) (input_keys={'question'})","Prediction(
    reasoning='To find the total number of pieces of winter clothing, we need to multiply the number of scarves in each box by the number of mittens in each box and then add these two numbers together. \n\n8 boxes * 4 scarves/box = 32 scarves\n8 boxes * 6 mittens/box = 48 mittens\n\nTotal pieces of winter clothing = 32 + 48 = 80',
    response=80.0
)",True
"Example({'response': 12, 'question': ' There were 2 friends playing a video game online when 2 more players joined the game. If each player had 3 lives, how many lives did they have total? '}) (input_keys={'question'})","Prediction(
    reasoning=""To find the total number of lives, we need to multiply the number of friends by the number of lives per friend and then add the new players' lives.\n\nNumber of friends: 2\nLives per friend: 3\n\nTotal lives = Number of friends * Lives per friend + New players' lives\n= 2 * 3 + 2\n= 6 + 2\n= 8"",
    response=8.0
)",False
"Example({'response': 28, 'question': ' Adam bought 2 boxes of chocolate candy and 5 boxes of caramel candy. If each box has 4 pieces inside it, how much candy did he have total? '}) (input_keys={'question'})","Prediction(
    reasoning='To find the total amount of candy Adam had, we need to multiply the number of boxes of chocolate candy by the number of pieces per box, and then multiply that result by the number of boxes of caramel candy.\n\n2 * 4 = 8\n8 * 5 = 40\n\nSo, Adam had a total of 40 pieces of candy.',
    response=40.0
)",False
"Example({'response': 72, 'question': ' A pet store has 8 bird cages. If each cage has 2 parrots and 7 parakeets in it, how many birds does the pet store have total? '}) (input_keys={'question'})","Prediction(
    reasoning='To find the total number of birds, we need to multiply the number of cages by the number of parrots per cage and then add the result to the product of the number of cages and the number of parakeets per cage.\n\nNumber of cages = 8\nNumber of parrots per cage = 2\nNumber of parakeets per cage = 7\n\nTotal birds = (8 x 2) + (8 x 7)\n= 16 + 56\n= 72',
    response=72.0
)",True
"Example({'response': 60, 'question': "" Lana's favorite band was holding a concert where tickets were 6 dollars each. Lana bought 8 tickets for herself and her friends and 2 extra tickets in case anyone else wanted to go. How much did she spend? ""}) (input_keys={'question'})","Prediction(
    
)",0.0
"Example({'response': 56, 'question': "" At Tom's Restaurant a group with 2 adults and 5 children came in to eat. If each meal cost 8 dollars, how much was the bill? ""}) (input_keys={'question'})","Prediction(
    
)",0.0
"Example({'response': 32, 'question': ' Gwen was organizing her book case making sure each of the shelves had exactly 4 books on it. If she had 5 shelves of mystery books and 3 shelves of picture books, how many books did she have total? '}) (input_keys={'question'})","Prediction(
    reasoning='To find the total number of books, we need to multiply the number of shelves by the number of books on each shelf. \n\n5 shelves * 4 books/shelf = 20 books\n3 shelves * 4 books/shelf = 12 books\n\nTotal books = 20 + 12 = 32 books',
    response=32.0
)",True
"Example({'response': 72, 'question': ' While shopping for music online, Isabel bought 4 country albums and 5 pop albums. Each album came with a lyric sheet and had 8 songs. How many songs did Isabel buy total? '}) (input_keys={'question'})","Prediction(
    reasoning='To calculate the total number of songs, we multiply the number of country albums by 8 and add it to the number of pop albums multiplied by 8.',
    response=72.0
)",True
"Example({'response': 90, 'question': ' Megan was selling her necklaces at a garage sale. She sold 7 bead necklaces and 3 gem stone necklaces. If each necklace cost 9 dollars, how much money did she earn? '}) (input_keys={'question'})","Prediction(
    
)",0.0
"Example({'response': 63, 'question': ' Rachel was playing a video game where she scores 9 points for each treasure she finds. If she found 5 treasures on the first level and 2 on the second, what would her score be? '}) (input_keys={'question'})","Prediction(
    
)",0.0
"Example({'response': 60, 'question': "" April's discount flowers was having a sale where each flower was 6 dollars. If Katie bought 5 roses and 5 daisies, how much did she spend? ""}) (input_keys={'question'})","Prediction(
    reasoning='To find the total amount spent by Katie, we need to calculate the cost of the roses and the daisies separately and then add them together.\n\nRoses: 5 roses * 6 dollars/rose = 30 dollars\nDaisies: 5 daisies * 6 dollars/daisy = 30 dollars\n\nTotal amount spent: 30 + 30 = 60 dollars',
    response=60.0
)",True
"Example({'response': 72, 'question': ' A pet store has 9 bird cages. If each cage has 2 parrots and 6 parakeets in it, how many birds does the pet store have total? '}) (input_keys={'question'})","Prediction(
    reasoning='To find the total number of birds, we need to multiply the number of cages by the number of parrots per cage and then by the number of parakeets per cage.\n\nNumber of cages = 9\nNumber of parrots per cage = 2\nNumber of parakeets per cage = 6\n\nTotal number of birds = (Number of cages * Number of parrots per cage) + (Number of cages * Number of parakeets per cage)\n= (9 * 2) + (9 * 6)\n= 18 + 54\n= 72',
    response=72.0
)",True
"Example({'response': 42, 'question': ' Roger was putting his spare change into piles. He had 3 piles of quarters and 3 piles of dimes. If each pile had 7 coins in it, how many coins did he have total? '}) (input_keys={'question'})","Prediction(
    reasoning='To find the total number of coins Roger had, we need to calculate the total number of coins in all three piles.\n\nEach pile has 7 coins, so for 3 piles:\n3 * 7 = 21\n\nSo, Roger had a total of 21 coins.',
    response=21.0
)",False
"Example({'response': 32, 'question': ' There were 2 friends playing a video game online when 2 more players joined the game. If each player had 8 lives, how many lives did they have total? '}) (input_keys={'question'})","Prediction(
    reasoning='To find the total number of lives, we need to multiply the initial number of players (3) by the number of lives each player has (8).\n\n3 * 8 = 24\n\nSo, there were a total of 24 lives.',
    response=24.0
)",False
"Example({'response': 63, 'question': ' A waiter had 7 tables he was waiting on, with 7 women and 2 men at each table. How many customers total did the waiter have? '}) (input_keys={'question'})","Prediction(
    reasoning='To find the total number of customers, we need to multiply the number of tables by the number of people per table. \n\nNumber of tables = 7\nNumber of people per table = 9 (7 women + 2 men)\n\nTotal customers = Number of tables * Number of people per table\n= 7 * 9\n= 63',
    response=63.0
)",True
"Example({'response': 48, 'question': ' Tiffany was playing a video game where she scores 6 points for each treasure she finds. If she found 3 treasures on the first level and 5 on the second, what would her score be? '}) (input_keys={'question'})","Prediction(
    reasoning=""Tiffany's score can be calculated by adding the number of treasures she found in each level."",
    response=3.0
)",False
"Example({'response': 24, 'question': ' While shopping for music online, Zoe bought 3 country albums and 5 pop albums. Each album came with a lyric sheet and had 3 songs. How many songs did Zoe buy total? '}) (input_keys={'question'})","Prediction(
    reasoning='Zoe bought a total of 24 songs.',
    response=24.0
)",True
"Example({'response': 70, 'question': ' Megan was organizing her book case making sure each of the shelves had exactly 7 books on it. If she had 8 shelves of mystery books and 2 shelves of picture books, how many books did she have total? '}) (input_keys={'question'})","Prediction(
    reasoning='To find the total number of books, we multiply the number of mystery book shelves by the number of books on each shelf and add it to the number of picture book shelves multiplied by the number of books on each shelf.',
    response=66.0
)",False
"Example({'response': 36, 'question': ' Isabel was selling her necklaces at a garage sale. She sold 3 bead necklaces and 3 gem stone necklaces. If each necklace cost 6 dollars, how much money did she earn? '}) (input_keys={'question'})","Prediction(
    reasoning='Isabel sold 3 bead necklaces and 3 gem stone necklaces, so she earned $18 in total.',
    response=18.0
)",False
"Example({'response': 40, 'question': ' Frank was collecting cans for recycling. On Saturday he filled 5 bags up and on Sunday he filled 3 more bags. If each bag had 5 cans in it, how many cans did he pick up total? '}) (input_keys={'question'})","Prediction(
    reasoning='To find the total number of cans Frank picked up, we need to add the number of cans from both days.\n\nFrank filled 5 bags on Saturday, and each bag has 5 cans, so he collected 5 x 5 = 25 cans.\nHe also filled 3 more bags on Sunday, which is a total of 8 bags. Each bag has 5 cans, so he collected 8 x 5 = 40 cans.\n\nSo, the total number of cans Frank picked up is 25 + 40 = 65.',
    response=65.0
)",False
"Example({'response': 48, 'question': "" April's discount flowers was having a sale where each flower was 8 dollars. If Vanessa bought 3 roses and 3 daisies, how much did she spend? ""}) (input_keys={'question'})","Prediction(
    reasoning='To find the total amount spent by Vanessa, we need to calculate the cost of the roses and the daisies separately and then add them together.\n\nThe cost of 3 roses at 8 dollars each is:\n3 x 8 = 24 dollars\n\nThe cost of 3 daisies at 8 dollars each is:\n3 x 8 = 24 dollars\n\nSo, the total amount spent by Vanessa is:\n24 + 24 = 48 dollars',
    response=48.0
)",True
"Example({'response': 80, 'question': ' Will was working as a sacker at a grocery store where he made 8 dollars an hour. On Monday he worked 8 hours and on Tuesday he worked 2 hours. How much money did Will make in those two days? '}) (input_keys={'question'})","Prediction(
    
)",0.0
"Example({'response': 40, 'question': ' Rachel bought 7 new chairs and 3 new tables for her house. If she spent 4 minutes on each piece furniture putting it together, how many minutes did it take her to finish? '}) (input_keys={'question'})","Prediction(
    reasoning='To find the total time Rachel spent assembling the furniture, we need to multiply the number of chairs by the time per chair and add the result to the number of tables multiplied by the time per table.\n\n7 * 4 = 28\n3 * 4 = 12\n\nTotal time = 28 + 12 = 40 minutes',
    response=40.0
)",True
"Example({'response': 80, 'question': ' While playing a trivia game, Adam answered 8 questions correct in the first half and 2 questions correct in the second half. If each question was worth 8 points, what was his final score? '}) (input_keys={'question'})","Prediction(
    reasoning=""Adam's total points are calculated by adding his correct answers in each half."",
    response=16.0
)",False
"Example({'response': 40, 'question': ' A pet store has 4 bird cages. If each cage has 8 parrots and 2 parakeets in it, how many birds does the pet store have total? '}) (input_keys={'question'})","Prediction(
    reasoning='To find the total number of birds, we need to multiply the number of cages by the number of parrots per cage and then add the result by multiplying the number of cages by the number of parakeets per cage.\n\nNumber of cages = 4\nNumber of parrots per cage = 8\nNumber of parakeets per cage = 2\n\nTotal number of birds = (Number of cages * Number of parrots per cage) + (Number of cages * Number of parakeets per cage)\n= (4 * 8) + (4 * 2)\n= 32 + 8\n= 40',
    response=40.0
)",True
"Example({'response': 40, 'question': ' Kaleb was collecting cans for recycling. On Saturday he filled 5 bags up and on Sunday he filled 5 more bags. If each bag had 4 cans in it, how many cans did he pick up total? '}) (input_keys={'question'})","Prediction(
    reasoning='To find the total number of cans Kaleb picked up, we need to multiply the number of bags filled on both days by the number of cans per bag.\n\nKaleb filled 5 + 5 = 10 bags\nEach bag has 4 cans in it\n\nTotal cans = 10 * 4 = 40',
    response=40.0
)",True
"Example({'response': 72, 'question': ' Bianca was organizing her book case making sure each of the shelves had exactly 8 books on it. If she had 5 shelves of mystery books and 4 shelves of picture books, how many books did she have total? '}) (input_keys={'question'})","Prediction(
    reasoning='To find the total number of books, we need to multiply the number of shelves by the number of books on each shelf. \n\n5 shelves * 8 books/shelf = 40 books',
    response=40.0
)",False
"Example({'response': 20, 'question': ' Billy was putting his spare change into piles. He had 2 piles of quarters and 3 piles of dimes. If each pile had 4 coins in it, how many coins did he have total? '}) (input_keys={'question'})","Prediction(
    reasoning=""To find the total number of coins Billy had, we need to calculate the total number of coins in all the piles.\n\nEach pile has 4 coins, so for 2 piles, that's 2 x 4 = 8 coins.\nFor 3 piles, that's 3 x 4 = 12 coins.\nAdding these together gives us a total of 8 + 12 = 20 coins."",
    response=20.0
)",True
"Example({'response': 81, 'question': ' Chloe was playing a video game where she scores 9 points for each treasure she finds. If she found 6 treasures on the first level and 3 on the second, what would her score be? '}) (input_keys={'question'})","Prediction(
    
)",0.0
"Example({'response': 64, 'question': ' While shopping for music online, Nancy bought 3 country albums and 5 pop albums. Each album came with a lyric sheet and had 8 songs. How many songs did Nancy buy total? '}) (input_keys={'question'})","Prediction(
    reasoning='To calculate the total number of songs, we multiply the number of country albums by 8 and add it to the product of the number of pop albums and 8.',
    response=64.0
)",True
"Example({'response': 21, 'question': ' Lana was unboxing some of her old winter clothes. She found 3 boxes of clothing and inside each box there were 3 scarves and 4 mittens. How many pieces of winter clothing did Lana have total? '}) (input_keys={'question'})","Prediction(
    reasoning='To find the total number of pieces of winter clothing, we need to multiply the number of scarves in each box by the number of mittens in each box and then add that result to the product of the number of scarves per box and the number of mittens per box.\n\n3 boxes * 3 scarves/box = 9 scarves\n3 boxes * 4 mittens/box = 12 mittens\n\nTotal winter clothing = 9 + 12 = 21 pieces',
    response=21.0
)",True
"Example({'response': 35, 'question': ' Frank and his friend were buying trick decks from the magic shop for 7 dollars each. How much did they spend if Frank bought 3 decks and his friend bought 2 decks? '}) (input_keys={'question'})","Prediction(
    
)",0.0
"Example({'response': 40, 'question': ' A waiter had 5 tables he was waiting on, with 5 women and 3 men at each table. How many customers total did the waiter have? '}) (input_keys={'question'})","Prediction(
    reasoning='To find the total number of customers, we multiply the number of tables by the number of customers per table.',
    response=40.0
)",True
"Example({'response': 60, 'question': ' There were 8 friends playing a video game online when 2 more players joined the game. If each player had 6 lives, how many lives did they have total? '}) (input_keys={'question'})","Prediction(
    reasoning='To find the total number of lives, we need to multiply the initial number of players by the number of lives each player has.\n\nInitial number of players = 8\nNumber of lives per player = 6\n\nTotal lives = Initial number of players * Number of lives per player\n= 8 * 6\n= 48',
    response=48.0
)",False
"Example({'response': 63, 'question': ' Sam was collecting cans for recycling. On Saturday he filled 3 bags up and on Sunday he filled 4 more bags. If each bag had 9 cans in it, how many cans did he pick up total? '}) (input_keys={'question'})","Prediction(
    reasoning='To find the total number of cans Sam picked up, we need to add the number of cans from both days.\n\n3 (cans from Saturday) + 4 (cans from Sunday) = 7\n\nSo, Sam picked up a total of 7 cans.',
    response=7.0
)",False
"Example({'response': 60, 'question': "" April's discount flowers was having a sale where each flower was 6 dollars. If Maria bought 7 roses and 3 daisies, how much did she spend? ""}) (input_keys={'question'})","Prediction(
    
)",0.0
"Example({'response': 48, 'question': ' Dave was working as a sacker at a grocery store where he made 6 dollars an hour. On Monday he worked 6 hours and on Tuesday he worked 2 hours. How much money did Dave make in those two days? '}) (input_keys={'question'})","Prediction(
    
)",0.0
"Example({'response': 48, 'question': ' Nancy was organizing her book case making sure each of the shelves had exactly 6 books on it. If she had 2 shelves of mystery books and 6 shelves of picture books, how many books did she have total? '}) (input_keys={'question'})","Prediction(
    
)",0.0
"Example({'response': 30, 'question': ' While shopping for music online, Faye bought 2 country albums and 3 pop albums. Each album came with a lyric sheet and had 6 songs. How many songs did Faye buy total? '}) (input_keys={'question'})","Prediction(
    
)",0.0
"Example({'response': 30, 'question': ' Tom was putting his spare change into piles. He had 2 piles of quarters and 4 piles of dimes. If each pile had 5 coins in it, how many coins did he have total? '}) (input_keys={'question'})","Prediction(
    reasoning='To find the total number of coins, we need to multiply the number of piles by the number of coins per pile for each type. We can do this using Python:\n\n```python\nquarters_per_pile = 5\ndimes_per_pile = 5\n\nnum_quarters = 2\nnum_dimes = 4\n\ntotal_coins = (num_quarters * quarters_per_pile) + (num_dimes * dimes_per_pile)\nprint(total_coins)\n```\n\nThis will output: `30.0`',
    response=30.0
)",True
"Example({'response': 30, 'question': ' While playing a trivia game, George answered 6 questions correct in the first half and 4 questions correct in the second half. If each question was worth 3 points, what was his final score? '}) (input_keys={'question'})","Prediction(
    reasoning='(18 + 12) / 2 = 15',
    response=15.0
)",False
"Example({'response': 32, 'question': ' Lana was unboxing some of her old winter clothes. She found 4 boxes of clothing and inside each box there were 2 scarves and 6 mittens. How many pieces of winter clothing did Lana have total? '}) (input_keys={'question'})","Prediction(
    reasoning='To find the total number of pieces of winter clothing, we need to multiply the number of scarves in each box by the number of mittens in each box and then add them together. \n\n4 boxes * 2 scarves/box = 8 scarves\n4 boxes * 6 mittens/box = 24 mittens\n\nTotal number of pieces of winter clothing = 8 + 24 = 32',
    response=32.0
)",True
"Example({'response': 30, 'question': ' At the town carnival Oliver rode the ferris wheel 7 times and the bumper cars 3 times. If each ride cost 3 tickets, how many tickets did he use? '}) (input_keys={'question'})","Prediction(
    reasoning='Oliver rode the ferris wheel and bumper cars.',
    response=30.0
)",True
"Example({'response': 40, 'question': ' Sarah had 4 pages of math homework and 6 pages of reading homework. If each page had 4 problems on it, how many problems did she have to complete total? '}) (input_keys={'question'})","Prediction(
    reasoning='Sarah had 4 pages of math homework and 6 pages of reading homework. If each page had 4 problems on it, how many problems did she have to complete total?',
    response=44.0
)",False
"Example({'response': 40, 'question': ' Kaleb was collecting cans for recycling. On Saturday he filled 4 bags up and on Sunday he filled 6 more bags. If each bag had 4 cans in it, how many cans did he pick up total? '}) (input_keys={'question'})","Prediction(
    reasoning='To find the total number of cans Kaleb picked up, we need to multiply the number of bags filled on both days by the number of cans per bag.\n\nKaleb filled 4 + 6 = 10 bags\nEach bag has 4 cans in it\n\nTotal cans = 10 * 4 = 40',
    response=40.0
)",True
"Example({'response': 54, 'question': ' Edward and his friend were buying trick decks from the magic shop for 6 dollars each. How much did they spend if Edward bought 3 decks and his friend bought 6 decks? '}) (input_keys={'question'})","Prediction(
    
)",0.0
"Example({'response': 48, 'question': ' Emily bought 4 new chairs and 2 new tables for her house. If she spent 8 minutes on each piece furniture putting it together, how many minutes did it take her to finish? '}) (input_keys={'question'})","Prediction(
    
)",0.0
"Example({'response': 72, 'question': ' A waiter had 9 tables he was waiting on, with 2 women and 6 men at each table. How many customers total did the waiter have? '}) (input_keys={'question'})","Prediction(
    reasoning='To find the total number of customers, we need to multiply the number of tables by the number of people at each table. \n\nNumber of tables = 9\nNumber of people per table = 2 + 6 = 8\n\nTotal customers = Number of tables * Number of people per table\n= 9 * 8\n= 72',
    response=72.0
)",True
"Example({'response': 27, 'question': ' There were 4 friends playing a video game online when 5 more players joined the game. If each player had 3 lives, how many lives did they have total? '}) (input_keys={'question'})","Prediction(
    reasoning='To find the total number of lives, we need to multiply the initial number of players by the number of lives each player has.\n\nInitial players: 4\nLives per player: 3\n\nTotal lives = Initial players * Lives per player\n= 4 * 3\n= 12',
    response=12.0
)",False
"Example({'response': 72, 'question': ' While shopping for music online, Janet bought 6 country albums and 2 pop albums. Each album came with a lyric sheet and had 9 songs. How many songs did Janet buy total? '}) (input_keys={'question'})","Prediction(
    reasoning='To find the total number of songs Janet bought, we multiplied the number of country albums by 9 and added it to the number of pop albums multiplied by 9.',
    response=72.0
)",True
"Example({'response': 8, 'question': ' The schools debate team had 26 boys and 46 girls on it. If they were split into groups of 9 how many groups could they make? '}) (input_keys={'question'})","Prediction(
    reasoning='To calculate the number of groups, we use integer division (//) to get the whole number of groups and then multiply by 9 to find the total number of students in each group.',
    response=8.0
)",True
"Example({'response': 8, 'question': ' Robin uploaded 35 pictures from her phone and 5 from her camera to facebook. If she sorted the pics into 5 different albums with the same amount of pics in each album, how many pictures were in each of the albums? '}) (input_keys={'question'})","Prediction(
    
)",0.0
"Example({'response': 6, 'question': ' Kaleb had saved up 21 dollars. If he received another 15 dollars for his allowance, how many 6 dollar toys could he buy? '}) (input_keys={'question'})","Prediction(
    reasoning=""To find out how many 6-dollar toys Kaleb can buy with the total amount of money he has, we need to divide the total amount by the cost of each toy.\n\nKaleb saved up $21 and received an additional $15 for his allowance. So, the total amount of money he has is:\n$21 + $15 = $36\n\nNow, let's calculate how many 6-dollar toys he can buy with this amount:\n\nNumber of toys = Total amount / Cost per toy\n= $36 / $6\n= 6\n\nSo, Kaleb can buy 6 six-dollar toys."",
    response=6.0
)",True
"Example({'response': 6, 'question': ' Olivia was making baggies of cookies with 9 cookies in each bag. If she had 13 chocolate chip cookies and 41 oatmeal cookies, how many baggies could she make? '}) (input_keys={'question'})","Prediction(
    reasoning='To find the total number of cookies Olivia has, we need to add the number of chocolate chip cookies and oatmeal cookies.\n\nTotal cookies = 13 + 41\nTotal cookies = 54\n\nNow, we divide the total number of cookies by the number of cookies in each bag (9) to find out how many baggies she can make.\n\nNumber of baggies = Total cookies / Cookies per bag\n= 54 / 9\n= 6',
    response=6.0
)",True
"Example({'response': 9, 'question': ' Luke made 9 dollars mowing lawns and 18 dollars weed eating. If he only spent 3 dollar a week, how long would the money last him? '}) (input_keys={'question'})","Prediction(
    
)",0.0
"Example({'response': 9, 'question': "" There school's baseball team had 48 new players and 6 returning players. If the coach put them into groups with 6 players in each group, how many groups would there be? ""}) (input_keys={'question'})","Prediction(
    
)",0.0
"Example({'response': 7, 'question': ' For a birthday party Jerry bought 41 regular sodas and 22 diet sodas. If his fridge would only hold 9 on each shelf, how many shelves would he fill up? '}) (input_keys={'question'})","Prediction(
    reasoning='To find out how many shelves Jerry would fill up, we need to divide the total number of sodas by the number of sodas that can fit on each shelf. \n\n63 / 9 = 7\n\nSo Jerry would fill up 7 shelves with his sodas.',
    response=7.0
)",True
"Example({'response': 4, 'question': ' Paige and her friends were recycling paper for their class. For every 4 pounds they recycled they earned one point. If Paige recycled 14 pounds and her friends recycled 2 pounds, how many points did they earn? '}) (input_keys={'question'})","Prediction(
    
)",0.0
"Example({'response': 4, 'question': ' For homework Nancy had 17 math problems and 15 spelling problems. If she can finish 8 problems in an hour how long will it take her to finish all the problems? '}) (input_keys={'question'})","Prediction(
    reasoning='The total number of problems is 17 + 15 = 32. Since Nancy can finish 8 problems in an hour, we need to divide the total number of problems by 8 to find out how many hours it will take her to finish all the problems.',
    response=4.0
)",True
"Example({'response': 6, 'question': ' Will was organizing his baseball cards in a binder with 3 on each page. If he had 8 new cards and 10 old cards to put in the binder, how many pages would he use? '}) (input_keys={'question'})","Prediction(
    
)",0.0
"Example({'response': 8, 'question': ' The schools debate team had 11 boys and 45 girls on it. If they were split into groups of 7 how many groups could they make? '}) (input_keys={'question'})","Prediction(
    reasoning='To calculate the number of groups, we use integer division: 56 / 7 = 8 with no remainder.',
    response=8.0
)",True
"Example({'response': 4, 'question': ' A group of 4 friends went into a restaurant. The chef already had 9 chicken wings cooked but cooked 7 more for the group. If they each got the same amount how many would each person get? '}) (input_keys={'question'})","Prediction(
    reasoning='To find out how many wings each person would get, we need to divide the total number of wings by the number of people.\n\nTotal wings = 9 + 7 = 16\nNumber of people = 4\n\nWings per person = Total wings / Number of people\n= 16 / 4\n= 4',
    response=4.0
)",True
"Example({'response': 9, 'question': ' A vase can hold 6 flowers. If you had 7 carnations and 47 roses, how many vases would you need to hold the flowers? '}) (input_keys={'question'})","Prediction(
    reasoning='To find out how many vases are needed, we need to divide the total number of flowers by the capacity of one vase.\n\nTotal flowers = 7 (carnations) + 47 (roses)\n= 54\n\nVase capacity = 6\nNumber of vases = Total flowers / Vase capacity\n= 54 / 6\n= 9',
    response=9.0
)",True
"Example({'response': 7, 'question': ' A pet shelter had 9 puppies when another 12 were brought in. If 3 puppies a day are adopted, how long would it take for all of them to be adopted? '}) (input_keys={'question'})","Prediction(
    reasoning='To find out how many puppies need to be adopted each day to adopt all the puppies, we divide the total number of puppies by the number of days.\n\n9 (initial puppies) + 12 (new puppies) = 21\n21 / 3 (adopted per day) = 7\n\nSo, it would take 7 days for all the puppies to be adopted.',
    response=7.0
)",True
"Example({'response': 3, 'question': ' Roger was helping the cafeteria workers pick up lunch trays, but he could only carry 4 trays at a time. If he had to pick up 10 trays from one table and 2 trays from another, how many trips will he make? '}) (input_keys={'question'})","Prediction(
    reasoning='To determine the number of trips Roger needs to make, we can divide the total number of trays by the number he can carry at a time.',
    response=3.0
)",True
"Example({'response': 2, 'question': ' A toy store had 4 giant stuffed bears in stock when they got another shipment with 10 bears in it. The put the bears onto shelves with 7 on each shelf. How many shelves did they use? '}) (input_keys={'question'})","Prediction(
    reasoning='To find out how many shelves were used, we need to divide the total number of bears by the number of bears per shelf.\n\ntotal_bears = 4 + 10\nbears_per_shelf = 7\n\nshelves_used = total_bears / bears_per_shelf',
    response=0.57
)",False
"Example({'response': 8, 'question': ' John made 6 dollars mowing lawns and 18 dollars weed eating. If he only spent 3 dollar a week, how long would the money last him? '}) (input_keys={'question'})","Prediction(
    reasoning=""To find out how many weeks John's money will last, we need to divide the total amount of money he has by the weekly expenditure.\n\nTotal money = $6 + $18 = $24\nWeekly expenditure = $3\n\nNumber of weeks = Total money / Weekly expenditure\n= $24 / $3\n= 8\n\nSo, John's money will last him for 8 weeks."",
    response=8.0
)",True
"Example({'response': 9, 'question': "" Wendy's old washing machine could only wash 8 pieces of clothing at a time. If she had to wash 39 shirts and 33 sweaters how many loads would she have to do? ""}) (input_keys={'question'})","Prediction(
    reasoning=""To find the total number of loads Wendy needs to do, we need to divide the total number of shirts by 8 and the total number of sweaters by 8.\n\nTotal shirts = 39\nTotal sweaters = 33\n\nShirts per load = 39 / 8 ≈ 4.875\nSweaters per load = 33 / 8 ≈ 4.125\n\nSince we can't do a fraction of a load, Wendy will need to do multiple loads."",
    response=5.0
)",False
"Example({'response': 2, 'question': "" Debby's class is going on a field trip to the zoo. If each van can hold 4 people and there are 2 students and 6 adults going, how many vans will they need? ""}) (input_keys={'question'})","Prediction(
    reasoning=""To find out how many vans Debby's class needs, we first calculate the total number of people going on the trip.\n\nTotal number of people = Number of students + Number of adults\n= 2 + 6\n= 8\n\nSince each van can hold 4 people, we divide the total number of people by the capacity of one van to find out how many vans are needed:\n\nNumber of vans = Total number of people / Capacity per van\n= 8 / 4\n= 2"",
    response=2.0
)",True
"Example({'response': 2, 'question': ' Isabel uploaded 2 pictures from her phone and 4 from her camera to facebook. If she sorted the pics into 3 different albums with the same amount of pics in each album, how many pictures were in each of the albums? '}) (input_keys={'question'})","Prediction(
    reasoning='To find out how many pictures were in each album, we need to divide the total number of pictures by the number of albums.\n\nTotal pictures = 2 (phone) + 4 (camera) = 6\nNumber of albums = 3\n\nPictures per album = Total pictures / Number of albums\n= 6 / 3\n= 2',
    response=2.0
)",True
"Example({'response': 7, 'question': "" While playing at the arcade, Frank won 33 tickets playing 'whack a mole' and 9 tickets playing 'skee ball'. If he was trying to buy candy that cost 6 tickets a piece, how many could he buy? ""}) (input_keys={'question'})","Prediction(
    reasoning='To find out how many pieces of candy Frank can buy, we need to divide the total number of tickets he has by the cost per piece.\n\nTotal tickets = 33 + 9 = 42\nCost per piece = 6\n\nNumber of candies Frank can buy = Total tickets / Cost per piece\n= 42 / 6\n= 7.0',
    response=7.0
)",True
"Example({'response': 8, 'question': ' Mike made 14 dollars mowing lawns and 26 dollars weed eating. If he only spent 5 dollar a week, how long would the money last him? '}) (input_keys={'question'})","Prediction(
    reasoning=""To find out how many weeks Mike's money will last, we need to divide the total amount of money he has by the weekly expenditure.\n\nTotal money = $14 + $26 = $40\nWeekly expenditure = $5\n\nNumber of weeks = Total money / Weekly expenditure\n= $40 / $5\n= 8\n\nSo, Mike's money will last him for 8 weeks."",
    response=8.0
)",True
"Example({'response': 6, 'question': ' Gwen and her friends were recycling paper for their class. For every 3 pounds they recycled they earned one point. If Gwen recycled 5 pounds and her friends recycled 13 pounds, how many points did they earn? '}) (input_keys={'question'})","Prediction(
    reasoning='To find the total number of points earned, we need to divide the total weight of paper recycled by 3 (since each 3-pound unit earns a point). So, we calculate:\n\n13 pounds / 3 pounds per point = 4.33 points',
    response=4.33
)",False
"Example({'response': 4, 'question': ' Robin uploaded 31 pictures from her phone and 5 from her camera to facebook. If she sorted the pics into 9 different albums with the same amount of pics in each album, how many pictures were in each of the albums? '}) (input_keys={'question'})","Prediction(
    
)",0.0
"Example({'response': 2, 'question': ' For Halloween Megan received 11 pieces of candy from neighbors and 5 pieces from her older sister. If she only ate 8 pieces a day, how long would the candy last her? '}) (input_keys={'question'})","Prediction(
    reasoning='Megan will have enough candy for approximately 1.083 days.',
    response=8.0
)",False
"Example({'response': 7, 'question': ' Maria was making baggies of cookies with 5 cookies in each bag. If she had 33 chocolate chip cookies and 2 oatmeal cookies, how many baggies could she make? '}) (input_keys={'question'})","Prediction(
    reasoning='To find out how many baggies Maria can make, we need to divide the total number of cookies by the number of cookies in each bag. Since there are 5 cookies in each bag, we will use integer division (//) to get the whole number of bags.\n\n33 ÷ 5 = 6 with a remainder of 3\n\nSo, Maria can make 6 full baggies and have 3 cookies left over.',
    response=6.0
)",False
"Example({'response': 2, 'question': "" There school's baseball team had 4 new players and 6 returning players. If the coach put them into groups with 5 players in each group, how many groups would there be? ""}) (input_keys={'question'})","Prediction(
    reasoning='To find out how many groups there would be, we need to divide the total number of players by the number of players per group. \n\n10 / 5 = 2\n\nSo, there would be 2 groups.',
    response=2.0
)",True
"Example({'response': 5, 'question': ' A pet shelter had 5 puppies when another 35 were brought in. If 8 puppies a day are adopted, how long would it take for all of them to be adopted? '}) (input_keys={'question'})","Prediction(
    reasoning='To find out how many puppies need to be adopted each day to adopt all the puppies, we divide the total number of puppies by the number of days.\n\n5 (initial puppies) + 35 (new puppies) = 40\n8 (adopted puppies per day) x 40 (total puppies) = 320\n\nSo, 320 puppies need to be adopted each day.',
    response=320.0
)",False
"Example({'response': 3, 'question': "" Nancy's class is going on a field trip to the zoo. If each van can hold 5 people and there are 12 students and 3 adults going, how many vans will they need? ""}) (input_keys={'question'})","Prediction(
    reasoning='To find out how many vans are needed, we first need to calculate the total number of people going on the trip.\n\nTotal number of students = 12\nTotal number of adults = 3\n\nTotal number of people = Total number of students + Total number of adults\n= 12 + 3\n= 15\n\nSince each van can hold 5 people, we need to divide the total number of people by 5 to find out how many vans are needed.\n\nNumber of vans = Total number of people / Number of people per van\n= 15 / 5\n= 3',
    response=3.0
)",True
"Example({'response': 8, 'question': ' Dave was helping the cafeteria workers pick up lunch trays, but he could only carry 9 trays at a time. If he had to pick up 17 trays from one table and 55 trays from another, how many trips will he make? '}) (input_keys={'question'})","Prediction(
    reasoning=""To find out how many trips Dave will make, we need to divide the total number of trays by the number of trays he can carry per trip. We also need to consider that he has already picked up some trays from both tables, so we need to subtract those from the total.\n\n17 (trays from first table) + 55 (trays from second table) = 72\n\nNow, let's calculate the number of trips:\n\n72 / 9 = 8\n\nSo Dave will make 8 trips. However, he has already picked up some trays from both tables, so we need to subtract those from the total.\n\n17 (trays from first table) + 55 (trays from second table) - 2*9 (trays picked up twice) = 72 - 18 = 54\n\nNow, let's calculate the number of trips:\n\n54 / 9 = 6\n\nSo Dave will make 6 trips."",
    response=8.0
)",True
"Example({'response': 8, 'question': ' For a birthday party George bought 10 regular sodas and 22 diet sodas. If his fridge would only hold 4 on each shelf, how many shelves would he fill up? '}) (input_keys={'question'})","Prediction(
    reasoning='To find out how many shelves George would fill up, we need to divide the total number of sodas by the number of sodas that can fit on each shelf. \n\nWe have a total of 10 + 22 = 32 sodas.\nEach shelf can hold 4 sodas.\n\nSo, the number of shelves needed is: 32 / 4 = 8',
    response=8.0
)",True
"Example({'response': 8, 'question': ' The schools debate team had 28 boys and 4 girls on it. If they were split into groups of 4 how many groups could they make? '}) (input_keys={'question'})","Prediction(
    
)",0.0
"Example({'response': 3, 'question': ' Maria was making baggies of cookies with 8 cookies in each bag. If she had 5 chocolate chip cookies and 19 oatmeal cookies, how many baggies could she make? '}) (input_keys={'question'})","Prediction(
    reasoning=""To find out how many baggies Maria can make, we need to divide the total number of cookies by the number of cookies in each bag. Since there are 8 cookies in each bag, we will use integer division (//) to get the number of bags.\n\n5 chocolate chip cookies / 8 cookies per bag = 0.625\n\n19 oatmeal cookies / 8 cookies per bag = 2.375\n\nSince Maria can't make a fraction of a baggie, she can only make whole numbers of bags. Therefore, we round down to the nearest whole number."",
    response=2.375
)",False
"Example({'response': 9, 'question': ' For Halloween Sarah received 66 pieces of candy from neighbors and 15 pieces from her older sister. If she only ate 9 pieces a day, how long would the candy last her? '}) (input_keys={'question'})","Prediction(
    reasoning='To find out how many days the candy will last, we need to divide the total number of candies by the number of candies Sarah eats per day.\n\nTotal candies = 66 + 15 = 81\nCandies eaten per day = 9\n\nDays the candy will last = Total candies / Candies eaten per day\n= 81 / 9\n= 9',
    response=9.0
)",True
"Example({'response': 9, 'question': ' Henry was helping the cafeteria workers pick up lunch trays, but he could only carry 9 trays at a time. If he had to pick up 29 trays from one table and 52 trays from another, how many trips will he make? '}) (input_keys={'question'})","Prediction(
    reasoning='To find out how many trips Henry will make, we need to divide the total number of trays by the number of trays he can carry at a time. \n\nWe know that Henry can carry 9 trays per trip and has to pick up 29 + 52 = 81 trays in total.\n\nTrips = Total trays / Trays per trip\nTrips = 81\n\nSo Henry will make 81 trips.',
    response=81.0
)",False
"Example({'response': 4, 'question': ' Tiffany uploaded 7 pictures from her phone and 13 from her camera to facebook. If she sorted the pics into 5 different albums with the same amount of pics in each album, how many pictures were in each of the albums? '}) (input_keys={'question'})","Prediction(
    reasoning='To find out how many pictures are in each album, we need to divide the total number of pictures by the number of albums.\n\n7 (pictures from phone) + 13 (pictures from camera) = 20\n20 ÷ 5 (number of albums) = 4\n\nSo, there are 4 pictures in each album.',
    response=4.0
)",True
"Example({'response': 2, 'question': ' A toy store had 5 giant stuffed bears in stock when they got another shipment with 7 bears in it. The put the bears onto shelves with 6 on each shelf. How many shelves did they use? '}) (input_keys={'question'})","Prediction(
    reasoning='To find out how many shelves were used, we need to divide the total number of bears by the number of bears per shelf.\n\nTotal number of bears = 5 + 7 = 12\nNumber of bears per shelf = 6\n\nShelves used = Total number of bears / Number of bears per shelf\n= 12 / 6\n= 2',
    response=2.0
)",True
"Example({'response': 9, 'question': ' Paul made 68 dollars mowing lawns and 13 dollars weed eating. If he only spent 9 dollar a week, how long would the money last him? '}) (input_keys={'question'})","Prediction(
    
)",0.0
"Example({'response': 2, 'question': "" While playing at the arcade, Edward won 3 tickets playing 'whack a mole' and 5 tickets playing 'skee ball'. If he was trying to buy candy that cost 4 tickets a piece, how many could he buy? ""}) (input_keys={'question'})","Prediction(
    
)",0.0
"Example({'response': 6, 'question': "" Megan's class is going on a field trip to the zoo. If each van can hold 5 people and there are 25 students and 5 adults going, how many vans will they need? ""}) (input_keys={'question'})","Prediction(
    reasoning=""To find out how many vans Megan's class needs, we first calculate the total number of people going on the trip.\n\nTotal number of students = 25\nTotal number of adults = 5\n\nTotal number of people = Total number of students + Total number of adults\n= 25 + 5\n= 30\n\nSince each van can hold 5 people, we divide the total number of people by 5 to find out how many vans are needed.\n\nNumber of vans = Total number of people / Number of people per van\n= 30 / 5\n= 6"",
    response=6.0
)",True
"Example({'response': 4, 'question': ' Luke was organizing his baseball cards in a binder with 3 on each page. If he had 3 new cards and 9 old cards to put in the binder, how many pages would he use? '}) (input_keys={'question'})","Prediction(
    reasoning=""To calculate the number of pages needed, we divide the total number of cards by the number of cards per page. In this case, it's 12 (total cards) divided by 3 (cards per page)."",
    response=4.0
)",True
"Example({'response': 3, 'question': ' A group of 3 friends went into a restaurant. The chef already had 6 chicken wings cooked but cooked 3 more for the group. If they each got the same amount how many would each person get? '}) (input_keys={'question'})","Prediction(
    reasoning='To find out how many wings each person would get, we need to divide the total number of wings by the number of people.\n\nTotal wings = 6 + 3 = 9\nNumber of people = 3\n\nWings per person = Total wings / Number of people\n= 9 / 3\n= 3',
    response=3.0
)",True
"Example({'response': 5, 'question': ' Olivia uploaded 5 pictures from her phone and 35 from her camera to facebook. If she sorted the pics into 8 different albums with the same amount of pics in each album, how many pictures were in each of the albums? '}) (input_keys={'question'})","Prediction(
    reasoning='To find out how many pictures Olivia had in total, we need to add the number of pictures from her phone and camera.\n\n5 (phone) + 35 (camera) = 40\n\nNow that we know she has a total of 40 pictures, we can divide this by the number of albums to find out how many pictures are in each album.\n\n40 ÷ 8 = 5\n\nSo Olivia had 5 pictures in each of the 8 albums.',
    response=5.0
)",True
"Example({'response': 4, 'question': ' A toy store had 6 giant stuffed bears in stock when they got another shipment with 18 bears in it. The put the bears onto shelves with 6 on each shelf. How many shelves did they use? '}) (input_keys={'question'})","Prediction(
    reasoning='To find out how many shelves were used, we need to divide the total number of bears by the number of bears per shelf.\n\n6 (bears) ÷ 6 (bears per shelf) = 1',
    response=1.0
)",False
"Example({'response': 2, 'question': ' Jerry was helping the cafeteria workers pick up lunch trays, but he could only carry 8 trays at a time. If he had to pick up 9 trays from one table and 7 trays from another, how many trips will he make? '}) (input_keys={'question'})","Prediction(
    
)",0.0
"Example({'response': 5, 'question': ' A vase can hold 5 flowers. If you had 6 carnations and 19 roses, how many vases would you need to hold the flowers? '}) (input_keys={'question'})","Prediction(
    reasoning='To find out how many vases are needed, we need to divide the total number of flowers by the capacity of one vase.\n\nTotal flowers = 6 (carnations) + 19 (roses)\n= 25\n\nVase capacity = 5\nNumber of vases needed = Total flowers / Vase capacity\n= 25 / 5\n= 5',
    response=5.0
)",True
"Example({'response': 9, 'question': ' Haley and her friends were recycling paper for their class. For every 3 pounds they recycled they earned one point. If Haley recycled 11 pounds and her friends recycled 16 pounds, how many points did they earn? '}) (input_keys={'question'})","Prediction(
    reasoning='To find out how many points Haley and her friends earned, we can divide the total pounds recycled (16) by 3. This gives us a value of approximately 5.33.',
    response=5.33
)",False
"Example({'response': 9, 'question': ' A pet shelter had 17 puppies when another 55 were brought in. If 8 puppies a day are adopted, how long would it take for all of them to be adopted? '}) (input_keys={'question'})","Prediction(
    reasoning='To find out how many days it will take for the shelter to be fully adopted, we need to divide the total number of puppies by the number of puppies adopted per day.\n\nTotal puppies = 17 + 55 = 72\nPuppies adopted per day = 8\n\nDays to adoption = Total puppies / Puppies adopted per day\n= 72 / 8\n= 9',
    response=9.0
)",True
"Example({'response': 7, 'question': "" There school's baseball team had 12 new players and 44 returning players. If the coach put them into groups with 8 players in each group, how many groups would there be? ""}) (input_keys={'question'})","Prediction(
    reasoning='To calculate the number of groups, we use integer division (//) to get the whole number of groups and then multiply by 8 to find the total number of players in those groups. \n\n56 ÷ 8 = 7',
    response=7.0
)",True
"Example({'response': 5, 'question': ' Frank had saved up 3 dollars. If he received another 37 dollars for his allowance, how many 8 dollar toys could he buy? '}) (input_keys={'question'})","Prediction(
    reasoning=""To find out how many 8-dollar toys Frank can buy with the total amount of money he has, we need to divide the total amount of money by the cost of each toy.\n\nFrank saved up $3 and received an additional $37 for his allowance. So, the total amount of money is:\n$3 + $37 = $40\n\nNow, let's calculate how many 8-dollar toys Frank can buy with $40:\n\n$40 ÷ $8 = 5\n\nSo, Frank can buy 5 8-dollar toys."",
    response=5.0
)",True
"Example({'response': 4, 'question': ' Luke was organizing his baseball cards in a binder with 3 on each page. If he had 3 new cards and 9 old cards to put in the binder, how many pages would he use? '}) (input_keys={'question'})","Prediction(
    reasoning=""To calculate the number of pages needed, we divide the total number of cards by the number of cards per page. In this case, it's 12 (total cards) divided by 3 (cards per page)."",
    response=4.0
)",True
"Example({'response': 3, 'question': ' A group of 3 friends went into a restaurant. The chef already had 6 chicken wings cooked but cooked 3 more for the group. If they each got the same amount how many would each person get? '}) (input_keys={'question'})","Prediction(
    reasoning='To find out how many wings each person would get, we need to divide the total number of wings by the number of people.\n\nTotal wings = 6 + 3 = 9\nNumber of people = 3\n\nWings per person = Total wings / Number of people\n= 9 / 3\n= 3',
    response=3.0
)",True
"Example({'response': 5, 'question': ' Olivia uploaded 5 pictures from her phone and 35 from her camera to facebook. If she sorted the pics into 8 different albums with the same amount of pics in each album, how many pictures were in each of the albums? '}) (input_keys={'question'})","Prediction(
    
)",0.0
"Example({'response': 4, 'question': ' A toy store had 6 giant stuffed bears in stock when they got another shipment with 18 bears in it. The put the bears onto shelves with 6 on each shelf. How many shelves did they use? '}) (input_keys={'question'})","Prediction(
    reasoning='To find out how many shelves were used, we need to divide the total number of bears by the number of bears per shelf.\n\n6 (bears) ÷ 6 (bears per shelf) = 1',
    response=1.0
)",False
"Example({'response': 2, 'question': ' Jerry was helping the cafeteria workers pick up lunch trays, but he could only carry 8 trays at a time. If he had to pick up 9 trays from one table and 7 trays from another, how many trips will he make? '}) (input_keys={'question'})","Prediction(
    
)",0.0
"Example({'response': 5, 'question': ' A vase can hold 5 flowers. If you had 6 carnations and 19 roses, how many vases would you need to hold the flowers? '}) (input_keys={'question'})","Prediction(
    reasoning='To find out how many vases are needed, we need to divide the total number of flowers by the capacity of one vase.\n\nTotal flowers = 6 (carnations) + 19 (roses)\n= 25\n\nVase capacity = 5\nNumber of vases = Total flowers / Vase capacity\n= 25 / 5\n= 5',
    response=5.0
)",True
"Example({'response': 9, 'question': ' Haley and her friends were recycling paper for their class. For every 3 pounds they recycled they earned one point. If Haley recycled 11 pounds and her friends recycled 16 pounds, how many points did they earn? '}) (input_keys={'question'})","Prediction(
    reasoning='To calculate the number of points Haley and her friends earned, we need to divide the total amount of paper recycled by 3. This gives us:\n\n11 pounds / 3 = 3.67\n\nSo, they earned 14 points.',
    response=14.0
)",False
"Example({'response': 9, 'question': ' A pet shelter had 17 puppies when another 55 were brought in. If 8 puppies a day are adopted, how long would it take for all of them to be adopted? '}) (input_keys={'question'})","Prediction(
    reasoning='To find out how many days it will take for the shelter to be fully adopted, we need to divide the total number of puppies by the number of puppies adopted per day.\n\nTotal puppies = 17 + 55 = 72\nPuppies adopted per day = 8\n\nDays to adoption = Total puppies / Puppies adopted per day\n= 72 / 8\n= 9',
    response=9.0
)",True
"Example({'response': 7, 'question': "" There school's baseball team had 12 new players and 44 returning players. If the coach put them into groups with 8 players in each group, how many groups would there be? ""}) (input_keys={'question'})","Prediction(
    reasoning='To calculate the number of groups, we use integer division (//) to get the whole number of groups and then multiply by 8 to find the total number of players in those groups. \n\n56 ÷ 8 = 7',
    response=7.0
)",True
"Example({'response': 5, 'question': ' Frank had saved up 3 dollars. If he received another 37 dollars for his allowance, how many 8 dollar toys could he buy? '}) (input_keys={'question'})","Prediction(
    reasoning=""To find out how many 8-dollar toys Frank can buy with the total amount of money he has, we need to divide the total amount by the cost of each toy.\n\nFrank saved up $3 and received an additional $37 for his allowance. So, the total amount is:\n$3 + $37 = $40\n\nNow, let's calculate how many 8-dollar toys Frank can buy with $40:\n\n$40 ÷ $8 = 5\n\nSo, Frank can buy 5 8-dollar toys."",
    response=5.0
)",True
"Example({'response': 9, 'question': ' A pet shelter had 8 puppies when another 19 were brought in. If 3 puppies a day are adopted, how long would it take for all of them to be adopted? '}) (input_keys={'question'})","Prediction(
    reasoning='To find out how many puppies need to be adopted each day to adopt all the puppies, we divide the total number of puppies by the number of days.\n\n8 (initial puppies) + 19 (new puppies) = 27\n\n27 / 3 = 9\n\nSo, 9 puppies need to be adopted each day.',
    response=9.0
)",True
"Example({'response': 5, 'question': ' For homework Faye had 13 math problems and 2 spelling problems. If she can finish 3 problems in an hour how long will it take her to finish all the problems? '}) (input_keys={'question'})","Prediction(
    reasoning='To find out how many hours it will take Faye to finish all the problems, we need to divide the total number of problems by the number of problems she can finish in an hour.\n\n13 math problems + 2 spelling problems = 15 problems\n3 problems per hour = 5 hours\n\nSo, it will take Faye 5 hours to finish all the problems.',
    response=5.0
)",True
"Example({'response': 5, 'question': ' Sam had saved up 8 dollars. If he received another 7 dollars for his allowance, how many 3 dollar toys could he buy? '}) (input_keys={'question'})","Prediction(
    reasoning='Sam has $8 and will receive $7 for his allowance, so he can buy toys worth $15 / $3 = 5',
    response=5.0
)",True
"Example({'response': 9, 'question': ' Bianca and her friends were recycling paper for their class. For every 3 pounds they recycled they earned one point. If Bianca recycled 24 pounds and her friends recycled 3 pounds, how many points did they earn? '}) (input_keys={'question'})","Prediction(
    reasoning=""To find the total number of points earned, we need to divide the total weight of paper recycled by 3 (since each 3-pound unit earns a point). \n\nBianca's friends recycled 3 pounds, so Bianca must have recycled 24 / 3 = 8 pounds.\n\nTherefore, Bianca and her friends earned 8 * 3 = 24 points."",
    response=24.0
)",False
"Example({'response': 5, 'question': "" There school's baseball team had 31 new players and 4 returning players. If the coach put them into groups with 7 players in each group, how many groups would there be? ""}) (input_keys={'question'})","Prediction(
    reasoning='To find out how many groups there would be, we need to divide the total number of players by the number of players per group. \n\n35 / 7 = 5\n\nSo, there would be 5 groups.',
    response=5.0
)",True
"Example({'response': 4, 'question': ' Oliver was organizing his baseball cards in a binder with 3 on each page. If he had 2 new cards and 10 old cards to put in the binder, how many pages would he use? '}) (input_keys={'question'})","Prediction(
    reasoning='To find out how many pages Oliver would use, we need to divide the total number of cards by the number of cards per page. Since there are 3 cards on each page, we can calculate it as follows:\n\nTotal cards = 2 + 10 = 12\nCards per page = 3\n\nPages used = Total cards / Cards per page = 12 / 3 = 4',
    response=4.0
)",True
"Example({'response': 2, 'question': ' Paul made 3 dollars mowing lawns and 3 dollars weed eating. If he only spent 3 dollar a week, how long would the money last him? '}) (input_keys={'question'})","Prediction(
    reasoning=""To find out how many weeks Paul's money will last, we need to divide the total amount of money by the weekly expenditure.\n\nTotal money = $3 (mowing lawns) + $3 (weed eating) = $6\nWeekly expenditure = $3\n\nNumber of weeks = Total money / Weekly expenditure\n= $6 / $3\n= 2\n\nSo, Paul's money will last him for 2 weeks."",
    response=2.0
)",True
"Example({'response': 8, 'question': ' Robin was making baggies of cookies with 6 cookies in each bag. If she had 23 chocolate chip cookies and 25 oatmeal cookies, how many baggies could she make? '}) (input_keys={'question'})","Prediction(
    
)",0.0
"Example({'response': 5, 'question': ' The schools debate team had 5 boys and 40 girls on it. If they were split into groups of 9 how many groups could they make? '}) (input_keys={'question'})","Prediction(
    reasoning='To find the number of groups, divide the total number of students (5 + 40) by 9.',
    response=1.1111111111111116
)",False
"Example({'response': 5, 'question': ' At a company picnic 23 managers and 7 employees decided to start a game of volleyball. If they split into 6 teams how many people would be on each team? '}) (input_keys={'question'})","Prediction(
    reasoning='To find out how many people will be on each team, we need to divide the total number of players (managers + employees) by the number of teams.\n\nTotal players = 23 managers + 7 employees\n= 30 players\n\nNumber of teams = 6\n\nPeople per team = Total players / Number of teams\n= 30 / 6\n= 5',
    response=5.0
)",True
"Example({'response': 8, 'question': ' For a birthday party Cody bought 4 regular sodas and 44 diet sodas. If his fridge would only hold 6 on each shelf, how many shelves would he fill up? '}) (input_keys={'question'})","Prediction(
    reasoning='To find out how many shelves Cody would fill up, we need to divide the total number of sodas by the number of sodas each shelf can hold.',
    response=6.666666666666667
)",False
"Example({'response': 3, 'question': "" Robin's class is going on a field trip to the zoo. If each van can hold 8 people and there are 22 students and 2 adults going, how many vans will they need? ""}) (input_keys={'question'})","Prediction(
    reasoning='The total number of people going on the trip is 22 students + 2 adults = 24.',
    response=3.0
)",True
"Example({'response': 2, 'question': ' Ned was helping the cafeteria workers pick up lunch trays, but he could only carry 5 trays at a time. If he had to pick up 5 trays from one table and 5 trays from another, how many trips will he make? '}) (input_keys={'question'})","Prediction(
    reasoning=""To find out how many trips Ned needs to make, we need to divide the total number of trays by the number of trays he can carry at a time. In this case, it's 10 (5 trays + 5 trays). \n\nSo, the calculation is: 5 trays / 5 trays = 1 trip"",
    response=1.0
)",False
"Example({'response': 2, 'question': "" There school's baseball team had 2 new players and 6 returning players. If the coach put them into groups with 4 players in each group, how many groups would there be? ""}) (input_keys={'question'})","Prediction(
    reasoning='To calculate the number of groups, we use integer division (//) because you cannot have a fraction of a player in a group. So, 8 ÷ 4 = 2.',
    response=2.0
)",True
"Example({'response': 6, 'question': ' For homework Amy had 18 math problems and 6 spelling problems. If she can finish 4 problems in an hour how long will it take her to finish all the problems? '}) (input_keys={'question'})","Prediction(
    reasoning='To find out how many hours it will take Amy to finish all the problems, we need to divide the total number of problems by the number of problems she can finish in an hour.\n\n18 (total math problems) + 6 (total spelling problems) = 24\n4 (problems finished per hour)\n\n24 / 4 = 6\n\nSo it will take Amy 6 hours to finish all the problems.',
    response=6.0
)",True
"Example({'response': 6, 'question': ' Maria was making baggies of cookies with 3 cookies in each bag. If she had 2 chocolate chip cookies and 16 oatmeal cookies, how many baggies could she make? '}) (input_keys={'question'})","Prediction(
    
)",0.0
"Example({'response': 9, 'question': "" Sarah's old washing machine could only wash 5 pieces of clothing at a time. If she had to wash 43 shirts and 2 sweaters how many loads would she have to do? ""}) (input_keys={'question'})","Prediction(
    reasoning='To find the number of loads Sarah needs to do, we need to divide the total number of shirts by 5 (the capacity of each load) and add the result to the total number of sweaters.\n\n43 shirts / 5 = 8.6\n8.6 + 2 = 10.6\n\nSo, Sarah would have to do approximately 11 loads.',
    response=10.6
)",False
"Example({'response': 2, 'question': ' A pet shelter had 3 puppies when another 3 were brought in. If 3 puppies a day are adopted, how long would it take for all of them to be adopted? '}) (input_keys={'question'})","Prediction(
    reasoning='To find out how long it will take for all the puppies to be adopted, we need to divide the total number of puppies by the number of puppies adopted per day.\n\nTotal puppies = 6\nPuppies adopted per day = 3\n\nTime taken = Total puppies / Puppies adopted per day\n= 6 / 3\n= 2 days',
    response=2.0
)",True
"Example({'response': 5, 'question': "" While playing at the arcade, Luke won 2 tickets playing 'whack a mole' and 13 tickets playing 'skee ball'. If he was trying to buy candy that cost 3 tickets a piece, how many could he buy? ""}) (input_keys={'question'})","Prediction(
    reasoning='To find out how many pieces of candy Luke can buy, we need to divide the total number of tickets he has by the cost per piece of candy.\n\nLuke has 2 + 13 = 15 tickets in total.\nThe cost per piece of candy is 3 tickets.\n\nSo, the number of candies Luke can buy is: 15 / 3 = 5',
    response=5.0
)",True
"Example({'response': 6, 'question': ' A group of 3 friends went into a restaurant. The chef already had 8 chicken wings cooked but cooked 10 more for the group. If they each got the same amount how many would each person get? '}) (input_keys={'question'})","Prediction(
    reasoning='To find out how many wings each person would get, we need to divide the total number of wings by the number of people.\n\nTotal wings = 8 + 10 = 18\nNumber of people = 3\n\nWings per person = Total wings / Number of people\n= 18 / 3\n= 6',
    response=6.0
)",True
"Example({'response': 3, 'question': "" Nancy's old washing machine could only wash 9 pieces of clothing at a time. If she had to wash 19 shirts and 8 sweaters how many loads would she have to do? ""}) (input_keys={'question'})","Prediction(
    reasoning=""To find the number of loads Nancy needs to do, we need to divide the total number of shirts by the capacity of her washing machine (9) and then multiply it by the total number of sweaters.\n\nTotal shirts = 19\nCapacity per load = 9\n\nNumber of loads for shirts = Total shirts / Capacity per load\n= 19 / 9\n= 2.11 (round up to 3 since you can't do a fraction of a load)\n\nTotal sweaters = 8\nNumber of loads for sweaters = Total sweaters / Capacity per load\n= 8 / 9\n= 0.89 (round down to 0 since you can't do a fraction of a load)"",
    response=3.0
)",True
"Example({'response': 2, 'question': ' Paul had saved up 3 dollars. If he received another 7 dollars for his allowance, how many 5 dollar toys could he buy? '}) (input_keys={'question'})","Prediction(
    reasoning='To find out how many 5-dollar toys Paul can buy with the total amount of money he has, we need to divide the total amount by the cost of each toy.\n\nTotal amount = $3 + $7 = $10\nCost per toy = $5\n\nNumber of toys = Total amount / Cost per toy\n= $10 / $5\n= 2\n\nSo Paul can buy 2 5-dollar toys.',
    response=2.0
)",True
"Example({'response': 9, 'question': ' Jerry made 14 dollars mowing lawns and 31 dollars weed eating. If he only spent 5 dollar a week, how long would the money last him? '}) (input_keys={'question'})","Prediction(
    reasoning=""To find out how many weeks Jerry's money will last, we need to divide the total amount of money he has by the weekly expenditure.\n\nTotal money = $14 + $31 = $45\nWeekly expenditure = $5\n\nNumber of weeks = Total money / Weekly expenditure\n= $45 / $5\n= 9"",
    response=9.0
)",True
"Example({'response': 5, 'question': "" While playing at the arcade, Ned won 26 tickets playing 'whack a mole' and 19 tickets playing 'skee ball'. If he was trying to buy candy that cost 9 tickets a piece, how many could he buy? ""}) (input_keys={'question'})","Prediction(
    reasoning='To find out how many pieces of candy Ned can buy, we need to divide the total number of tickets he has by the cost per piece of candy.\n\nTotal tickets = 26 + 19 = 45\nCost per piece of candy = 9\n\nNumber of candies Ned can buy = Total tickets / Cost per piece of candy\n= 45 / 9\n= 5.0',
    response=5.0
)",True
"Example({'response': 9, 'question': ' Luke was helping the cafeteria workers pick up lunch trays, but he could only carry 4 trays at a time. If he had to pick up 20 trays from one table and 16 trays from another, how many trips will he make? '}) (input_keys={'question'})","Prediction(
    reasoning='To find out how many trips Luke needs to make, we need to divide the total number of trays by the number of trays he can carry at a time. \n\nLuke has to pick up 20 trays and 16 trays, so he will have to make 20 / 4 = 5 trips for the first table.\n\nHe also has to pick up 16 trays from another table, so he will need to make 16 / 4 = 4 more trips.\n\nSo in total, Luke needs to make 5 + 4 = 9 trips.',
    response=9.0
)",True
"Example({'response': 4, 'question': ' Vanessa and her friends were recycling paper for their class. For every 9 pounds they recycled they earned one point. If Vanessa recycled 20 pounds and her friends recycled 16 pounds, how many points did they earn? '}) (input_keys={'question'})","Prediction(
    
)",0.0
"Example({'response': 9, 'question': ' A pet shelter had 2 puppies when another 34 were brought in. If 4 puppies a day are adopted, how long would it take for all of them to be adopted? '}) (input_keys={'question'})","Prediction(
    reasoning='To find out how many days it will take for all the puppies to be adopted, we need to divide the total number of puppies by the number of puppies adopted per day.\n\nTotal puppies = 2 + 34 = 36\nPuppies adopted per day = 4\n\nDays to adopt all puppies = Total puppies / Puppies adopted per day\n= 36 / 4\n= 9',
    response=9.0
)",True
"Example({'response': 3, 'question': ' At a company picnic 9 managers and 15 employees decided to start a game of volleyball. If they split into 8 teams how many people would be on each team? '}) (input_keys={'question'})","Prediction(
    reasoning='To find out how many people will be on each team, we need to add the number of managers and employees together and then divide by the number of teams.\n\n9 (managers) + 15 (employees) = 24\n\n24 ÷ 8 (teams) = 3\n\nSo there would be 3 people on each team.',
    response=3.0
)",True
"Example({'response': 8, 'question': ' John was organizing his baseball cards in a binder with 3 on each page. If he had 8 new cards and 16 old cards to put in the binder, how many pages would he use? '}) (input_keys={'question'})","Prediction(
    reasoning='To find out how many pages John needs, we calculate the total number of cards he has by adding new and old cards together: 24.',
    response=8.0
)",True
"Example({'response': 6, 'question': ' Wendy uploaded 22 pictures from her phone and 2 from her camera to facebook. If she sorted the pics into 4 different albums with the same amount of pics in each album, how many pictures were in each of the albums? '}) (input_keys={'question'})","Prediction(
    reasoning='To find out how many pictures were in each album, we need to divide the total number of pictures by the number of albums.\n\nTotal pictures = 22 (phone) + 2 (camera) = 24\nNumber of albums = 4\n\nPictures per album = Total pictures / Number of albums\n= 24 / 4\n= 6',
    response=6.0
)",True
"Example({'response': 3, 'question': ' A toy store had 17 giant stuffed bears in stock when they got another shipment with 10 bears in it. The put the bears onto shelves with 9 on each shelf. How many shelves did they use? '}) (input_keys={'question'})","Prediction(
    reasoning='To find out how many shelves were used, we need to divide the total number of bears by the number of bears per shelf.\n\ntotal_bears = 17\nbears_per_shelf = 9\n\nnumber_of_shelves = total_bears / bears_per_shelf',
    response=0.19428571428571428
)",False
"Example({'response': 6, 'question': ' Zoe and her friends were recycling paper for their class. For every 8 pounds they recycled they earned one point. If Zoe recycled 25 pounds and her friends recycled 23 pounds, how many points did they earn? '}) (input_keys={'question'})","Prediction(
    
)",0.0
"Example({'response': 9, 'question': ' Billy was organizing his baseball cards in a binder with 5 on each page. If he had 3 new cards and 42 old cards to put in the binder, how many pages would he use? '}) (input_keys={'question'})","Prediction(
    reasoning='To find out how many pages Billy needs, we multiply the number of new cards by the number of old cards and divide by the number of cards per page. This is because each page can hold a certain number of cards, so if you have more cards than that, you need to add more pages.',
    response=225.0
)",False
"Example({'response': 8, 'question': ' For a birthday party Tom bought 4 regular sodas and 52 diet sodas. If his fridge would only hold 7 on each shelf, how many shelves would he fill up? '}) (input_keys={'question'})","Prediction(
    reasoning=""To find out how many shelves Tom would fill up, we need to divide the total number of sodas by the number of sodas that can fit on each shelf. \n\nWe know that there are 7 shelves in total, so we'll divide the total number of sodas (4 + 52 = 56) by 7."",
    response=8.0
)",True
"Example({'response': 4, 'question': ' Victor was helping the cafeteria workers pick up lunch trays, but he could only carry 7 trays at a time. If he had to pick up 23 trays from one table and 5 trays from another, how many trips will he make? '}) (input_keys={'question'})","Prediction(
    
)",0.0
"Example({'response': 3, 'question': ' Paul had saved up 4 dollars. If he received another 11 dollars for his allowance, how many 5 dollar toys could he buy? '}) (input_keys={'question'})","Prediction(
    reasoning='To find out how many 5-dollar toys Paul can buy with the total amount of money he has, we need to divide the total amount by the cost of each toy.\n\nTotal amount = $4 + $11 = $15\nCost per toy = $5\n\nNumber of toys = Total amount / Cost per toy\n= $15 / $5\n= 3\n\nSo Paul can buy 3 toys with his allowance.',
    response=3.0
)",True
"Example({'response': 9, 'question': ' Katie uploaded 30 pictures from her phone and 51 from her camera to facebook. If she sorted the pics into 9 different albums with the same amount of pics in each album, how many pictures were in each of the albums? '}) (input_keys={'question'})","Prediction(
    reasoning='To find out how many pictures were in each album, we need to divide the total number of pictures by the number of albums.\n\n30 (total pictures) ÷ 9 (number of albums) = 3.33\n\nSo, there are approximately 3.33 pictures in each album.',
    response=3.33
)",False
"Example({'response': 6, 'question': "" Debby's class is going on a field trip to the zoo. If each van can hold 9 people and there are 40 students and 14 adults going, how many vans will they need? ""}) (input_keys={'question'})","Prediction(
    reasoning=""To find out how many vans Debby's class needs, we first calculate the total number of people going on the trip by adding the number of students to the number of adults.\n\nTotal number of people = Number of students + Number of adults\n= 40 + 14\n= 54\n\nSince each van can hold 9 people, we divide the total number of people by the capacity of one van:\n\nNumber of vans needed = Total number of people / Capacity per van\n= 54 / 9\n= 6\n\nSo, Debby's class will need 6 vans."",
    response=6.0
)",True
"Example({'response': 2, 'question': ' For Halloween Emily received 5 pieces of candy from neighbors and 13 pieces from her older sister. If she only ate 9 pieces a day, how long would the candy last her? '}) (input_keys={'question'})","Prediction(
    
)",0.0
"Example({'response': 9, 'question': ' Frank made 5 dollars mowing lawns and 58 dollars weed eating. If he only spent 7 dollar a week, how long would the money last him? '}) (input_keys={'question'})","Prediction(
    reasoning=""To find out how many weeks Frank's money will last, we need to divide the total amount of money he has by the weekly expenditure.\n\nFrank's total income is $5 + $58 = $63 per week.\nWeekly expenditure: $7\n\nTime spent on mowing lawns and weed eating: 5 + 58 = 63 weeks\nTotal time spent: 63 weeks\nTime left: 0 weeks (he has no money left)"",
    response=0.0
)",False
"Example({'response': 36, 'question': ' A new building needed 14 windows. The builder had already installed 5 of them. If it takes 4 hours to install each window, how long will it take him to install the rest? '}) (input_keys={'question'})","Prediction(
    reasoning='The builder needs to install 14 - 5 = 9 windows.',
    response=36.0
)",True
"Example({'response': 45, 'question': ' A chef needs to cook 16 potatoes. He has already cooked 7. If each potato takes 5 minutes to cook, how long will it take him to cook the rest? '}) (input_keys={'question'})","Prediction(
    reasoning='To find out how long it will take the chef to cook the remaining potatoes, we need to subtract the number of potatoes he has already cooked from the total number of potatoes.\n\n16 (total potatoes) - 7 (potatoes already cooked) = 9\n\nSince each potato takes 5 minutes to cook, we can multiply the number of potatoes left by the cooking time per potato:\n\n9 potatoes * 5 minutes/potato = 45 minutes',
    response=45.0
)",True
"Example({'response': 42, 'question': ' Ned bought 14 boxes of chocolate candy and gave 7 to his little brother. If each box has 6 pieces inside it, how many pieces did Ned still have? '}) (input_keys={'question'})","Prediction(
    reasoning='To find out how many pieces Ned still had, we need to subtract the number of pieces he gave away from the total number of pieces.\n\n14 boxes * 6 pieces/box = 84 pieces\n\nNed gave away 7 boxes. So, we subtract:\n\n84 - 7 = 77',
    response=77.0
)",False
"Example({'response': 30, 'question': ' There were 11 friends playing a video game online when 5 players quit. If each player left had 5 lives, how many lives did they have total? '}) (input_keys={'question'})","Prediction(
    reasoning='To find the total number of lives, we need to multiply the number of players who left by the number of lives each player had.',
    response=25.0
)",False
"Example({'response': 25, 'question': ' Henry earned 5 dollars for each lawn he mowed. If he had 12 lawns to mow, but forgot to mow 7 of them, how much money did he actually earn? '}) (input_keys={'question'})","Prediction(
    
)",0.0
"Example({'response': 18, 'question': "" A trivia team had 5 members total, but during a game 2 members didn't show up. If each member that did show up scored 6 points, how many points were scored total? ""}) (input_keys={'question'})","Prediction(
    
)",0.0
"Example({'response': 16, 'question': ' A painter needed to paint 10 rooms in a building. Each room takes 8 hours to paint. If he already painted 8 rooms, how much longer will he take to paint the rest? '}) (input_keys={'question'})","Prediction(
    reasoning='To find out how much longer it will take him to paint the rest of the rooms, we need to calculate the time it takes to paint one room and then multiply that by the number of remaining rooms.\n\nEach room takes 8 hours to paint. So, if he paints 1 room in x hours, he will paint 2 rooms in 2x hours.\n\nWe know that he has already painted 8 rooms, so we can set up an equation:\n\n8x = 10 (since there are 10 rooms left)\n\nTo solve for x, we divide both sides by 8:\n\nx = 10/8\nx = 1.25\n\nSo, it will take him 1.25 hours to paint one room.',
    response=1.25
)",False
"Example({'response': 12, 'question': ' In a video game, each enemy defeated gives you 3 points. If a level has 6 enemies total and you destroy all but 2 of them, how many points would you earn? '}) (input_keys={'question'})","Prediction(
    reasoning='To find the number of points earned, we need to calculate the total points from defeating all enemies except for 2.\n\nTotal enemies = 6\nEnemies defeated = 4 (all except 2)\n\nPoints per enemy = 3\n\nPoints earned = Total enemies * Points per enemy\n= 6 * 3\n= 18',
    response=18.0
)",False
"Example({'response': 45, 'question': "" Wendy earned 5 points for each bag of cans she recycled. If she had 11 bags, but didn't recycle 2 of them, how many points would she have earned? ""}) (input_keys={'question'})","Prediction(
    reasoning='To find the total number of points Wendy would have earned, we need to calculate the points per bag and then multiply it by the number of bags.\n\n5 points per bag * 9 bags (since she recycled 11 - 2 = 9 bags) = 45 points',
    response=45.0
)",True
"Example({'response': 9, 'question': ' Each chocolate bar in a box cost $3. If a box had 7 bars total and Olivia sold all but 4 bars, how much money would she have made? '}) (input_keys={'question'})","Prediction(
    
)",0.0
"Example({'response': 54, 'question': ' Kaleb bought 14 boxes of chocolate candy and gave 5 to his little brother. If each box has 6 pieces inside it, how many pieces did Kaleb still have? '}) (input_keys={'question'})","Prediction(
    reasoning='To find out how many pieces Kaleb still has, we need to subtract the number of pieces given away from the total.\n\n14 boxes * 6 pieces/box = 84 pieces\nKaleb gave away 5 boxes * 6 pieces/box = 30 pieces\n\nSo, Kaleb still has: 84 - 30 = 54 pieces',
    response=54.0
)",True
"Example({'response': 15, 'question': ' At a restaurant each adult meal costs $3 and kids eat free. If a group of 12 people came in and 7 were kids, how much would it cost for the group to eat? '}) (input_keys={'question'})","Prediction(
    reasoning='12 * 3 = 36',
    response=36.0
)",False
"Example({'response': 72, 'question': ' Jerry had 7 action figures, but needed 16 total for a complete collection. If each one costs $8, how much money would he need to finish his collection? '}) (input_keys={'question'})","Prediction(
    
)",0.0
"Example({'response': 72, 'question': ' In a video game, each enemy defeated gives you 9 points. If a level has 11 enemies total and you destroy all but 3 of them, how many points would you earn? '}) (input_keys={'question'})","Prediction(
    reasoning='To find the number of points earned, we need to calculate the total points from defeating all enemies except for 3.\n\nTotal enemies = 11\nEnemies defeated = 8 (since 3 are destroyed)\n\nPoints per enemy = 9\n\nPoints earned = Total enemies * Points per enemy\n= 8 * 9\n= 72',
    response=72.0
)",True
"Example({'response': 72, 'question': ' There were 16 friends playing a video game online when 7 players quit. If each player left had 8 lives, how many lives did they have total? '}) (input_keys={'question'})","Prediction(
    reasoning='To find the total number of lives lost, we need to multiply the number of players who quit (7) by the number of lives each player had (8).\n\n7 * 8 = 56\n\nSo, a total of 56 lives were lost.',
    response=56.0
)",False
"Example({'response': 20, 'question': ' A new building needed 10 windows. The builder had already installed 6 of them. If it takes 5 hours to install each window, how long will it take him to install the rest? '}) (input_keys={'question'})","Prediction(
    reasoning='To find out how many more windows need to be installed, we subtract the number already installed from the total:\n10 (total) - 6 (already installed) = 4\n\nSince it takes 5 hours per window and there are 4 windows left to install, we multiply the time per window by the number of remaining windows:\n5 hours/window * 4 windows = 20 hours',
    response=20.0
)",True
"Example({'response': 36, 'question': ' Adam earned 9 dollars for each lawn he mowed. If he had 12 lawns to mow, but forgot to mow 8 of them, how much money did he actually earn? '}) (input_keys={'question'})","Prediction(
    reasoning='To find the total amount Adam should have earned, we multiply the number of lawns he mowed (12) by his earnings per lawn ($9). This gives us:\n\n12 x 9 = 108\n\nHowever, since he forgot to mow 8 lawns, we need to subtract those from the total:\n\n108 - 8 = 100\n\nSo Adam actually earned $100.',
    response=100.0
)",False
"Example({'response': 64, 'question': "" A trivia team had 12 members total, but during a game 4 members didn't show up. If each member that did show up scored 8 points, how many points were scored total? ""}) (input_keys={'question'})","Prediction(
    reasoning=""To find the number of points scored by the remaining members, we need to subtract the number of members who didn't show up from the total number of members.\n\n12 (total members) - 4 (members who didn't show up) = 8\n\nSo, all 8 members showed up and each scored 8 points. The total points scored is therefore:\n\n8 x 8 = 64"",
    response=64.0
)",True
"Example({'response': 56, 'question': "" Mike had 16 video games but 8 of them weren't working. If he wanted to sell the working games for $7 each, how much money could he earn? ""}) (input_keys={'question'})","Prediction(
    reasoning='To find out how much Mike can earn, we need to subtract the number of non-working games from the total number of games and multiply by the price per game.\n\nNumber of working games: 16 - 8 = 8\nPrice per game: $7\n\nResponse: 8 * 7 = 56',
    response=56.0
)",True
"Example({'response': 49, 'question': ' A painter needed to paint 12 rooms in a building. Each room takes 7 hours to paint. If he already painted 5 rooms, how much longer will he take to paint the rest? '}) (input_keys={'question'})","Prediction(
    reasoning='To find out how much longer it will take him to paint the rest of the rooms, we need to calculate the time it takes to paint one room and then multiply that by the number of rooms left.\n\nEach room takes 7 hours to paint. So, if he paints 1 room in x hours, he will paint 12 - 5 = 7 rooms in (x + y) hours, where y is the additional time needed for the remaining rooms.\n\nWe know that each room takes 7 hours to paint, so we can set up an equation:\n\n(7 * (x + y)) / 7 = 7\n\nSimplifying this equation, we get:\n\nx + y = 1\n\nSo, it will take him 1 hour longer to paint the rest of the rooms.',
    response=0.25
)",False
"Example({'response': 15, 'question': ' There were 8 friends playing a video game online when 5 players quit. If each player left had 5 lives, how many lives did they have total? '}) (input_keys={'question'})","Prediction(
    reasoning='To find the total number of lives, we need to multiply the number of players who left by the number of lives each player had.',
    response=25.0
)",False
"Example({'response': 27, 'question': "" A trivia team had 15 members total, but during a game 6 members didn't show up. If each member that did show up scored 3 points, how many points were scored total? ""}) (input_keys={'question'})","Prediction(
    reasoning=""To find the number of members who showed up, we subtract the number of members who didn't show up from the total number of members.\n\n15 (total) - 6 (did not show up) = 9\n\nSo, 9 members showed up. Each member who showed up scored 3 points, so the total points scored is:\n\n9 * 3 = 27"",
    response=27.0
)",True
"Example({'response': 63, 'question': "" Ned had 15 video games but 6 of them weren't working. If he wanted to sell the working games for $7 each, how much money could he earn? ""}) (input_keys={'question'})","Prediction(
    
)",0.0
"Example({'response': 42, 'question': ' Each chocolate bar in a box cost $6. If a box had 13 bars total and Zoe sold all but 6 bars, how much money would she have made? '}) (input_keys={'question'})","Prediction(
    
)",0.0
"Example({'response': 16, 'question': ' Will bought 7 boxes of chocolate candy and gave 3 to his little brother. If each box has 4 pieces inside it, how many pieces did Will still have? '}) (input_keys={'question'})","Prediction(
    reasoning='To find out how many pieces Will still had, we need to subtract the number of pieces he gave away from the total number of pieces.\n\n7 boxes * 4 pieces/box = 28 pieces\nHe gave away 3 pieces, so:\n28 - 3 = 25\n\nSo, Will still has 25 pieces of chocolate candy.',
    response=25.0
)",False
"Example({'response': 24, 'question': "" Mike invited 13 friends to a birthday party, but 7 couldn't come. If he wanted to buy enough cupcakes so each person could have exactly 4, how many should he buy? ""}) (input_keys={'question'})","Prediction(
    reasoning='To find out how many cupcakes Mike needs to buy, we need to divide the total number of people (13) by the number of people per cupcake (4).\n\n13 ÷ 4 = 3.25\n\nSo Mike should buy 3.25 cupcakes.',
    response=3.25
)",False
"Example({'response': 10, 'question': ' In a video game, each enemy defeated gives you 5 points. If a level has 8 enemies total and you destroy all but 6 of them, how many points would you earn? '}) (input_keys={'question'})","Prediction(
    reasoning='To find the number of points earned, we need to calculate the total points from defeating all enemies except for 6.\n\nTotal enemies = 8\nEnemies defeated = 6 (since 2 out of 8 are destroyed)\n\nPoints per enemy = 5\n\nPoints earned = Total enemies * Points per enemy\n= 8 * 5\n= 40',
    response=40.0
)",False
"Example({'response': 54, 'question': ' Roger earned 9 dollars for each lawn he mowed. If he had 14 lawns to mow, but forgot to mow 8 of them, how much money did he actually earn? '}) (input_keys={'question'})","Prediction(
    
)",0.0
"Example({'response': 4, 'question': ' A magician was selling magic card decks for 2 dollars each. If he started with 5 decks and by the end of the day he had 3 left, how much money did he earn? '}) (input_keys={'question'})","Prediction(
    reasoning='To find out how much money the magician earned, we need to calculate the total number of decks sold.\n\nHe started with 5 decks.\nBy the end of the day, he had 3 decks left.\n\nSo, the number of decks sold is:\n5 (initial decks) - 3 (decks left) = 2\n\nSince each deck was sold for $2, the total amount earned is:\n2 * 2 = 4 dollars',
    response=4.0
)",True
"Example({'response': 36, 'question': ' A chef needs to cook 12 potatoes. He has already cooked 6. If each potato takes 6 minutes to cook, how long will it take him to cook the rest? '}) (input_keys={'question'})","Prediction(
    reasoning='To find out how long it will take the chef to cook the remaining potatoes, we need to subtract the number of potatoes he has already cooked from the total number of potatoes.\n\n12 (total potatoes) - 6 (potatoes already cooked) = 6\n\nSo, it will take him 6 minutes to cook the rest of the potatoes.',
    response=6.0
)",False
"Example({'response': 18, 'question': ' A new building needed 9 windows. The builder had already installed 6 of them. If it takes 6 hours to install each window, how long will it take him to install the rest? '}) (input_keys={'question'})","Prediction(
    reasoning='To find out how many more windows need to be installed, we subtract the number of windows already installed from the total number of windows:\n9 (total) - 6 (installed) = 3\n\nIt will take the builder 6 hours x 3 = 18 hours to install the remaining 3 windows.',
    response=18.0
)",True
"Example({'response': 81, 'question': ' At the fair Adam bought 13 tickets. After riding the ferris wheel he had 4 tickets left. If each ticket cost 9 dollars, how much money did Adam spend riding the ferris wheel? '}) (input_keys={'question'})","Prediction(
    reasoning='Adam spent $36 riding the ferris wheel.',
    response=36.0
)",False
"Example({'response': 21, 'question': ' Dave bought 12 boxes of chocolate candy and gave 5 to his little brother. If each box has 3 pieces inside it, how many pieces did Dave still have? '}) (input_keys={'question'})","Prediction(
    reasoning='To find out how many pieces Dave still had, we subtract the number of boxes given away from the initial number of boxes. Then, we multiply this result by the number of pieces per box to get the total number of pieces he still has.',
    response=21.0
)",True
"Example({'response': 10, 'question': ' John had 5 action figures, but needed 7 total for a complete collection. If each one costs $5, how much money would he need to finish his collection? '}) (input_keys={'question'})","Prediction(
    
)",0.0
"Example({'response': 32, 'question': ' A painter needed to paint 9 rooms in a building. Each room takes 8 hours to paint. If he already painted 5 rooms, how much longer will he take to paint the rest? '}) (input_keys={'question'})","Prediction(
    reasoning='To find out how much longer it will take him to paint the rest of the rooms, we need to calculate the time it takes to paint one room and then multiply that by the number of rooms left.\n\nEach room takes 8 hours to paint. So, if he paints 1 room in x hours, he will paint 4 rooms in 4x hours.\n\nWe know that he has already painted 5 rooms, so we can set up an equation:\n\n5x = 9 * 8\n5x = 72\n\nNow, divide both sides by 5:\nx = 72 / 5\nx = 14.4\n\nSo, it will take him 14.4 hours to paint the rest of the rooms.',
    response=14.4
)",False
"Example({'response': 20, 'question': ' Each chocolate bar in a box cost $4. If a box had 8 bars total and Emily sold all but 3 bars, how much money would she have made? '}) (input_keys={'question'})","Prediction(
    
)",0.0
"Example({'response': 15, 'question': "" At lunch a waiter had 10 customers and 5 of them didn't leave a tip. If he got $3 each from the ones who did tip, how much money did he earn? ""}) (input_keys={'question'})","Prediction(
    
)",0.0
"Example({'response': 16, 'question': ' A worksheet had 4 problems on it. If a teacher had 9 worksheets to grade and had already graded 5 of them, how many more problems does she have to grade? '}) (input_keys={'question'})","Prediction(
    reasoning='To find out how many more problems the teacher needs to grade, we need to subtract the number of worksheets already graded from the total number of worksheets. \n\n9 (total worksheets) - 5 (already graded worksheets) = 4\n\nSo, she has 4 more problems to grade.',
    response=4.0
)",False
"Example({'response': 40, 'question': "" Will invited 9 friends to a birthday party, but 4 couldn't come. If he wanted to buy enough cupcakes so each person could have exactly 8, how many should he buy? ""}) (input_keys={'question'})","Prediction(
    reasoning=""To determine how many cupcakes the invited friends can have, we need to subtract the number of people who couldn't come from the total number of people. In this case, it's 9 - 4 = 5.\n\nThen, we multiply the result by 8 (the number of cupcakes each person should get) to find out how many cupcakes he needs in total: 5 * 8 = 40."",
    response=40.0
)",True
"Example({'response': 45, 'question': ' A magician was selling magic card decks for 9 dollars each. If he started with 12 decks and by the end of the day he had 7 left, how much money did he earn? '}) (input_keys={'question'})","Prediction(
    reasoning='To find out how much money the magician earned, we need to calculate the total number of decks sold.\n\nInitial number of decks = 12\nNumber of decks left = 7\n\nTotal decks sold = Initial number of decks - Number of decks left\n= 12 - 7\n= 5\n\nThe magician sold 5 decks at $9 each. To find out how much money he earned, we multiply the number of decks sold by the price per deck:\n\nResponse = Total decks sold * Price per deck\n= 5 * 9\n= 45',
    response=45.0
)",True
"Example({'response': 6, 'question': ' A chef needs to cook 9 potatoes. He has already cooked 7. If each potato takes 3 minutes to cook, how long will it take him to cook the rest? '}) (input_keys={'question'})","Prediction(
    reasoning='To find out how long it will take the chef to cook the remaining potatoes, we need to subtract the number of potatoes he has already cooked from the total number of potatoes.\n\n9 (total potatoes) - 7 (potatoes already cooked) = 2\n\nSo, the chef needs to cook 2 more potatoes. Since each potato takes 3 minutes to cook, we can multiply the number of potatoes by the cooking time per potato:\n\n2 (remaining potatoes) x 3 (minutes per potato) = 6\n\nTherefore, it will take the chef 6 minutes to cook the remaining potatoes.',
    response=6.0
)",True
"Example({'response': 45, 'question': ' A magician was selling magic card decks for 5 dollars each. If he started with 14 decks and by the end of the day he had 5 left, how much money did he earn? '}) (input_keys={'question'})","Prediction(
    reasoning='To find out how much money the magician earned, we need to subtract the number of decks he had left from the total number of decks he started with.\n\n14 (initial decks) - 5 (decks left) = 9\n\nSo, the magician earned $9.',
    response=9.0
)",False
"Example({'response': 18, 'question': ' Each chocolate bar in a box cost $3. If a box had 9 bars total and Wendy sold all but 3 bars, how much money would she have made? '}) (input_keys={'question'})","Prediction(
    reasoning='6 * 3 = 18',
    response=18.0
)",True
"Example({'response': 24, 'question': ' A painter needed to paint 12 rooms in a building. Each room takes 3 hours to paint. If he already painted 4 rooms, how much longer will he take to paint the rest? '}) (input_keys={'question'})","Prediction(
    reasoning='To find out how much longer it will take him to paint the rest of the rooms, we need to calculate the time it takes to paint one room and then multiply that by the number of remaining rooms.\n\nEach room takes 3 hours to paint. So, if he paints 4 rooms, it will take him 4 x 3 = 12 hours.\n\nSince there are 8 rooms left to paint, we need to calculate how many hours it will take him to paint them:\n\n8 rooms x 3 hours/room = 24 hours\n\nTherefore, the painter will take an additional 24 - 12 = 12 hours to paint the rest of the rooms.',
    response=12.0
)",False
"Example({'response': 36, 'question': ' Adam bought 13 boxes of chocolate candy and gave 7 to his little brother. If each box has 6 pieces inside it, how many pieces did Adam still have? '}) (input_keys={'question'})","Prediction(
    
)",0.0
"Example({'response': 28, 'question': ' At a restaurant each adult meal costs $7 and kids eat free. If a group of 13 people came in and 9 were kids, how much would it cost for the group to eat? '}) (input_keys={'question'})","Prediction(
    reasoning='(7 * 9) + 0 = 63',
    response=63.0
)",False
"Example({'response': 20, 'question': "" A trivia team had 7 members total, but during a game 2 members didn't show up. If each member that did show up scored 4 points, how many points were scored total? ""}) (input_keys={'question'})","Prediction(
    
)",0.0
"Example({'response': 12, 'question': "" Kaleb had 10 video games but 8 of them weren't working. If he wanted to sell the working games for $6 each, how much money could he earn? ""}) (input_keys={'question'})","Prediction(
    reasoning='Kaleb could sell the working games for $6 each.',
    response=60.0
)",False
"Example({'response': 35, 'question': "" April's discount flowers was having a sale where each rose was 7 dollars. If April started with 9 roses and had 4 roses left, how much money did she earn? ""}) (input_keys={'question'})","Prediction(
    reasoning='The total number of roses April had initially was 9, and she has 4 left. To find out how much money she earned, we need to subtract the cost of the roses sold (7 * 5) from the initial amount.',
    response=49.0
)",False
"Example({'response': 32, 'question': "" At lunch a waiter had 9 customers and 5 of them didn't leave a tip. If he got $8 each from the ones who did tip, how much money did he earn? ""}) (input_keys={'question'})","Prediction(
    
)",0.0
"Example({'response': 48, 'question': ' A new building needed 14 windows. The builder had already installed 8 of them. If it takes 8 hours to install each window, how long will it take him to install the rest? '}) (input_keys={'question'})","Prediction(
    reasoning='To find out how many more windows need to be installed, we subtract the number already installed from the total:\n14 (total) - 8 (already installed) = 6\n\nIt will take the builder 8 hours x 6 = 48 hours to install the remaining windows.',
    response=48.0
)",True
"Example({'response': 45, 'question': "" Bianca earned 5 points for each bag of cans she recycled. If she had 17 bags, but didn't recycle 8 of them, how many points would she have earned? ""}) (input_keys={'question'})","Prediction(
    reasoning=""To find the total number of points Bianca would have earned, we need to calculate the number of bags she actually recycled and multiply it by her points per bag.\n\nBianca had 17 bags, but didn't recycle 8 of them. So, she recycled 17 - 8 = 9 bags.\n\nShe earns 5 points for each bag, so she would have earned 9 x 5 = 45 points."",
    response=45.0
)",True
"Example({'response': 72, 'question': ' A chef needs to cook 15 potatoes. He has already cooked 6. If each potato takes 8 minutes to cook, how long will it take him to cook the rest? '}) (input_keys={'question'})","Prediction(
    reasoning='To find out how long it will take the chef to cook the remaining potatoes, we need to subtract the number of potatoes he has already cooked from the total number of potatoes.\n\n15 (total potatoes) - 6 (potatoes already cooked) = 9\n\nSo, the chef needs to cook 9 more potatoes. Since each potato takes 8 minutes to cook, we can multiply the number of remaining potatoes by the cooking time per potato:\n\n9 (remaining potatoes) x 8 (minutes per potato) = 72\n\nTherefore, it will take the chef 72 minutes to cook the rest.',
    response=72.0
)",True
"Example({'response': 30, 'question': ' Henry had 3 action figures, but needed 8 total for a complete collection. If each one costs $6, how much money would he need to finish his collection? '}) (input_keys={'question'})","Prediction(
    reasoning='To find out how much money Henry needs, we can multiply the number of action figures he has (3) by the cost of each figure ($6). \n\n3 * 6 = 18\n\nSo, Henry would need $18 to complete his collection.',
    response=18.0
)",False
"Example({'response': 64, 'question': ' John earned 8 dollars for each lawn he mowed. If he had 15 lawns to mow, but forgot to mow 7 of them, how much money did he actually earn? '}) (input_keys={'question'})","Prediction(
    
)",0.0
"Example({'response': 24, 'question': ' There were 10 friends playing a video game online when 7 players quit. If each player left had 8 lives, how many lives did they have total? '}) (input_keys={'question'})","Prediction(
    
)",0.0
"Example({'response': 40, 'question': ' In a video game, each enemy defeated gives you 8 points. If a level has 7 enemies total and you destroy all but 2 of them, how many points would you earn? '}) (input_keys={'question'})","Prediction(
    reasoning='To find the number of points earned, we need to calculate the total points from defeating all enemies except for 2.\n\nTotal enemies = 7\nEnemies defeated = 5 (all except 2)\n\nPoints per enemy = 8\n\nPoints earned = Total enemies * Points per enemy\n= 5 * 8\n= 40',
    response=40.0
)",True
"Example({'response': 63, 'question': ' A painter needed to paint 11 rooms in a building. Each room takes 7 hours to paint. If he already painted 2 rooms, how much longer will he take to paint the rest? '}) (input_keys={'question'})","Prediction(
    reasoning='The painter needs to paint 9 more rooms.',
    response=49.0
)",False
"Example({'response': 32, 'question': "" Dave had 10 video games but 2 of them weren't working. If he wanted to sell the working games for $4 each, how much money could he earn? ""}) (input_keys={'question'})","Prediction(
    
)",0.0
"Example({'response': 32, 'question': ' A worksheet had 4 problems on it. If a teacher had 16 worksheets to grade and had already graded 8 of them, how many more problems does she have to grade? '}) (input_keys={'question'})","Prediction(
    reasoning=""To find out how many more problems the teacher needs to grade, we need to subtract the number of worksheets already graded from the total number of worksheets. \n\n8 (already graded) - 16 (total worksheets) = -8\nSince you can't grade a negative number of problems, this means the teacher actually has 8 problems left to grade."",
    response=8.0
)",False
"Example({'response': 14, 'question': ' A worksheet had 2 problems on it. If a teacher had 14 worksheets to grade and had already graded 7 of them, how many more problems does she have to grade? '}) (input_keys={'question'})","Prediction(
    reasoning='To find out how many more problems the teacher needs to grade, we need to subtract the number of worksheets already graded from the total number of worksheets. \n\n14 (total worksheets) - 7 (already graded worksheets) = 7\n\nSo, the teacher still has to grade 7 problems.',
    response=7.0
)",False
"Example({'response': 36, 'question': "" April's discount flowers was having a sale where each rose was 4 dollars. If April started with 13 roses and had 4 roses left, how much money did she earn? ""}) (input_keys={'question'})","Prediction(
    reasoning='To find out how much money April earned, we need to calculate the total amount of money she made from selling the roses.\n\nShe sold 9 roses (13 - 4 = 9) at a price of $4 each. So, the total amount of money she made is:\n\n9 x 4 = 36',
    response=36.0
)",True
"Example({'response': 35, 'question': ' At a restaurant each adult meal costs $5 and kids eat free. If a group of 15 people came in and 8 were kids, how much would it cost for the group to eat? '}) (input_keys={'question'})","Prediction(
    reasoning='15 * 5 = 75',
    response=75.0
)",False
"Example({'response': 42, 'question': ' Zoe baked 5 brownies, but needed 11 total for her party. If she used 7 cups of flour on each one, how much cups of flour does she still need? '}) (input_keys={'question'})","Prediction(
    reasoning='To find out how many cups of flour Zoe needs in total, we multiply the number of brownies by the amount of flour per brownie: 5 * 7 = 35 cups.\n\nShe already used 7 cups for her party. To find out how much more she needs, we subtract the amount used from the total needed: 35 - 7 = 28 cups.',
    response=28.0
)",False
"Example({'response': 20, 'question': ' A painter needed to paint 6 rooms in a building. Each room takes 5 hours to paint. If he already painted 2 rooms, how much longer will he take to paint the rest? '}) (input_keys={'question'})","Prediction(
    reasoning='The painter needs to paint 4 more rooms.',
    response=20.0
)",True
"Example({'response': 16, 'question': ' Each chocolate bar in a box cost $4. If a box had 11 bars total and Vanessa sold all but 7 bars, how much money would she have made? '}) (input_keys={'question'})","Prediction(
    reasoning='Vanessa sold 4 boxes of chocolates, each containing 11 bars. So she sold a total of 44 bars.',
    response=44.0
)",False
"Example({'response': 16, 'question': "" Gwen earned 8 points for each bag of cans she recycled. If she had 4 bags, but didn't recycle 2 of them, how many points would she have earned? ""}) (input_keys={'question'})","Prediction(
    
)",0.0
"Example({'response': 24, 'question': ' A new building needed 12 windows. The builder had already installed 6 of them. If it takes 4 hours to install each window, how long will it take him to install the rest? '}) (input_keys={'question'})","Prediction(
    reasoning='The builder needs 24 hours to install the remaining 6 windows.',
    response=24.0
)",True
"Example({'response': 63, 'question': ' A chef needs to cook 15 potatoes. He has already cooked 8. If each potato takes 9 minutes to cook, how long will it take him to cook the rest? '}) (input_keys={'question'})","Prediction(
    reasoning='To find out how long it will take the chef to cook the remaining potatoes, we need to subtract the number of potatoes he has already cooked from the total number of potatoes.\n\n15 (total potatoes) - 8 (potatoes already cooked) = 7\n\nSo, the chef needs to cook 7 more potatoes. Each potato takes 9 minutes to cook, so we can calculate the time it will take by multiplying the number of potatoes left by the cooking time per potato:\n\n7 (potatoes left) * 9 (minutes per potato) = 63 minutes',
    response=63.0
)",True
"Example({'response': 35, 'question': "" A trivia team had 14 members total, but during a game 7 members didn't show up. If each member that did show up scored 5 points, how many points were scored total? ""}) (input_keys={'question'})","Prediction(
    reasoning=""To find the number of points scored by the remaining members, we need to subtract the number of members who didn't show up from the total number of members.\n\n14 (total members) - 7 (members who didn't show up) = 7\n\nSo, all 7 members showed up and each scored 5 points. To find the total points scored, we multiply the number of members by their score:\n\n7 members * 5 points/member = 35 points"",
    response=35.0
)",True
"Example({'response': 48, 'question': ' A chef needs to cook 13 potatoes. He has already cooked 5. If each potato takes 6 minutes to cook, how long will it take him to cook the rest? '}) (input_keys={'question'})","Prediction(
    reasoning='To find out how long it will take the chef to cook the remaining potatoes, we need to subtract the number of potatoes he has already cooked from the total number of potatoes.\n\n13 (total potatoes) - 5 (potatoes already cooked) = 8\n\nSo, the chef needs to cook 8 more potatoes. Each potato takes 6 minutes to cook, so we can calculate the time it will take by multiplying the number of remaining potatoes by the cooking time per potato:\n\n8 (remaining potatoes) * 6 (minutes per potato) = 48',
    response=48.0
)",True
"Example({'response': 45, 'question': "" A trivia team had 11 members total, but during a game 6 members didn't show up. If each member that did show up scored 9 points, how many points were scored total? ""}) (input_keys={'question'})","Prediction(
    
)",0.0
"Example({'response': 18, 'question': ' Each chocolate bar in a box cost $2. If a box had 13 bars total and Rachel sold all but 4 bars, how much money would she have made? '}) (input_keys={'question'})","Prediction(
    
)",0.0
"Example({'response': 10, 'question': ' Isabel baked 3 brownies, but needed 5 total for her party. If she used 5 cups of flour on each one, how much cups of flour does she still need? '}) (input_keys={'question'})","Prediction(
    reasoning=""To find out how many cups of flour Isabel still needs, we first calculate the total amount of flour she has already used: 3 brownies * 5 cups/brownie = 15 cups.\n\nShe needed a total of 5 cups for her party. So, to find out how much more flour she needs, we subtract the amount she has from the total needed:\n\n5 cups (total needed) - 15 cups (already used) = -10 cups\n\nHowever, since you can't have negative cups of flour, this means Isabel actually has enough flour for her party. Therefore, she doesn't need any more."",
    response=-10.0
)",False
"Example({'response': 24, 'question': ' A worksheet had 3 problems on it. If a teacher had 15 worksheets to grade and had already graded 7 of them, how many more problems does she have to grade? '}) (input_keys={'question'})","Prediction(
    reasoning=""To find out how many more problems the teacher needs to grade, we need to subtract the number of worksheets already graded from the total number of worksheets. \n\n7 (worksheets already graded) - 15 (total worksheets) = -8\n\nSince you can't grade a negative number of problems, this means the teacher actually has 8 problems left to grade."",
    response=8.0
)",False
"Example({'response': 27, 'question': "" At lunch a waiter had 7 customers and 4 of them didn't leave a tip. If he got $9 each from the ones who did tip, how much money did he earn? ""}) (input_keys={'question'})","Prediction(
    
)",0.0
"Example({'response': 27, 'question': "" April's discount flowers was having a sale where each rose was 9 dollars. If April started with 11 roses and had 8 roses left, how much money did she earn? ""}) (input_keys={'question'})","Prediction(
    reasoning='To find out how much money April earned, we need to calculate the total amount of money she made from selling the roses.\n\nShe sold 3 roses (11 - 8 = 3), and each rose was sold for 9 dollars. So, the total amount of money she made is:\n\n3 x 9 = 27',
    response=27.0
)",True
"Example({'response': 18, 'question': ' Tom bought 14 boxes of chocolate candy and gave 8 to his little brother. If each box has 3 pieces inside it, how many pieces did Tom still have? '}) (input_keys={'question'})","Prediction(
    reasoning='To find out how many pieces Tom still has, we need to subtract the number of boxes given away from the initial number of boxes. Then, we multiply by the number of pieces per box.',
    response=18.0
)",True
"Example({'response': 12, 'question': ' At a restaurant each adult meal costs $2 and kids eat free. If a group of 15 people came in and 9 were kids, how much would it cost for the group to eat? '}) (input_keys={'question'})","Prediction(
    reasoning='(9 * 2) + 6\n= 18 + 6\n= 24',
    response=24.0
)",False
"Example({'response': 32, 'question': ' Edward earned 4 dollars for each lawn he mowed. If he had 17 lawns to mow, but forgot to mow 9 of them, how much money did he actually earn? '}) (input_keys={'question'})","Prediction(
    
)",0.0
"Example({'response': 56, 'question': ' A new building needed 11 windows. The builder had already installed 4 of them. If it takes 8 hours to install each window, how long will it take him to install the rest? '}) (input_keys={'question'})","Prediction(
    reasoning='To find out how many hours it will take to install the remaining windows, we need to subtract the number of windows already installed from the total number of windows.\n\n11 (total windows) - 4 (windows already installed) = 7\n\nIt will take the builder 8 hours x 7 = 56 hours to install the rest of the windows.',
    response=56.0
)",True
"Example({'response': 30, 'question': ' Tom bought 12 boxes of chocolate candy and gave 7 to his little brother. If each box has 6 pieces inside it, how many pieces did Tom still have? '}) (input_keys={'question'})","Prediction(
    reasoning='Tom had 12 boxes and gave away 7. To find out how many pieces he still has, we subtract 7 from 12.',
    response=5.0
)",False
"Example({'response': 30, 'question': ' John had 6 action figures, but needed 11 total for a complete collection. If each one costs $6, how much money would he need to finish his collection? '}) (input_keys={'question'})","Prediction(
    reasoning='To find out how much money John needs, we need to calculate the total cost of all action figures he wants. Since each one costs $6 and he has 6 but only needs 11, we subtract the number of action figures he already has from the total needed.',
    response=55.0
)",False
"Example({'response': 72, 'question': ' At a restaurant each adult meal costs $8 and kids eat free. If a group of 11 people came in and 2 were kids, how much would it cost for the group to eat? '}) (input_keys={'question'})","Prediction(
    reasoning='(8 * 10) + 2 = 86',
    response=86.0
)",False
"Example({'response': 27, 'question': ' At the fair Kaleb bought 6 tickets. After riding the ferris wheel he had 3 tickets left. If each ticket cost 9 dollars, how much money did Kaleb spend riding the ferris wheel? '}) (input_keys={'question'})","Prediction(
    reasoning='To find out how much money Kaleb spent, we need to multiply the number of tickets he bought by the cost per ticket. \n\n6 * 9 = 54',
    response=54.0
)",False
"Example({'response': 72, 'question': ' Tiffany baked 8 brownies, but needed 17 total for her party. If she used 8 cups of flour on each one, how much cups of flour does she still need? '}) (input_keys={'question'})","Prediction(
    reasoning='To find out how many cups of flour Tiffany needs in total, we multiply the number of brownies by the amount of flour per brownie: 8 * 8 = 64 cups.\n\nHowever, since she only has 17 cups of flour, she will be short 64 - 17 = 47 cups.',
    response=47.0
)",False
"Example({'response': 21, 'question': ' In a video game, each enemy defeated gives you 7 points. If a level has 11 enemies total and you destroy all but 8 of them, how many points would you earn? '}) (input_keys={'question'})","Prediction(
    reasoning='To find the number of points earned, we need to calculate the total points from defeating all enemies except for 8.\n\nTotal enemies = 11\nEnemies defeated = 8 (since 3 are left)\n\nPoints per enemy = 7\n\nPoints earned = Total enemies * Points per enemy\n= 11 * 7\n= 77',
    response=77.0
)",False
"Example({'response': 56, 'question': ' A magician was selling magic card decks for 7 dollars each. If he started with 16 decks and by the end of the day he had 8 left, how much money did he earn? '}) (input_keys={'question'})","Prediction(
    reasoning='To find out how much money the magician earned, we need to calculate the total number of decks sold.\n\nHe started with 16 decks.\nBy the end of the day, he had 8 decks left.\n\nSo, the number of decks sold is:\n16 (initial decks) - 8 (decks left) = 8\n\nSince each deck was sold for $7, the total amount earned is:\n8 * 7 = 56 dollars',
    response=56.0
)",True
"Example({'response': 30, 'question': ' There were 13 friends playing a video game online when 8 players quit. If each player left had 6 lives, how many lives did they have total? '}) (input_keys={'question'})","Prediction(
    reasoning='The number of players who left (13 - 8) multiplied by the number of lives each player had (6) equals the total number of lives lost.',
    response=30.0
)",True
"Example({'response': 6, 'question': "" At lunch a waiter had 7 customers and 5 of them didn't leave a tip. If he got $3 each from the ones who did tip, how much money did he earn? ""}) (input_keys={'question'})","Prediction(
    
)",0.0
"Example({'response': 63, 'question': ' At the fair Adam bought 10 tickets. After riding the ferris wheel he had 3 tickets left. If each ticket cost 9 dollars, how much money did Adam spend riding the ferris wheel? '}) (input_keys={'question'})","Prediction(
    reasoning='Adam spent $27 riding the ferris wheel.',
    response=27.0
)",False
"Example({'response': 63, 'question': ' A worksheet had 7 problems on it. If a teacher had 17 worksheets to grade and had already graded 8 of them, how many more problems does she have to grade? '}) (input_keys={'question'})","Prediction(
    reasoning=""To find out how many more problems the teacher needs to grade, we need to subtract the number of worksheets already graded from the total number of worksheets. \n\n8 (already graded) - 17 (total worksheets) = -9\nSince you can't have a negative number of problems, this means the teacher actually has 9 problems left to grade."",
    response=9.0
)",False
"Example({'response': 12, 'question': "" A trivia team had 9 members total, but during a game 3 members didn't show up. If each member that did show up scored 2 points, how many points were scored total? ""}) (input_keys={'question'})","Prediction(
    reasoning=""To find the number of points scored by the remaining members, we first need to calculate the number of members who showed up.\n\n9 (total members) - 3 (members who didn't show up) = 6\n\nSince each member who showed up scored 2 points, we can multiply the number of members who showed up by their score:\n\n6 * 2 = 12\n\nSo, a total of 12 points were scored by the remaining members."",
    response=12.0
)",True
"Example({'response': 30, 'question': "" Mike had 15 video games but 9 of them weren't working. If he wanted to sell the working games for $5 each, how much money could he earn? ""}) (input_keys={'question'})","Prediction(
    
)",0.0
"Example({'response': 36, 'question': ' Edward earned 9 dollars for each lawn he mowed. If he had 6 lawns to mow, but forgot to mow 2 of them, how much money did he actually earn? '}) (input_keys={'question'})","Prediction(
    
)",0.0
"Example({'response': 14, 'question': ' At a restaurant each adult meal costs $2 and kids eat free. If a group of 9 people came in and 2 were kids, how much would it cost for the group to eat? '}) (input_keys={'question'})","Prediction(
    
)",0.0
"Example({'response': 54, 'question': ' Chloe baked 7 brownies, but needed 16 total for her party. If she used 6 cups of flour on each one, how much cups of flour does she still need? '}) (input_keys={'question'})","Prediction(
    reasoning='To find out how many cups of flour Chloe needs in total, we multiply the number of brownies by the amount of flour per brownie: 7 * 6 = 42. Then, to find out how much more flour she needs, we subtract the amount used from the total needed: 16 - 42 = -26.',
    response=-26.0
)",False
"Example({'response': 15, 'question': ' There were 8 friends playing a video game online when 3 players quit. If each player left had 3 lives, how many lives did they have total? '}) (input_keys={'question'})","Prediction(
    reasoning='To find the total number of lives, we need to multiply the number of players who left by the number of lives each player had.',
    response=9.0
)",False
"Example({'response': 6, 'question': "" Sam invited 9 friends to a birthday party, but 6 couldn't come. If he wanted to buy enough cupcakes so each person could have exactly 2, how many should he buy? ""}) (input_keys={'question'})","Prediction(
    reasoning=""To find the number of cupcakes Sam needs to buy, we need to divide the total number of people (9) by the number of people per cupcake (2).\n\n9 ÷ 2 = 4.5\n\nSince you can't buy a fraction of a cupcake, we round up to the nearest whole number."",
    response=4.5
)",False
"Example({'response': 72, 'question': "" Megan earned 8 points for each bag of cans she recycled. If she had 14 bags, but didn't recycle 5 of them, how many points would she have earned? ""}) (input_keys={'question'})","Prediction(
    reasoning='To find the total number of points Megan would have earned, we need to calculate the points per bag and then multiply it by the number of bags.\n\nMegan recycled 9 bags (14 - 5 = 9), so she earned 8 * 9 = 72 points.',
    response=72.0
)",True
"Example({'response': 5, 'question': ' Will had 57 dollars. If he spent 27 bucks on a new game, how many 6 dollar toys could he buy with the money he had left? '}) (input_keys={'question'})","Prediction(
    reasoning='Given the initial amount and the amount spent on a game, calculate how many toys he could buy with the money he had left.',
    response=5.0
)",True
"Example({'response': 3, 'question': ' A pet store had 18 puppies. In one day they sold 3 of them and put the rest into cages with 5 in each cage. How many cages did they use? '}) (input_keys={'question'})","Prediction(
    reasoning=""To find out how many cages were used, we need to divide the total number of puppies by the number of puppies per cage.\n\nCages used = Total puppies / Puppies per cage\n= 18 / 5\n= 3.6\n\nSince you can't have a fraction of a cage, we round down to the nearest whole number.\n= 3"",
    response=3.0
)",True
"Example({'response': 6, 'question': ' Luke had 47 pieces of clothing to wash. He put 17 of them in one load, but decided to split the rest into 5 equal loads. How many pieces of clothing could go in each of the small loads? '}) (input_keys={'question'})","Prediction(
    reasoning='To find out how many pieces of clothing could go in each small load, we need to divide the total number of clothes (47) by the number of loads (5).\n\n47 ÷ 5 = 9.4\n\nSo, approximately 9.4 pieces of clothing can go in each small load.',
    response=9.4
)",False
"Example({'response': 8, 'question': "" Edward bought 79 tickets at the state fair. He spent 23 tickets at the 'dunk a clown' booth and decided to use the rest on rides. If each ride cost 7 tickets, how many rides could he go on? ""}) (input_keys={'question'})","Prediction(
    reasoning=""To find out how many rides Edward can go on, we need to subtract the number of tickets he spent at the 'dunk a clown' booth from the total number of tickets.\n\n79 (total tickets) - 23 (tickets spent at 'dunk a clown') = 56\n\nSo, Edward has 56 tickets left for rides."",
    response=56.0
)",False
"Example({'response': 5, 'question': "" Katie baked 18 cupcakes for her school's bake sale. If her brother, Todd, ate 8 of them how many packages could she make if she put 2 cupcake in each package? ""}) (input_keys={'question'})","Prediction(
    reasoning='To find out how many packages Katie can make, we need to divide the total number of cupcakes by the number of cupcakes per package.\n\n18 (total cupcakes) ÷ 2 (cupcakes per package) = 9\n\nSo, Katie can make 9 packages with 2 cupcakes in each package.',
    response=9.0
)",False
"Example({'response': 9, 'question': ' Megan had 93 files on her computer. She deleted 21 of them and put the rest into folders with 8 files in each one. How many folders did Megan end up with? '}) (input_keys={'question'})","Prediction(
    reasoning='Megan had 93 files on her computer and deleted 21 of them.',
    response=9.0
)",True
"Example({'response': 7, 'question': ' Wendy uploaded 79 pictures to Facebook. She put 44 pics into one album and put the rest into 5 different albums. How many pictures were in each album? '}) (input_keys={'question'})","Prediction(
    reasoning='To find out how many pictures were in each album, we need to subtract the number of pictures in one album from the total number of pictures. This can be done by dividing the total number of pictures by the number of albums.\n\nTotal number of pictures: 79\nNumber of albums: 5\n\nPictures in one album: 44\nPictures in other albums: 35',
    response=7.0
)",True
"Example({'response': 8, 'question': ' Isabel had 72 homework problems. She finished 32 of them but still had 5 pages of problems to do. If each page has the same number of problems on it, how many problems are on each page? '}) (input_keys={'question'})","Prediction(
    reasoning='The number of problems on each page can be calculated by dividing the remaining problems by the number of pages.',
    response=8.0
)",True
"Example({'response': 6, 'question': ' The cafeteria had 62 apples. For lunch they handed out 8 to students and decided to use the rest to make pies. If each pie takes 9 apples, how many pies could they make? '}) (input_keys={'question'})","Prediction(
    reasoning='To find out how many pies they can make, we need to divide the total number of apples by the number of apples per pie.\n\n62 ÷ 9 = 6.89\n\nSince you cannot make a fraction of a pie, we round down to the nearest whole number.',
    response=6.89
)",False
"Example({'response': 9, 'question': ' Mike made 101 dollars mowing lawns over the summer. If he spent 47 dollars buying new mower blades, how many 6 dollar games could he buy with the money he had left? '}) (input_keys={'question'})","Prediction(
    reasoning=""To find out how many 6-dollar games Mike can buy, we need to divide the amount of money he has left by the cost of each game.\n\nMike made $101 and spent $47 on new mower blades. So, he has:\n\n$101 - $47 = $54\n\nNow, let's divide $54 by $6 (the cost of each game):\n\n$54 ÷ $6 = 9\n\nTherefore, Mike can buy 9 games with the money he had left."",
    response=9.0
)",True
"Example({'response': 5, 'question': "" Paige's team won their dodgeball game and scored 41 points total. If Paige scored 11 of the points and everyone else scored 6 points each, how many players were on her team? ""}) (input_keys={'question'})","Prediction(
    
)",0.0
"Example({'response': 9, 'question': ' Oliver is at the library helping put away books. There are 46 book to put away total but a librarian takes 10 of them and leaves Oliver with the rest. If he can fit 4 books on a shelf, how many shelves will he need? '}) (input_keys={'question'})","Prediction(
    reasoning='To find out how many shelves Oliver needs, we first need to determine how many books he has left after the librarian takes some.\n\nOliver starts with 46 books.\nThe librarian takes 10 books, so Oliver is left with:\n46 - 10 = 36\n\nSince Oliver can fit 4 books on a shelf, we divide the number of books he has left by the number of books per shelf to find out how many shelves he needs:\n\n36 ÷ 4 = 9\n\nSo, Oliver will need 9 shelves.',
    response=9.0
)",True
"Example({'response': 3, 'question': ' Emily was planting vegetables in her garden. She started with 41 seeds and planted 29 of them in the big garden and in each of her small gardens put 4 seeds each. How many small gardens did Emily have? '}) (input_keys={'question'})","Prediction(
    
)",0.0
"Example({'response': 8, 'question': ' Edward made 37 dollars mowing lawns over the summer. If he spent 21 dollars buying new mower blades, how many 2 dollar games could he buy with the money he had left? '}) (input_keys={'question'})","Prediction(
    reasoning=""To find out how many 2-dollar games Edward can buy, we need to divide the amount of money he has left by the cost of each game.\n\nEdward made $37 and spent $21 on new mower blades. So, he has:\n\n$37 - $21 = $16\n\nNow, let's divide $16 by $2 (the cost of each game):\n\n$16 ÷ $2 = 8\n\nTherefore, Edward can buy 8 games with the money he had left."",
    response=8.0
)",True
"Example({'response': 5, 'question': ' A pet store had 81 puppies. In one day they sold 41 of them and put the rest into cages with 8 in each cage. How many cages did they use? '}) (input_keys={'question'})","Prediction(
    reasoning='The pet store put the remaining puppies into cages.',
    response=5.0
)",True
"Example({'response': 6, 'question': "" There are 65 students trying out for the school's trivia teams. If 17 of them didn't get picked for the team and the rest were put into 8 groups, how many students would be in each group? ""}) (input_keys={'question'})","Prediction(
    reasoning='The number of students that were put into groups is calculated by subtracting the number of students not picked from the total number of students.',
    response=6.0
)",True
"Example({'response': 2, 'question': ' Tom had 57 dollars. If he spent 49 bucks on a new game, how many 4 dollar toys could he buy with the money he had left? '}) (input_keys={'question'})","Prediction(
    reasoning=""To find out how many toys Tom can buy, we need to divide the amount of money he has left by the cost of each toy.\n\nTom started with $57.\nHe spent $49 on a new game.\nSo, he has $57 - $49 = $8 left.\n\nNow, let's calculate how many 4-dollar toys he can buy:\n\n$8 ÷ $4 = 2\n\nTherefore, Tom can buy 2 toys."",
    response=2.0
)",True
"Example({'response': 7, 'question': ' Isabel picked 66 flowers for her friend’s wedding. She was making bouquets with 8 flowers in each one. If 10 of the flowers wilted before the wedding, how many bouquets could she still make? '}) (input_keys={'question'})","Prediction(
    reasoning='To find out how many bouquets Isabel can still make, we need to divide the total number of flowers by the number of flowers per bouquet.\n\n66 (total flowers) ÷ 8 (flowers per bouquet) = 8.25\n\nSince you cannot have a fraction of a bouquet, we round down to 8 bouquets.',
    response=8.25
)",False
"Example({'response': 8, 'question': ' For Halloween Sarah received 108 pieces of candy. She ate 36 pieces then placed the rest into piles with 9 in each pile. How many piles could she make? '}) (input_keys={'question'})","Prediction(
    
)",0.0
"Example({'response': 7, 'question': ' Nancy had 80 files on her computer. She deleted 31 of them and put the rest into folders with 7 files in each one. How many folders did Nancy end up with? '}) (input_keys={'question'})","Prediction(
    reasoning='To calculate the number of folders, we divide the total number of files by the number of files per folder: 80 ÷ 7 = 11.43',
    response=11.0
)",False
"Example({'response': 9, 'question': "" There are 36 students trying out for the school's trivia teams. If 9 of them didn't get picked for the team and the rest were put into 3 groups, how many students would be in each group? ""}) (input_keys={'question'})","Prediction(
    reasoning='The number of students that were put into groups is calculated by subtracting the number of students not picked from the total number of students.',
    response=9.0
)",True
"Example({'response': 9, 'question': ' The cafeteria had 96 apples. For lunch they handed out 42 to students and decided to use the rest to make pies. If each pie takes 6 apples, how many pies could they make? '}) (input_keys={'question'})","Prediction(
    reasoning='To find out how many pies they can make, we need to divide the total number of apples by the number of apples per pie.\n\n96 ÷ 6 = 16\n\nSo, they can make 16 pies.',
    response=16.0
)",False
"Example({'response': 9, 'question': ' A pet store had 64 puppies. In one day they sold 28 of them and put the rest into cages with 4 in each cage. How many cages did they use? '}) (input_keys={'question'})","Prediction(
    reasoning='To find out how many cages were used, we need to divide the total number of puppies by the number of puppies per cage.\n\nCages used = Total puppies / Puppies per cage\n= 64 / 4\n= 16',
    response=16.0
)",False
"Example({'response': 2, 'question': ' Edward was selling his old games. He started out with 35 but sold 19 of them. He packed the rest up putting 8 games into each box. How many boxes did he have to use? '}) (input_keys={'question'})","Prediction(
    
)",0.0
"Example({'response': 4, 'question': ' Frank made 19 dollars mowing lawns over the summer. If he spent 11 dollars buying new mower blades, how many 2 dollar games could he buy with the money he had left? '}) (input_keys={'question'})","Prediction(
    reasoning='To find out how many 2-dollar games Frank can buy, we need to divide the amount of money he has left by the cost of each game.\n\nFrank has $19 - $11 = $8 left.\n$8 ÷ $2 = 4\n\nSo, Frank can buy 4 2-dollar games with his remaining money.',
    response=4.0
)",True
"Example({'response': 7, 'question': ' Megan had 40 homework problems. She finished 26 of them but still had 2 pages of problems to do. If each page has the same number of problems on it, how many problems are on each page? '}) (input_keys={'question'})","Prediction(
    reasoning='Each problem has 13.0 problems.',
    response=13.0
)",False
"Example({'response': 7, 'question': ' Wendy picked 103 flowers for her friend’s wedding. She was making bouquets with 8 flowers in each one. If 47 of the flowers wilted before the wedding, how many bouquets could she still make? '}) (input_keys={'question'})","Prediction(
    reasoning='Wendy has 56 flowers left after 47 wilted.',
    response=7.0
)",True
"Example({'response': 4, 'question': ' Kaleb had 39 pieces of clothing to wash. He put 19 of them in one load, but decided to split the rest into 5 equal loads. How many pieces of clothing could go in each of the small loads? '}) (input_keys={'question'})","Prediction(
    reasoning='The number of pieces of clothing that can go into each small load is calculated by dividing the total number of pieces of clothing by the number of loads.',
    response=7.8
)",False
"Example({'response': 2, 'question': "" A company invited 18 people to a luncheon, but 12 of them didn't show up. If the tables they had held 3 people each, how many tables do they need? ""}) (input_keys={'question'})","Prediction(
    reasoning='To find out how many tables are needed, we can divide the total number of guests (18) by the number of people per table (3).\n\n18 ÷ 3 = 6\n\nSo, the company needs 6 tables.',
    response=6.0
)",False
"Example({'response': 8, 'question': ' Mike is at the library helping put away books. There are 82 book to put away total but a librarian takes 10 of them and leaves Mike with the rest. If he can fit 9 books on a shelf, how many shelves will he need? '}) (input_keys={'question'})","Prediction(
    
)",0.0
"Example({'response': 6, 'question': ' A pet store had 78 puppies. In one day they sold 30 of them and put the rest into cages with 8 in each cage. How many cages did they use? '}) (input_keys={'question'})","Prediction(
    reasoning=""To find out how many cages were used, we need to divide the total number of puppies by the number of puppies per cage.\n\nCages used = Total puppies / Puppies per cage\n= 78 / 8\n= 9.75\n\nSince you can't have a fraction of a cage, we round down to the nearest whole number.\n= 9"",
    response=9.75
)",False
"Example({'response': 2, 'question': ' Bianca uploaded 33 pictures to Facebook. She put 27 pics into one album and put the rest into 3 different albums. How many pictures were in each album? '}) (input_keys={'question'})","Prediction(
    reasoning='To find the average number of pictures per album, we can use simple division:\n\nAverage = Total / Number of albums\n= 33 / 2\n= 16.5\n\nHowever, since you asked for a single float value, I will round it to 3.0 (as an example).',
    response=3.0
)",False
"Example({'response': 8, 'question': "" Emily's team won their dodgeball game and scored 39 points total. If Emily scored 23 of the points and everyone else scored 2 points each, how many players were on her team? ""}) (input_keys={'question'})","Prediction(
    reasoning=""To find out how many players were on Emily's team, we need to subtract the points scored by Emily from the total points scored.\n\nTotal points = 39\nPoints scored by Emily = 23\n\nPoints scored by others = Total points - Points scored by Emily\n= 39 - 23\n= 16\n\nSince everyone else scored 2 points each, we can divide the remaining points by 2 to find out how many players were on her team.\n\nPlayers on her team = Points scored by others / 2\n= 16 / 2\n= 8"",
    response=8.0
)",True
"Example({'response': 8, 'question': "" A company invited 47 people to a luncheon, but 7 of them didn't show up. If the tables they had held 5 people each, how many tables do they need? ""}) (input_keys={'question'})","Prediction(
    reasoning=""To find out how many tables are needed, we can divide the total number of people who attended (47) by the number of people per table (5).\n\n47 ÷ 5 = 9.4\n\nSince you can't have a fraction of a table, we round up to the nearest whole number."",
    response=9.4
)",False
"Example({'response': 4, 'question': ' A waiter had 44 customers in his section. If 12 of them left and the rest of his tables had 8 people at each table, how many tables did he have? '}) (input_keys={'question'})","Prediction(
    reasoning='To find out how many tables the waiter had, we need to subtract the number of customers who left from the total number of customers.\n\nTotal customers = 44\nCustomers left = 12\n\nNumber of tables = Total customers - Customers left\n= 44 - 12\n= 32\n\nSo, the waiter had 32 tables.',
    response=32.0
)",False
"Example({'response': 5, 'question': ' A store had 40 coloring books in stock. They ended up putting them on sale and getting rid of 20 of them. The put the ones they still had onto shelves with 4 on each shelf. How many shelves did they use? '}) (input_keys={'question'})","Prediction(
    reasoning='To find out how many shelves were used, we need to divide the number of remaining coloring books by the number of books per shelf.\n\n40 (remaining books) ÷ 4 (books per shelf) = 10',
    response=10.0
)",False
"Example({'response': 7, 'question': "" There are 64 students trying out for the school's trivia teams. If 36 of them didn't get picked for the team and the rest were put into 4 groups, how many students would be in each group? ""}) (input_keys={'question'})","Prediction(
    reasoning=""To find the number of students in each group, we need to subtract the number of students who weren't picked from the total number of students.\n\n64 (total students) - 36 (students not picked) = 28\n\nSo, there are 28 students in each group."",
    response=28.0
)",False
"Example({'response': 6, 'question': ' Kaleb was selling his old games. He started out with 76 but sold 46 of them. He packed the rest up putting 5 games into each box. How many boxes did he have to use? '}) (input_keys={'question'})","Prediction(
    reasoning='To calculate the number of boxes needed, we can use division: 30 (remaining games) ÷ 5 (games per box).',
    response=6.0
)",True
"Example({'response': 9, 'question': ' Jerry is at the library helping put away books. There are 34 book to put away total but a librarian takes 7 of them and leaves Jerry with the rest. If he can fit 3 books on a shelf, how many shelves will he need? '}) (input_keys={'question'})","Prediction(
    reasoning=""To find out how many shelves Jerry needs, we divide the total number of books by the number of books that can be placed on one shelf. This is because if you have more books than shelves, you'll always run out of space and need an additional shelf."",
    response=9.0
)",True
"Example({'response': 6, 'question': ' Nancy was planting vegetables in her garden. She started with 52 seeds and planted 28 of them in the big garden and in each of her small gardens put 4 seeds each. How many small gardens did Nancy have? '}) (input_keys={'question'})","Prediction(
    
)",0.0
"Example({'response': 9, 'question': ' Will had 83 dollars. If he spent 47 bucks on a new game, how many 4 dollar toys could he buy with the money he had left? '}) (input_keys={'question'})","Prediction(
    reasoning='To find out how many toys Will can buy, we need to divide the amount of money he has left by the cost of each toy.\n\nMoney left = 83 - 47\n= 36\n\nCost per toy = 4\n\nNumber of toys = Money left / Cost per toy\n= 36 / 4\n= 9',
    response=9.0
)",True
"Example({'response': 6, 'question': ' Bianca was planting vegetables in her garden. She started with 52 seeds and planted 40 of them in the big garden and in each of her small gardens put 2 seeds each. How many small gardens did Bianca have? '}) (input_keys={'question'})","Prediction(
    reasoning='To find out how many small gardens Bianca has, we need to divide the total number of seeds she planted by the number of seeds per garden. This will give us the number of gardens with two seeds each.',
    response=66.0
)",False
"Example({'response': 3, 'question': ' A waiter had 21 customers in his section. If 12 of them left and the rest of his tables had 3 people at each table, how many tables did he have? '}) (input_keys={'question'})","Prediction(
    reasoning='To find out how many tables the waiter had, we need to subtract the number of customers who left from the total number of customers.\n\n21 (total customers) - 12 (customers who left) = 9\n\nSince each table has 3 people, we can divide the remaining customers by 3 to get the number of tables:\n\n9 / 3 = 3\n\nSo, the waiter had 3 tables.',
    response=3.0
)",True
"Example({'response': 5, 'question': "" There are 25 students trying out for the school's trivia teams. If 15 of them didn't get picked for the team and the rest were put into 2 groups, how many students would be in each group? ""}) (input_keys={'question'})","Prediction(
    reasoning='To find the number of students in each group, we need to subtract the number of students who got picked from the total number of students.\n\n25 (total students) - 15 (students not picked) = 10\n\nSo, there are 10 students in each group.',
    response=10.0
)",False
"Example({'response': 5, 'question': ' The cafeteria had 47 apples. For lunch they handed out 27 to students and decided to use the rest to make pies. If each pie takes 4 apples, how many pies could they make? '}) (input_keys={'question'})","Prediction(
    reasoning='To find out how many pies they can make, we need to divide the total number of apples by the number of apples per pie.\n\n47 (total apples) ÷ 4 (apples per pie) = 11.75\n\nSo, they can make approximately 11.75 pies.',
    response=11.75
)",False
"Example({'response': 6, 'question': "" Megan baked 68 cupcakes for her school's bake sale. If her brother, Todd, ate 32 of them how many packages could she make if she put 6 cupcake in each package? ""}) (input_keys={'question'})","Prediction(
    reasoning='To find out how many packages Megan can make, we need to divide the total number of cupcakes by the number of cupcakes per package.\n\n68 cupcakes / 6 cupcakes per package = 11.33 packages',
    response=11.33
)",False
"Example({'response': 9, 'question': ' A store had 120 coloring books in stock. They ended up putting them on sale and getting rid of 39 of them. The put the ones they still had onto shelves with 9 on each shelf. How many shelves did they use? '}) (input_keys={'question'})","Prediction(
    
)",0.0
"Example({'response': 3, 'question': ' Isabel uploaded 25 pictures to Facebook. She put 10 pics into one album and put the rest into 5 different albums. How many pictures were in each album? '}) (input_keys={'question'})","Prediction(
    
)",0.0
"Example({'response': 8, 'question': ' Sarah had 60 homework problems. She finished 20 of them but still had 5 pages of problems to do. If each page has the same number of problems on it, how many problems are on each page? '}) (input_keys={'question'})","Prediction(
    reasoning='To find out how many problems are on each page, we need to divide the total number of problems by the number of pages she still has to do.',
    response=5.0
)",False
"Example({'response': 4, 'question': ' Mike made 42 dollars mowing lawns over the summer. If he spent 10 dollars buying new mower blades, how many 8 dollar games could he buy with the money he had left? '}) (input_keys={'question'})","Prediction(
    reasoning=""To find out how many games Mike can buy, we need to divide the amount of money he has left by the cost of each game.\n\nMike made $42 and spent $10 on mower blades. So, he has:\n\n$42 - $10 = $32\n\nNow, let's divide $32 by $8 (the cost of each game):\n\n$32 ÷ $8 = 4\n\nSo, Mike can buy 4 games with the money he had left."",
    response=4.0
)",True
"Example({'response': 3, 'question': ' Will had 59 pieces of clothing to wash. He put 32 of them in one load, but decided to split the rest into 9 equal loads. How many pieces of clothing could go in each of the small loads? '}) (input_keys={'question'})","Prediction(
    reasoning='To find out how many pieces of clothing could go in each small load, we need to divide the total number of clothes (59) by the number of loads (9).\n\n59 ÷ 9 = 6.55\n\nSo, Will can put approximately 6.55 pieces of clothing in each small load.',
    response=6.55
)",False
"Example({'response': 7, 'question': ' Oliver made 35 dollars mowing lawns over the summer. If he spent 7 dollars buying new mower blades, how many 4 dollar games could he buy with the money he had left? '}) (input_keys={'question'})","Prediction(
    reasoning='To find out how many 4-dollar games Oliver can buy, we need to divide the amount of money he has left by the cost of each game.\n\n35 (money left) ÷ 4 (cost per game) = 8.75\n\nSo, Oliver can buy 8 and a half 4-dollar games with the money he had left.',
    response=8.75
)",False
"Example({'response': 3, 'question': ' Emily was planting vegetables in her garden. She started with 42 seeds and planted 36 of them in the big garden and in each of her small gardens put 2 seeds each. How many small gardens did Emily have? '}) (input_keys={'question'})","Prediction(
    reasoning='To find out how many small gardens Emily had, we need to divide the total number of seeds she used (36) by the number of seeds per garden (2).',
    response=12.0
)",False
"Example({'response': 4, 'question': "" There are 17 students trying out for the school's trivia teams. If 5 of them didn't get picked for the team and the rest were put into 3 groups, how many students would be in each group? ""}) (input_keys={'question'})","Prediction(
    reasoning=""To find the number of students in each group, we need to subtract the number of students who weren't picked from the total number of students.\n\n17 (total students) - 5 (students not picked) = 12\n\nSo, there are 12 students in each group."",
    response=12.0
)",False
"Example({'response': 2, 'question': "" Katie's team won their dodgeball game and scored 12 points total. If Katie scored 4 of the points and everyone else scored 4 points each, how many players were on her team? ""}) (input_keys={'question'})","Prediction(
    reasoning=""To find out how many players were on Katie's team, we need to subtract the points scored by Katie from the total points.\n\nTotal points = 12\nPoints scored by Katie = 4\n\nNumber of players on Katie's team = Total points - Points scored by Katie\n= 12 - 4\n= 8"",
    response=8.0
)",False
"Example({'response': 4, 'question': "" Megan baked 71 cupcakes for her school's bake sale. If her brother, Todd, ate 43 of them how many packages could she make if she put 7 cupcake in each package? ""}) (input_keys={'question'})","Prediction(
    reasoning='To find out how many packages Megan can make, we need to divide the total number of cupcakes by the number of cupcakes per package.\n\n71 cupcakes / 7 cupcakes per package = 10.14\n\nSince you cannot make a fraction of a package, we round down to 10 packages.',
    response=10.0
)",False
"Example({'response': 2, 'question': ' Wendy uploaded 45 pictures to Facebook. She put 27 pics into one album and put the rest into 9 different albums. How many pictures were in each album? '}) (input_keys={'question'})","Prediction(
    reasoning='Wendy uploaded 45 pictures.',
    response=18.0
)",False
"Example({'response': 7, 'question': ' A store had 86 coloring books in stock. They ended up putting them on sale and getting rid of 37 of them. The put the ones they still had onto shelves with 7 on each shelf. How many shelves did they use? '}) (input_keys={'question'})","Prediction(
    
)",0.0
"Example({'response': 9, 'question': ' The cafeteria had 50 apples. For lunch they handed out 5 to students and decided to use the rest to make pies. If each pie takes 5 apples, how many pies could they make? '}) (input_keys={'question'})","Prediction(
    reasoning='To find out how many pies they can make, we need to divide the total number of apples by the number of apples per pie.\n\n50 (total apples) ÷ 5 (apples per pie) = 10\n\nSo, they can make 10 pies.',
    response=10.0
)",False
"Example({'response': 9, 'question': ' Nancy had 101 homework problems. She finished 47 of them but still had 6 pages of problems to do. If each page has the same number of problems on it, how many problems are on each page? '}) (input_keys={'question'})","Prediction(
    reasoning='The average number of problems per page can be found by dividing the total number of problems (initial + finished) by the number of pages left.',
    response=24.67
)",False
"Example({'response': 3, 'question': ' Paige had 27 files on her computer. She deleted 9 of them and put the rest into folders with 6 files in each one. How many folders did Paige end up with? '}) (input_keys={'question'})","Prediction(
    reasoning='To find out how many files were put into the extra folder, we need to multiply the number of deleted files by the number of files per folder:\n\n9 × 6 = 54\n\nSo Paige ended up with 4 full folders and 54 additional files.',
    response=4.5
)",False
"Example({'response': 6, 'question': ' For Halloween Bianca received 78 pieces of candy. She ate 30 pieces then placed the rest into piles with 8 in each pile. How many piles could she make? '}) (input_keys={'question'})","Prediction(
    
)",0.0
"Example({'response': 5, 'question': "" A company invited 45 people to a luncheon, but 35 of them didn't show up. If the tables they had held 2 people each, how many tables do they need? ""}) (input_keys={'question'})","Prediction(
    reasoning=""To find out how many tables are needed, we can divide the total number of guests (45) by the number of people per table (2).\n\n45 ÷ 2 = 22.5\n\nSince you can't have half a table, we round up to the nearest whole number."",
    response=22.5
)",False
"Example({'response': 8, 'question': ' Haley uploaded 65 pictures to Facebook. She put 17 pics into one album and put the rest into 6 different albums. How many pictures were in each album? '}) (input_keys={'question'})","Prediction(
    reasoning='Haley uploaded 65 pictures.',
    response=48.0
)",False
"Example({'response': 9, 'question': ' A pet store had 102 puppies. In one day they sold 21 of them and put the rest into cages with 9 in each cage. How many cages did they use? '}) (input_keys={'question'})","Prediction(
    
)",0.0
"Example({'response': 8, 'question': ' Roger had 120 pieces of clothing to wash. He put 48 of them in one load, but decided to split the rest into 9 equal loads. How many pieces of clothing could go in each of the small loads? '}) (input_keys={'question'})","Prediction(
    reasoning='To find out how many pieces of clothing could go in each small load, we need to divide the total number of clothes by the number of loads. \n\n120 / 9 = 13.33\n\nSo Roger can put approximately 13.33 pieces of clothing in each small load.',
    response=13.33
)",False
"Example({'response': 2, 'question': ' Wendy picked 45 flowers for her friend’s wedding. She was making bouquets with 5 flowers in each one. If 35 of the flowers wilted before the wedding, how many bouquets could she still make? '}) (input_keys={'question'})","Prediction(
    reasoning='To find out how many bouquets Wendy could still make, we need to divide the total number of flowers she picked (45) by the number of flowers per bouquet (5).\n\n45 ÷ 5 = 9\n\nSo, Wendy can make 9 bouquets with the remaining flowers.',
    response=9.0
)",False
"Example({'response': 6, 'question': "" Isabel baked 39 cupcakes for her school's bake sale. If her brother, Todd, ate 21 of them how many packages could she make if she put 3 cupcake in each package? ""}) (input_keys={'question'})","Prediction(
    reasoning='To find out how many packages Isabel can make, we need to divide the total number of cupcakes by the number of cupcakes per package.\n\n39 cupcakes / 3 cupcakes per package = 13\n\nSo, Isabel can make 13 packages with 3 cupcakes in each package.',
    response=13.0
)",False
"Example({'response': 7, 'question': ' Sarah had 55 homework problems. She finished 6 of them but still had 7 pages of problems to do. If each page has the same number of problems on it, how many problems are on each page? '}) (input_keys={'question'})","Prediction(
    reasoning='To find out how many problems are on each page, we need to divide the total number of problems by the number of pages Sarah still has to complete.',
    response=7.5
)",False
"Example({'response': 6, 'question': "" There are 58 students trying out for the school's trivia teams. If 10 of them didn't get picked for the team and the rest were put into 8 groups, how many students would be in each group? ""}) (input_keys={'question'})","Prediction(
    reasoning='To find the number of students in each group, we need to subtract the number of students not picked from the total number of students.\n\n58 (total students) - 10 (students not picked) = 48\n\nNow, divide the result by the number of groups:\n\n48 ÷ 8 = 6\n\nSo, there would be 6 students in each group.',
    response=6.0
)",True
"Example({'response': 5, 'question': ' Paige picked 53 flowers for her friend’s wedding. She was making bouquets with 7 flowers in each one. If 18 of the flowers wilted before the wedding, how many bouquets could she still make? '}) (input_keys={'question'})","Prediction(
    reasoning='To find out how many bouquets Paige can still make, we need to divide the total number of flowers by the number of flowers per bouquet.\n\n53 (total flowers) ÷ 7 (flowers per bouquet) = 7.57\n\nSince you cannot have a fraction of a bouquet, we round down to 7.',
    response=7.57
)",False
"Example({'response': 2, 'question': ' A waiter had 22 customers in his section. If 14 of them left and the rest of his tables had 4 people at each table, how many tables did he have? '}) (input_keys={'question'})","Prediction(
    reasoning='To find out how many tables the waiter had, we need to subtract the number of customers who left from the total number of customers.\n\nTotal customers = 22\nCustomers left = 14\n\nNumber of tables = Total customers - Customers left\n= 22 - 14\n= 8\n\nSo, the waiter had 8 tables.',
    response=8.0
)",False
"Example({'response': 5, 'question': ' Luke was selling his old games. He started out with 39 but sold 19 of them. He packed the rest up putting 4 games into each box. How many boxes did he have to use? '}) (input_keys={'question'})","Prediction(
    
)",0.0
"Example({'response': 3, 'question': "" Haley baked 20 cupcakes for her school's bake sale. If her brother, Todd, ate 11 of them how many packages could she make if she put 3 cupcake in each package? ""}) (input_keys={'question'})","Prediction(
    reasoning='To find out how many packages Haley can make, we need to divide the total number of cupcakes by the number of cupcakes per package.\n\n20 (total cupcakes) ÷ 3 (cupcakes per package) = 6.67\n\nSo, Haley can make approximately 6.67 packages with 3 cupcakes each.',
    response=6.67
)",False
"Example({'response': 3, 'question': ' A pet store had 13 puppies. In one day they sold 7 of them and put the rest into cages with 2 in each cage. How many cages did they use? '}) (input_keys={'question'})","Prediction(
    reasoning=""To find out how many cages were used, we need to divide the number of puppies by the number of puppies per cage.\n\nCages used = Total puppies / Puppies per cage\n= 13 / 2\n= 6.5\n\nSince you can't have a fraction of a cage, we round down to 6 cages."",
    response=6.0
)",False
"Example({'response': 3, 'question': ' A store had 27 coloring books in stock. They ended up putting them on sale and getting rid of 6 of them. The put the ones they still had onto shelves with 7 on each shelf. How many shelves did they use? '}) (input_keys={'question'})","Prediction(
    reasoning='To find out how many shelves were used, we need to divide the number of remaining books by the number of books per shelf.',
    response=3.9
)",False
"Example({'response': 9, 'question': ' Wendy had 82 files on her computer. She deleted 37 of them and put the rest into folders with 5 files in each one. How many folders did Wendy end up with? '}) (input_keys={'question'})","Prediction(
    reasoning=""To calculate the number of folders, we used division: 82 files / 5 files per folder = 16.4 folders. We rounded down to the nearest whole number because you can't have a fraction of a folder."",
    response=16.0
)",False
"Example({'response': 2, 'question': ' Kaleb had 12 dollars. If he spent 8 bucks on a new game, how many 2 dollar toys could he buy with the money he had left? '}) (input_keys={'question'})","Prediction(
    reasoning=""To find out how many 2-dollar toys Kaleb can buy, we need to divide the amount of money he has left by the cost of each toy.\n\nKaleb started with $12. He spent $8 on a new game. So, he has:\n\n$12 - $8 = $4\n\nNow, let's divide $4 by $2 (the cost of each toy):\n\n$4 ÷ $2 = 2\n\nTherefore, Kaleb can buy 2 toys."",
    response=2.0
)",True
"Example({'response': 3, 'question': ' Sarah was planting vegetables in her garden. She started with 21 seeds and planted 12 of them in the big garden and in each of her small gardens put 3 seeds each. How many small gardens did Sarah have? '}) (input_keys={'question'})","Prediction(
    
)",0.0
"Example({'response': 5, 'question': ' Nancy uploaded 51 pictures to Facebook. She put 11 pics into one album and put the rest into 8 different albums. How many pictures were in each album? '}) (input_keys={'question'})","Prediction(
    reasoning='To find the average, we can use the formula: (sum of all values) / (number of values)\n\nIn this case, the sum is 51 + 11 + 11 + 11 + 8 + 8 + 8 = 102\nThe number of values is 7\n\nSo the average is: 102 / 7 ≈ 14.57',
    response=6.375
)",False
"Example({'response': 2, 'question': "" A company invited 24 people to a luncheon, but 10 of them didn't show up. If the tables they had held 7 people each, how many tables do they need? ""}) (input_keys={'question'})","Prediction(
    reasoning=""To find out how many tables are needed, we can divide the total number of guests (24) by the number of people per table (7).\n\n24 ÷ 7 = 3.43\n\nSince you can't have a fraction of a table, we round up to the nearest whole number."",
    response=3.43
)",False
"Example({'response': 5, 'question': "" Bianca's team won their dodgeball game and scored 75 points total. If Bianca scored 45 of the points and everyone else scored 6 points each, how many players were on her team? ""}) (input_keys={'question'})","Prediction(
    reasoning=""To find out how many players were on Bianca's team, we need to subtract the points scored by Bianca from the total points scored.\n\nTotal points = 75\nPoints scored by Bianca = 45\n\nNumber of players = Total points - Points scored by Bianca\n= 75 - 45\n= 30\n\nSo, there were 30 players on Bianca's team."",
    response=30.0
)",False
"Example({'response': 3, 'question': ' For Halloween Emily received 54 pieces of candy. She ate 33 pieces then placed the rest into piles with 7 in each pile. How many piles could she make? '}) (input_keys={'question'})","Prediction(
    
)",0.0
"Example({'response': 7, 'question': ' Haley was planting vegetables in her garden. She started with 56 seeds and planted 35 of them in the big garden and in each of her small gardens put 3 seeds each. How many small gardens did Haley have? '}) (input_keys={'question'})","Prediction(
    reasoning=""To find the number of small gardens, we need to divide the total seeds used (56) by the number of seeds planted in each garden (3).\n\nNumber of small gardens = Total seeds / Seeds per garden\n= 56 / 3\n= 18.67\n\nSince you can't have a fraction of a garden, we round down to 18."",
    response=10.5
)",False
"Example({'response': 2, 'question': ' A store had 48 coloring books in stock. They ended up putting them on sale and getting rid of 38 of them. The put the ones they still had onto shelves with 5 on each shelf. How many shelves did they use? '}) (input_keys={'question'})","Prediction(
    reasoning='To find out how many shelves were used, we need to divide the number of remaining coloring books by the number of books per shelf.\n\nnumber_of_shelves = 48 / 5\nreasoning = number_of_shelves',
    response=0.96
)",False
"Example({'response': 4, 'question': ' Roger is at the library helping put away books. There are 14 book to put away total but a librarian takes 2 of them and leaves Roger with the rest. If he can fit 3 books on a shelf, how many shelves will he need? '}) (input_keys={'question'})","Prediction(
    reasoning='To find out how many shelves Roger needs, we divide the total number of books left by the number of books each shelf can hold.',
    response=4.0
)",True
"Example({'response': 8, 'question': ' A pet store had 56 puppies. In one day they sold 24 of them and put the rest into cages with 4 in each cage. How many cages did they use? '}) (input_keys={'question'})","Prediction(
    reasoning='To find out how many cages were used, we need to divide the total number of puppies by the number of puppies per cage.\n\nCages used = Total puppies / Puppies per cage\n= 56 / 4\n= 14',
    response=14.0
)",False
"Example({'response': 7, 'question': ' The cafeteria had 86 apples. For lunch they handed out 30 to students and decided to use the rest to make pies. If each pie takes 8 apples, how many pies could they make? '}) (input_keys={'question'})","Prediction(
    reasoning='To find out how many pies they can make, we need to divide the total number of apples by the number of apples per pie.\n\n86 (total apples) ÷ 8 (apples per pie) = 10.75\n\nSo, they can make approximately 10.75 pies.',
    response=10.75
)",False
"Example({'response': 4, 'question': ' Jerry had 60 pieces of clothing to wash. He put 40 of them in one load, but decided to split the rest into 5 equal loads. How many pieces of clothing could go in each of the small loads? '}) (input_keys={'question'})","Prediction(
    reasoning='To find out how many pieces of clothing could go in each small load, we need to divide the total number of clothes (60) by the number of loads (5).\n\n60 ÷ 5 = 12\n\nSo, Jerry can put 12 pieces of clothing in each small load.',
    response=12.0
)",False
"Example({'response': 9, 'question': ' Mike made 69 dollars mowing lawns over the summer. If he spent 24 dollars buying new mower blades, how many 5 dollar games could he buy with the money he had left? '}) (input_keys={'question'})","Prediction(
    reasoning=""To find out how many 5-dollar games Mike can buy, we need to divide the amount of money he has left by the cost of each game.\n\nMike made $69 and spent $24 on new mower blades. So, he has:\n\n$69 - $24 = $45\n\nNow, let's divide $45 by $5 (the cost of each game):\n\n$45 ÷ $5 = 9\n\nTherefore, Mike can buy 9 games with the money he had left."",
    response=9.0
)",True
"Example({'response': 7, 'question': ' Will made 104 dollars mowing lawns over the summer. If he spent 41 dollars buying new mower blades, how many 9 dollar games could he buy with the money he had left? '}) (input_keys={'question'})","Prediction(
    reasoning='To find out how many games Will can buy, we need to divide the amount of money he has left by the cost of each game.\n\n104 ÷ 9 = 11.5556\n\nSince you cannot buy a fraction of a game, we round down to the nearest whole number.',
    response=11.55
)",False
"Example({'response': 4, 'question': ' For Halloween Bianca received 32 pieces of candy. She ate 12 pieces then placed the rest into piles with 5 in each pile. How many piles could she make? '}) (input_keys={'question'})","Prediction(
    reasoning=""To find out how many piles Bianca could make, we need to divide the total number of candies by the number of candies per pile: 32 ÷ 5 = 6.4\n\nSince you can't have a fraction of a pile, we round down to 6 piles with 5 candies each."",
    response=6.0
)",False
"Example({'response': 9, 'question': ' Luke was selling his old games. He started out with 57 but sold 39 of them. He packed the rest up putting 2 games into each box. How many boxes did he have to use? '}) (input_keys={'question'})","Prediction(
    
)",0.0
"Example({'response': 9, 'question': ' A pet store had 88 puppies. In one day they sold 34 of them and put the rest into cages with 6 in each cage. How many cages did they use? '}) (input_keys={'question'})","Prediction(
    
)",0.0
"Example({'response': 9, 'question': ' Katie had 85 files on her computer. She deleted 40 of them and put the rest into folders with 5 files in each one. How many folders did Katie end up with? '}) (input_keys={'question'})","Prediction(
    reasoning='Katie had 85 files on her computer. She deleted 40 of them and put the rest into folders with 5 files in each one. To find out how many folders she ended up with, we divide the remaining files by the number of files per folder.',
    response=9.0
)",True
"Example({'response': 3, 'question': ' Roger had 68 dollars. If he spent 47 bucks on a new game, how many 7 dollar toys could he buy with the money he had left? '}) (input_keys={'question'})","Prediction(
    reasoning=""To find out how many 7-dollar toys Roger can buy, we need to divide the amount of money he has left by the cost of each toy.\n\nRoger started with $68.\nHe spent $47 on a new game.\n\nSo, the amount of money he has left is:\n$68 - $47 = $21\n\nNow, let's calculate how many 7-dollar toys he can buy:\n\nNumber of toys = Amount of money / Cost per toy\n= $21 / $7\n= 3\n\nTherefore, Roger can buy 3 toys."",
    response=3.0
)",True
"Example({'response': 3, 'question': "" Tom bought 40 tickets at the state fair. He spent 28 tickets at the 'dunk a clown' booth and decided to use the rest on rides. If each ride cost 4 tickets, how many rides could he go on? ""}) (input_keys={'question'})","Prediction(
    reasoning=""To find out how many rides Tom can go on, we need to subtract the number of tickets he spent at the 'dunk a clown' booth from the total number of tickets.\n\n40 (total tickets) - 28 (tickets spent at 'dunk a clown') = 12\n\nSo, Tom has 12 tickets left for rides."",
    response=12.0
)",False
"Example({'response': 7, 'question': ' The cafeteria had 75 apples. For lunch they handed out 19 to students and decided to use the rest to make pies. If each pie takes 8 apples, how many pies could they make? '}) (input_keys={'question'})","Prediction(
    reasoning='To find out how many pies they can make, we need to divide the total number of apples by the number of apples per pie.\n\n75 (total apples) ÷ 8 (apples per pie) = 9.375\n\nSo, they can make approximately 9.375 pies.',
    response=9.375
)",False
"Example({'response': 3, 'question': "" Sarah baked 38 cupcakes for her school's bake sale. If her brother, Todd, ate 14 of them how many packages could she make if she put 8 cupcake in each package? ""}) (input_keys={'question'})","Prediction(
    reasoning='To find out how many packages Sarah can make, we need to divide the total number of cupcakes by the number of cupcakes per package. \n\n38 / 8 = 4.75\n\nSince you cannot have a fraction of a package, we round down to 4 packages.',
    response=4.75
)",False
"Example({'response': 2, 'question': ' Nancy uploaded 41 pictures to Facebook. She put 37 pics into one album and put the rest into 2 different albums. How many pictures were in each album? '}) (input_keys={'question'})","Prediction(
    reasoning='Nancy uploaded a total of 41 pictures to Facebook. She put 37 pics into one album and put the rest into 2 different albums.',
    response=4.0
)",False
