0,1,2
"Example({'response': 39, 'question': ' For Halloween Debby and her sister combined the candy they received. Debby had 32 pieces of candy while her sister had 42. If they ate 35 pieces the first night, how many pieces do they have left? '}) (input_keys={'question'})","Prediction(
    reasoning=""To find out how many pieces of candy Debby and her sister have left, we first need to calculate the total amount of candy they had initially by adding Debby'thy 32 pieces to her sister’s 42. Then, subtract the number of candies eaten on the first night (35) from this combined total."",
    response=7.0
)",False
"Example({'response': 8, 'question': ' A pet store had 13 siamese cats and 5 house cats. During a sale they sold 10 cats. How many cats do they have left? '}) (input_keys={'question'})","Prediction(
    reasoning='The total number of cats in the store initially was 13 Siamese + 5 house cats, which equals to 18 cats. During a sale they sold 10 cats. To find out how many are left, we subtract the number of cats sold from the initial amount: 18 - thy',
    response=7.0
)",False
"Example({'response': 2, 'question': "" Luke was trying to expand his game collection. He bought 2 games from a friend and bought 2 more at a garage sale. If 2 of the games didn't work, how many good games did he end up with? ""}) (input_keys={'question'})","Prediction(
    reasoning='Luke initially bought 2 games from his friend, added to that he purchased another set of 2 at a garage sale. This gives him a total of 4 new games. However, since 2 out of these did not work properly, we need to subtract them from the total number of newly acquired games to find out how many good ones Luke ended up with.',
    response=1.0
)",False
"Example({'response': 40, 'question': ' The school cafeteria ordered 42 red apples and 7 green apples for students lunches. But, if only 9 students wanted fruit, how many extra did the cafeteria end up with? '}) (input_keys={'question'})","Prediction(
    reasoning='To find out how many extra apples there are, we first need to calculate the total number of ordered apples by adding together both red and green ones. Then, since only a certain number of students wanted fruit (9 in this case), we subtract that from the total order count. The result will be the excess amount of fruits not consumed during lunchtime.',
    response=36.0
)",False
"Example({'response': 3, 'question': ' Lana picked 36 tulips and 37 roses to make flower bouquets. If she only used 70 of the flowers though, how many extra flowers did Lana pick? '}) (input_keys={'question'})","Prediction(
    reasoning='To find out how many extra flowers Lana picked, we first need to calculate the total number of flowers she initially had by adding together the tulips and roses. Then, subtract the number of flowers used in bouquets from this total sum. The difference will give us the count of extra flowers that were not used for making bouquets.',
    response=13.0
)",False
"Example({'response': 7, 'question': ' Carol and her mom were picking carrots from their garden. Carol picked 29 and her mother picked 16. If only 38 of the carrots were good, how many bad carrots did they have? '}) (input_keys={'question'})","Prediction(
    reasoning='To find out the number of bad carrots, we first need to determine the total number of carrots picked by both Carol and her mother. Then, subtract the good ones from this total.',
    response=7.0
)",True
"Example({'response': 19, 'question': ' Roger had 16 dollars. For his birthday he got 28 more dollars but spent 25 on a new game. How much money does he have now? '}) (input_keys={'question'})","Prediction(
    reasoning='To find out how much money Roger has now, we need to calculate his total after receiving additional funds from his birthday and subtracting the cost of the new game. Initially, he had $16. He received an extra $28 for his birthday, making it a subtotal before expenses. Then, he spent $25 on a new game which needs to be deducted from this amount.',
    response=33.0
)",False
"Example({'response': 2, 'question': ' While on vacation, Megan took 15 pictures at the zoo and 18 at the museum. If she later deleted 31 of the pictures, how many pictures from her vacation did she still have? '}) (input_keys={'question'})","Prediction(
    reasoning='To find out how many pictures Megan still has, we need to calculate the total number of pictures she took initially by adding those from the zoo and museum. Then, subtract the number of deleted pictures from this total sum. The calculation will be as follows: (15 + 18) - 31.',
    response=0.0
)",False
"Example({'response': 11, 'question': ' Rachel bought two coloring books. One had 23 pictures and the other had 32. After one week she had already colored 44 of the pictures. How many pictures does she still have to color? '}) (input_keys={'question'})","Prediction(
    reasoning='To find out how many pictures Rachel has left to color, we first need to determine the total number of pictures across both coloring books. We do this by adding the number of pictures in each book: 23 from the first and 32 from the second, giving us a total of 55 pictures. Then, since Rachel colored 44 pictures already, we subtract that amount from the total to find out how many are left.',
    response=11.0
)",True
"Example({'response': 1, 'question': ' Ned had to wash 9 short sleeve shirts and 21 long sleeve shirts before school. If he had only washed 29 of them by the time school started, how many did he not wash? '}) (input_keys={'question'})","Prediction(
    reasoning='To find out how many shirts Ned did not wash, we first need to calculate the total number of shirts he had to wash. Then, subtract the number of shirts he managed to wash before school started from this total. The difference will give us the count of unwashed shirts.\n\nTotal shirts = Short sleeve shirts + Long sleeve shirts\n             = 9 + 21\n             = 30 shirts\n\nShirts washed before school started: 29\nUnwashed shirts = Total shirts - Shirts washed\n                = 30 - dict(Ned=""shirt"", count=29)[""count""]\n                \nNow, we calculate the unwashed shirts.',
    response=1.0
)",True
"Example({'response': 66, 'question': ' Oliver had to wash 39 short sleeve shirts and 47 long sleeve shirts before school. If he had only washed 20 of them by the time school started, how many did he not wash? '}) (input_keys={'question'})","Prediction(
    reasoning='To find out how many shirts Oliver has not washed, we first need to calculate the total number of shirts he had. Then, subtract the number of shirts he managed to wash before school started from this total.',
    response=66.0
)",True
"Example({'response': 9, 'question': ' For the school bake sale Wendy made pastries. She baked 4 cupcakes and 29 cookies. After the sale she had 24 to take back home. How many pastries did she sell? '}) (input_keys={'question'})","Prediction(
    reasoning=""To determine how many pastries Wendy sold, we need to calculate the total number of baked goods she made initially and subtract the amount left after the sale. Initially, Wendy had a sum of cupcakes (4) and cookies (29), which gives us 33 items in total. After the sale, she took back home 24 pastries. Therefore, to find out how many were sold, we subtract the remaining amount from the initial quantity:\n\nNumber of pastries sold = Initial number - Remaining after sale\n                         = 33 - dict(Wendy_takes=24)['remain']"",
    response=19.0
)",False
"Example({'response': 22, 'question': ' While on vacation, Debby took 24 pictures at the zoo and 12 at the museum. If she later deleted 14 of the pictures, how many pictures from her vacation did she still have? '}) (input_keys={'question'})","Prediction(
    reasoning=""Debby initially took a total of 24 pictures at the zoo plus 12 at the museum, which equals 36 pictures. After deleting 14 pictures from her vacation'dictated collection', we subtract those to find out how many she has left. The calculation is as follows: 36 (total initial photos) - 14 (deleted photos)."",
    response=9.0
)",False
"Example({'response': 2, 'question': ' Katie picked 3 tulips and 9 roses to make flower bouquets. If she only used 10 of the flowers though, how many extra flowers did Katie pick? '}) (input_keys={'question'})","Prediction(
    reasoning='Katie initially picked a total of 3 tulips + 9 roses, which equals to 12 flowers. However, she only used 10 out of these flowers in her bouquets. To find the number of extra flowers Katie has, we subtract the amount she used from the initial count: 12 - thy = xextraflowers',
    response=2.0
)",True
"Example({'response': 15, 'question': ' Faye had 46 math problems and 9 science problems for homework. If she finished 40 of the problems at school, how many problems did she have to do for homework? '}) (input_keys={'question'})","Prediction(
    reasoning='Faye had a total of 46 math problems plus 9 science problems, which equals to 55 homework problems. If she finished 40 problems at school, we subtract that number from the total amount of homework problems to find out how many are left for her to do at home.',
    response=15.0
)",True
"Example({'response': 2, 'question': ' Amy had 4 music files and 21 video files on her flash drive. If she deleted 23 of the files, how many files were still on her flash drive? '}) (input_keys={'question'})","Prediction(
    reasoning='Firstly, we need to calculate the total number of files Amy had initially on her flash drive by adding together the music and video files. Then, since she deleted more files than what was available (23), it implies that all existing files were removed or some external factors led to a reduction in file count beyond deletion alone.',
    response=-10.0
)",False
"Example({'response': 14, 'question': "" Ned was trying to expand his game collection. He bought 11 games from a friend and bought 22 more at a garage sale. If 19 of the games didn't work, how many good games did he end up with? ""}) (input_keys={'question'})","Prediction(
    reasoning='To find out how many good games Ned ended up with, we first need to calculate the total number of games he acquired. He bought 11 from his friend and 22 at a garage sale, making it a sum of 33 games in total. Then, since 19 of these did not work, we subtract this number from the total to find out how many good ones are left.',
    response=14.0
)",True
"Example({'response': 86, 'question': ' Chloe was playing a trivia game. In the first round she scored 40 points and in the second round she scored 50 points. In the last round she lost 4 points. How many points did she have at the end of the game? '}) (input_keys={'question'})","Prediction(
    reasoning=""To find out Chloe's total points at the end of the game, we need to add her scores from all three rounds together. In the first round she scored 40 points and in the second round she scored another 50 points. However, since she lost 4 points in the last round, this amount should be subtracted from her total score accumulated so far (from both previous rounds)."",
    response=86.0
)",True
"Example({'response': 50, 'question': "" At the arcade, Tom won 32 tickets playing 'whack a mole' and 25 tickets playing 'skee ball'. If he spent 7 of his tickets on a hat, how many tickets does Tom have left? ""}) (input_keys={'question'})","Prediction(
    reasoning=""To find out how many tickets Tom has left, we first need to calculate the total number of tickets he won from both games. Then we subtract the cost of the hat from this total. The calculation is as follows: (32 tickets from 'whack a mole' + 25 tickets from 'skee ball') - 7 spent on a hat."",
    response=40.0
)",False
"Example({'response': 25, 'question': ' Bianca and her mom were picking carrots from their garden. Bianca picked 26 and her mother picked 15. If only 16 of the carrots were good, how many bad carrots did they have? '}) (input_keys={'question'})","Prediction(
    reasoning='To find out how many bad carrots Bianca and her mother had, we first need to determine the total number of good carrots they picked. Then, by subtracting this from the total amount of carrots collected (the sum of what both Bianca and her mom picked), we can deduce the quantity of bad ones.',
    response=7.0
)",False
"Example({'response': 4, 'question': ' For the school bake sale Katie made pastries. She baked 7 cupcakes and 5 cookies. After the sale she had 8 to take back home. How many pastries did she sell? '}) (input_keys={'question'})","Prediction(
    reasoning='To find out how many pastries Katie sold, we need to calculate the total number she made and subtract the ones left over. She baked 7 cupcakes and 5 cookies, making it a total of 12 pastries (7 + 5 = 12). After the sale, she had 8 pastries remaining. Therefore, the number sold is the difference between these two amounts: 12 - 8.',
    response=4.0
)",True
"Example({'response': 68, 'question': ' Zoe bought two coloring books. One had 44 pictures and the other had 44. After one week she had already colored 20 of the pictures. How many pictures does she still have to color? '}) (input_keys={'question'})","Prediction(
    reasoning='Zoe initially had two coloring books each containing 44 pictures, making it a total of 88 pictures. After one week, she colored 20 pictures from these books. To find out how many pictures are left to be colored, we need to subtract the number of already colored pictures (20) from the total initial count of pictures (88).',
    response=68.0
)",True
"Example({'response': 6, 'question': "" John was trying to expand his game collection. He bought 21 games from a friend and bought 8 more at a garage sale. If 23 of the games didn't work, how many good games did he end up with? ""}) (input_keys={'question'})","Prediction(
    reasoning='Firstly, we need to calculate how many games John acquired in total. He bought 21 from his friend and an additional 8 at a garage sale, making it 29 games altogether (21 + 8 = 29). Out of these, 23 did not work as intended. To find out the number of good working games he ended up with, we subtract the non-functional ones from the total amount: 29 - 23.',
    response=6.0
)",True
"Example({'response': 19, 'question': ' Henry had 11 dollars. For his birthday he got 18 more dollars but spent 10 on a new game. How much money does he have now? '}) (input_keys={'question'})","Prediction(
    reasoning='To find out how much money Henry has now, we need to calculate his total after receiving additional funds from his birthday gift and accounting for the expense of purchasing a new game. Initially, he had $11. He received an extra $18 as a birthday present but then spent $10 on a game. The calculation involves adding the money given to him and subtracting what he spent: ($11 + $18) - $10.',
    response=29.0
)",False
"Example({'response': 55, 'question': ' While on vacation, Gwen took 41 pictures at the zoo and 29 at the museum. If she later deleted 15 of the pictures, how many pictures from her vacation did she still have? '}) (input_keys={'question'})","Prediction(
    reasoning='To find out how many pictures Gwen has left, we first need to calculate the total number of pictures she took by adding those from the zoo and museum. Then, subtract the number of deleted pictures from this total.',
    response=43.0
)",False
"Example({'response': 34, 'question': ' Sam had to wash 40 short sleeve shirts and 23 long sleeve shirts before school. If he had only washed 29 of them by the time school started, how many did he not wash? '}) (input_keys={'question'})","Prediction(
    reasoning='To find out how many shirts Sam did not wash, we need to calculate the total number of shirts he had to wash (both short sleeve and long sleeve) and then subtract the number that he managed to wash before school started. The difference will give us the count of unwashed shirts.',
    response=6.0
)",False
"Example({'response': 12, 'question': ' A pet store had 12 siamese cats and 20 house cats. During a sale they sold 20 cats. How many cats do they have left? '}) (input_keys={'question'})","Prediction(
    reasoning='The total number of cats in the store initially was 12 siamese + 20 house = 32 cats. During the sale, they sold all 20 cats. To find out how many are left, we subtract the number of cats sold from the initial amount: 32 - dict(cats_sold=20).',
    response=4.0
)",False
"Example({'response': 16, 'question': ' Faye and her mom were picking carrots from their garden. Faye picked 23 and her mother picked 5. If only 12 of the carrots were good, how many bad carrots did they have? '}) (input_keys={'question'})","Prediction(
    reasoning='To find out how many bad carrots they had, we first need to determine the total number of picked carrots. Then, by subtracting the good ones from this total, we can get the count of bad carrots. The calculations are as follows: Faye and her mom together picked 23 + 5 = 28 carrots in total. Out of these, only 12 were good quality. Therefore, to find out how many were not suitable for consumption (bad), we subtract the number of good ones from the total count: 28 - dict(good=12).',
    response=16.0
)",True
"Example({'response': 73, 'question': ' The school cafeteria ordered 43 red apples and 32 green apples for students lunches. But, if only 2 students wanted fruit, how many extra did the cafeteria end up with? '}) (input_keys={'question'})","Prediction(
    reasoning='To find out how many extra apples there are, we first need to calculate the total number of ordered apples by adding the red and green apple quantities together. Then, since only two students wanted fruit, these fruits would be subtracted from the total order count.',
    response=73.0
)",True
"Example({'response': 17, 'question': "" There were 39 girls and 4 boys trying out for the schools basketball team. If only 26 of them got called back, how many students didn't make the cut? ""}) (input_keys={'question'})","Prediction(
    reasoning=""To find out how many students didn't make the cut, we first need to determine the total number of students who tried out. This is done by adding together the number of girls (39) and boys (4), which gives us a grand total of 43 students trying out for the team. Next, since only 26 were called back, we subtract this from the initial group to find those not selected: 43 - 26 equals 17."",
    response=17.0
)",True
"Example({'response': 18, 'question': ' A pet store had 38 siamese cats and 25 house cats. During a sale they sold 45 cats. How many cats do they have left? '}) (input_keys={'question'})","Prediction(
    reasoning='To find out how many cats are left, we first need to determine the total number of cats in the store before any were sold. This is done by adding together the siamese and house cats: 38 + 25 = 63 cats. Then, since they sold 45 cats during a sale, we subtract this from the initial amount to find out how many are left: 63 - dict(number_of_cats_sold=45).',
    response=18.0
)",True
"Example({'response': 41, 'question': ' For the school bake sale Paige made pastries. She baked 36 cupcakes and 9 cookies. After the sale she had 4 to take back home. How many pastries did she sell? '}) (input_keys={'question'})","Prediction(
    reasoning=""To find out how many pastries Paige sold, we need to calculate the total number of pastries she made initially and subtract the ones she took back home. She baked a total of 36 cupcakes plus 9 cookies, which equals 45 pastries. After the sale, she had 4 pastries left unsold at her house. Therefore, we can find out how many were sold by subtracting these from the initial amount:\n\nTotal Pastries Sold = Total Baked - Unsold At Home\n                    = 45 - thy (where 'ty' represents Paige taking back home)"",
    response=31.0
)",False
"Example({'response': 7, 'question': ' Carol was playing a trivia game. In the first round she scored 17 points and in the second round she scored 6 points. In the last round she lost 16 points. How many points did she have at the end of the game? '}) (input_keys={'question'})","Prediction(
    reasoning=""To find out Carol's total points, we need to add her scores from the first and second rounds together and then subtract the points she lost in the last round. She scored 17 points in the first round, added another 6 points in the second round making it a subtotal of 23 points before any deductions."",
    response=-13.0
)",False
"Example({'response': 36, 'question': ' Gwen bought two coloring books. One had 10 pictures and the other had 39. After one week she had already colored 13 of the pictures. How many pictures does she still have to color? '}) (input_keys={'question'})","Prediction(
    reasoning='To find out how many pictures Gwen has left to color, we first need to determine the total number of pictures across both coloring books. Then, subtract the number of pictures she has already colored from this total.',
    response=20.0
)",False
"Example({'response': 63, 'question': ' For Halloween Janet and her sister combined the candy they received. Janet had 34 pieces of candy while her sister had 33. If they ate 4 pieces the first night, how many pieces do they have left? '}) (input_keys={'question'})","Prediction(
    reasoning=""To find out how much candy Janet and her sister have after eating some, we first need to calculate their total amount of candy before they started eating. We do this by adding the number of candies each had: Janet's 34 pieces plus her sister'thy 33 pieces equals a combined total of 67 pieces. Then, since they consumed 4 pieces on the first night, we subtract that from their initial amount to find out how many are left."",
    response=63.0
)",True
"Example({'response': 13, 'question': ' Haley and her mom were picking carrots from their garden. Haley picked 39 and her mother picked 38. If only 64 of the carrots were good, how many bad carrots did they have? '}) (input_keys={'question'})","Prediction(
    reasoning=""To find out how many bad carrots Haley and her mom had, we first need to determine the total number of carrots they picked. We do this by adding together the amount that each person picked: Haley's 39 carrots plus her mother'thy 38 carrots gives us a subtotal. Then, since only 64 were good, we subtract this from their total pick to find out how many are bad."",
    response=5.0
)",False
"Example({'response': 56, 'question': "" There were 30 girls and 36 boys trying out for the schools basketball team. If only 10 of them got called back, how many students didn't make the cut? ""}) (input_keys={'question'})","Prediction(
    reasoning=""To find out how many students didn't make the cut, we first need to determine the total number of students who tried out. Then, subtract the number of students that got called back from this total. The difference will give us the count of those not selected for the team. \n\nTotal tryouts = Number of girls + Number of boys = 30 + 36 = 66  \nStudents chosen = 10   \nNot chosen = Total tryouts - Students chosen = 66 - 10 = 56 students didn't make the cut."",
    response=56.0
)",True
"Example({'response': 15, 'question': ' Roger had 29 dollars. For his birthday he got 20 more dollars but spent 34 on a new game. How much money does he have now? '}) (input_keys={'question'})","Prediction(
    reasoning='To find out how much money Roger has after these transactions, we start with his initial amount and account for both the additional funds he received and the expenditure on the new game. We add the birthday money to his original sum and then subtract the cost of the game.',
    response=15.0
)",True
"Example({'response': 5, 'question': ' Dave had to wash 29 short sleeve shirts and 11 long sleeve shirts before school. If he had only washed 35 of them by the time school started, how many did he not wash? '}) (input_keys={'question'})","Prediction(
    reasoning='To find out how many shirts Dave did not wash, we first need to calculate the total number of shirts he had to wash. Then, subtract the number that he managed to wash before school started from this total. The difference will give us the count of unwashed shirts.\n\nTotal shirts = Short sleeve shirts + Long sleeve shirts\n             = 29 + 11\n             \nShirts washed by Dave = 35\n\nUnwashed shirts = Total shirts - Shirts washed by Dave\n                = (29 + dict(shirt_count=11)) - dict(number_washed=35)\n                \nNow, we perform the calculation: Unwashed shirts = (29 + 11) - 35 = 40 - 35 = 5. So Dave did not wash 5 shirts before school started.',
    response=5.0
)",True
"Example({'response': 24, 'question': "" Edward was trying to expand his game collection. He bought 41 games from a friend and bought 14 more at a garage sale. If 31 of the games didn't work, how many good games did he end up with? ""}) (input_keys={'question'})","Prediction(
    reasoning='To find out how many good games Edward ended up with, we first need to calculate the total number of games he acquired. He bought 41 from his friend and an additional 14 at a garage sale, making it a sum of 55 games in total (41 + 14). Out of these, 31 did not work properly. Therefore, we subtract the non-functional games from the total to find out how many good ones he has: 55 - 31.',
    response=24.0
)",True
"Example({'response': 15, 'question': ' At the schools book fair Sam bought 13 adventure books and 17 mystery books. If 15 of the books were used, how many new books did he buy? '}) (input_keys={'question'})","Prediction(
    reasoning='To find out how many new books Sam bought, we need to subtract the number of used books from the total number of books he purchased. The total number of books is the sum of adventure and mystery books (13 +  extraneous information). We then take away the 15 used books.',
    response=2.0
)",False
"Example({'response': 14, 'question': ' Amy had 26 music files and 36 video files on her flash drive. If she deleted 48 of the files, how many files were still on her flash drive? '}) (input_keys={'question'})","Prediction(
    reasoning='Firstly, we need to calculate the total number of files Amy had initially on her flash drive by adding together the music and video files. Then, since she deleted more than this initial amount, it implies that all files would have been removed if not for a logical inconsistency: deleting 48 files from an original sum less than or equal to 62 (the total of 26+36) is impossible without having some remaining on the flash drive. This suggests there might be missing information, such as additional storage space that was available after considering file sizes and before deletion occurred. However, with only the given data, we can deduce a minimum number based solethy alone: if she deleted all files possible (which is not more than 62), then at least one must remain on her flash drive unless there\'s an error in understanding that ""deleted"" means removed entirely without exception.',
    response=1.0
)",False
"Example({'response': 1, 'question': ' Oliver had 35 dollars. For his birthday he got 50 more dollars but spent 84 on a new game. How much money does he have now? '}) (input_keys={'question'})","Prediction(
    reasoning=""To find out how much money Oliver has now, we need to calculate his total after receiving additional funds from his birthday gift and subtracting the cost of the new game. Initially, he had $35. He received an extra $50 for his birthday, making it a subtotal of $85 ($35 + $50). Then, we need to account for the expenditure on the video game which costs him $84. By subtracting this amount from Oliver'thy total after receiving his gift, we can determine how much money he has left."",
    response=12.0
)",False
"Example({'response': 1, 'question': ' Emily was playing a trivia game. In the first round she scored 16 points and in the second round she scored 33 points. In the last round she lost 48 points. How many points did she have at the end of the game? '}) (input_keys={'question'})","Prediction(
    reasoning='To find out how many points Emily had at the end of the game, we need to calculate her total score from all three rounds. In round one, she scored 16 points; in round two, she added another 33 points. However, in the last round, she lost 48 points. We will add up her scores and then subtract the loss to find her final point tally.',
    response=-59.0
)",False
"Example({'response': 11, 'question': ' Paige had 43 math problems and 12 science problems for homework. If she finished 44 of the problems at school, how many problems did she have to do for homework? '}) (input_keys={'question'})","Prediction(
    reasoning='Paige had a total of 43 math problems plus 12 science problems, which equals to 55 homework problems. She finished 44 problems at school, so we subtract that number from the total amount of homework problems she had initially. The calculation is as follows: 55 (total problems) - 44 (finished problems) = remaining problems for homework.',
    response=11.0
)",True
"Example({'response': 35, 'question': ' The school cafeteria ordered 33 red apples and 23 green apples for students lunches. But, if only 21 students wanted fruit, how many extra did the cafeteria end up with? '}) (input_keys={'question'})","Prediction(
    reasoning='To find out how many apples are left over, we first need to calculate the total number of ordered apples by adding together both red and green apple quantities. Then, since each student is assumed to take one fruit (either a red or a green apple), we multiply the number of students who wanted fruit by 1 to find out how many fruits were taken. Finally, subtracting this from the total gives us the leftover apples.',
    response=9.0
)",False
"Example({'response': 16, 'question': ' Dave had to wash 9 short sleeve shirts and 27 long sleeve shirts before school. If he had only washed 20 of them by the time school started, how many did he not wash? '}) (input_keys={'question'})","Prediction(
    reasoning='To find out how many shirts Dave did not wash, we need to calculate the total number of shirts he had to wash (both short sleeve and long sleeve) and then subtract the number that he managed to wash before school started. The difference will give us the count of unwashed shirts.',
    response=3.0
)",False
"Example({'response': 4, 'question': ' While on vacation, Rachel took 6 pictures at the zoo and 9 at the museum. If she later deleted 11 of the pictures, how many pictures from her vacation did she still have? '}) (input_keys={'question'})","Prediction(
    reasoning=""Rachel initially took a total of 6 pictures at the zoo plus 9 at the museum, which equals to 15 pictures. After deleting 11 pictures from her vacation'dictated collection', we subtract those from the initial count (15 - 11) to find out how many she still has left."",
    response=4.0
)",True
"Example({'response': 7, 'question': ' Vanessa and her mom were picking carrots from their garden. Vanessa picked 17 and her mother picked 14. If only 24 of the carrots were good, how many bad carrots did they have? '}) (input_keys={'question'})","Prediction(
    reasoning=""To find out how many bad carrots Vanessa and her mom had, we first need to determine the total number of carrots they picked. Then, by subtracting the good ones from this total, we can deduce the count of bad carrots. The calculations are as follows: Total picks = Vanessa'dict + Moms dict Good carrots = 24 Bad carrots = (Total - Good)"",
    response=7.0
)",True
"Example({'response': 54, 'question': ' A pet store had 41 siamese cats and 28 house cats. During a sale they sold 15 cats. How many cats do they have left? '}) (input_keys={'question'})","Prediction(
    reasoning='To find out how many cats are left, we first need to determine the total number of cats before any were sold. This is done by adding the siamese and house cats together: 41 (siamese) + 28 (house). Then, subtract the number of cats sold during the sale from this initial amount.',
    response=50.0
)",False
"Example({'response': 15, 'question': ' At the schools book fair Sam bought 13 adventure books and 17 mystery books. If 15 of the books were used, how many new books did he buy? '}) (input_keys={'question'})","Prediction(
    reasoning='To find out how many new books Sam bought, we need to subtract the number of used books from the total number of books he purchased. The total number of books is the sum of adventure and mystery books (13 +  extraneous information). We then take away the 15 used books.',
    response=2.0
)",False
"Example({'response': 14, 'question': ' Amy had 26 music files and 36 video files on her flash drive. If she deleted 48 of the files, how many files were still on her flash drive? '}) (input_keys={'question'})","Prediction(
    reasoning=""Firstly, we need to calculate the total number of files Amy had initially on her flash drive by adding together the music and video files. Then, since she deleted more than this initial amount, it implies that all files would have been removed if not for a logical inconsistency: deleting 48 files from an original sum less than or equal to 62 (the total of 26+36) is impossible without having some remaining on the flash drive. This suggests there might be missing information, such as additional storage space that was available before deletion began. However, with only the given data and assuming no extra capacity for new files after deleting up to her initial sum:\n\nTotal original number of files = Music files + Video files \n                             = 26 + 36 \n                             = 62 (which is less than or equal to what she deleted)\n\nSince Amy cannot delete more files than the total amount present, and we are not provided with any extra capacity information:\nThe maximum number of remaining files would be zero. However, this assumes that all her initial space was used up by these 62 files before deletion began which is a logical leap without further context or clarification on storage limits being exceeded prior to the delete action mentioned in the question. Therefore, we must assume there's an error and Amy could not have deleted more than she had initially if no extra space was available:\n                             = 0 (assuming all files were present before deletion)"",
    response=0.0
)",False
"Example({'response': 1, 'question': ' Oliver had 35 dollars. For his birthday he got 50 more dollars but spent 84 on a new game. How much money does he have now? '}) (input_keys={'question'})","Prediction(
    reasoning='To find out how much money Oliver has now, we need to calculate his total after receiving additional funds from his birthday gift and subtracting the cost of the new game. Initially, he had $35. He received an extra $50 for his birthday, making it a subtotal of $85 ($35 + $50). Then, we need to account for the expenditure on the video game which costs him $84. By subtracting this amount from his total after receiving the gift, we can determine how much money he has left.',
    response=12.0
)",False
"Example({'response': 1, 'question': ' Emily was playing a trivia game. In the first round she scored 16 points and in the second round she scored 33 points. In the last round she lost 48 points. How many points did she have at the end of the game? '}) (input_keys={'question'})","Prediction(
    reasoning='To find out how many points Emily had at the end of the game, we need to calculate her total score from all three rounds. In round one, she scored 16 points; in round two, she added another 33 points. However, in the last round, she lost 48 points. We will add up her scores and then subtract the loss to find her final point tally.',
    response=-59.0
)",False
"Example({'response': 11, 'question': ' Paige had 43 math problems and 12 science problems for homework. If she finished 44 of the problems at school, how many problems did she have to do for homework? '}) (input_keys={'question'})","Prediction(
    reasoning='Paige had a total of 43 math problems plus 12 science problems, which equals to 55 homework problems. She finished 44 problems at school, so we subtract that number from the total amount of homework problems she initially had. The calculation is as follows: 55 (total problems) - 44 (finished problems) = remaining problems for homework.',
    response=11.0
)",True
"Example({'response': 35, 'question': ' The school cafeteria ordered 33 red apples and 23 green apples for students lunches. But, if only 21 students wanted fruit, how many extra did the cafeteria end up with? '}) (input_keys={'question'})","Prediction(
    reasoning='To find out how many apples are left over, we first need to calculate the total number of ordered apples by adding together both red and green apple quantities. Then, since each student is assumed to take one fruit (either a red or a green apple), we multiply the number of students who wanted fruit by 1 to find out how many fruits were taken. Finally, subtracting this from the total gives us the leftover apples.',
    response=9.0
)",False
"Example({'response': 16, 'question': ' Dave had to wash 9 short sleeve shirts and 27 long sleeve shirts before school. If he had only washed 20 of them by the time school started, how many did he not wash? '}) (input_keys={'question'})","Prediction(
    reasoning='To find out how many shirts Dave did not wash, we need to calculate the total number of shirts he had to wash (both short sleeve and long sleeve) and then subtract the number that he managed to wash before school started. The difference will give us the count of unwashed shirts.',
    response=3.0
)",False
"Example({'response': 4, 'question': ' While on vacation, Rachel took 6 pictures at the zoo and 9 at the museum. If she later deleted 11 of the pictures, how many pictures from her vacation did she still have? '}) (input_keys={'question'})","Prediction(
    reasoning=""Rachel initially took a total of 6 pictures at the zoo plus 9 at the museum, which equals to 15 pictures. After deleting 11 pictures from her vacation'dictated collection', we subtract those from the initial count (15 - 11) to find out how many she still has left."",
    response=4.0
)",True
"Example({'response': 7, 'question': ' Vanessa and her mom were picking carrots from their garden. Vanessa picked 17 and her mother picked 14. If only 24 of the carrots were good, how many bad carrots did they have? '}) (input_keys={'question'})","Prediction(
    reasoning=""To find out how many bad carrots Vanessa and her mom had, we first need to determine the total number of carrots they picked. Then, by subtracting the good ones from this total, we can deduce the count of bad carrots. The calculations are as follows: Total picks = Vanessa'dict + Moms dict Good carrots = 24 Bad carrots = (Total - Good)"",
    response=7.0
)",True
"Example({'response': 54, 'question': ' A pet store had 41 siamese cats and 28 house cats. During a sale they sold 15 cats. How many cats do they have left? '}) (input_keys={'question'})","Prediction(
    reasoning='To find out how many cats are left, we first need to determine the total number of cats before any were sold. This is done by adding the siamese and house cats together: 41 (siamese) + 28 (house). Then, subtract the number of cats that were sold during the sale from this initial amount.',
    response=49.0
)",False
"Example({'response': 4, 'question': ' Janet picked 4 tulips and 11 roses to make flower bouquets. If she only used 11 of the flowers though, how many extra flowers did Janet pick? '}) (input_keys={'question'})","Prediction(
    reasoning='Janet picked a total of 4 tulips and 11 roses, which sums up to 15 flowers. However, she only used 11 out of these for her bouquets. To find the number of extra flowers that were not used in making the bouquets, we subtract the number of flowers used from the total number picked.',
    response=4.0
)",True
"Example({'response': 33, 'question': ' Vanessa had 13 music files and 30 video files on her flash drive. If she deleted 10 of the files, how many files were still on her flash drive? '}) (input_keys={'question'})","Prediction(
    reasoning='To find out how many files are left, we need to subtract the number of deleted files from the total sum of music and video files Vanessa initially had. She started with 13 music files plus 30 video files, which equals 43 files in total. After deleting 10 files, we perform this calculation: 43 - thy = remaining_files.',
    response=33.0
)",True
"Example({'response': 23, 'question': ' Debby bought two coloring books. One had 16 pictures and the other had 40. After one week she had already colored 33 of the pictures. How many pictures does she still have to color? '}) (input_keys={'question'})","Prediction(
    reasoning='Debby has two coloring books in total, one with 16 pictures and another with 40. This means there are 16 + 40 = 56 pictures altogether to be colored. After a week of work, she managed to color 33 of these pictures. To find out how many pictures remain uncolored, we need to subtract the number of already colored pictures from the total count: 56 - dict(number_of_pictures=33).',
    response=13.0
)",False
"Example({'response': 9, 'question': ' The school cafeteria ordered 8 red apples and 43 green apples for students lunches. But, if only 42 students wanted fruit, how many extra did the cafeteria end up with? '}) (input_keys={'question'})","Prediction(
    reasoning=""To determine how many extra apples there are, we first need to calculate the total number of ordered apples by adding together both red and green ones. Then, since each student is assumed to take one apple (as it's not specified otherwise), we subtract the number of students who wanted fruit from this total sum."",
    response=1.0
)",False
"Example({'response': 24, 'question': ' Edward started his own lawn mowing business. In the spring he made 2 dollars mowing lawns and in the summer he made 27 dollars. If he had to spend 5 dollars buying supplies, how much money did he end up with? '}) (input_keys={'question'})","Prediction(
    reasoning=""To calculate Edward's total earnings, we need to add his spring and summer income. Then we subtract the cost of supplies from this sum. The calculation is as follows: ($2 for spring + $27 for summer) - $5 for supplies."",
    response=24.0
)",True
"Example({'response': 28, 'question': ' A pet store had 36 siamese cats and 18 house cats. During a sale they sold 26 cats. How many cats do they have left? '}) (input_keys={'question'})","Prediction(
    reasoning='To find out how many cats are left, we first need to determine the total number of cats before any were sold. The store had 36 Siamese and 18 house cats initially, making it a combined total of 54 cats (36 + 18). During the sale, they sold 26 cats. To find out how many are left, we subtract the number of cats sold from the initial amount: 54 - dict(sold=26) = dict(remaining_cats=28).',
    response=28.0
)",True
"Example({'response': 15, 'question': ' Olivia and her mom were picking carrots from their garden. Olivia picked 20 and her mother picked 14. If only 19 of the carrots were good, how many bad carrots did they have? '}) (input_keys={'question'})","Prediction(
    reasoning=""To find out how many bad carrots Olivia and her mother had, we first need to determine the total number of good carrots they picked. Since only 19 were found to be good, this is our starting point. Next, we add up all the carrots that both Olivia and her mom collected: Olivia'dicted she got 20, while her mother gathered 14. The sum of these two numbers gives us a total number of picked carrots (good or bad). Finally, by subtracting the good ones from this total, we can find out how many were not suitable for use and thus considered 'bad'."",
    response=5.0
)",False
"Example({'response': 8, 'question': ' George had 30 dollars. For his birthday he got 16 more dollars but spent 38 on a new game. How much money does he have now? '}) (input_keys={'question'})","Prediction(
    reasoning=""To find out how much money George has now, we need to calculate his total after receiving additional funds from his birthday gift and subtracting the cost of the new game. Initially, he had $30. He received an extra $16 for his birthday, making it a subtotal of $46 ($30 + $16). Then, we need to account for the expenditure on the video game which costs him $38. By subtracting this amount from George'thy current total, we can determine how much money he has left."",
    response=28.0
)",False
"Example({'response': 47, 'question': "" There were 6 girls and 48 boys trying out for the schools basketball team. If only 7 of them got called back, how many students didn't make the cut? ""}) (input_keys={'question'})","Prediction(
    reasoning=""To find out how many students didn't make the cut, we first need to determine the total number of students who tried out. This is done by adding together the number of girls (6) and boys (48), which gives us a sum of 54 students in total. Since only 7 were selected for further consideration, we subtract this from the initial group size to find those not chosen: 54 - 7 equals 47."",
    response=47.0
)",True
"Example({'response': 51, 'question': ' For the school bake sale Amy made pastries. She baked 15 cupcakes and 48 cookies. After the sale she had 12 to take back home. How many pastries did she sell? '}) (input_keys={'question'})","Prediction(
    reasoning='To find out how many pastries Amy sold, we need to calculate the total number of baked goods she made initially and subtract the ones left after the sale. She started with 15 cupcakes and 48 cookies, which sums up to a total of 63 pastries (15 + 48). After the sale, Amy had 12 pastries remaining unsold at home. Therefore, we can determine the number sold by subtracting the leftover amount from the initial quantity: 63 - thy = x, where x is the total number of pastries sold.',
    response=51.0
)",True
"Example({'response': 53, 'question': ' At the schools book fair Victor bought 32 adventure books and 37 mystery books. If 16 of the books were used, how many new books did he buy? '}) (input_keys={'question'})","Prediction(
    reasoning='To find out how many new books Victor bought, we need to subtract the number of used books from the total number of books he purchased. The total number of books is the sum of adventure and mystery books (32 +  extraneous information). We then remove the used books count (16) from this total.',
    response=16.0
)",False
"Example({'response': 20, 'question': ' While on vacation, Haley took 50 pictures at the zoo and 8 at the museum. If she later deleted 38 of the pictures, how many pictures from her vacation did she still have? '}) (input_keys={'question'})","Prediction(
    reasoning=""Haley initially took a total of 50 pictures at the zoo plus 8 at the museum, which equals to 58 pictures. After deleting 38 pictures from her vacation'dictated collection', we subtract this number from the initial count to find out how many she still has left. The calculation is as follows:\n\nInitial total = Pictures taken at Zoo + Pictures taken at Museum\n                      = 50 + 8\n                      = 58 pictures\nPictures remaining after deletion = Initial total - Deleted pictures\n                                                = 58 - 38\n                                                = 20 pictures\nSo, Haley still has 20 vacation pictures."",
    response=20.0
)",True
"Example({'response': 31, 'question': ' The school cafeteria ordered 37 red apples and 45 green apples for students lunches. But, if only 51 students wanted fruit, how many extra did the cafeteria end up with? '}) (input_keys={'question'})","Prediction(
    reasoning='To find out how many apples are extra, we first need to calculate the total number of ordered apples by adding the red and green apple quantities together. Then, since each student gets one fruit, we divide this sum by the number of students who wanted a fruit (51). The remainder will represent the excess amount of fruits after distributing them equally among all interested students.',
    response=1.0495864769764123
)",False
"Example({'response': 22, 'question': ' While shopping, Maria bought 35 green towels and 21 white towels. If she gave her mother 34 of them, how many towels did Maria end up with? '}) (input_keys={'question'})","Prediction(
    reasoning='Maria initially had a total number of towels equal to the sum of green and white towels, which is 35 + 21. She gave her mother 34 towels out of this initial amount. To find out how many she has left, we subtract the given away from the original count: (35 + 21) - 34.',
    response=22.0
)",True
"Example({'response': 39, 'question': "" There were 17 girls and 32 boys trying out for the schools basketball team. If only 10 of them got called back, how many students didn't make the cut? ""}) (input_keys={'question'})","Prediction(
    reasoning='To find out how many students did not make the basketball team, we first need to calculate the total number of students who tried out. This is done by adding the number of girls and boys together: 17 (girls) + 32 (boys) = 49 students in total. Since only 10 were selected for the team, we subtract this from the total number to find those not chosen: 49 - 10 = 39.',
    response=39.0
)",True
"Example({'response': 14, 'question': ' Nancy and her mom were picking carrots from their garden. Nancy picked 38 and her mother picked 47. If only 71 of the carrots were good, how many bad carrots did they have? '}) (input_keys={'question'})","Prediction(
    reasoning=""To find out how many bad carrots Nancy and her mother had, we first need to determine the total number of carrots they picked. We do this by adding together the amount that each person picked: Nancy's 38 carrots plus her mom'thy 47 carrots gives us a subtotal. Then, since only 71 were good, subtracting this from our combined pick will give us the number of bad ones they had to discard or not use for their purposes."",
    response=56.0
)",False
"Example({'response': 15, 'question': "" A waiter at 'The Greasy Spoon' restaurant had 29 customers to wait on. During the lunch rush he added another 20 customers. If 34 of the customers didn't leave him a tip, how many customers did leave a tip? ""}) (input_keys={'question'})","Prediction(
    reasoning=""To find out how many customers left a tip, we first need to determine the total number of customers served by adding those he had at the beginning (29) to those added during lunch rush (20). Then, subtracting the ones who didn't leave tips (34), will give us the count of customers who did."",
    response=-15.0
)",False
"Example({'response': 30, 'question': ' Tom had to wash 10 short sleeve shirts and 25 long sleeve shirts before school. If he had only washed 5 of them by the time school started, how many did he not wash? '}) (input_keys={'question'})","Prediction(
    reasoning='Tom had to wash a total of 10 short sleeve shirts and 25 long sleeve shirts, which sums up to 35 shirts. If he managed to wash only 5 before school started, then the number of shirts not washed can be found by subtracting the number of shirts washed from the total number required.',
    response=30.0
)",True
"Example({'response': 34, 'question': ' Vanessa had 16 music files and 48 video files on her flash drive. If she deleted 30 of the files, how many files were still on her flash drive? '}) (input_keys={'question'})","Prediction(
    reasoning='Firstly, we need to calculate how many files Vanessa had in total before deleting any. She initially had 16 music files plus 48 video files which equals 64 files altogether (16 + 48 = 64). After she deleted 30 of these files from her flash drive, the number remaining can be found by subtracting the deleted amount from the total initial count.',
    response=24.0
)",False
"Example({'response': 50, 'question': ' Kaleb started his own lawn mowing business. In the spring he made 4 dollars mowing lawns and in the summer he made 50 dollars. If he had to spend 4 dollars buying supplies, how much money did he end up with? '}) (input_keys={'question'})","Prediction(
    reasoning='To find out how much money Kaleb ended up with, we need to calculate his total earnings and subtract the cost of supplies. He made $4 in spring and $50 in summer, which sums up to $54 in earnings. After spending $4 on supplies, we subtract this expense from his total earnings.',
    response=50.0
)",True
"Example({'response': 16, 'question': ' The school cafeteria ordered 6 red apples and 15 green apples for students lunches. But, if only 5 students wanted fruit, how many extra did the cafeteria end up with? '}) (input_keys={'question'})","Prediction(
    reasoning=""To determine how many extra apples the cafeteria ended up with, we need to calculate the total number of ordered apples first. Then, subtract the amount that was actually consumed by students (assuming each student took one apple). The difference will give us the count of unused or 'extra' apples.\n\nTotal ordered = red apples + green apples = 6 + 15 = 21 apples\nUsed for lunches = number of students * consumed per student (assuming each took one) = 5 * 1 = 5 apples\nExtra unused/apples = Total ordered - Used for lunches = 21 - 5 = 16 apples"",
    response=16.0
)",True
"Example({'response': 7, 'question': ' Bianca picked 39 tulips and 49 roses to make flower bouquets. If she only used 81 of the flowers though, how many extra flowers did Bianca pick? '}) (input_keys={'question'})","Prediction(
    reasoning='To find out how many extra flowers Bianca picked, we first need to calculate the total number of flowers she initially had by adding together the tulips and roses. Then, subtract the number of flowers used in bouquets from this total.',
    response=10.0
)",False
"Example({'response': 19, 'question': ' While on vacation, Nancy took 49 pictures at the zoo and 8 at the museum. If she later deleted 38 of the pictures, how many pictures from her vacation did she still have? '}) (input_keys={'question'})","Prediction(
    reasoning=""Nancy initially took a total of 49 pictures at the zoo plus 8 at the museum, which equals to 57 pictures. After deleting 38 pictures from her vacation'dictated collection', we subtract this number from the initial count to find out how many she still has left. The calculation is as follows:\n\nInitial total = Pictures taken at the zoo + Pictures taken at the museum\n                      = 49 + 8\n                      = 57 pictures\nPictures remaining after deletion = Initial total - Deleted pictures\n                                                = 57 - 38\n                                                = 19 pictures\nSo, Nancy still has 19 vacation pictures."",
    response=19.0
)",True
"Example({'response': 5, 'question': ' Gwen had 18 math problems and 11 science problems for homework. If she finished 24 of the problems at school, how many problems did she have to do for homework? '}) (input_keys={'question'})","Prediction(
    reasoning='Gwen had a total of 18 math problems plus 11 science problems, which equals to 29 problems. If she finished 24 problems at school, we subtract that number from the total amount of homework problems to find out how many are left for her to do at home. The calculation is as follows: 29 (total problems) - 24 (finished problems) = remaining problems.',
    response=5.0
)",True
"Example({'response': 7, 'question': ' For Halloween Katie and her sister combined the candy they received. Katie had 10 pieces of candy while her sister had 6. If they ate 9 pieces the first night, how many pieces do they have left? '}) (input_keys={'question'})","Prediction(
    reasoning=""To find out how much candy Katie and her sister have left, we first need to calculate the total amount of candy they had initially. We do this by adding Katie's candies (10 pieces) to her sister'thy candies (6 pieces), which gives us a combined total of 16 pieces. Then, since they consumed some of their candy during Halloween night—specifically, 9 pieces—we subtract that amount from the initial total."",
    response=7.0
)",True
"Example({'response': 45, 'question': ' A pet store had 15 siamese cats and 49 house cats. During a sale they sold 19 cats. How many cats do they have left? '}) (input_keys={'question'})","Prediction(
    reasoning='To find out how many cats are left, we first need to determine the total number of cats in the pet store before any were sold. This is done by adding together the siamese and house cats: 15 (siamese) + 49 (house). After finding this sum, subtract the number of cats that were sold during the sale from the initial total to get the remaining amount of cats in the store.',
    response=30.0
)",False
"Example({'response': 21, 'question': "" There were 9 girls and 14 boys trying out for the schools basketball team. If only 2 of them got called back, how many students didn't make the cut? ""}) (input_keys={'question'})","Prediction(
    reasoning=""To find out how many students didn't make the cut, we first need to determine the total number of students who tried out. Then, subtract the ones that got called back from this total. The difference will give us the count of those not selected for the team. There were 9 girls and 14 boys trying out in a combined effort, making it 23 applicants (since we add these two numbers together). Out of them, only 2 students made the cut to join the basketball team. Therefore, by subtracting this number from the total pool of tryouts, we can find how many were not selected:\n\nTotal Tryouts - Selected = Not Selected for Team\n23 (total applicants) - 2 (selected candidates) = 21 students didn't make it onto the team."",
    response=21.0
)",True
"Example({'response': 58, 'question': ' Haley had 27 music files and 42 video files on her flash drive. If she deleted 11 of the files, how many files were still on her flash drive? '}) (input_keys={'question'})","Prediction(
    reasoning='To find out how many files are left, we need to subtract the number of deleted files from the total sum of music and video files Haley had initially.',
    response=48.0
)",False
"Example({'response': 19, 'question': ' While shopping, Maria bought 40 green towels and 44 white towels. If she gave her mother 65 of them, how many towels did Maria end up with? '}) (input_keys={'question'})","Prediction(
    reasoning='Maria initially had a total number of towels equal to the sum of green and white towels, which is 40 +  extraneous information. To find out how many she has left after giving some away, we subtract the given amount from this initial count.',
    response=-25.0
)",False
"Example({'response': 2, 'question': "" A waiter at 'The Greasy Spoon' restaurant had 39 customers to wait on. During the lunch rush he added another 12 customers. If 49 of the customers didn't leave him a tip, how many customers did leave a tip? ""}) (input_keys={'question'})","Prediction(
    reasoning=""To find out how many customers left a tip, we first need to determine the total number of customers served by adding those he had initially plus the additional ones during lunch rush. Then, subtracting the number who didn't leave tips will give us the count of tippers. The calculation is as follows: (initial customers + added customers) - non-tippers = tip givers"",
    response=40.0
)",False
"Example({'response': 8, 'question': ' A pet store had 19 siamese cats and 45 house cats. During a sale they sold 56 cats. How many cats do they have left? '}) (input_keys={'question'})","Prediction(
    
)",0.0
"Example({'response': 26, 'question': "" A waiter at 'The Greasy Spoon' restaurant had 26 customers to wait on. During the lunch rush he added another 27 customers. If 27 of the customers didn't leave him a tip, how many customers did leave a tip? ""}) (input_keys={'question'})","Prediction(
    reasoning=""To find out how many customers left a tip, we first need to determine the total number of customers served by adding those he had at the beginning and during lunch rush. Then, since it's given that none of these did not leave tips (27 is subtracted from zero), all remaining customers must have tipped."",
    response=53.0
)",False
"Example({'response': 59, 'question': ' Rachel bought two coloring books. One had 24 pictures and the other had 39. After one week she had already colored 4 of the pictures. How many pictures does she still have to color? '}) (input_keys={'question'})","Prediction(
    reasoning='To find out how many pictures Rachel has left to color, we first need to determine the total number of pictures across both coloring books. Then, subtract the number of pictures she has already colored from this total.',
    response=59.0
)",True
"Example({'response': 9, 'question': ' While shopping, Emily bought 5 green towels and 30 white towels. If she gave her mother 26 of them, how many towels did Emily end up with? '}) (input_keys={'question'})","Prediction(
    reasoning='To find out how many towels Emily ended up with, we first need to calculate the total number of towels she had initially. Then, subtract the number of towels given to her mother from this initial amount. The calculation is as follows: (5 green towels + 30 white towels) - 26 towels given away = remaining towels with Emily.',
    response=8.0
)",False
"Example({'response': 23, 'question': ' For Halloween Katie and her sister combined the candy they received. Katie had 8 pieces of candy while her sister had 23. If they ate 8 pieces the first night, how many pieces do they have left? '}) (input_keys={'question'})","Prediction(
    reasoning=""To find out how much candy Katie and her sister have left, we first need to calculate the total amount of candy they had initially by adding Katie'thy pieces (8) with her sister's pieces (23), which gives us a sum of 31. Then, since they consumed 8 pieces on the first night, we subtract this number from their initial combined total."",
    response=23.0
)",True
"Example({'response': 3, 'question': "" Ned was trying to expand his game collection. He bought 50 games from a friend and bought 27 more at a garage sale. If 74 of the games didn't work, how many good games did he end up with? ""}) (input_keys={'question'})","Prediction(
    reasoning='To find out how many working games Ned has, we first need to calculate the total number of games he acquired. He bought 50 from his friend and an additional 27 at a garage sale, making it a sum of 77 games in total (50 + 27). Out of these, if 74 do not work, then we subtract this number from the total to find out how many are good. So, 77 - 74 equals 3.',
    response=3.0
)",True
"Example({'response': 40, 'question': ' For the school bake sale Wendy made pastries. She baked 41 cupcakes and 31 cookies. After the sale she had 32 to take back home. How many pastries did she sell? '}) (input_keys={'question'})","Prediction(
    reasoning='To find out how many pastries Wendy sold, we need to calculate the total number she made and subtract the amount left over. She baked 41 cupcakes and 31 cookies, which gives us a subtotal of (41 + 31) pastries. After the sale, there were 32 pastries remaining unsold. Therefore, we can find out how many she sold by subtracting this remainder from her initial total.',
    response=40.0
)",True
"Example({'response': 32, 'question': ' The school cafeteria ordered 25 red apples and 17 green apples for students lunches. But, if only 10 students wanted fruit, how many extra did the cafeteria end up with? '}) (input_keys={'question'})","Prediction(
    reasoning='To find out how many apples are left over, we first need to calculate the total number of ordered apples by adding together both red and green apple quantities. Then, since only 10 students wanted fruit, which implies that they would take one each if there were enough for everyone, we subtract this amount from the total order.',
    response=8.0
)",False
"Example({'response': 34, 'question': "" At the arcade, Jerry won 29 tickets playing 'whack a mole' and 17 tickets playing 'skee ball'. If he spent 12 of his tickets on a hat, how many tickets does Jerry have left? ""}) (input_keys={'question'})","Prediction(
    reasoning=""To find out how many tickets Jerry has left, we first need to calculate the total number of tickets he won from both games. Then we subtract the cost of the hat from this total. The calculation is as follows: (29 tickets from 'whack a mole' + 17 tickets from 'skee ball') - 12 spent on a hat."",
    response=34.0
)",True
"Example({'response': 35, 'question': ' Cody had 45 dollars. For his birthday he got 9 more dollars but spent 19 on a new game. How much money does he have now? '}) (input_keys={'question'})","Prediction(
    reasoning='To find out how much money Cody has now, we need to calculate his total after receiving additional birthday money and spending some on a new game. Initially, he had $45. He received an extra $9 for his birthday but then spent $19 on the game. The calculation involves adding the birthday amount to his initial funds and subtracting the cost of the game from this sum.',
    response=20.0
)",False
"Example({'response': 49, 'question': ' For the school bake sale Carol made 30 cupcakes. If she sold 9 of them and then made 28 more, how many cupcakes would she have? '}) (input_keys={'question'})","Prediction(
    reasoning='Carol initially made 30 cupcakes. After selling 9 of them, she was left with 21 cupcakes (since 30 - 9 = 21). Then Carol baked an additional 28 cupcakes. To find out the total number of cupcakes she has now, we need to add these remaining cupcakes and the newly made ones together: 21 + 28 equals 49 cupcakes in total.',
    response=49.0
)",True
"Example({'response': 62, 'question': ' For Halloween Faye scored 47 pieces of candy. She ate 25 pieces the first night and then her sister gave her 40 more pieces. How many pieces of candy does Faye have now? '}) (input_keys={'question'})","Prediction(
    reasoning='To find out how many pieces of candy Faye has after these transactions, we start with her initial amount and account for both what she consumed and what was added by her sister. Initially, Faye had 47 pieces. After eating 25 pieces the first night, she would have 47 - 25 = 22 pieces left. Then, when her sister gave her an additional 40 pieces, we add that to the remaining amount: 22 + 40 equals 62 pieces.',
    response=62.0
)",True
"Example({'response': 24, 'question': ' Kaleb had 34 books. If he sold 17 of them and used the money he earned to buy 7 new books, how many books would Kaleb have? '}) (input_keys={'question'})","Prediction(
    reasoning='Kaleb originally had 34 books. After selling 17, he would have 34 -  extraneous information about the money earned is not needed for calculating the number of books remaining or purchased. He then bought an additional 7 books with his earnings from the sale.',
    response=9.0
)",False
"Example({'response': 48, 'question': ' In fourth grade there were 10 students at the start of the year. During the year 4 students left and 42 new students came to school. How many students were in fourth grade at the end? '}) (input_keys={'question'})","Prediction(
    reasoning=""To find the total number of students at the end of the year, we need to subtract the number of students who left from the initial count and then add the new students that came. Starting with 10 students, if some left during the year (let' extraneous_students be this unknown quantity), there would have been 10 - extraneous_students remaining at a certain point in time."",
    response=52.0
)",False
"Example({'response': 61, 'question': ' Oliver had 33 dollars in January. By March he had spent 4 dollars. If he got another 32 dollars from his mom, how much money would he have? '}) (input_keys={'question'})","Prediction(
    reasoning='Oliver started with $33. He spent $4, leaving him with $29. Then his mom gave him an additional $32. To find out how much money he has now, we add the remaining amount after spending to what his mom contributed.',
    response=61.0
)",True
"Example({'response': 40, 'question': ' A florist had 37 roses. If she sold 16 of them and then later picked 19 more, how many roses would she have? '}) (input_keys={'question'})","Prediction(
    reasoning=""To find out how many roses the florist has after selling and picking more, we start with her initial amount of 37 roses. She sold 16, so we subtract that from the total: 37 - thy sell 16 = 21 remaining. Then she picked an additional 19 roses, which means adding those to what'm left over after selling some: 21 + picks another 19 = in total."",
    response=40.0
)",True
"Example({'response': 20, 'question': ' A teacher had 6 worksheets to grade. If she graded 4, but then another 18 were turned in, how many worksheets would she have to grade? '}) (input_keys={'question'})","Prediction(
    reasoning='The teacher initially had 6 worksheets to grade. After grading 4, she would have 2 left. Then an additional 18 were turned in by students. To find out how many sheets the teacher has now, we add these two numbers together (the remaining ones and those that came later).',
    response=30.0
)",False
"Example({'response': 10, 'question': ' A book store had 41 books in the bargin bin. If they sold 33 books, but then put 2 more in the bin, how many books would be in the bin? '}) (input_keys={'question'})","Prediction(
    reasoning='To find out how many books are in the bin after these transactions, we start with the initial number of books, subtract those sold, and add the new ones placed into the bin. The calculation is as follows: Start with 41 books, sell 33, which leaves us with 8 books (41 - dict(sold=33)), then adding 2 more results in a total of 10 books (8 + dict(added=2)).',
    response=10.0
)",True
"Example({'response': 41, 'question': ' A waiter had 19 customers to wait on. If 14 customers left and he got another 36 customers, how many customers would he have? '}) (input_keys={'question'})","Prediction(
    reasoning='The waiter initially had 19 customers. Then, 14 of those left which leaves him with 5 customers (19 - 14). After that, he got another 36 new customers to serve. To find out the total number of customers after these changes, we add the remaining original customers and the newly arrived ones together: 5 + 36.',
    response=41.0
)",True
"Example({'response': 6, 'question': ' At the fair there were 9 people in line for the bumper cars. If 6 of them got tired of waiting and left and 3 more got in line, how many people would be in line? '}) (input_keys={'question'})","Prediction(
    reasoning='Initially, there were 9 people in line. Then, 6 left which leaves us with 3 remaining individuals. After that, an additional 3 people joined the queue. To find out how many are now waiting for bumper cars, we simply add these two numbers together: (initial count - those who left) + new arrivals = current total in line.',
    response=6.0
)",True
"Example({'response': 51, 'question': ' A teacher had 7 worksheets to grade. If she graded 2, but then another 46 were turned in, how many worksheets would she have to grade? '}) (input_keys={'question'})","Prediction(
    reasoning='The teacher initially had 7 worksheets. After grading 2, she would have 5 left to grade. Then another 46 were turned in, increasing the total number of worksheets that need grading by this amount. To find out how many sheets are there now, we add these two numbers together (the remaining ones and those just submitted).',
    response=96.0
)",False
"Example({'response': 33, 'question': ' Paige had 8 songs on her mp3 player. If she deleted 5 old songs from it and then added 30 new songs, how many songs does she have on her mp3 player? '}) (input_keys={'question'})","Prediction(
    reasoning='Paige started with 8 songs on her mp3 player. She deleted 5, which means we subtract those from the initial count. Then she added 30 new songs to what remained after deletion. To find out how many songs are now on her device, we perform these calculations in sequence: first subtraction (initial number of songs minus deleted ones), then addition (result plus newly added songs).',
    response=25.0
)",False
"Example({'response': 52, 'question': ' Maria picked 48 carrots from her garden. If she threw out 11 of them and then picked 15 more the next day, how many carrots would she have total? '}) (input_keys={'question'})","Prediction(
    reasoning='To find out the total number of carrots Maria has, we need to subtract the ones she threw away from her initial pick and then add the additional ones picked the next day. Starting with 48 carrots, after discarding 11, she is left with 37. Picking an extra 15 brings her total to 52.',
    response=52.0
)",True
"Example({'response': 27, 'question': ' A store had 34 oranges in a bin. If they threw away 20 of the old ones and put 13 new ones in the bin how many would be in the bin? '}) (input_keys={'question'})","Prediction(
    reasoning='To find out how many oranges are in the bin after some were thrown away and new ones were added, we need to subtract the number of old oranges discarded from the initial count and then add the newly introduced oranges. The calculation is as follows: start with 34 (initial amount), remove 20 (thrown away), which leaves us with 14; then adding the new ones brings it up to a total sum in the bin.',
    response=17.0
)",False
"Example({'response': 26, 'question': ' A waiter had 47 customers to wait on. If 41 customers left and he got another 20 customers, how many customers would he have? '}) (input_keys={'question'})","Prediction(
    reasoning='The waiter initially had 47 customers. After 41 of them left, he was left with 6 customers. Then, an additional 20 customers arrived at his service. To find out how many customers the waiter has now, we need to add these remaining and new customers together (6 + 20).',
    response=46.0
)",False
"Example({'response': 29, 'question': ' In fourth grade there were 33 students at the start of the year. During the year 18 students left and 14 new students came to school. How many students were in fourth grade at the end? '}) (input_keys={'question'})","Prediction(
    reasoning='To find out how many students were in fourth grade at the end of the year, we need to account for both the number of students who left and those who joined. We start with the initial count of 33 students, subtract the ones that left (18), and then add the new arrivals (14).',
    response=29.0
)",True
"Example({'response': 26, 'question': ' For the school bake sale Katie made 26 cupcakes. If she sold 20 of them and then made 20 more, how many cupcakes would she have? '}) (input_keys={'question'})","Prediction(
    reasoning='Katie initially made 26 cupcakes. She sold 20 of them, leaving her with 6 cupcakes. Then she made an additional 20 cupcakes. To find out the total number of cupcakes Katie has now, we add the remaining original cupcakes to the newly baked ones: 6 (remaining) + 20 (newly baked).',
    response=46.0
)",False
"Example({'response': 8, 'question': ' Adam had 5 dollars. At the store he spent $2 on a new game. If he got another 5 dollars for his allowance, how much money does he have now? '}) (input_keys={'question'})","Prediction(
    reasoning='Adam initially had $5. He spent $2 on a new game, leaving him with $3. Then he received an additional allowance of $5. To find out how much money Adam has now, we need to add the remaining amount after his purchase ($3) and his allowance ($5).',
    response=8.0
)",True
"Example({'response': 56, 'question': ' Tiffany was playing a video game and had 43 lives. In a hard part of the game she lost 14 lives. If she got 27 more lives in the next level, how many lives would she have? '}) (input_keys={'question'})","Prediction(
    reasoning='To find out how many lives Tiffany has after losing some and gaining more, we need to subtract the lost lives from her initial amount and then add the additional lives she received. Starting with 43 lives, losing 14 leaves her with 29 lives (43 - 14). Gaining another 27 lives increases her total to 56 lives (29 + 27).',
    response=56.0
)",True
"Example({'response': 17, 'question': ' At the fair there were 12 people in line for the bumper cars. If 10 of them got tired of waiting and left and 15 more got in line, how many people would be in line? '}) (input_keys={'question'})","Prediction(
    reasoning='Initially, there were 12 people in line. Then, 10 left which leaves us with 2 remaining individuals. After that, an additional 15 people joined the queue. To find out how many are now waiting for bumper cars, we add the number of people who remained to those who arrived later: 2 (remaining) + 15 (new arrivals).',
    response=17.0
)",True
"Example({'response': 50, 'question': ' A waiter had 14 customers to wait on. If 3 customers left and he got another 39 customers, how many customers would he have? '}) (input_keys={'question'})","Prediction(
    reasoning='The waiter initially had 14 customers. Then, 3 left which means we subtract those from the initial count. After that, he got another set of 39 new customers to serve. To find out how many customers he has in total now, we need to add these two numbers together (the remaining original customers and the newly arrived ones).',
    response=50.0
)",True
"Example({'response': 25, 'question': ' At the fair there were 30 people in line for the bumper cars. If 10 of them got tired of waiting and left and 5 more got in line, how many people would be in line? '}) (input_keys={'question'})","Prediction(
    reasoning='Initially there were 30 people in line. Since 10 left, we subtract them from the initial count: 30 - thy = 20 remaining individuals. Then, as an additional 5 more got into line, these should be added to our current total of those waiting for bumper cars: 20 + 5 = 25 people in line now.',
    response=25.0
)",True
"Example({'response': 79, 'question': ' Faye had 34 coloring books. If she gave away 3 of them, but then bought 48 more, how many would she have total? '}) (input_keys={'question'})","Prediction(
    reasoning='Faye started with 34 coloring books. After giving away 3, she had fewer than before. Then Faye bought an additional 48 coloring books which increased her total count of coloring books. To find out the final number of coloring books Faye has, we need to subtract the ones given away from the initial amount and then add the newly purchased ones.',
    response=79.0
)",True
"Example({'response': 10, 'question': ' Paige had 11 songs on her mp3 player. If she deleted 9 old songs from it and then added 8 new songs, how many songs does she have on her mp3 player? '}) (input_keys={'question'})","Prediction(
    reasoning='Paige started with 11 songs on her mp3 player. She deleted 9 of them, which leaves us with 2 songs remaining (11 - dict(deleted_songs=9)). Then she added 8 new songs to the list. To find out how many songs are now present in total, we add these newly added songs to her current count: 2 + dict(added_songs=8).',
    response=10.0
)",True
"Example({'response': 49, 'question': ' A teacher had 38 worksheets to grade. If she graded 4, but then another 15 were turned in, how many worksheets would she have to grade? '}) (input_keys={'question'})","Prediction(
    reasoning='The teacher initially had 38 worksheets. After grading 4, she would have 34 left to grade. Then another batch of 15 were turned in, increasing her workload back up by that amount. To find the total number of worksheets now needing grading, we add these two numbers together (the remaining from before and those just submitted).',
    response=49.0
)",True
"Example({'response': 52, 'question': ' In fourth grade there were 40 students at the start of the year. During the year 14 students left and 26 new students came to school. How many students were in fourth grade at the end? '}) (input_keys={'question'})","Prediction(
    reasoning='To find out how many students were in fourth grade at the end of the year, we need to account for both the number of students who left and those who joined. We started with an initial count of 40 students. During the year, 14 students departed from the class, reducing its size. However, this was partially offset by the arrival of 26 new students. To determine the final student population at the end of the year, we subtract those who left and then add in those who joined:\n\nInitial number of students = 40\nNumber of students that left = -14 (negative because they are leaving)\nNew students joining = +26\nFinal count calculation: Initial count - Students who left + New arrivals.',
    response=32.0
)",False
"Example({'response': 74, 'question': ' Wendy was playing a video game and had 43 lives. In a hard part of the game she lost 8 lives. If she got 39 more lives in the next level, how many lives would she have? '}) (input_keys={'question'})","Prediction(
    reasoning='To find out how many lives Wendy has after losing some and gaining more, we need to perform two calculations. First, subtract the number of lost lives from her initial amount. Then add the additional lives gained in the next level.',
    response=64.0
)",False
"Example({'response': 11, 'question': ' A book store had 4 books in the bargin bin. If they sold 3 books, but then put 10 more in the bin, how many books would be in the bin? '}) (input_keys={'question'})","Prediction(
    reasoning=""Initially, there were 4 books in the bargain bin. After selling 3 of them, this would leave only 1 book remaining (since 4 - dict(sold=3) = dict(remaining_books=1)). Then, by adding 10 more books to what'm left, we can calculate the total number in the bargain bin."",
    response=21.0
)",False
"Example({'response': 30, 'question': ' At the arcade Cody won 49 tickets. If he spent 25 tickets on a beanie and later won 6 more tickets, how many would he have? '}) (input_keys={'question'})","Prediction(
    reasoning='Cody starts with 49 tickets. After spending 25 on a beanie, he has 49 - 25 = 24 tickets left. Winning an additional 6 tickets increases his total to 24 + 6 = 30 tickets.',
    response=30.0
)",True
"Example({'response': 25, 'question': ' For the school bake sale Bianca made 14 cupcakes. If she sold 6 of them and then made 17 more, how many cupcakes would she have? '}) (input_keys={'question'})","Prediction(
    reasoning='Bianca initially made 14 cupcakes, sold 6 of them which leaves her with 8. Then she makes an additional 17 cupcakes. To find out how many cupcakes Bianca has in total now, we add the remaining initial amount to the newly baked ones: 8 (remaining) + 17 (newly made).',
    response=25.0
)",True
"Example({'response': 59, 'question': ' Bianca had 45 coloring books. If she gave away 6 of them, but then bought 20 more, how many would she have total? '}) (input_keys={'question'})","Prediction(
    reasoning='Bianca started with 45 coloring books, gave away 6 of them which leaves her with 39. Then she bought an additional 20 coloring books. To find out how many she has in total now, we need to add the remaining number after giving some away (39) and the new ones purchased (20).',
    response=59.0
)",True
"Example({'response': 57, 'question': ' Zoe had 15 songs on her mp3 player. If she deleted 8 old songs from it and then added 50 new songs, how many songs does she have on her mp3 player? '}) (input_keys={'question'})","Prediction(
    reasoning=""Zoe initially had 15 songs on her mp3 player. She deleted 8 of those, which means we subtract these from the initial count to find out how many were left before adding new ones. After that, she added 50 more songs to her collection. To get the total number of songs now present in Zoe'thymp3 library, I will add up what was remaining after deletion and then include those newly added tracks."",
    response=67.0
)",False
"Example({'response': 49, 'question': ' At the arcade Jerry won 4 tickets. If he spent 2 tickets on a beanie and later won 47 more tickets, how many would he have? '}) (input_keys={'question'})","Prediction(
    reasoning='Jerry initially had 4 tickets. He spent 2 of them on a beanie, leaving him with 2 tickets. Later, he won an additional 47 tickets. To find out the total number of tickets Jerry has now, we need to add the remaining tickets after buying the beanie (which is 2) to the newly won tickets (which are 47).',
    response=82.0
)",False
"Example({'response': 60, 'question': ' A store had 31 oranges in a bin. If they threw away 9 of the old ones and put 38 new ones in the bin how many would be in the bin? '}) (input_keys={'question'})","Prediction(
    reasoning='To find out how many oranges are in the bin after some were thrown away and new ones were added, we need to subtract the number of old oranges discarded from the initial amount and then add the newly introduced oranges. The calculation is as follows: start with the original count (31), remove 9 due to being old, resulting in a subtotal, and finally include the additional 38 new ones into this sum for the final total of fruits in the bin.',
    response=50.0
)",False
"Example({'response': 45, 'question': ' Adam had 33 books. If he sold 11 of them and used the money he earned to buy 23 new books, how many books would Adam have? '}) (input_keys={'question'})","Prediction(
    reasoning='Adam initially had 33 books. He sold 11 of them, which means he lost those from his collection but also gained money to spend on new ones. After selling, Adam has (33 - 11) = 22 books left. Then, by purchasing an additional 23 books with the money earned, we add these to his remaining stock of books. So, in total, he will have (22 + 23) books after all transactions are complete.',
    response=55.0
)",False
"Example({'response': 10, 'question': ' At the fair there were 10 people in line for the bumper cars. If 2 of them got tired of waiting and left and 2 more got in line, how many people would be in line? '}) (input_keys={'question'})","Prediction(
    reasoning='Initially there were 10 people in line. Since 2 left, this would reduce the number to 8. However, since 2 more individuals joined the queue afterwards, we need to add these back into our count. Therefore, by subtracting those who left and adding those who arrived, we can determine the current total amount of people waiting for bumper cars at the fair.',
    response=8.0
)",False
"Example({'response': 46, 'question': ' The school cafeteria had 38 apples. If they used 20 to make lunch for the students and then bought 28 more, how many apples would they have? '}) (input_keys={'question'})","Prediction(
    reasoning='To find out how many apples the school cafeteria would have, we need to subtract the number of apples used from the initial amount and then add the newly purchased ones. The calculation is as follows: start with 38 apples, use up 20 for lunch which leaves us with 18 (38 - dict(used=20)), and finally adding the bought 28 gives a total of 46 (18 + dict(bought=28)).',
    response=46.0
)",True
"Example({'response': 60, 'question': "" George had 28 socks. If he threw away 4 old ones that didn't fit and bought 36 new ones, how many socks would he have? ""}) (input_keys={'question'})","Prediction(
    reasoning='To find out how many socks George would have, we need to subtract the number of old socks he threw away from his original amount and then add the new ones he bought. So, we start with 28 (original socks), subtract 4 (thrown-away socks) and then add 36 (newly purchased socks).',
    response=70.0
)",False
"Example({'response': 37, 'question': ' For Halloween Robin scored 23 pieces of candy. She ate 7 pieces the first night and then her sister gave her 21 more pieces. How many pieces of candy does Robin have now? '}) (input_keys={'question'})","Prediction(
    reasoning='To find out how many pieces of candy Robin has after these events, we start with her initial amount and account for what she consumed and received. Initially, Robin had 23 pieces. After eating 7 pieces the first night, she would have 23 - thy = 16 pieces left. Then, when her sister gave her an additional 21 pieces, we add that to the remaining amount: 16 + 21 equals a total of 37 pieces.',
    response=37.0
)",True
"Example({'response': 32, 'question': ' Rachel was playing a video game and had 10 lives. In a hard part of the game she lost 4 lives. If she got 26 more lives in the next level, how many lives would she have? '}) (input_keys={'question'})","Prediction(
    reasoning='To find out how many lives Rachel would have, we need to calculate the remaining lives after losing some in a hard part of the game and add the additional lives gained from completing the next level. Initially, she had 10 lives. She lost 4 during a difficult section, leaving her with 6 lives (10 -  extraneous information). Then, by gaining an extra 26 lives in the subsequent level, we can determine her total number of lives afterward.',
    response=56.0
)",False
"Example({'response': 13, 'question': ' A florist had 6 roses. If she sold 5 of them and then later picked 12 more, how many roses would she have? '}) (input_keys={'question'})","Prediction(
    reasoning='The florist initially had 6 roses. She sold 5, leaving her with 1 rose. Then she picked an additional 12 roses. To find out how many roses she has now, we add the remaining rose to the newly picked ones: 1 + 12 = 13 roses in total.',
    response=13.0
)",True
"Example({'response': 35, 'question': ' For Halloween Haley scored 33 pieces of candy. She ate 17 pieces the first night and then her sister gave her 19 more pieces. How many pieces of candy does Haley have now? '}) (input_keys={'question'})","Prediction(
    reasoning='To find out how many pieces of candy Haley has after these transactions, we start with her initial amount and account for both the candies she consumed and those given to her by her sister. We subtract the number eaten from her starting total and then add what was received.',
    response=39.0
)",False
"Example({'response': 50, 'question': ' The school cafeteria had 14 apples. If they used 13 to make lunch for the students and then bought 49 more, how many apples would they have? '}) (input_keys={'question'})","Prediction(
    reasoning='Initially, there were 14 apples in the cafeteria. They used up 13 of these apples to make lunch, leaving them with only one apple. Then they bought an additional 49 apples. To find out how many apples they have now, we need to add this remaining single apple and the newly purchased ones together.',
    response=50.0
)",True
"Example({'response': 38, 'question': ' Edward had 43 books. If he sold 19 of them and used the money he earned to buy 14 new books, how many books would Edward have? '}) (input_keys={'question'})","Prediction(
    reasoning='To find out how many books Edward has after selling and buying some, we need to subtract the number of sold books from his original collection and then add the new ones he purchased. Initially, Edward had 43 books. After selling 19, he would have 43 - dict(sold_books=19). Then by adding the 14 new books, we get (43 - 19) + dict(new_books=14). Simplifying this gives us a total number of books.',
    response=28.0
)",False
"Example({'response': 33, 'question': ' A teacher had 29 worksheets to grade. If she graded 25, but then another 29 were turned in, how many worksheets would she have to grade? '}) (input_keys={'question'})","Prediction(
    reasoning='The teacher initially had 29 worksheets. After grading 25, she would have 4 remaining to grade. When another set of 29 sheets is turned in, these need to be added to the already existing pile.',
    response=33.0
)",True
"Example({'response': 35, 'question': ' In fourth grade there were 35 students at the start of the year. During the year 10 students left and 10 new students came to school. How many students were in fourth grade at the end? '}) (input_keys={'question'})","Prediction(
    reasoning='To find out how many students were in fourth grade at the end of the year, we need to account for both the number of students who left and those who joined. We started with an initial count of 35 students. During the year, 10 students departed from the classroom, reducing the total by that amount. However, this was partially offset by the arrival of 10 new students. Therefore, we need to subtract the number of students who left and then add back those who joined to find the final count at the end of the year.',
    response=25.0
)",False
"Example({'response': 40, 'question': ' For the school bake sale Carol made 19 cupcakes. If she sold 6 of them and then made 27 more, how many cupcakes would she have? '}) (input_keys={'question'})","Prediction(
    reasoning='Carol initially made 19 cupcakes. After selling 6, she had fewer than before but still needed to make more. She baked an additional 27 cupcakes afterward. To find out the total number of cupcakes Carol has now, we need to subtract those sold from her initial amount and then add the new batch: starting with 19 minus 6 gives us how many she had left before making more; adding these remaining cupcakes (13) to the newly made ones (27) will give us the total.',
    response=40.0
)",True
"Example({'response': 10, 'question': ' A store had 40 oranges in a bin. If they threw away 37 of the old ones and put 7 new ones in the bin how many would be in the bin? '}) (input_keys={'question'})","Prediction(
    reasoning='The store initially had 40 oranges. They discarded 37, leaving them with only 3 oranges in the bin. Then they added 7 new ones to the remaining amount. To find out how many are now in the bin, we simply add these two numbers together: (initial count - thrown away) + newly added = total current count',
    response=10.0
)",True
"Example({'response': 58, 'question': ' At the arcade Victor won 46 tickets. If he spent 27 tickets on a beanie and later won 39 more tickets, how many would he have? '}) (input_keys={'question'})","Prediction(
    reasoning='To find out how many tickets Victor would have, we need to calculate his total after spending some on a beanie and winning additional ones. Initially, he had 46 tickets. He spent 27 of them on the beanie, leaving him with (46 - dict(tickets_spent=27)). Then, Victor won an extra 39 tickets which we add to his remaining amount: total = previous remainder + additional winnings.',
    response=58.0
)",True
"Example({'response': 45, 'question': ' Chloe picked 48 carrots from her garden. If she threw out 45 of them and then picked 42 more the next day, how many carrots would she have total? '}) (input_keys={'question'})","Prediction(
    reasoning='First, we need to calculate the number of remaining carrots after Chloe throws out some. She initially picked 48 and threw away 45, leaving her with 3 carrots. The next day, she picks an additional 42 carrots. To find the total amount, we simply add these two quantities together.',
    response=45.0
)",True
"Example({'response': 43, 'question': "" Sam had 10 socks. If he threw away 3 old ones that didn't fit and bought 36 new ones, how many socks would he have? ""}) (input_keys={'question'})","Prediction(
    reasoning=""To determine how many socks Sam would have, we need to subtract the number of old socks he threw away from his original amount and then add the new ones he bought. Initially, Sam had 10 socks. He discarded 3 that didn't fit anymore, leaving him with 7 socks (10 - 3 = 7). Afterward, he purchased an additional 36 socks to add to his collection. Therefore, we simply need to calculate the total by adding these two numbers together: 7 + 36."",
    response=63.0
)",False
"Example({'response': 51, 'question': ' Maria had 14 bottles of water in her fridge. If she drank 8 of them and then bought 45 more, how many bottles would she have? '}) (input_keys={'question'})","Prediction(
    reasoning='Maria initially had 14 bottles of water. After drinking 8, she would have fewer than before. Then, by purchasing an additional 45 bottles, we add these to her current total. The calculation involves subtracting the number Maria drank from her initial amount and then adding the new purchase.',
    response=37.0
)",False
"Example({'response': 63, 'question': ' A teacher had 34 worksheets to grade. If she graded 7, but then another 36 were turned in, how many worksheets would she have to grade? '}) (input_keys={'question'})","Prediction(
    reasoning='The teacher initially had 34 worksheets. After grading 7, she would have 27 left to grade. Then another batch of 36 was turned in, increasing her workload by that amount. To find the total number of worksheets now needing grading, we add the remaining sheets from before (27) with the new ones just submitted (36).',
    response=63.0
)",True
"Example({'response': 11, 'question': ' At the fair there were 7 people in line for the bumper cars. If 4 of them got tired of waiting and left and 8 more got in line, how many people would be in line? '}) (input_keys={'question'})","Prediction(
    reasoning='Initially, there were 7 people in line. Then, 4 left which leaves us with 3 remaining individuals. After that, an additional 8 people joined the queue. To find out how many are now waiting for bumper cars, we add these two numbers together: (initial number - those who left) + new arrivals = current total in line.',
    response=11.0
)",True
"Example({'response': 19, 'question': ' Emily had 7 coloring books. If she gave away 2 of them, but then bought 14 more, how many would she have total? '}) (input_keys={'question'})","Prediction(
    reasoning='Emily started with 7 coloring books. After giving away 2, she had 5 left. Then, by purchasing an additional 14 books, we add these to her current total of 5.',
    response=19.0
)",True
"Example({'response': 18, 'question': ' At the arcade Dave won 25 tickets. If he spent 22 tickets on a beanie and later won 15 more tickets, how many would he have? '}) (input_keys={'question'})","Prediction(
    reasoning='Dave initially won 25 tickets. He spent some of them on a beanie, which cost him 22 tickets. After this purchase, he had (25 - 22) = 3 tickets left. Later, Dave won an additional 15 tickets. To find out the total number of tickets he has now, we add these to his remaining tickets after buying the beanie: 3 + 15 = 18 tickets.',
    response=18.0
)",True
"Example({'response': 32, 'question': ' Robin had 30 songs on her mp3 player. If she deleted 8 old songs from it and then added 10 new songs, how many songs does she have on her mp3 player? '}) (input_keys={'question'})","Prediction(
    reasoning='To find out how many songs Robin has on her mp3 player, we need to subtract the number of old songs she deleted from her original count and then add the new songs she added. The calculation is as follows: start with 30 songs, remove 8, which leaves us with 22, and then adding 10 more gives a total of 32 songs on her mp3 player.',
    response=32.0
)",True
"Example({'response': 9, 'question': ' The school cafeteria had 23 apples. If they used 20 to make lunch for the students and then bought 6 more, how many apples would they have? '}) (input_keys={'question'})","Prediction(
    reasoning='To find out how many apples are left, we need to subtract the number of used apples from the initial amount and then add the newly bought ones. The cafeteria started with 23 apples, used 20 for lunch, leaving them with -7 (since 23 -  extraneous information). Then they purchased an additional 6 apples which we need to account for in our calculation: (-7 + 6), resulting in a final count of -1. However, since negative quantities are not feasible in this context, it suggests there might be a mistake or misunderstanding about the initial conditions provided (e.g., they could have started with more apples than stated).',
    response=-1.0
)",False
"Example({'response': 54, 'question': ' Janet was playing a video game and had 38 lives. In a hard part of the game she lost 16 lives. If she got 32 more lives in the next level, how many lives would she have? '}) (input_keys={'question'})","Prediction(
    reasoning='To find out how many lives Janet would have, we need to calculate the net change in her lives. She started with 38 lives, lost 16 during a hard part of the game, and then gained 32 more in the next level. The calculation involves subtracting the number of lives she lost from her initial amount and then adding the additional lives obtained: (initial_lives - lost_lives) + extra_lives.',
    response=74.0
)",False
"Example({'response': 61, 'question': ' Megan picked 19 carrots from her garden. If she threw out 4 of them and then picked 46 more the next day, how many carrots would she have total? '}) (input_keys={'question'})","Prediction(
    reasoning='To find out how many carrots Megan would have in total, we need to subtract the number of discarded carrots from her initial picking and then add the additional ones she picked the next day. The calculation is as follows: start with the original count (19), remove 4 that were thrown away, and then include the extra 46 collected on the following day.',
    response=70.0
)",False
"Example({'response': 71, 'question': ' Roger had 45 dollars in January. By March he had spent 20 dollars. If he got another 46 dollars from his mom, how much money would he have? '}) (input_keys={'question'})","Prediction(
    reasoning=""To determine how much money Roger would have after these transactions, we need to follow these steps: Subtlaus his initial amount of $45 by the spent amount ($20) which leaves him with a certain sum. Then he receives an additional $46 from his mom. We add this received amount to what remains after spending in order to find out Roger's total money at hand now."",
    response=71.0
)",True
"Example({'response': 38, 'question': ' The school cafeteria had 17 apples. If they used 2 to make lunch for the students and then bought 23 more, how many apples would they have? '}) (input_keys={'question'})","Prediction(
    reasoning='To find out how many apples are left, we start with the initial number of apples and adjust for those used and bought. The cafeteria started with 17 apples, used 2 to make lunch, leaving them with 15 apples. Then they purchased an additional 23 apples.',
    response=38.0
)",True
"Example({'response': 70, 'question': ' Janet was playing a video game and had 47 lives. In a hard part of the game she lost 23 lives. If she got 46 more lives in the next level, how many lives would she have? '}) (input_keys={'question'})","Prediction(
    reasoning='To find out how many lives Janet will have, we need to calculate her remaining lives after losing some and gaining more. She started with 47 lives, lost 23, which leaves her with 24 lives (47 - dict(lost_lives=23)). Then she gains an additional 46 lives in the next level.',
    response=69.0
)",False
"Example({'response': 31, 'question': ' Nancy picked 12 carrots from her garden. If she threw out 2 of them and then picked 21 more the next day, how many carrots would she have total? '}) (input_keys={'question'})","Prediction(
    reasoning='To find out how many carrots Nancy would have in total, we need to consider both days of picking. On the first day, she picked 12 carrots but threw away 2, leaving her with 10 good ones from that day. The next day, she added more by picking an additional 21 carrots. We simply add these two quantities together to find out how many carrots Nancy has in total after both days of activity.',
    response=31.0
)",True
"Example({'response': 64, 'question': ' Bianca had 34 songs on her mp3 player. If she deleted 14 old songs from it and then added 44 new songs, how many songs does she have on her mp3 player? '}) (input_keys={'question'})","Prediction(
    reasoning='Bianca initially had 34 songs on her mp3 player. She deleted 14 old songs, reducing the number of songs by that amount. Then she added 44 new songs to her collection. To find out how many songs Bianca has now, we subtract the number of deleted songs from the initial count and then add the newly added ones.',
    response=78.0
)",False
"Example({'response': 39, 'question': ' Tom had 5 books. If he sold 4 of them and used the money he earned to buy 38 new books, how many books would Tom have? '}) (input_keys={'question'})","Prediction(
    reasoning=""Tom initially had 5 books. After selling 4, he would have 1 book left. Then, by purchasing an additional 38 books using the money from sales, we can calculate his total number of books as follows: (initially remaining) + (new purchase). So, it'sup with basic arithmetic to find out how many books Tom has in the end."",
    response=43.0
)",False
"Example({'response': 27, 'question': "" John had 33 socks. If he threw away 19 old ones that didn't fit and bought 13 new ones, how many socks would he have? ""}) (input_keys={'question'})","Prediction(
    reasoning=""To determine how many socks John would have, we need to subtract the number of old socks he threw away from his original amount and then add the new ones he bought. The calculation is as follows: (original socks - thrown away) + purchased. In this case, it's (33 - 19) + 13."",
    response=27.0
)",True
"Example({'response': 24, 'question': ' For the school bake sale Maria made 19 cupcakes. If she sold 5 of them and then made 10 more, how many cupcakes would she have? '}) (input_keys={'question'})","Prediction(
    reasoning='Maria initially made 19 cupcakes. After selling 5, she had 14 left. Then, Maria baked an additional 10 cupcakes. To find out how many cupcakes she has now, we need to add the remaining cupcakes after her initial sales with the new ones she made: (initial amount - sold) + newly made = total current amount of cupcakes',
    response=24.0
)",True
"Example({'response': 34, 'question': ' A store had 50 oranges in a bin. If they threw away 40 of the old ones and put 24 new ones in the bin how many would be in the bin? '}) (input_keys={'question'})","Prediction(
    reasoning='To find out how many oranges are in the bin after some were thrown away and new ones were added, we need to subtract the number of old oranges discarded from the initial amount and then add the newly introduced oranges. The calculation is as follows: start with 50 (initial count), remove 40 (thrown away) which leaves us with 10, and then add 24 new ones for a total in the bin.',
    response=34.0
)",True
"Example({'response': 11, 'question': ' In fourth grade there were 8 students at the start of the year. During the year 5 students left and 8 new students came to school. How many students were in fourth grade at the end? '}) (input_keys={'question'})","Prediction(
    reasoning='At the start of the year, there were 8 students in fourth grade. During the year, 5 students left which decreased the number by those who departed. However, to find out how many are present at the end, we must also account for the new arrivals - these being 8 additional students. The total count of students can be calculated by subtracting the ones that left from the initial amount and then adding the fresh enrollees: (initial number) - (number who left) + (newcomers).',
    response=11.0
)",True
"Example({'response': 60, 'question': ' Bianca picked 23 carrots from her garden. If she threw out 10 of them and then picked 47 more the next day, how many carrots would she have total? '}) (input_keys={'question'})","Prediction(
    reasoning='To find out the total number of carrots Bianca has, we need to account for the initial amount she picked, subtract those she threw away, and add the additional ones she gathered. Starting with 23 carrots, after discarding 10 leaves her with 13. Adding another 47 picks gives us a total.',
    response=59.0
)",False
"Example({'response': 47, 'question': ' Zoe had 42 bottles of water in her fridge. If she drank 25 of them and then bought 30 more, how many bottles would she have? '}) (input_keys={'question'})","Prediction(
    reasoning='To find out how many bottles Zoe would have, we need to subtract the number of bottles she drank from her initial amount and then add the ones she bought. The calculation is as follows: start with 42 (initial amount), subtract 25 (drank), which leaves us with 17. Then, adding the 30 bottles she purchased gives a total of 47 bottles in her fridge now.',
    response=47.0
)",True
"Example({'response': 28, 'question': ' Katie had 11 songs on her mp3 player. If she deleted 7 old songs from it and then added 24 new songs, how many songs does she have on her mp3 player? '}) (input_keys={'question'})","Prediction(
    reasoning='Katie initially had 11 songs on her mp3 player. She deleted 7 of those, which leaves us with 4 songs remaining (11 - thy). Then she added 24 new songs to the list. To find out how many songs are now present in total, we add these together: 4 existing + 24 newly added = 28 songs on her mp3 player after all transactions.',
    response=28.0
)",True
"Example({'response': 31, 'question': ' A store had 5 oranges in a bin. If they threw away 2 of the old ones and put 28 new ones in the bin how many would be in the bin? '}) (input_keys={'question'})","Prediction(
    reasoning='The store initially had 5 oranges in the bin. They discarded 2, leaving them with only those initial ones plus any new additions they made afterwards. The question states that after removing the old oranges and adding fresh ones, there are now a total of 28 oranges to be counted for final count within the bin.',
    response=23.0
)",False
"Example({'response': 67, 'question': ' Adam had 48 books. If he sold 19 of them and used the money he earned to buy 38 new books, how many books would Adam have? '}) (input_keys={'question'})","Prediction(
    reasoning='Adam originally had 48 books. After selling 19, he would have 48 - 19 = 29 books left. Then, by purchasing an additional 38 books with the money earned from sales, we add these to his remaining collection: 29 + 38.',
    response=67.0
)",True
"Example({'response': 37, 'question': ' In fourth grade there were 31 students at the start of the year. During the year 5 students left and 11 new students came to school. How many students were in fourth grade at the end? '}) (input_keys={'question'})","Prediction(
    reasoning='To find out how many students were in fourth grade at the end of the year, we need to calculate the net change in student population. We start with an initial count of 31 students and account for those who left (5) and then add the new arrivals (11). The calculation involves subtracting the number of students who left from the original amount and adding the ones that came:\n\nInitial number of students = 31\nNumber of students who left = 5\nNew students arrived = 11\nNet change in student population = New students - Students who left\nFinal count of students = Initial + Net change\n\nNow we can calculate this using simple arithmetic.',
    response=28.0
)",False
"Example({'response': 59, 'question': ' For the school bake sale Robin made 42 cupcakes. If she sold 22 of them and then made 39 more, how many cupcakes would she have? '}) (input_keys={'question'})","Prediction(
    reasoning=""To find out how many cupcakes Robin would have, we need to subtract the number of cupcakes she sold from her initial amount, and then add the new batch. So first, let's calculate (42 - 22), which gives us the remaining cupcakes after selling some. Then, by adding the newly made 39 cupcakes to this result, we will get Robin'thy total number of cupcakes for the bake sale."",
    response=50.0
)",False
"Example({'response': 41, 'question': ' A florist had 11 roses. If she sold 2 of them and then later picked 32 more, how many roses would she have? '}) (input_keys={'question'})","Prediction(
    reasoning='The florist initially had 11 roses. After selling 2, she was left with 9 roses. Then, by picking an additional 32 roses, we add these to the remaining amount in her stock. The total number of roses can be found by performing this simple arithmetic operation: (initial count - sold) + picked up = final count',
    response=41.0
)",True
"Example({'response': 22, 'question': ' Frank had 11 dollars. At the store he spent $3 on a new game. If he got another 14 dollars for his allowance, how much money does he have now? '}) (input_keys={'question'})","Prediction(
    reasoning='Frank initially had $11. He spent $3 on a new game, leaving him with $8 ($11 - $3). Then he received an additional allowance of $14. To find out how much money Frank has now, we need to add the remaining amount after purchasing the game and his total allowance: $8 + $14 = $22.',
    response=22.0
)",True
"Example({'response': 46, 'question': ' Haley was playing a video game and had 14 lives. In a hard part of the game she lost 4 lives. If she got 36 more lives in the next level, how many lives would she have? '}) (input_keys={'question'})","Prediction(
    reasoning='To find out how many lives Haley would have, we need to calculate the remaining lives after losing some in the hard part of the game and add the additional lives gained from completing the next level. Initially, she had 14 lives. She lost 4 during a difficult section, leaving her with 10 lives (14 -  extraneous information). Then, by gaining 36 more lives in the subsequent level, we can determine her total number of lives afterward.',
    response=56.0
)",False
"Example({'response': 58, 'question': ' Luke had 48 dollars in January. By March he had spent 11 dollars. If he got another 21 dollars from his mom, how much money would he have? '}) (input_keys={'question'})","Prediction(
    reasoning='To find out how much money Luke has after these transactions, we start with his initial amount and account for each change step by extraneous information. Initially, he had $48 in January. By March, he spent $11, so we subtract that from the starting amount to see what remains before receiving additional funds. After spending, he is left with 48 - 11 dollars. Then, his mom gives him an extra $21. We add this to the remaining balance after his expenses.',
    response=52.0
)",False
"Example({'response': 41, 'question': ' Emily was playing a video game and had 42 lives. In a hard part of the game she lost 25 lives. If she got 24 more lives in the next level, how many lives would she have? '}) (input_keys={'question'})","Prediction(
    reasoning='To find out how many lives Emily would have, we need to calculate the net change in her lives. Initially, she lost some of them but also gained more later on. The calculation involves subtracting the number of lives lost from her initial amount and then adding the additional lives obtained afterward.',
    response=14.0
)",False
"Example({'response': 58, 'question': ' Debby had 30 coloring books. If she gave away 7 of them, but then bought 35 more, how many would she have total? '}) (input_keys={'question'})","Prediction(
    reasoning='Debby started with 30 coloring books. After giving away 7, she had 23 left. Then, by purchasing an additional 35 coloring books, we need to add this number to her remaining collection of coloring books. The calculation is as follows: (initial amount - given away) + bought = total',
    response=68.0
)",False
"Example({'response': 23, 'question': ' The school cafeteria had 12 apples. If they used 8 to make lunch for the students and then bought 19 more, how many apples would they have? '}) (input_keys={'question'})","Prediction(
    reasoning='To find out how many apples the school cafeteria would have, we need to subtract the number of apples used from the initial amount and then add the newly purchased ones. The calculation is as follows: start with 12 apples, use up 8 for lunch which leaves us with 4 (12 - dict(used=8)), and then buy an additional 19 apples to have a total of 23 (4 + dict(bought=19)).',
    response=23.0
)",True
"Example({'response': 31, 'question': ' At the fair there were 31 people in line for the bumper cars. If 25 of them got tired of waiting and left and 25 more got in line, how many people would be in line? '}) (input_keys={'question'})","Prediction(
    reasoning=""Initially, there were 31 people in line. Then, 25 of them left which leaves us with 31 - dict(people_left=25) = dict(remaining_in_line=6). After that, an additional 25 people joined the queue, so we add these to our remaining count: 6 + dict(newly_joined=25) = total_count. The reasoning involves basic arithmetic operations of subtraction and addition based on the given situation at the fair'dict(total_in_line)=31 - 25 + 25"",
    response=31.0
)",True
"Example({'response': 56, 'question': ' A florist had 50 roses. If she sold 15 of them and then later picked 21 more, how many roses would she have? '}) (input_keys={'question'})","Prediction(
    reasoning='The florist initially had 50 roses. She sold 15, leaving her with 35 roses. Then she picked an additional 21 rose, which we add to the remaining amount of roses in her possession at that time (35). The calculation is as follows: 50 - 15 + 21 = 56 roses.',
    response=56.0
)",True
"Example({'response': 23, 'question': ' Zoe had 6 songs on her mp3 player. If she deleted 3 old songs from it and then added 20 new songs, how many songs does she have on her mp3 player? '}) (input_keys={'question'})","Prediction(
    reasoning='Zoe started with 6 songs. After deleting 3, she had 3 left. Then by adding 20 new songs to her player, the total number of songs becomes the sum of these two amounts.',
    response=23.0
)",True
"Example({'response': 16, 'question': ' At the arcade Dave won 11 tickets. If he spent 5 tickets on a beanie and later won 10 more tickets, how many would he have? '}) (input_keys={'question'})","Prediction(
    reasoning='Dave initially had 11 tickets. After spending 5 on a beanie, he was left with 6 tickets. Later, winning an additional 10 tickets would increase his total count to 16 tickets.',
    response=16.0
)",True
"Example({'response': 28, 'question': ' A waiter had 33 customers to wait on. If 31 customers left and he got another 26 customers, how many customers would he have? '}) (input_keys={'question'})","Prediction(
    reasoning='The waiter initially had 33 customers. After 31 left, he was left with 2 customers. Then, another set of 26 new customers arrived. To find out how many customers he has now, we need to add the remaining original customers (after some left) and the newly arrived ones together.',
    response=56.0
)",False
"Example({'response': 47, 'question': ' In fourth grade there were 11 students at the start of the year. During the year 6 students left and 42 new students came to school. How many students were in fourth grade at the end? '}) (input_keys={'question'})","Prediction(
    reasoning='To find out how many students were in fourth grade at the end of the year, we need to calculate the net change in student population. We start with the initial number of students (11), subtract those who left during the year (6), and then add the new students that came into school (42).',
    response=57.0
)",False
"Example({'response': 33, 'question': "" Oliver had 11 socks. If he threw away 4 old ones that didn't fit and bought 26 new ones, how many socks would he have? ""}) (input_keys={'question'})","Prediction(
    reasoning='Oliver started with 11 socks, threw away 4 which leaves him with 7. Then he bought 26 new ones to add to his collection. To find out how many socks Oliver has now, we need to subtract the number of old socks that were thrown away from his original amount and then add the newly purchased socks: (11 - 4) + 26.',
    response=37.0
)",False
"Example({'response': 36, 'question': ' A store had 40 oranges in a bin. If they threw away 25 of the old ones and put 21 new ones in the bin how many would be in the bin? '}) (input_keys={'question'})","Prediction(
    reasoning='To find out how many oranges are currently in the bin, we need to subtract the number of old ones thrown away from the initial amount and then add the new ones that were put into the bin. Starting with 40 oranges, after discarding 25, there would be 15 left. Adding the 21 freshly brought-in oranges results in a total count.',
    response=36.0
)",True
"Example({'response': 9, 'question': ' At the arcade Edward won 9 tickets. If he spent 4 tickets on a beanie and later won 4 more tickets, how many would he have? '}) (input_keys={'question'})","Prediction(
    reasoning=""To solve this problem, we need to calculate Edward's total number of tickets after spending some on a beanie and winning additional ones. Initially, he had won 9 tickets at the arcade. He spent 4 tickets on a beanie, leaving him with 5 tickets (9 - thy). Later, he won an extra 4 tickets. To find out his total number of tickets now, we simply add these additional 4 tickets to the remaining 5 tickets from before:\n\nRemaining Tickets after buying beanie = Initial Tickets - Spent on Beanie\n                                    = 9 - 4\n                                    = 5\nTotal Tickets now = Remaining Tickets + Additional Won Tickets\n                   = 5 + 4\n                   = 9\n\nSo, Edward would have a total of 9 tickets."",
    response=9.0
)",True
"Example({'response': 43, 'question': ' In fourth grade there were 4 students at the start of the year. During the year 3 students left and 42 new students came to school. How many students were in fourth grade at the end? '}) (input_keys={'question'})","Prediction(
    reasoning='To find out how many students were in fourth grade at the end of the year, we need to calculate the net change in student population. We start with an initial count of 4 students, subtract those who left (3), and then add the new arrivals (42). The resulting number will give us the total count of students present by the end of the fourth grade.',
    response=51.0
)",False
"Example({'response': 26, 'question': ' Haley picked 28 carrots from her garden. If she threw out 11 of them and then picked 9 more the next day, how many carrots would she have total? '}) (input_keys={'question'})","Prediction(
    reasoning='Haley initially picked 28 carrots. She discarded 11, leaving her with 17 carrots from the first day. The next day, she added another 9 carrots to her collection. To find out how many carrots Haley has in total, we need to add the remaining number of carrots after throwing some away (from the first day) and the additional ones picked on the second day together.',
    response=26.0
)",True
"Example({'response': 34, 'question': ' Roger had 25 books. If he sold 21 of them and used the money he earned to buy 30 new books, how many books would Roger have? '}) (input_keys={'question'})","Prediction(
    reasoning='Roger started with 25 books. After selling 21, he had 4 books left. Then he bought an additional 30 books. To find the total number of books Roger has now, we add the remaining books to the new ones: 4 + 30 equals 34.',
    response=34.0
)",True
"Example({'response': 36, 'question': ' A florist had 5 roses. If she sold 3 of them and then later picked 34 more, how many roses would she have? '}) (input_keys={'question'})","Prediction(
    reasoning='The florist starts with 5 roses, sells 3 which leaves her with 2. Then she picks an additional 34 roses. To find the total number of roses she has now, we simply add these two amounts together.',
    response=36.0
)",True
"Example({'response': 41, 'question': ' Wendy was playing a video game and had 10 lives. In a hard part of the game she lost 6 lives. If she got 37 more lives in the next level, how many lives would she have? '}) (input_keys={'question'})","Prediction(
    reasoning='To find out how many lives Wendy would have, we need to calculate the remaining lives after losing some in a hard part of the game and then add the additional lives gained from completing the next level. Initially, she had 10 lives. She lost 6 during a difficult section, leaving her with 4 lives (10 -  extraneous information). Then, by gaining 37 more lives in the subsequent level, we can determine her total number of lives afterward.',
    response=51.0
)",False
"Example({'response': 29, 'question': ' John had 5 dollars. At the store he spent $2 on a new game. If he got another 26 dollars for his allowance, how much money does he have now? '}) (input_keys={'question'})","Prediction(
    reasoning='John initially had $5. He spent $2 on a game, leaving him with $3. Then he received an additional allowance of $26. To find out how much money John has now, we need to add the remaining amount after purchasing the game ($3) and his new allowance ($26).',
    response=53.0
)",False
"Example({'response': 11, 'question': ' For the school bake sale Chloe made 28 cupcakes. If she sold 25 of them and then made 8 more, how many cupcakes would she have? '}) (input_keys={'question'})","Prediction(
    reasoning='Chloe initially made 28 cupcakes. She sold 25 of them, leaving her with 3 cupcakes. Then she baked an additional 8 cupcakes. To find out the total number of cupcakes Chloe has now, we need to add the remaining cupcakes from before (after selling) and the newly made ones together.',
    response=11.0
)",True
"Example({'response': 50, 'question': ' At the town carnival Billy rode the ferris wheel 7 times and the bumper cars 3 times. If each ride cost 5 tickets, how many tickets did he use? '}) (input_keys={'question'})","Prediction(
    reasoning='Billy rode both rides multiple times. He went on the ferris wheel 7 times and each ride cost 5 tickets, which amounts to 35 tickets for the ferris wheel alone (7 rides multiplied by 5 tickets per ride). Similarly, he rode bumper cars 3 times at a cost of 5 tickets per ride, totaling 15 tickets. To find out the total number of tickets Billy used, we add up the ticket costs for both activities.',
    response=50.0
)",True
"Example({'response': 32, 'question': ' Chloe was unboxing some of her old winter clothes. She found 4 boxes of clothing and inside each box there were 2 scarves and 6 mittens. How many pieces of winter clothing did Chloe have total? '}) (input_keys={'question'})","Prediction(
    reasoning='To find the total number of pieces of winter clothing, we need to calculate both scarves and mittens for each box separately and then sum them up. Each box contains 2 scarves and 6 mittens, making a total of 8 items per box (since there are no other types of winter clothes mentioned). Chloe has found 4 boxes in all.',
    response=32.0
)",True
"Example({'response': 90, 'question': ' A waiter had 9 tables he was waiting on, with 7 women and 3 men at each table. How many customers total did the waiter have? '}) (input_keys={'question'})","Prediction(
    reasoning='To find the total number of customers, we need to calculate the sum of women and men at all tables. Since there are 7 women and 3 men per table, each table has a total of 10 customers (7 + 3). With 9 tables in total, we multiply the number of customers per table by the number of tables.',
    response=90.0
)",True
"Example({'response': 12, 'question': "" April's discount flowers was having a sale where each flower was 3 dollars. If Emily bought 2 roses and 2 daisies, how much did she spend? ""}) (input_keys={'question'})","Prediction(
    reasoning=""To calculate how much Emily spent on flowers, we need to multiply the quantity of each type of flower by their respective prices. Since both roses and daisies cost $3 per unit during April's discount sale at discount flowers shop, and Emily bought two of each kind, we can find her total expenditure by adding together (2 times 3 dollars for the roses) plus (2 times 3 dollars for the daisies)."",
    response=18.0
)",False
"Example({'response': 30, 'question': ' Isabel had 2 pages of math homework and 4 pages of reading homework. If each page had 5 problems on it, how many problems did she have to complete total? '}) (input_keys={'question'})","Prediction(
    reasoning='To find the total number of problems Isabel had, we need to calculate the sum of math and reading homework pages multiplied by the number of problems per page. She has 2 pages of math with 5 problems each and 4 pages of reading also with 5 problems each.',
    response=30.0
)",True
"Example({'response': 35, 'question': ' Wendy was playing a video game where she scores 5 points for each treasure she finds. If she found 4 treasures on the first level and 3 on the second, what would her score be? '}) (input_keys={'question'})","Prediction(
    reasoning=""To calculate Wendy's score, we need to multiply the number of treasures she found on each level by the points awarded per treasure (5 points). Then sum these products together. On the first level, she finds 4 treasures and on the second level, she finds 3 treasures. So her total score is calculated as follows:\n(4 treasures * 5 points/treasure) + (3 treasures * 5 points/treasure)."",
    response=65.0
)",False
"Example({'response': 63, 'question': ' There were 7 friends playing a video game online when 2 more players joined the game. If each player had 7 lives, how many lives did they have total? '}) (input_keys={'question'})","Prediction(
    reasoning='To find the total number of lives among all players, we first need to determine how many friends were playing initially. There were originally 7 friends each having 7 lives. When 2 more players joined, there became a group of 9 players in total (since 7 initial + 2 additional = 9). Since every player has the same number of lives which is 7, we multiply the total number of players by the number of lives per player to get the overall sum of lives.',
    response=56.0
)",False
"Example({'response': 90, 'question': ' Paul bought 6 boxes of chocolate candy and 4 boxes of caramel candy. If each box has 9 pieces inside it, how much candy did he have total? '}) (input_keys={'question'})","Prediction(
    reasoning='To find out the total amount of candy Paul has, we need to calculate the number of pieces for each type of candy separately and then add them together. Since there are two types of candies (chocolate and caramel), with different quantities bought but identical box sizes containing 9 pieces each, we multiply the quantity by 9 for both chocolate and caramel boxes.',
    response=94.0
)",False
"Example({'response': 48, 'question': ' A pet store has 6 bird cages. If each cage has 6 parrots and 2 parakeets in it, how many birds does the pet store have total? '}) (input_keys={'question'})","Prediction(
    reasoning='To find out the total number of birds in the pet store, we need to calculate both parrots and parakeets per cage and multiply by the total number of cages. Each cage has 6 parrots and 2 parakeets which sums up to 8 birds per cage (since each bird is counted individually). With a total of 6 cages, we then calculate:\n\nTotal Birds = Number of Cages * Birds Per Cage  \n             = 6 * 8',
    response=48.0
)",True
"Example({'response': 72, 'question': ' Rachel was organizing her book case making sure each of the shelves had exactly 9 books on it. If she had 6 shelves of mystery books and 2 shelves of picture books, how many books did she have total? '}) (input_keys={'question'})","Prediction(
    reasoning='To find the total number of books Rachel has, we need to calculate the sum of all mystery and picture book shelves. Each shelf holds exactly 9 books. There are 6 shelves with mystery books and 2 shelves with picture books.',
    response=54.0
)",False
"Example({'response': 49, 'question': ' Rachel was unboxing some of her old winter clothes. She found 7 boxes of clothing and inside each box there were 3 scarves and 4 mittens. How many pieces of winter clothing did Rachel have total? '}) (input_keys={'question'})","Prediction(
    reasoning='To find the total number of winter clothes, we need to calculate both scarves and mittens for each box separately and then sum them up. Each box contains 3 scarves and 4 mittens, making it 7 pieces per box. Since there are 7 boxes, we multiply these numbers by 7.',
    response=49.0
)",True
"Example({'response': 36, 'question': ' A pet store has 9 bird cages. If each cage has 2 parrots and 2 parakeets in it, how many birds does the pet store have total? '}) (input_keys={'question'})","Prediction(
    reasoning='To find out the total number of birds in the pet store, we need to calculate the sum of parrots and parakeets across all bird cages. Since each cage contains an equal amount (2) of both types of birds, we can multiply this quantity by the number of cages and then add these two products together for a total count.',
    response=54.0
)",False
"Example({'response': 80, 'question': ' Cody bought 7 boxes of chocolate candy and 3 boxes of caramel candy. If each box has 8 pieces inside it, how much candy did he have total? '}) (input_keys={'question'})","Prediction(
    reasoning='To find out the total amount of candy Cody has, we need to calculate the number of pieces for both chocolate and caramel candies separately and then add them together. Since each box contains 8 pieces and he bought 7 boxes of chocolate plus 3 boxes of caramel, we multiply these quantities by 8 (the number of pieces per box) to get the total amount.',
    response=80.0
)",True
"Example({'response': 21, 'question': "" At Billy's Restaurant a group with 2 adults and 5 children came in to eat. If each meal cost 3 dollars, how much was the bill? ""}) (input_keys={'question'})","Prediction(
    reasoning=""To calculate the total bill at Billy's Restaurant, we need to determine the number of people in the group first. There are 2 adults and 5 children, making a total of 7 individuals. Each meal costs $3 per person. Therefore, by multiplying the cost per meal with the total number of people (adults plus children), we can find out the overall bill amount for this group at Billy's Restaurant."",
    response=21.0
)",True
"Example({'response': 72, 'question': ' Paul was collecting cans for recycling. On Saturday he filled 6 bags up and on Sunday he filled 3 more bags. If each bag had 8 cans in it, how many cans did he pick up total? '}) (input_keys={'question'})","Prediction(
    reasoning=""To find out how many cans Paul collected in total, we need to calculate the number of bags he filled over both days and multiply that by the number of cans each bag contained. On Saturday, he filled 6 bags, and on Sunday, he added another 3 bags. Each bag holds 8 cans. So, first find out how many total bags were used (Saturday'dict + Sunday dict), then multiply this quantity by the number of cans per bag to get the overall count."",
    response=21.0
)",False
"Example({'response': 50, 'question': ' While playing a trivia game, Adam answered 5 questions correct in the first half and 5 questions correct in the second half. If each question was worth 5 points, what was his final score? '}) (input_keys={'question'})","Prediction(
    reasoning='Adam answered correctly on both halves of the trivia game, each containing an equal number of questions. Since there are no indications that different points were awarded for correct answers in either half or any penalties applied to incorrect responses, we can assume a consistent scoring system throughout.',
    response=50.0
)",True
"Example({'response': 32, 'question': "" Haley's favorite band was holding a concert where tickets were 4 dollars each. Haley bought 3 tickets for herself and her friends and 5 extra tickets in case anyone else wanted to go. How much did she spend? ""}) (input_keys={'question'})","Prediction(
    reasoning='To calculate how much Haley spent on concert tickets, we need to multiply the number of tickets she bought by the price per ticket. She purchased 3 tickets for herself and her friends plus an additional 5 extra tickets. The total quantity of tickets is therefore (3 + 5), which equals 8 tickets in all. Given that each ticket costs $4, we can find the total cost by multiplying these two numbers together:\n\nTotal Cost = Number of Tickets × Price per Ticket\n           = 8 tickets × $4/ticket',
    response=32.0
)",True
"Example({'response': 30, 'question': ' Luke was putting his spare change into piles. He had 5 piles of quarters and 5 piles of dimes. If each pile had 3 coins in it, how many coins did he have total? '}) (input_keys={'question'})","Prediction(
    reasoning=""Luke has two types of coins: quarters and dimes. Each type is divided into piles, each containing an equal number of coins (3). To find out how many total coins Luke has, we need to calculate the sum of all these individual groups or 'piles'. We do this by multiplying the number of piles for each coin type with the amount in every pile and then adding those results together."",
    response=15.0
)",False
"Example({'response': 64, 'question': ' Victor and his friend were buying trick decks from the magic shop for 8 dollars each. How much did they spend if Victor bought 6 decks and his friend bought 2 decks? '}) (input_keys={'question'})","Prediction(
    reasoning='To calculate the total amount spent by Victor and his friend, we need to multiply the number of decks each bought by the price per deck and then sum these amounts. Victor bought 6 decks at $8 each, which totals $48 for him alone. His friend bought 2 decks also at $8 each, totaling $16. Adding both sums gives us the final amount spent.',
    response=64.0
)",True
"Example({'response': 90, 'question': ' Katie had 7 pages of math homework and 3 pages of reading homework. If each page had 9 problems on it, how many problems did she have to complete total? '}) (input_keys={'question'})","Prediction(
    reasoning='To find the total number of problems Katie had, we need to calculate the sum of all math and reading homework pages multiplied by the number of problems on each page. She has 7 math pages with 9 problems each and 3 reading pages also with 9 problems each.',
    response=84.0
)",False
"Example({'response': 56, 'question': ' Faye was playing a video game where she scores 7 points for each treasure she finds. If she found 2 treasures on the first level and 6 on the second, what would her score be? '}) (input_keys={'question'})","Prediction(
    reasoning='Faye earns points for each treasure found. She finds 2 treasures on the first level and scores 7 points per treasure, which amounts to 14 points from that level. On the second level, she finds 6 more treasures at the same rate of 7 points per treasure, adding up to an additional 42 points. To find her total score, we simply add these two sums together.',
    response=56.0
)",True
"Example({'response': 72, 'question': ' Gwen was organizing her book case making sure each of the shelves had exactly 9 books on it. If she had 3 shelves of mystery books and 5 shelves of picture books, how many books did she have total? '}) (input_keys={'question'})","Prediction(
    reasoning='To find out how many books Gwen has in total, we need to calculate the number of mystery books on her shelves first by multiplying the number of mystery book shelves (3) by the capacity of each shelf (9). Then, do the same for picture books: multiply 5 shelves with a capacity of 9 books per shelf. Finally, add these two results together to get the total count of all her books.',
    response=72.0
)",True
"Example({'response': 24, 'question': ' There were 2 friends playing a video game online when 2 more players joined the game. If each player had 6 lives, how many lives did they have total? '}) (input_keys={'question'})","Prediction(
    reasoning='Initially there were 2 friends playing the game, which means there were 2 players. When 2 more players joined, the total number of players became 4. Since each player has 6 lives, we multiply the number of players by the number of lives per player to find the total amount of lives.',
    response=24.0
)",True
"Example({'response': 48, 'question': ' Wendy bought 4 new chairs and 4 new tables for her house. If she spent 6 minutes on each piece furniture putting it together, how many minutes did it take her to finish? '}) (input_keys={'question'})","Prediction(
    reasoning=""Wendy has to assemble both chairs and tables. Since she spends 6 minutes on each piece of furniture, we need to calculate the total time spent by multiplying the number of pieces (chairs plus tables) with the time taken per item. There are a total of 8 items (4 chairs + 4 tables), so it's an eightfold multiplication process: 8 items times 6 minutes each equals the total assembly time for all furniture."",
    response=48.0
)",True
"Example({'response': 30, 'question': "" April's discount flowers was having a sale where each flower was 3 dollars. If Zoe bought 8 roses and 2 daisies, how much did she spend? ""}) (input_keys={'question'})","Prediction(
    reasoning=""To calculate Zoe's total expenditure, we need to multiply the number of each type of flower by their respective costs and sum up these amounts. Since all flowers are priced at $3 each, regardless of type."",
    response=27.0
)",False
"Example({'response': 60, 'question': ' Paige was unboxing some of her old winter clothes. She found 6 boxes of clothing and inside each box there were 5 scarves and 5 mittens. How many pieces of winter clothing did Paige have total? '}) (input_keys={'question'})","Prediction(
    
)",0.0
"Example({'response': 42, 'question': ' Sam was collecting cans for recycling. On Saturday he filled 4 bags up and on Sunday he filled 3 more bags. If each bag had 6 cans in it, how many cans did he pick up total? '}) (input_keys={'question'})","Prediction(
    reasoning=""To find out the total number of cans Sam picked up, we need to calculate the sum of cans from both days. On Saturday, he filled 4 bags with each containing 6 cans, and on Sunday, he added another 3 bags also with 6 cans in each. Multiplying the number of bags by the number of cans per bag for each day gives us the total for that specific day. Adding these totals together will give us Sam'thy overall collection."",
    response=48.0
)",False
"Example({'response': 45, 'question': ' George was working as a sacker at a grocery store where he made 5 dollars an hour. On Monday he worked 7 hours and on Tuesday he worked 2 hours. How much money did George make in those two days? '}) (input_keys={'question'})","Prediction(
    reasoning=""To calculate George's earnings, we need to multiply his hourly wage by the total number of hours he worked over both days. On Monday, he worked for 7 hours and on Tuesday for 2 hours, making a combined total of 9 hours at an hourly rate of $5."",
    response=45.0
)",True
"Example({'response': 15, 'question': ' While playing a trivia game, Frank answered 3 questions correct in the first half and 2 questions correct in the second half. If each question was worth 3 points, what was his final score? '}) (input_keys={'question'})","Prediction(
    reasoning='Frank answered correctly to a total of 3 questions from both halves. Since each question is worth 3 points, we can calculate his final score by multiplying the number of correct answers he gave (5) by the point value per question.',
    response=15.0
)",True
"Example({'response': 72, 'question': ' Edward and his friend were buying trick decks from the magic shop for 9 dollars each. How much did they spend if Edward bought 4 decks and his friend bought 4 decks? '}) (input_keys={'question'})","Prediction(
    reasoning='To find out how much Edward and his friend spent, we need to calculate the total cost of all trick decks they bought. Since each deck costs $9 and both Edward and his friend together purchased a combined total of 8 decks (4 from Edward and 4 from his friend), we multiply the number of decks by the price per deck.',
    response=72.0
)",True
"Example({'response': 64, 'question': ' Tom and his friend were buying trick decks from the magic shop for 8 dollars each. How much did they spend if Tom bought 3 decks and his friend bought 5 decks? '}) (input_keys={'question'})","Prediction(
    reasoning='To calculate the total amount spent by Tom and his friend, we need to multiply the number of decks each bought by the price per deck and then sum these amounts. Tom bought 3 decks at $8 each, which totals $24 for him. His friend bought 5 decks also at $8 each, adding up to $40. Adding both sums gives us the total amount spent.',
    response=64.0
)",True
"Example({'response': 70, 'question': ' While shopping for music online, Megan bought 2 country albums and 8 pop albums. Each album came with a lyric sheet and had 7 songs. How many songs did Megan buy total? '}) (input_keys={'question'})","Prediction(
    reasoning='To find the total number of songs, we need to calculate the sum of all country and pop albums. Each album contains 7 songs regardless of genre. Megan bought 2 country albums plus 8 pop albums, making it a total of 10 albums.',
    response=70.0
)",True
"Example({'response': 60, 'question': ' Victor was working as a sacker at a grocery store where he made 6 dollars an hour. On Monday he worked 5 hours and on Tuesday he worked 5 hours. How much money did Victor make in those two days? '}) (input_keys={'question'})","Prediction(
    reasoning=""To calculate Victor's earnings, we need to multiply his hourly wage by the total number of hours he worked over the two days. Since he works at an hourly rate of $6 and has worked for a combined total of 10 hours (5 hours on Monday plus 5 hours on Tuesday), we can calculate his earnings as follows: Earnings = Hourly Wage * Total Hours Worked."",
    response=60.0
)",True
"Example({'response': 54, 'question': ' A pet store has 6 bird cages. If each cage has 2 parrots and 7 parakeets in it, how many birds does the pet store have total? '}) (input_keys={'question'})","Prediction(
    reasoning='To find out the total number of birds in the pet store, we need to calculate the sum of parrots and parakeets across all bird cages. Since each cage contains an equal amount of both types of birds (2 parrots and 7 parakeets), we can multiply these numbers by the total count of cages (6) and then add them together for a grand total.',
    response=192.0
)",False
"Example({'response': 32, 'question': ' Maria bought 2 new chairs and 2 new tables for her house. If she spent 8 minutes on each piece furniture putting it together, how many minutes did it take her to finish? '}) (input_keys={'question'})","Prediction(
    reasoning='Maria bought two chairs and two tables, spending equal time on each piece of furniture. Since she spent 8 minutes assembling one chair or table, we can calculate the total assembly time by multiplying the number of pieces (4) with the time taken for a single item (8 minutes). This will give us the total amount of time Maria took to assemble all her new chairs and tables.',
    response=32.0
)",True
"Example({'response': 32, 'question': ' Olivia was playing a video game where she scores 8 points for each treasure she finds. If she found 2 treasures on the first level and 2 on the second, what would her score be? '}) (input_keys={'question'})","Prediction(
    reasoning='Olivia scores 8 points per treasure. She found 2 treasures on each of two levels, so we need to calculate her total score by multiplying the number of treasures (4 in total) by the points scored for each one. The calculation is straightforward: \\(4 \\times 8\\).',
    response=32.0
)",True
"Example({'response': 48, 'question': ' A waiter had 6 tables he was waiting on, with 3 women and 5 men at each table. How many customers total did the waiter have? '}) (input_keys={'question'})","Prediction(
    reasoning='To find the total number of customers, we need to calculate the sum of all men and women at each table. Since there are 3 women and 5 men per table, that makes 8 customers (3+5) for one table. The waiter is attending to 6 tables in total.',
    response=48.0
)",True
"Example({'response': 70, 'question': ' Faye was selling her necklaces at a garage sale. She sold 3 bead necklaces and 7 gem stone necklaces. If each necklace cost 7 dollars, how much money did she earn? '}) (input_keys={'question'})","Prediction(
    reasoning=""To calculate Faye's total earnings, we need to multiply the number of each type of necklace sold by their individual price and sum these amounts. She sold 3 bead necklaces at $7 each and 7 gemstone necklaces also at $7 each."",
    response=91.0
)",False
"Example({'response': 63, 'question': ' At the town carnival Oliver rode the ferris wheel 5 times and the bumper cars 4 times. If each ride cost 7 tickets, how many tickets did he use? '}) (input_keys={'question'})","Prediction(
    reasoning=""To calculate the total number of tickets Oliver used, we need to multiply the number of times he rode each attraction by the cost per ride (7 tickets) and sum these amounts. For the ferris wheel, this is 5 rides multiplied by 7 tickets, which equals 35 tickets. Similarly, for the bumper cars with 4 rides at 7 tickets each gives us another 28 tickets. Adding both sums together will give us Oliver' extraneous total ticket usage:\n\nTotal ferris wheel tickets = 5 * 7 = 35  \nTotal bumper car tickets = 4 * 7 = 28  \nGrand Total Tickets Used = Ferris Wheel + Bumper Cars = 35 + 28 = 63"",
    response=63.0
)",True
"Example({'response': 56, 'question': ' There were 5 friends playing a video game online when 2 more players joined the game. If each player had 8 lives, how many lives did they have total? '}) (input_keys={'question'})","Prediction(
    reasoning=""To find out the total number of lives among all players, we first need to determine how many friends were playing initially. There were originally 5 friends each having 8 lives. When 2 more players joined in, they also had 8 lives each because it's stated that every player has an equal amount of lives (which is a common assumption when not specified otherwise). We then multiply the total number of players by the number of lives per player to get the overall sum of lives."",
    response=54.0
)",False
"Example({'response': 21, 'question': ' Katie was selling her necklaces at a garage sale. She sold 4 bead necklaces and 3 gem stone necklaces. If each necklace cost 3 dollars, how much money did she earn? '}) (input_keys={'question'})","Prediction(
    reasoning=""To calculate Katie's total earnings, we need to find out how many necklaces she sold altogether and multiply that number by the cost per necklace. She sold 4 bead necklaces plus 3 gem stone necklaces, making it a total of 7 necklaces. Since each necklace costs $3, we can calculate her total earnings by multiplying 7 (the total number of necklaces) by 3 (the price per necklace)."",
    response=21.0
)",True
"Example({'response': 48, 'question': ' Edward was working as a sacker at a grocery store where he made 6 dollars an hour. On Monday he worked 3 hours and on Tuesday he worked 5 hours. How much money did Edward make in those two days? '}) (input_keys={'question'})","Prediction(
    reasoning=""To calculate Edward's earnings, we need to multiply his hourly wage by the total number of hours he worked over the two days. On Monday, he worked for 3 hours and on Tuesday for 5 hours, making a combined total of 8 hours in work time."",
    response=48.0
)",True
"Example({'response': 24, 'question': ' While playing a trivia game, Mike answered 3 questions correct in the first half and 5 questions correct in the second half. If each question was worth 3 points, what was his final score? '}) (input_keys={'question'})","Prediction(
    reasoning=""Mike's total correct answers can be calculated by adding together the number he got right in both halves. Since each question is worth 3 points, we multiply his total number of correct answers by this value to find his final score."",
    response=24.0
)",True
"Example({'response': 32, 'question': ' Amy was playing a video game where she scores 4 points for each treasure she finds. If she found 6 treasures on the first level and 2 on the second, what would her score be? '}) (input_keys={'question'})","Prediction(
    reasoning=""To determine Amy's final video game score based on the treasures she found across two different levels with a fixed point value per find (4 points), we calculate her total by multiplying each level’s number of finds by this constant rate and then summing these products. This approach ensures that all relevant information is used to arrive at an accurate representation of Amy's score."",
    response=32.0
)",True
"Example({'response': 63, 'question': ' A waiter had 9 tables he was waiting on, with 4 women and 3 men at each table. How many customers total did the waiter have? '}) (input_keys={'question'})","Prediction(
    reasoning='To find the total number of customers, we need to calculate the sum of all women and men at each table. Since there are 4 women and 3 men per table, that makes 7 customers (4 + 3) for one table. The waiter is attending to 9 tables in total.',
    response=63.0
)",True
"Example({'response': 54, 'question': ' Chloe was organizing her book case making sure each of the shelves had exactly 6 books on it. If she had 5 shelves of mystery books and 4 shelves of picture books, how many books did she have total? '}) (input_keys={'question'})","Prediction(
    reasoning='To find the total number of books Chloe has, we need to calculate the sum of all mystery and picture book shelves. Since each shelf contains exactly 6 books, we can multiply the number of shelves by 6 for both types of books.',
    response=58.0
)",False
"Example({'response': 72, 'question': ' While shopping for music online, Isabel bought 6 country albums and 2 pop albums. Each album came with a lyric sheet and had 9 songs. How many songs did Isabel buy total? '}) (input_keys={'question'})","Prediction(
    reasoning=""To find the total number of songs, we need to calculate the sum of all country and pop albums' songs. Since each album contains 9 songs regardless of genre, we can multiply the number of albums by 9."",
    response=63.0
)",False
"Example({'response': 18, 'question': "" At Oliver's Restaurant a group with 2 adults and 4 children came in to eat. If each meal cost 3 dollars, how much was the bill? ""}) (input_keys={'question'})","Prediction(
    reasoning=""To calculate the total bill at Oliver's Restaurant, we need to determine the number of people in the group which includes both adults and children. There are 2 adults and 4 children making a total of 6 individuals. Each meal costs $3 per person. Therefore, by multiplying the cost per meal with the total number of people, we can find out the overall bill amount for this group's dining experience at Oliver's Restaurant."",
    response=27.0
)",False
"Example({'response': 30, 'question': ' Tiffany had 6 pages of math homework and 4 pages of reading homework. If each page had 3 problems on it, how many problems did she have to complete total? '}) (input_keys={'question'})","Prediction(
    reasoning='To find the total number of problems Tiffany had, we need to calculate the sum of all math and reading homework pages multiplied by the number of problems on each page. She has 6 pages of math with 3 problems per page and 4 pages of reading also with 3 problems per page.',
    response=31.0
)",False
"Example({'response': 27, 'question': "" April's discount flowers was having a sale where each flower was 3 dollars. If Robin bought 5 roses and 4 daisies, how much did she spend? ""}) (input_keys={'question'})","Prediction(
    reasoning=""To calculate how much Robin spent on flowers at April's discount, we need to multiply the quantity of each type of flower by their respective prices (which are both $3 in this case) and then sum up these amounts. Since there are no additional details about different pricing for roses or daisies, it is assumed that they cost the same per unit at 5 roses plus 4 daisies all together."",
    response=17.0
)",False
"Example({'response': 80, 'question': ' Zoe was unboxing some of her old winter clothes. She found 8 boxes of clothing and inside each box there were 4 scarves and 6 mittens. How many pieces of winter clothing did Zoe have total? '}) (input_keys={'question'})","Prediction(
    reasoning=""To find out how many pieces of winter clothing Zoe has in total, we need to calculate both scarves and mittens separately within each box. Then multiply these totals by the number of boxes (8) she found. For scarves: there are 4 per box times 8 boxes equals 32 scarves. Similarly for mittens: with 6 mitten pairs in a box, that'd be 6 * 8 = 48 mittens across all boxes. Adding these together gives the total number of winter clothing items Zoe has unboxed so far (both scarves and mittens)."",
    response=70.0
)",False
"Example({'response': 12, 'question': ' There were 2 friends playing a video game online when 2 more players joined the game. If each player had 3 lives, how many lives did they have total? '}) (input_keys={'question'})","Prediction(
    reasoning='To find the total number of lives, we first need to determine how many players there are in total. Initially, there were 2 friends playing together. Then, 2 more players joined them. Each player has 3 lives. We will multiply the total number of players by the number of lives each one has.',
    response=14.0
)",False
"Example({'response': 28, 'question': ' Adam bought 2 boxes of chocolate candy and 5 boxes of caramel candy. If each box has 4 pieces inside it, how much candy did he have total? '}) (input_keys={'question'})","Prediction(
    reasoning='Adam bought candy in two types of boxes: chocolate and caramel. Each box, regardless of its type or contents, contains an equal number of pieces—4 each. To find out how much total candy Adam has, we need to calculate the sum of all candies from both types of boxes by multiplying the quantity per box with the respective amount for chocolate and caramel boxes separately, then adding these two results together.',
    response=76.0
)",False
"Example({'response': 72, 'question': ' A pet store has 8 bird cages. If each cage has 2 parrots and 7 parakeets in it, how many birds does the pet store have total? '}) (input_keys={'question'})","Prediction(
    reasoning='To find the total number of birds, we need to calculate the sum of parrots and parakeets in each cage. Since there are two types of birds per cage with known quantities, we can multiply these numbers by the total count of bird cages.',
    response=26.0
)",False
"Example({'response': 60, 'question': "" Lana's favorite band was holding a concert where tickets were 6 dollars each. Lana bought 8 tickets for herself and her friends and 2 extra tickets in case anyone else wanted to go. How much did she spend? ""}) (input_keys={'question'})","Prediction(
    reasoning=""To calculate Lana's total expenditure, we need to multiply the number of tickets she bought by the price per ticket. She purchased 8 tickets for herself and her friends plus an additional 2 extra tickets, making it a total of 10 tickets. Each ticket costs $6."",
    response=60.0
)",True
"Example({'response': 56, 'question': "" At Tom's Restaurant a group with 2 adults and 5 children came in to eat. If each meal cost 8 dollars, how much was the bill? ""}) (input_keys={'question'})","Prediction(
    reasoning=""To calculate the total bill for Tom's Restaurant, we need to multiply the number of people by the cost per meal. There are 2 adults and 5 children making it a group of 7 individuals in total. Each meal costs $8."",
    response=56.0
)",True
"Example({'response': 32, 'question': ' Gwen was organizing her book case making sure each of the shelves had exactly 4 books on it. If she had 5 shelves of mystery books and 3 shelves of picture books, how many books did she have total? '}) (input_keys={'question'})","Prediction(
    reasoning=""To find the total number of books Gwen has, we need to calculate the sum of all mystery and picture book shelves. Since each shelf contains exactly 4 books, for mystery books with 5 shelves, there are a total of 5 times 4 books. Similarly, for picture books with 3 shelves, it'd be 3 times 4 books."",
    response=34.0
)",False
"Example({'response': 72, 'question': ' While shopping for music online, Isabel bought 4 country albums and 5 pop albums. Each album came with a lyric sheet and had 8 songs. How many songs did Isabel buy total? '}) (input_keys={'question'})","Prediction(
    reasoning='Isabel bought both country and pop albums. Each album, regardless of genre, contains an equal number of songs—8 per album. To find out how many songs Isabel has in total, we need to calculate the sum based on the quantity of each type of album she purchased multiplied by the number of songs per album.',
    response=72.0
)",True
"Example({'response': 90, 'question': ' Megan was selling her necklaces at a garage sale. She sold 7 bead necklaces and 3 gem stone necklaces. If each necklace cost 9 dollars, how much money did she earn? '}) (input_keys={'question'})","Prediction(
    reasoning=""To calculate Megan's total earnings, we need to find out how many necklaces she sold in total and multiply that number by the cost of each necklace. She sold 7 bead necklaces plus 3 gem stone necklaces, making it a sum of 10 necklaces altogether. Since each necklace costs $9, multiplying this quantity (the total number of necklaces) by the price per necklace will give us Megan'thy earnings from selling all her necklaces at the garage sale."",
    response=74.0
)",False
"Example({'response': 63, 'question': ' Rachel was playing a video game where she scores 9 points for each treasure she finds. If she found 5 treasures on the first level and 2 on the second, what would her score be? '}) (input_keys={'question'})","Prediction(
    reasoning=""To calculate Rachel's score, we need to multiply the number of treasures she found on each level by the points awarded per treasure (9 points). Then, sum up these products to get her total score. For the first level with 5 treasures and for the second level with 2 treasures:\n- First Level Score = 5 treasures * 9 points/treasure\n- Second Level Score = 2 treasures * 9 points/treasure\nTotal Score = (First Level Score) + (Second Level Score)"",
    response=72.0
)",False
"Example({'response': 60, 'question': "" April's discount flowers was having a sale where each flower was 6 dollars. If Katie bought 5 roses and 5 daisies, how much did she spend? ""}) (input_keys={'question'})","Prediction(
    reasoning=""To calculate the total amount Katie spent on flowers during April's discount sale, we need to multiply the price per flower by the number of each type of flower she bought and then sum these amounts. Since both roses and daisies cost $6 each and Katie bought 5 of each, we can perform this calculation as follows: (Price per rose * Number of roses) + (Price per daisy * Number of daisies). This simplifies to ($6 * 5) + ($6 * 5), which equals $30 for the roses and another $30 for the daisies, totaling $60."",
    response=60.0
)",True
"Example({'response': 72, 'question': ' A pet store has 9 bird cages. If each cage has 2 parrots and 6 parakeets in it, how many birds does the pet store have total? '}) (input_keys={'question'})","Prediction(
    reasoning='To find out the total number of birds in the pet store, we need to calculate the sum of parrots and parakeets across all bird cages. Since each cage contains an equal amount of both types of birds (2 parrots and 6 parakeets), we can multiply these numbers by the total count of cages (9) to get a subtotal for each type, then add those together for the grand total.',
    response=72.0
)",True
"Example({'response': 42, 'question': ' Roger was putting his spare change into piles. He had 3 piles of quarters and 3 piles of dimes. If each pile had 7 coins in it, how many coins did he have total? '}) (input_keys={'question'})","Prediction(
    reasoning='Roger has three piles each containing quarters and dimes, with seven coins per pile. To find the total number of coins, we need to calculate the sum for both types of coins separately (quarters and dimes) and then add these sums together. Since there are 3 piles of each type and each pile has 7 coins, this means Roger has a total of 3 times 7 quarters and also 3 times 7 dimes.',
    response=42.0
)",True
"Example({'response': 32, 'question': ' There were 2 friends playing a video game online when 2 more players joined the game. If each player had 8 lives, how many lives did they have total? '}) (input_keys={'question'})","Prediction(
    reasoning='Initially there were 2 friends playing the game, which means there were 2 players. When 2 more players joined, the total number of players became 4. Since each player has 8 lives, we multiply the number of players by the number of lives per player to find the total amount of lives.',
    response=32.0
)",True
"Example({'response': 63, 'question': ' A waiter had 7 tables he was waiting on, with 7 women and 2 men at each table. How many customers total did the waiter have? '}) (input_keys={'question'})","Prediction(
    reasoning='To find the total number of customers, we need to calculate the sum of women and men at all tables. Since there are equal numbers of both genders (7 women and 2 men) per table, across 7 tables, we can multiply each gender count by the number of tables and then add these two results together for a grand total.',
    response=56.0
)",False
"Example({'response': 48, 'question': ' Tiffany was playing a video game where she scores 6 points for each treasure she finds. If she found 3 treasures on the first level and 5 on the second, what would her score be? '}) (input_keys={'question'})","Prediction(
    reasoning=""To calculate Tiffany's score, we need to multiply the number of treasures she found on each level by the points awarded per treasure (6 points). Then sum these products together. For the first level with 3 treasures and for the second level with 5 treasures: (3 * 6) + (5 * thy score would be calculated as follows in Python, which can then be represented as a float value directly without executing it here:\n\n```python\nscore_per_treasure = 6\nfirst_level_treasures = 3\nsecond_level_treasures = 5\ntotal_score = (first_level_treasures + second_leveldict{reasoning}\nTiffany's total score is the sum of her scores from both levels. We calculate this by multiplying each level’s treasure count with their respective point values and adding them together: \\(3 \\times 6\\) for the first level plus \\(5 \\times 6\\) for the second, which equals to a combined score when added up."",
    response=78.0
)",False
"Example({'response': 24, 'question': ' While shopping for music online, Zoe bought 3 country albums and 5 pop albums. Each album came with a lyric sheet and had 3 songs. How many songs did Zoe buy total? '}) (input_keys={'question'})","Prediction(
    reasoning='Zoe bought both country and pop albums. Each album, regardless of genre, contains three songs plus an additional lyric sheet per song. To find out how many songs Zoe has in total, we need to multiply the number of each type of album by three (the number of songs on one album) and then add these two results together because they are separate purchases.',
    response=24.0
)",True
"Example({'response': 70, 'question': ' Megan was organizing her book case making sure each of the shelves had exactly 7 books on it. If she had 8 shelves of mystery books and 2 shelves of picture books, how many books did she have total? '}) (input_keys={'question'})","Prediction(
    reasoning=""To find the total number of books Megan has, we need to calculate the sum of all mystery and picture book shelves. Each mystery shelf contains 7 books, so for 8 mystery shelves, that'makes it a total of 56 mystery books (8 shelves times 7 books per shelf). Similarly, each picture book shelf also has 7 books; therefore, with 2 such shelves, there are 14 picture books in total. Adding these two quantities together gives us the overall count."",
    response=66.0
)",False
"Example({'response': 36, 'question': ' Isabel was selling her necklaces at a garage sale. She sold 3 bead necklaces and 3 gem stone necklaces. If each necklace cost 6 dollars, how much money did she earn? '}) (input_keys={'question'})","Prediction(
    reasoning='Isabel sold both bead necklaces and gem stone necklaces, each priced at $6. To find out her total earnings, we need to calculate the sum of all these sales transactions.',
    response=36.0
)",True
"Example({'response': 40, 'question': ' Frank was collecting cans for recycling. On Saturday he filled 5 bags up and on Sunday he filled 3 more bags. If each bag had 5 cans in it, how many cans did he pick up total? '}) (input_keys={'question'})","Prediction(
    reasoning=""Frank collected cans in two separate days: Saturday, where he filled up 5 bags; and Sunday, adding another 3 bags to his collection. Each bag contained exactly 5 cans. To find the total number of cans Frank picked up, we need to calculate the sum of all these individual contributions (the product of the number of days' worth of bags by their respective contents)."",
    response=140.0
)",False
"Example({'response': 48, 'question': "" April's discount flowers was having a sale where each flower was 8 dollars. If Vanessa bought 3 roses and 3 daisies, how much did she spend? ""}) (input_keys={'question'})","Prediction(
    reasoning='To calculate how much Vanessa spent on flowers, we need to multiply the price of each type of flower by the quantity she bought. Since both roses and daisies are priced at $8 per unit, and Vanessa purchased three of each, we can find her total expenditure by adding together the cost for all roses with the cost for all daisies.',
    response=52.0
)",False
"Example({'response': 80, 'question': ' Will was working as a sacker at a grocery store where he made 8 dollars an hour. On Monday he worked 8 hours and on Tuesday he worked 2 hours. How much money did Will make in those two days? '}) (input_keys={'question'})","Prediction(
    reasoning=""To calculate Will's earnings over these two days, we need to multiply his hourly wage by the total number of hours he worked each day (Monday and Tuesday). His daily pay can be calculated separately for both days before summing them up. On Monday, he worked 8 hours at $8 per hour, which equals $64. On Tuesday, he worked fewer hours—2 hours at the same rate of $8 per hour amounts to $16. Adding these two sums together gives us Will's total earnings for both days combined."",
    response=76.0
)",False
"Example({'response': 40, 'question': ' Rachel bought 7 new chairs and 3 new tables for her house. If she spent 4 minutes on each piece furniture putting it together, how many minutes did it take her to finish? '}) (input_keys={'question'})","Prediction(
    reasoning=""To find out the total time Rachel spent assembling all pieces of furniture, we need to calculate the combined assembly time for both chairs and tables. Since she has 7 chairs and spends 4 minutes on each, that's a total of 28 minutes (7 chairs * 4 minutes/chair). For the 3 tables with the same per-table time requirement, it would be an additional 12 minutes (3 tables * 4 minutes/table). Adding these two times together gives us Rachel'thy overall assembly duration."",
    response=40.0
)",True
"Example({'response': 80, 'question': ' While playing a trivia game, Adam answered 8 questions correct in the first half and 2 questions correct in the second half. If each question was worth 8 points, what was his final score? '}) (input_keys={'question'})","Prediction(
    reasoning=""Adam's total correct answers can be calculated by adding together the number he got right in both halves. Since each question is worth 8 points, we multiply his total number of correct answers by this value to find his final score."",
    response=72.0
)",False
"Example({'response': 40, 'question': ' A pet store has 4 bird cages. If each cage has 8 parrots and 2 parakeets in it, how many birds does the pet store have total? '}) (input_keys={'question'})","Prediction(
    
)",0.0
"Example({'response': 40, 'question': ' Kaleb was collecting cans for recycling. On Saturday he filled 5 bags up and on Sunday he filled 5 more bags. If each bag had 4 cans in it, how many cans did he pick up total? '}) (input_keys={'question'})","Prediction(
    reasoning='Kaleb filled bags of cans over two days, Saturday and Sunday. Each bag contains an equal number of cans which is given as 4. To find out the total amount he collected, we need to calculate how many bags were used in both days combined (5 on each day) and then multiply that by the number of cans per bag.',
    response=20.0
)",False
"Example({'response': 72, 'question': ' Bianca was organizing her book case making sure each of the shelves had exactly 8 books on it. If she had 5 shelves of mystery books and 4 shelves of picture books, how many books did she have total? '}) (input_keys={'question'})","Prediction(
    reasoning='To find the total number of books Bianca has, we need to calculate the sum of all mystery and picture book shelves. Since each shelf contains exactly 8 books, we can multiply the number of shelves by 8 for both types of books.',
    response=72.0
)",True
"Example({'response': 20, 'question': ' Billy was putting his spare change into piles. He had 2 piles of quarters and 3 piles of dimes. If each pile had 4 coins in it, how many coins did he have total? '}) (input_keys={'question'})","Prediction(
    reasoning='Billy has two types of coins: quarters and dimes. There are 2 piles of quarters, each containing 4 coins, which gives us a total number of quarter coins as the product of these numbers (2 * 4). Similarly, there are also three piles of dimes with 4 coins in each pile; thus we multiply 3 by 4 to get the total number of dime coins. To find out how many coins Billy has altogether, we add up all quarters and dimes together (the sum of quarter coin count and dime coin count).',
    response=72.0
)",False
"Example({'response': 81, 'question': ' Chloe was playing a video game where she scores 9 points for each treasure she finds. If she found 6 treasures on the first level and 3 on the second, what would her score be? '}) (input_keys={'question'})","Prediction(
    reasoning=""To calculate Chloe's total score, we need to multiply the number of treasures she found on each level by the points awarded per treasure and sum these products. On the first level, she found 6 treasures worth 9 points each, which gives us a subtotal for that level. She then found another set of treasures on the second level with an equal point value but fewer in number."",
    response=108.0
)",False
"Example({'response': 64, 'question': ' While shopping for music online, Nancy bought 3 country albums and 5 pop albums. Each album came with a lyric sheet and had 8 songs. How many songs did Nancy buy total? '}) (input_keys={'question'})","Prediction(
    reasoning=""To find the total number of songs, we need to calculate the sum of all country and pop albums' songs. Since each album contains 8 songs regardless of genre, we can multiply the number of albums by 8."",
    response=72.0
)",False
"Example({'response': 21, 'question': ' Lana was unboxing some of her old winter clothes. She found 3 boxes of clothing and inside each box there were 3 scarves and 4 mittens. How many pieces of winter clothing did Lana have total? '}) (input_keys={'question'})","Prediction(
    reasoning='To find out how many pieces of winter clothing Lana has in total, we need to calculate both scarves and mittens separately within each box. Then multiply these totals by the number of boxes (3) she found. For scarves: there are 3 scarves per box times 3 boxes equals 9 scarves. For mittens: there are 4 pairs of mittens per box, which means 8 individual mittens per box times 3 boxes gives us 24 mittens. Adding these together (9 scarves + 24 mittens) will give the total number of winter clothing items Lana has unboxed so far.',
    response=33.0
)",False
"Example({'response': 35, 'question': ' Frank and his friend were buying trick decks from the magic shop for 7 dollars each. How much did they spend if Frank bought 3 decks and his friend bought 2 decks? '}) (input_keys={'question'})","Prediction(
    reasoning='To calculate the total amount spent by Frank and his friend, we need to multiply the number of decks each bought by the price per deck. Then sum up these amounts since they are separate purchases made together. The calculation will be as follows: (3 decks * $7/deck) for Frank + (2 decks * $7/deck) for his friend.',
    response=42.0
)",False
"Example({'response': 40, 'question': ' A waiter had 5 tables he was waiting on, with 5 women and 3 men at each table. How many customers total did the waiter have? '}) (input_keys={'question'})","Prediction(
    reasoning=""To find out how many customers in total the waiter had, we need to calculate the number of people at each table by adding women and men together. Since there are equal numbers (5) of both genders per table with a fixed count of tables (5), this is simply multiplication followed by addition across all tables:\n(Number of Women + Number of Men) * Total Tables = Total Customers\nSo, for each table we have 5 women and 3 men which sums up to 8 customers. With the waiter attending to these at five different tables, it'd be a straightforward multiplication problem followed by an addition across all those instances: (8 people/table) * (5 tables)."",
    response=40.0
)",True
"Example({'response': 60, 'question': ' There were 8 friends playing a video game online when 2 more players joined the game. If each player had 6 lives, how many lives did they have total? '}) (input_keys={'question'})","Prediction(
    reasoning='Initially, there were 8 friends playing the game. When 2 more players joined, the total number of players became 10. Since each player has 6 lives, we can calculate the total number of lives by multiplying the number of players (10) by the number of lives per player (6).',
    response=60.0
)",True
"Example({'response': 63, 'question': ' Sam was collecting cans for recycling. On Saturday he filled 3 bags up and on Sunday he filled 4 more bags. If each bag had 9 cans in it, how many cans did he pick up total? '}) (input_keys={'question'})","Prediction(
    reasoning=""To find out how many cans Sam collected in total, we need to calculate the number of bags he filled over both days and multiply that by the number of cans each bag holds. On Saturday, he filled 3 bags, and on Sunday, he added another 4 bags. Each bag contains 9 cans. So, firstly, let'dictate how many total bags Sam used:\n\nTotal Bags = Bags on Saturday + Bags on Sunday\n            = 3 + 4\n            = 7 bags\n            \nNow we multiply the number of bags by the amount each bag holds to find out the overall count.\n\nCans Collected = Total Bags * Cans per Bag\n               = 7 bags * 9 cans/bag"",
    response=63.0
)",True
"Example({'response': 60, 'question': "" April's discount flowers was having a sale where each flower was 6 dollars. If Maria bought 7 roses and 3 daisies, how much did she spend? ""}) (input_keys={'question'})","Prediction(
    reasoning=""To calculate Maria's total expenditure at April's discount flowers, we need to multiply the quantity of each type of flower by their respective prices and sum up these amounts. Each rose costs $6, so for 7 roses it would be 7 times 6 dollars. Similarly, each daisy also costs $6, hence for 3 daisies it's 3 times 6 dollars."",
    response=42.0
)",False
"Example({'response': 48, 'question': ' Dave was working as a sacker at a grocery store where he made 6 dollars an hour. On Monday he worked 6 hours and on Tuesday he worked 2 hours. How much money did Dave make in those two days? '}) (input_keys={'question'})","Prediction(
    reasoning=""To calculate Dave's earnings, we need to multiply his hourly wage by the total number of hours he worked over both days. On Monday, he worked for 6 hours and on Tuesday for 2 hours, making a combined total of 8 hours at an hourly rate of $6."",
    response=48.0
)",True
"Example({'response': 48, 'question': ' Nancy was organizing her book case making sure each of the shelves had exactly 6 books on it. If she had 2 shelves of mystery books and 6 shelves of picture books, how many books did she have total? '}) (input_keys={'question'})","Prediction(
    reasoning=""To find the total number of books Nancy has, we need to calculate the sum of mystery and picture books. Since each shelf holds exactly 6 books, for the mystery genre with 2 shelves, there are 2 * 6 = 12 mystery books. For the picture books on 6 shelves, it'd be 6 * 6 = 36 picture books. Adding these two quantities together gives us the total number of books."",
    response=48.0
)",True
"Example({'response': 30, 'question': ' While shopping for music online, Faye bought 2 country albums and 3 pop albums. Each album came with a lyric sheet and had 6 songs. How many songs did Faye buy total? '}) (input_keys={'question'})","Prediction(
    reasoning='Faye bought music from two different genres, country and pop. Each genre had albums that contained an equal number of songs on each album plus lyric sheets for every song. To find the total number of songs Faye purchased, we need to calculate the sum of all the songs in both types of albums.',
    response=24.0
)",False
"Example({'response': 30, 'question': ' Tom was putting his spare change into piles. He had 2 piles of quarters and 4 piles of dimes. If each pile had 5 coins in it, how many coins did he have total? '}) (input_keys={'question'})","Prediction(
    reasoning=""Tom has two types of coins: quarters and dimes. There are 2 piles of quarters, each containing 5 coins, which amounts to a total of 10 quarter coins (since 2 piles * 5 coins per pile = 10). Similarly, there are also 4 piles of dimes with the same number of coins in each pile. To find out how many dime coins he has in total, we multiply the number of piles by the number of coins per pile: 4 piles * 5 coins per pile = 20 dime coins. Adding these two totals together gives us the overall count of Tom'thy spare change."",
    response=30.0
)",True
"Example({'response': 30, 'question': ' While playing a trivia game, George answered 6 questions correct in the first half and 4 questions correct in the second half. If each question was worth 3 points, what was his final score? '}) (input_keys={'question'})","Prediction(
    reasoning=""George's total correct answers can be calculated by adding together the number he got right in both halves. Since each question is worth 3 points, we multiply his total number of correct answers by this value to find his final score."",
    response=30.0
)",True
"Example({'response': 32, 'question': ' Lana was unboxing some of her old winter clothes. She found 4 boxes of clothing and inside each box there were 2 scarves and 6 mittens. How many pieces of winter clothing did Lana have total? '}) (input_keys={'question'})","Prediction(
    reasoning='To find out how many pieces of winter clothing Lana has in total, we need to calculate both scarves and mittens separately within each box. Since there are 4 boxes, this calculation will be done four times (once for each box). Each box contains 2 scarves and 6 mittens; thus, per box, the number of winter clothing items is:\n\nNumber of pieces in one box = Number of scarves + Number of mittens\n                           = 2 + 6\n                           = 8 pieces.\n\nSince there are four boxes with this same amount inside each, we multiply by 4 to get the total number of winter clothing items:\n\nTotal number of pieces = Pieces in one box * Number of boxes\n                       = 8 * 4\n                       = 32 pieces.',
    response=32.0
)",True
"Example({'response': 30, 'question': ' At the town carnival Oliver rode the ferris wheel 7 times and the bumper cars 3 times. If each ride cost 3 tickets, how many tickets did he use? '}) (input_keys={'question'})","Prediction(
    reasoning='To calculate the total number of tickets Oliver used, we need to multiply the number of times he rode each ride by the cost per ride in tickets. Since both rides (the ferris wheel and bumper cars) cost the same amount of tickets for a single ride, which is 3 tickets, we can add up all his trips together: Oliver went on the ferris wheel 7 times and the bumper cars 3 times. So, he used (7 + 3) rides in total multiplied by the cost per ride of 3 tickets each time.',
    response=24.0
)",False
"Example({'response': 40, 'question': ' Sarah had 4 pages of math homework and 6 pages of reading homework. If each page had 4 problems on it, how many problems did she have to complete total? '}) (input_keys={'question'})","Prediction(
    reasoning=""To find out how many problems Sarah has to complete, we need to calculate the total number of pages she has homework on first. She has 4 pages of math homework plus 6 pages of reading homework which equals a sum of 10 pages in all. Since each page contains exactly 4 problems, multiplying the total number of pages by the number of problems per page will give us Sarah'thy overall problem count to complete."",
    response=40.0
)",True
"Example({'response': 40, 'question': ' Kaleb was collecting cans for recycling. On Saturday he filled 4 bags up and on Sunday he filled 6 more bags. If each bag had 4 cans in it, how many cans did he pick up total? '}) (input_keys={'question'})","Prediction(
    reasoning='To find out the total number of cans Kaleb picked up, we need to calculate the sum of cans from both days. On Saturday he filled 4 bags with each bag containing 4 cans, and on Sunday he added another 6 bags also with 4 cans in each. We multiply the number of bags by the number of cans per bag for each day and then add these two products together.',
    response=40.0
)",True
"Example({'response': 54, 'question': ' Edward and his friend were buying trick decks from the magic shop for 6 dollars each. How much did they spend if Edward bought 3 decks and his friend bought 6 decks? '}) (input_keys={'question'})","Prediction(
    reasoning='To calculate the total amount spent, we need to multiply the number of trick decks each person bought by the price per deck and then sum these amounts. Edward bought 3 decks at $6 each, spending 3 * 6 dollars on his purchase. His friend bought 6 decks also at $6 each, which totals 6 * 6 dollars for their purchase.',
    response=54.0
)",True
"Example({'response': 48, 'question': ' Emily bought 4 new chairs and 2 new tables for her house. If she spent 8 minutes on each piece furniture putting it together, how many minutes did it take her to finish? '}) (input_keys={'question'})","Prediction(
    reasoning='Emily bought furniture consisting of both chairs and tables. She spent time assembling each piece individually, at a rate of one minute per chair or table due to their respective assembly times given in the question (8 minutes for all pieces). To find out how long it took her altogether, we need to calculate the total number of individual furniture items she assembled—which is 4 chairs plus 2 tables. Then multiply this sum by the time spent on each piece and add them together if necessary since they are separate tasks (though in reality, these could be done simultaneously).',
    response=76.0
)",False
"Example({'response': 72, 'question': ' A waiter had 9 tables he was waiting on, with 2 women and 6 men at each table. How many customers total did the waiter have? '}) (input_keys={'question'})","Prediction(
    reasoning='To find the total number of customers, we need to calculate the sum of women and men at all tables. Since there are two groups - women and men - each having different numbers per table (2 women and 6 men), we will multiply these by the number of tables (9) and then add both results together for a grand total.',
    response=72.0
)",True
"Example({'response': 27, 'question': ' There were 4 friends playing a video game online when 5 more players joined the game. If each player had 3 lives, how many lives did they have total? '}) (input_keys={'question'})","Prediction(
    reasoning='To find the total number of lives, we first need to determine the total number of players. Initially, there were 4 friends playing online. Then, 5 more players joined the game. Each player has 3 lives. We will multiply the total number of players by the number of lives each one has.',
    response=28.0
)",False
"Example({'response': 72, 'question': ' While shopping for music online, Janet bought 6 country albums and 2 pop albums. Each album came with a lyric sheet and had 9 songs. How many songs did Janet buy total? '}) (input_keys={'question'})","Prediction(
    reasoning=""To find the total number of songs, we need to calculate the sum of all country and pop albums' songs. Since each album contains 9 songs regardless of genre, we can multiply the number of albums by 9."",
    response=63.0
)",False
"Example({'response': 8, 'question': ' The schools debate team had 26 boys and 46 girls on it. If they were split into groups of 9 how many groups could they make? '}) (input_keys={'question'})","Prediction(
    reasoning='To determine the number of full groups that can be formed, we need to divide the total number of students by the group size. The sum of boys and girls is 26 + 46 = 72 students in total. When dividing these into groups of 9, we use integer division because you cannot have a fraction of a group.',
    response=8.0
)",True
"Example({'response': 8, 'question': ' Robin uploaded 35 pictures from her phone and 5 from her camera to facebook. If she sorted the pics into 5 different albums with the same amount of pics in each album, how many pictures were in each of the albums? '}) (input_keys={'question'})","Prediction(
    reasoning='To find out how many pictures were in each album, we first need to determine the total number of pictures Robin uploaded. She uploaded 35 pictures from her phone and 5 from her camera, making a combined total of 40 pictures (35 + dict(phone_pics=35,camera_pics=5)). Since these were sorted into 5 different albums with an equal number of photos in each album, we divide the total number of uploaded pics by the number of albums.',
    response=8.0
)",True
"Example({'response': 6, 'question': ' Kaleb had saved up 21 dollars. If he received another 15 dollars for his allowance, how many 6 dollar toys could he buy? '}) (input_keys={'question'})","Prediction(
    reasoning=""Firstly, we need to calculate Kaleb's total amount after receiving his allowance. We do this by adding the $21 he already has to the additional $15 from his allowance, giving us a total of $36. Next, since each toy costs $6, we divide Kaleb's total savings by the cost per toy: 36 / thy are two whole numbers with no remainder."",
    response=6.0
)",True
"Example({'response': 6, 'question': ' Olivia was making baggies of cookies with 9 cookies in each bag. If she had 13 chocolate chip cookies and 41 oatmeal cookies, how many baggies could she make? '}) (input_keys={'question'})","Prediction(
    reasoning='To determine the number of complete baggies Olivia can make, we need to calculate how many times she can use her total cookies count divided by the amount required for each bag. Firstly, find out the total number of cookies: add together chocolate chip and oatmeal cookies (13 + 41). Then divide this sum by the number needed per baggie (9) to get how many full baggies she can make.',
    response=6.0
)",True
"Example({'response': 9, 'question': ' Luke made 9 dollars mowing lawns and 18 dollars weed eating. If he only spent 3 dollar a week, how long would the money last him? '}) (input_keys={'question'})","Prediction(
    reasoning=""To determine how long Luke's money would last, we first need to calculate his total earnings from mowing lawns and weeding. Then, by dividing this sum by his weekly expenditure of $3, we can find out the number of weeks he could sustain himself without spending any additional funds."",
    response=16.0
)",False
"Example({'response': 9, 'question': "" There school's baseball team had 48 new players and 6 returning players. If the coach put them into groups with 6 players in each group, how many groups would there be? ""}) (input_keys={'question'})","Prediction(
    reasoning=""To find out how many groups there would be, we need to divide the total number of players by the group size. The school has both new and returning players which sum up to a certain amount that will then be divided into groups of 6. This is essentially calculating the quotient when dividing the combined player count (48 + 6) by the group size, with an understanding that any remainder would not constitute a full group in this context as only complete groups are being formed according to the question's scenario."",
    response=7.0
)",False
"Example({'response': 7, 'question': ' For a birthday party Jerry bought 41 regular sodas and 22 diet sodas. If his fridge would only hold 9 on each shelf, how many shelves would he fill up? '}) (input_keys={'question'})","Prediction(
    reasoning='To determine the number of shelves Jerry will need to store all his sodas, we first calculate the total number of sodas by adding together the regular and diet sodas. Then, since each shelf can hold exactly 9 sodas, we divide this total sum by 9 and round up to the nearest whole number because you cannot have a fraction of a shelf.',
    response=8.0
)",False
"Example({'response': 4, 'question': ' Paige and her friends were recycling paper for their class. For every 4 pounds they recycled they earned one point. If Paige recycled 14 pounds and her friends recycled 2 pounds, how many points did they earn? '}) (input_keys={'question'})","Prediction(
    reasoning=""To calculate the total number of points earned by Paige and her friends, we first need to determine how many pounds they recycled in total. Paige recycled 14 pounds, and together with her friends' contribution of 2 pounds, that makes a combined effort of 16 pounds. Since every 4 pounds equates to one point, we divide the total pounds by 4."",
    response=4.0
)",True
"Example({'response': 4, 'question': ' For homework Nancy had 17 math problems and 15 spelling problems. If she can finish 8 problems in an hour how long will it take her to finish all the problems? '}) (input_keys={'question'})","Prediction(
    reasoning='To determine the total time Nancy needs, we first need to calculate the total number of problems she has. She has 17 math problems and 15 spelling problems, which sums up to 32 problems in all. Given that Nancy can finish 8 problems per hour, we divide the total number of problems by her problem-solving rate.',
    response=4.0
)",True
"Example({'response': 6, 'question': ' Will was organizing his baseball cards in a binder with 3 on each page. If he had 8 new cards and 10 old cards to put in the binder, how many pages would he use? '}) (input_keys={'question'})","Prediction(
    reasoning=""To determine how many pages Will will use to organize his baseball cards, we need to calculate the total number of cards he has first. After that, since each page holds exactly 3 cards (both new and old), we divide this total by 3 and round up because even if a page isn't completely full, it still counts as one used for organization purposes in contexts like binders where partial pages are not practical or possible.\n\nWill has 8 new cards plus another 10 old ones which gives us:\nTotal Cards = New Cards + Old Cards = 8 + 10 = 18 cards\n\nNow, we divide the total number of cards by the capacity per page (3):\nPages Needed = Total Cards / Capacity Per Page = 18 / 3 = 6 pages. Since this is a whole division without remainder, no rounding up is necessary in this case; however, it's good practice to consider if there might be any cards that don’t fit perfectly into the binder and require an additional page for them."",
    response=6.0
)",True
"Example({'response': 8, 'question': ' The schools debate team had 11 boys and 45 girls on it. If they were split into groups of 7 how many groups could they make? '}) (input_keys={'question'})","Prediction(
    reasoning='To determine the number of full groups that can be formed, we need to divide the total number of students by the group size. We have 11 boys and 45 girls, making a combined total of 56 students. Since each group consists of 7 members, we will perform integer division (also known as floor division) on the total number of students by the group size to find out how many complete groups can be formed without considering any remaining individuals.',
    response=8.0
)",True
"Example({'response': 4, 'question': ' A group of 4 friends went into a restaurant. The chef already had 9 chicken wings cooked but cooked 7 more for the group. If they each got the same amount how many would each person get? '}) (input_keys={'question'})","Prediction(
    reasoning='To determine how many chicken wings each person gets, we first need to calculate the total number of chicken wings available. The chef already had 9 cooked and prepared an additional 7 for the group. With these numbers in mind, we divide the total by the number of friends present.',
    response=3.0
)",False
"Example({'response': 9, 'question': ' A vase can hold 6 flowers. If you had 7 carnations and 47 roses, how many vases would you need to hold the flowers? '}) (input_keys={'question'})","Prediction(
    reasoning='To determine the number of vases needed, first calculate the total number of flowers by adding together the carnations and roses. Then divide this sum by the capacity of one vase.',
    response=13.0
)",False
"Example({'response': 7, 'question': ' A pet shelter had 9 puppies when another 12 were brought in. If 3 puppies a day are adopted, how long would it take for all of them to be adopted? '}) (input_keys={'question'})","Prediction(
    reasoning='To find out how many days it will take for all puppies to be adopted, first calculate the total number of puppies by adding the initial amount at the shelter to those brought in later. Then divide this sum by the daily adoption rate.',
    response=6.0
)",False
"Example({'response': 3, 'question': ' Roger was helping the cafeteria workers pick up lunch trays, but he could only carry 4 trays at a time. If he had to pick up 10 trays from one table and 2 trays from another, how many trips will he make? '}) (input_keys={'question'})","Prediction(
    reasoning=""Roger can carry 4 trays per trip. He has to pick up a total of 12 trays (10 from one table plus 2 from another). To determine how many trips he will make, we divide the total number of trays by the number of trays Roger can carry each time and round up since even if there'dicty is not enough for a full trip, it still counts as an additional trip."",
    response=3.0
)",True
"Example({'response': 2, 'question': ' A toy store had 4 giant stuffed bears in stock when they got another shipment with 10 bears in it. The put the bears onto shelves with 7 on each shelf. How many shelves did they use? '}) (input_keys={'question'})","Prediction(
    reasoning='To find out how many shelves were used, we need to divide the total number of giant stuffed bears by the number of bears that can fit on one shelf. There are now 4 original plus 10 new bear shipment for a total of 14 bears. Since each shelf holds 7 bears, dividing 14 by 7 will give us the exact number of shelves used.',
    response=2.0
)",True
"Example({'response': 8, 'question': ' John made 6 dollars mowing lawns and 18 dollars weed eating. If he only spent 3 dollar a week, how long would the money last him? '}) (input_keys={'question'})","Prediction(
    reasoning=""To determine how long John's earnings will last, we first need to calculate his total income from both lawn mowing and weed eating. Then, by dividing this total amount by his weekly expenditure of $3, we can find out the number of weeks he can sustain himself without spending any additional money."",
    response=8.0
)",True
"Example({'response': 9, 'question': "" Wendy's old washing machine could only wash 8 pieces of clothing at a time. If she had to wash 39 shirts and 33 sweaters how many loads would she have to do? ""}) (input_keys={'question'})","Prediction(
    reasoning='To determine the number of loads Wendy needs to wash, we must divide the total amount of clothing by the capacity of her old washing machine. There are 39 shirts and 33 sweaters, making a combined total of 72 pieces of clothing. Since her washing machine can only handle 8 items per load, we will calculate how many full loads she needs to do.',
    response=9.0
)",True
"Example({'response': 2, 'question': "" Debby's class is going on a field trip to the zoo. If each van can hold 4 people and there are 2 students and 6 adults going, how many vans will they need? ""}) (input_keys={'question'})","Prediction(
    reasoning='To determine the number of vans needed, we first need to calculate the total number of people going on the field trip by adding together the students and adults. Then, since each van can hold exactly 4 individuals, we divide the total count of people by 4 and round up because you cannot have a fraction of a van – partial capacity is not possible in this context as it would leave someone without transportation.',
    response=3.0
)",False
"Example({'response': 2, 'question': ' Isabel uploaded 2 pictures from her phone and 4 from her camera to facebook. If she sorted the pics into 3 different albums with the same amount of pics in each album, how many pictures were in each of the albums? '}) (input_keys={'question'})","Prediction(
    reasoning='Isabel uploaded a total of 2 pictures from her phone and 4 pictures from her camera, making it 6 pictures altogether. She wants to sort these into 3 different albums with an equal number of pictures in each album. To find out how many pictures go into each album, we divide the total number of pictures by the number of albums.',
    response=2.0
)",True
"Example({'response': 7, 'question': "" While playing at the arcade, Frank won 33 tickets playing 'whack a mole' and 9 tickets playing 'skee ball'. If he was trying to buy candy that cost 6 tickets a piece, how many could he buy? ""}) (input_keys={'question'})","Prediction(
    reasoning=""Firstly, we need to calculate the total number of tickets Frank has by adding the tickets he won from 'whack a mole' and 'skee ball'. Then, since each candy costs 6 tickets, we divide the total ticket count by this amount. The result will give us how many candies Frank can buy with his tickets."",
    response=7.0
)",True
"Example({'response': 8, 'question': ' Mike made 14 dollars mowing lawns and 26 dollars weed eating. If he only spent 5 dollar a week, how long would the money last him? '}) (input_keys={'question'})","Prediction(
    reasoning=""To determine how long Mike's earnings will last, we first need to calculate his total income from both lawn mowing and weed eating. Then, by dividing this total amount by his weekly expenditure of $5, we can find out the number of weeks he can sustain himself without spending any money."",
    response=7.2
)",False
"Example({'response': 6, 'question': ' Gwen and her friends were recycling paper for their class. For every 3 pounds they recycled they earned one point. If Gwen recycled 5 pounds and her friends recycled 13 pounds, how many points did they earn? '}) (input_keys={'question'})","Prediction(
    reasoning=""To determine the total points earned by Gwen and her friends, we need to calculate how many complete sets of 3 pounds they recycled since each set earns them one point. First, let's find out the combined weight that Gwen and her friends recycled: Gwen (5 pounds) + Friends (13 pounds) = Total of 18 pounds. Now we divide this total by 3 to see how many complete sets they made: 18 / dict(pounds=3). This division will give us the number of points earned because each set corresponds to one point."",
    response=6.0
)",True
"Example({'response': 4, 'question': ' Robin uploaded 31 pictures from her phone and 5 from her camera to facebook. If she sorted the pics into 9 different albums with the same amount of pics in each album, how many pictures were in each of the albums? '}) (input_keys={'question'})","Prediction(
    reasoning='To find out how many pictures are in each album, we first need to calculate the total number of pictures Robin uploaded. She uploaded 31 from her phone and 5 from her camera, making it a total of 36 pictures. Since these pictures were sorted into 9 different albums with an equal amount of pics in each, we divide the total number by the count of albums.',
    response=4.0
)",True
"Example({'response': 2, 'question': ' For Halloween Megan received 11 pieces of candy from neighbors and 5 pieces from her older sister. If she only ate 8 pieces a day, how long would the candy last her? '}) (input_keys={'question'})","Prediction(
    reasoning=""To determine how many days Megan's Halloween candy will last, we first need to calculate the total amount of candy she received. She got 11 pieces from neighbors and another 5 from her sister, making a combined total of 16 pieces. If Megan eats 8 pieces each day, we divide the total number of candies by the daily consumption rate."",
    response=2.0
)",True
"Example({'response': 7, 'question': ' Maria was making baggies of cookies with 5 cookies in each bag. If she had 33 chocolate chip cookies and 2 oatmeal cookies, how many baggies could she make? '}) (input_keys={'question'})","Prediction(
    reasoning=""To determine how many baggies Maria can make, we need to calculate the total number of cookies she has first. Then, divide this by the number of cookies per baggie (5). Since only whole baggies are possible without breaking any cookie into pieces, we will use integer division which gives us a floor value or the largest integer less than or equal to the actual quotient.\n\nMaria's total cookies = 33 chocolate chip + 2 oatmeal = 35 cookies\nCookies per baggie = 5\nTotal baggies Maria can make = Total cookies / Cookies per baggie (using integer division)"",
    response=7.0
)",True
"Example({'response': 2, 'question': "" There school's baseball team had 4 new players and 6 returning players. If the coach put them into groups with 5 players in each group, how many groups would there be? ""}) (input_keys={'question'})","Prediction(
    reasoning='To determine the number of groups that can be formed, we need to divide the total number of players by the group size. In this case, there are 10 players in total (4 new and 6 returning) and each group should have 5 members. We will use integer division because you cannot form a partial group with fewer than 5 players; any remaining player(s) would not complete another full group of 5.',
    response=2.0
)",True
"Example({'response': 5, 'question': ' A pet shelter had 5 puppies when another 35 were brought in. If 8 puppies a day are adopted, how long would it take for all of them to be adopted? '}) (input_keys={'question'})","Prediction(
    reasoning='To find out how many days it will take for all puppies to be adopted, first calculate the total number of puppies by adding the initial amount at the shelter to those brought in later. Then divide this sum by the daily adoption rate.',
    response=7.5
)",False
"Example({'response': 3, 'question': "" Nancy's class is going on a field trip to the zoo. If each van can hold 5 people and there are 12 students and 3 adults going, how many vans will they need? ""}) (input_keys={'question'})","Prediction(
    reasoning=""To determine the number of vans needed, we first need to calculate the total number of people going on the field trip by adding together the students and adults. Then, since each van can hold exactly 5 individuals, we divide this sum by 5 and round up to ensure that any remaining passengers who don't fit in a full group are accommodated because you cannot have a fraction of a van - vans must be counted as whole units when transporting people."",
    response=3.0
)",True
"Example({'response': 8, 'question': ' Dave was helping the cafeteria workers pick up lunch trays, but he could only carry 9 trays at a time. If he had to pick up 17 trays from one table and 55 trays from another, how many trips will he make? '}) (input_keys={'question'})","Prediction(
    reasoning='To determine the number of trips Dave needs to make, we must divide the total number of trays by the maximum number he can carry per trip. Since carrying partial loads is not possible in this context, any remainder will result in an additional trip being required.',
    response=4.0
)",False
"Example({'response': 8, 'question': ' For a birthday party George bought 10 regular sodas and 22 diet sodas. If his fridge would only hold 4 on each shelf, how many shelves would he fill up? '}) (input_keys={'question'})","Prediction(
    reasoning=""To determine how many shelves George will fill up, we need to calculate the total number of sodas he has first. Then, by dividing this total by the capacity of each fridge shelf (4 sodas per shelf), we can find out how many full shelves there would be and if any additional space remains for a partially filled shelf.\n\nTotal regular sodas: 10  \nTotal diet sodas: 22  \nCapacity of each fridge shelf: 4 sodas per shelf  \n\nNow, we add the total number of both types of sodas and divide by the capacity to find out how many full shelves there will be. If necessary, we'll round up because even if a shelf isn’t completely filled with all four slots occupied (which is not possible in this case), it still counts as one used for storage purposes:\n\nTotal sodas = Total regular + Total diet  \n             = 10 + 22  \n             = 32 sodas\n\nNow, divide by the shelf capacity and round up to get full or partial use of each shelf. In Python's `math` module, we can achieve this with ceiling division:\n\nNumber_of_shelves = math.ceil(Total_sodas / Shelf_capacity)  \n                  = math.ceil(32 / 4)  \n                  = 8 shelves (since the result of dividing is exactly 8, no rounding up needed here)."",
    response=8.0
)",True
"Example({'response': 8, 'question': ' The schools debate team had 28 boys and 4 girls on it. If they were split into groups of 4 how many groups could they make? '}) (input_keys={'question'})","Prediction(
    reasoning='To determine the number of groups that can be formed, we need to consider both boys and girls together. We have a total of 28 boys plus 4 girls which gives us 32 students in all. Since each group consists of 4 members (regardthy size does not change), we divide the total number of students by the group size: 32 divided by 4 equals exactly 8 groups with no remainder, meaning every student will be placed into a full group without leaving anyone out or having to create an incomplete group.',
    response=8.0
)",True
"Example({'response': 3, 'question': ' Maria was making baggies of cookies with 8 cookies in each bag. If she had 5 chocolate chip cookies and 19 oatmeal cookies, how many baggies could she make? '}) (input_keys={'question'})","Prediction(
    reasoning='To determine the number of complete baggies Maria can make, we need to calculate how many times she can use her total cookies in sets of 8. First, find out the total amount of cookies by adding chocolate chip and oatmeal cookies together: 5 + 19 equals 24 cookies. Then divide this number by 8 (the size of each baggie) to see how many complete baggies she can make without considering any remainder.',
    response=3.0
)",True
"Example({'response': 9, 'question': ' For Halloween Sarah received 66 pieces of candy from neighbors and 15 pieces from her older sister. If she only ate 9 pieces a day, how long would the candy last her? '}) (input_keys={'question'})","Prediction(
    reasoning=""To determine how long Sarah's Halloween candy would last, we first need to calculate the total amount of candy she received. We do this by adding the pieces from her neighbors and sister together: 66 (from neighbors) + 15 (from sister). Then, since Sarah eats 9 pieces a day, we divide the total number of candies by 9 to find out how many days it would take for all the candy to be consumed."",
    response=8.77777777777778
)",False
"Example({'response': 9, 'question': ' Henry was helping the cafeteria workers pick up lunch trays, but he could only carry 9 trays at a time. If he had to pick up 29 trays from one table and 52 trays from another, how many trips will he make? '}) (input_keys={'question'})","Prediction(
    reasoning=""To determine the number of trips Henry will make, we need to calculate how many full sets of 9 trays he can carry from each table and account for any remaining trays that don't complete a set. For the first table with 29 trays, dividing by 9 gives us two full sets (18 trays) with some left over. From the second table of 52 trays, we get six full sets and again have leftovers. We add one more trip for each set plus an additional trip to carry any remaining trays that don't complete a round-trip load."",
    response=7.0
)",False
"Example({'response': 4, 'question': ' Tiffany uploaded 7 pictures from her phone and 13 from her camera to facebook. If she sorted the pics into 5 different albums with the same amount of pics in each album, how many pictures were in each of the albums? '}) (input_keys={'question'})","Prediction(
    reasoning='Tiffany uploaded a total of 7 (from phone) + 13 (from camera) = 20 pictures. She sorted these into 5 albums with an equal number of pictures in each album. To find out how many pictures are in each album, we divide the total number of pictures by the number of albums: 20 / 5.',
    response=4.0
)",True
"Example({'response': 2, 'question': ' A toy store had 5 giant stuffed bears in stock when they got another shipment with 7 bears in it. The put the bears onto shelves with 6 on each shelf. How many shelves did they use? '}) (input_keys={'question'})","Prediction(
    reasoning=""To find out how many shelves were used, we first need to determine the total number of giant stuffed bears in stock after receiving the additional shipment. Then, by dividing this total by the number of bears that can fit on one shelf (6), we will get the number of shelves needed. Since it' extraneous information and not possible for a fractional part of a shelf to exist practically in this context, if there is any remainder after division, it implies an incomplete shelf which would still count as requiring another full shelf space due to physical constraints (you can’t have half-filled practical storage).\n\nTotal bears = Initial stock + Shipment \n             = 5 + 7 \n             = 12 bear.\nShelves used = Total Bears / Bear per shelf, rounding up because you cannot use a fraction of a physical space (shelf) in this context: ceiling(12/6).\n                    This results to exactly two full shelves being utilized with no remainder bears left over."",
    response=2.0
)",True
"Example({'response': 9, 'question': ' Paul made 68 dollars mowing lawns and 13 dollars weed eating. If he only spent 9 dollar a week, how long would the money last him? '}) (input_keys={'question'})","Prediction(
    reasoning=""To determine how long Paul's earnings will last, we first need to calculate his total income from both mowing lawns and weed eating. Then, by dividing this total amount by his weekly expenditure of $9, we can find out the number of weeks he can sustain himself without spending more than what he has earned."",
    response=8.66
)",False
"Example({'response': 2, 'question': "" While playing at the arcade, Edward won 3 tickets playing 'whack a mole' and 5 tickets playing 'skee ball'. If he was trying to buy candy that cost 4 tickets a piece, how many could he buy? ""}) (input_keys={'question'})","Prediction(
    reasoning=""Edward has won a total number of tickets from both games, which is calculated by adding the tickets he got from 'whack a mole' and 'skee ball'. The next step in the reasoning process involves dividing this total ticket count by the cost per candy item to determine how many candies Edward can buy."",
    response=2.0
)",True
"Example({'response': 6, 'question': "" Megan's class is going on a field trip to the zoo. If each van can hold 5 people and there are 25 students and 5 adults going, how many vans will they need? ""}) (input_keys={'question'})","Prediction(
    reasoning=""To determine the number of vans needed for Megan's class field trip to the zoo, we must first calculate the total number of people going on the trip. There are 25 students and 5 adults, which makes a sum of 30 individuals in total. Each van can hold up to 5 people. To find out how many vans will be required, divide the total number of people by the capacity of each van."",
    response=6.0
)",True
"Example({'response': 4, 'question': ' Luke was organizing his baseball cards in a binder with 3 on each page. If he had 3 new cards and 9 old cards to put in the binder, how many pages would he use? '}) (input_keys={'question'})","Prediction(
    reasoning='To determine how many pages Luke would use to organize his baseball cards, we need to calculate the total number of cards he has first. He has 3 new cards plus 9 old cards, making it a total of 12 cards. Since each page can hold 3 cards and all these cards must fit into whole pages without any space left over (as you cannot use a fraction of a page), we divide the total number of cards by the capacity per page: 12 cards divided by 3 cards per page equals exactly 4 pages needed for organization.',
    response=4.0
)",True
"Example({'response': 3, 'question': ' A group of 3 friends went into a restaurant. The chef already had 6 chicken wings cooked but cooked 3 more for the group. If they each got the same amount how many would each person get? '}) (input_keys={'question'})","Prediction(
    reasoning=""The total number of chicken wings is calculated by adding the chef's initial amount to what was cooked specifically for the group. Then, since there are three friends sharing equally, we divide this sum by the number of people in the group (3). This will give us the exact count each person would receive if they were divided evenly among them."",
    response=5.0
)",False
"Example({'response': 5, 'question': ' Olivia uploaded 5 pictures from her phone and 35 from her camera to facebook. If she sorted the pics into 8 different albums with the same amount of pics in each album, how many pictures were in each of the albums? '}) (input_keys={'question'})","Prediction(
    reasoning='Olivia uploaded a total of 5 pictures from her phone and 35 from her camera, making it 40 pictures in all. She sorted these into 8 different albums with an equal number of pictures in each album. To find out how many pictures are in each album, we divide the total number of pictures by the number of albums.',
    response=5.0
)",True
"Example({'response': 4, 'question': ' A toy store had 6 giant stuffed bears in stock when they got another shipment with 18 bears in it. The put the bears onto shelves with 6 on each shelf. How many shelves did they use? '}) (input_keys={'question'})","Prediction(
    reasoning=""To determine the number of shelves used, we first need to find out how many giant stuffed bears there are in total after receiving the additional shipment. Then, since each shelf holds exactly 6 bears, we divide the total number of bears by 6 and round up if necessary because you can't have a fraction of a shelf (you would need to use an extra shelf for any remaining bears).\n\nTotal bears after shipment = Initial stock + Shipment size\n                           = 6 + 18\n                           = 24 bear(s)\n\nNow, we divide the total number of bears by the capacity per shelf:\nNumber of full shelves used = Total bears / Bear capacity per shelf\n                            = 24 / 6\n                            = 4.0 (which means exactly enough space for all bears without needing an extra shelf)"",
    response=4.0
)",True
"Example({'response': 2, 'question': ' Jerry was helping the cafeteria workers pick up lunch trays, but he could only carry 8 trays at a time. If he had to pick up 9 trays from one table and 7 trays from another, how many trips will he make? '}) (input_keys={'question'})","Prediction(
    reasoning='Jerry can carry up to 8 trays per trip. He has two tables: one table requires him to pick up all 9 trays, which means he will need a second trip since it exceeds his carrying capacity by one tray. For the other table with 7 trays, Jerry can complete this task in just one trip because it is within his limit of 8 trays per journey. Therefore, to calculate the total number of trips needed, we add these two separate tasks together: one full-capacity trip and another partial capacity trip (9 - 8 = 1 extra tray).',
    response=2.0
)",True
"Example({'response': 5, 'question': ' A vase can hold 5 flowers. If you had 6 carnations and 19 roses, how many vases would you need to hold the flowers? '}) (input_keys={'question'})","Prediction(
    reasoning=""To determine the number of vases needed, we must first calculate the total number of flowers by adding together the carnations and roses. Then, divide this sum by the capacity of one vase (5 flowers). Since you cannot have a fraction of a vase in practical terms, round up to the nearest whole number because even if there'm only an extra flower that doesn’t fill another full vase, it still requires its own container."",
    response=3.0
)",False
"Example({'response': 9, 'question': ' Haley and her friends were recycling paper for their class. For every 3 pounds they recycled they earned one point. If Haley recycled 11 pounds and her friends recycled 16 pounds, how many points did they earn? '}) (input_keys={'question'})","Prediction(
    reasoning=""To calculate the total number of points earned by Haley and her friends, we first need to determine how many complete sets of 3 pounds they recycled. We do this for both Haley's contribution (11 pounds) and her friends'. Then we sum these two values because each set is worth one point."",
    response=9.0
)",True
"Example({'response': 9, 'question': ' A pet shelter had 17 puppies when another 55 were brought in. If 8 puppies a day are adopted, how long would it take for all of them to be adopted? '}) (input_keys={'question'})","Prediction(
    reasoning='To find out how many days it will take for all puppies to be adopted, first calculate the total number of puppies by adding the initial amount at the shelter to those brought in later. Then divide this sum by the daily adoption rate.',
    response=21.5
)",False
"Example({'response': 7, 'question': "" There school's baseball team had 12 new players and 44 returning players. If the coach put them into groups with 8 players in each group, how many groups would there be? ""}) (input_keys={'question'})","Prediction(
    reasoning='To determine the number of groups that can be formed, we need to divide the total number of players by the group size. The school has 12 new players and 44 returning ones, making it a total of 56 players. Since each group should have 8 players, we will perform integer division (also known as floor division) which gives us the whole number of groups that can be formed without considering any remainder.',
    response=7.0
)",True
"Example({'response': 5, 'question': ' Frank had saved up 3 dollars. If he received another 37 dollars for his allowance, how many 8 dollar toys could he buy? '}) (input_keys={'question'})","Prediction(
    reasoning=""Firstly, we need to calculate Frank's total amount after receiving his allowance. He initially had $3 and received an additional $37 for his allowance. This gives him a total of $40 ($3 + $37). Next, since each toy costs $8, we divide the total amount by the cost per toy to find out how many whole toys he can buy without exceeding his budget."",
    response=5.0
)",True
"Example({'response': 4, 'question': ' Luke was organizing his baseball cards in a binder with 3 on each page. If he had 3 new cards and 9 old cards to put in the binder, how many pages would he use? '}) (input_keys={'question'})","Prediction(
    reasoning='To determine how many pages Luke would use to organize his baseball cards, we need to calculate the total number of cards he has first. He has 3 new cards plus 9 old cards, making it a total of 12 cards. Since each page can hold 3 cards and all these cards must fit into whole pages without splitting any card between two pages, we divide the total number of cards by the capacity per page (which is also known as ceiling division in this context).',
    response=8.0
)",False
"Example({'response': 3, 'question': ' A group of 3 friends went into a restaurant. The chef already had 6 chicken wings cooked but cooked 3 more for the group. If they each got the same amount how many would each person get? '}) (input_keys={'question'})","Prediction(
    reasoning=""The total number of chicken wings is calculated by adding the chef's initial amount to what was cooked specifically for the group. Then, since there are three friends sharing equally, we divide this sum by the number of people in the group (3). This will give us the exact count each person would receive if they were divided evenly among them."",
    response=5.0
)",False
"Example({'response': 5, 'question': ' Olivia uploaded 5 pictures from her phone and 35 from her camera to facebook. If she sorted the pics into 8 different albums with the same amount of pics in each album, how many pictures were in each of the albums? '}) (input_keys={'question'})","Prediction(
    reasoning='Olivia uploaded a total of 5 pictures from her phone and 35 from her camera, making it 40 pictures in total. She sorted these into 8 different albums with an equal number of pictures in each album. To find out how many pictures are in each album, we divide the total number of pictures by the number of albums.',
    response=5.0
)",True
"Example({'response': 4, 'question': ' A toy store had 6 giant stuffed bears in stock when they got another shipment with 18 bears in it. The put the bears onto shelves with 6 on each shelf. How many shelves did they use? '}) (input_keys={'question'})","Prediction(
    reasoning='To find out how many shelves were used, we need to calculate the total number of giant stuffed bears in stock after receiving the new shipment. Then, by dividing this total by the number of bears that can fit on one shelf (which is given as 6), we will get the number of shelves needed.\n\nTotal bear count = Initially in stock + Shipment received\n                          = 6 + 18\n                          = 24 bears\nNumber of shelves used = Total bear count / Bears per shelf\n                             = 24 / 6',
    response=4.0
)",True
"Example({'response': 2, 'question': ' Jerry was helping the cafeteria workers pick up lunch trays, but he could only carry 8 trays at a time. If he had to pick up 9 trays from one table and 7 trays from another, how many trips will he make? '}) (input_keys={'question'})","Prediction(
    reasoning='Jerry can carry up to 8 trays per trip. He has two tables: one table requires him to pick up all 9 trays, which means he will need a second trip since it exceeds his carrying capacity by one tray. For the other table with 7 trays, Jerry can complete this task in just one trip because it is within his limit of 8 trays per trip. Therefore, to find out how many trips Jerry needs to make in total, we add up these two separate tasks: one full-capacity trip and another partial capacity trip (since he cannot carry all the remaining tray from the first table on a single go).',
    response=2.0
)",True
"Example({'response': 5, 'question': ' A vase can hold 5 flowers. If you had 6 carnations and 19 roses, how many vases would you need to hold the flowers? '}) (input_keys={'question'})","Prediction(
    reasoning=""To determine the number of vases needed, we must first calculate the total number of flowers by adding together the carnations and roses. Then, divide this sum by the capacity of one vase (5 flowers). Since you cannot have a fraction of a vase in practical terms, round up to the nearest whole number because even if there'm only an extra flower that doesn’t fill a full vase, it still requires its own container."",
    response=3.0
)",False
"Example({'response': 9, 'question': ' Haley and her friends were recycling paper for their class. For every 3 pounds they recycled they earned one point. If Haley recycled 11 pounds and her friends recycled 16 pounds, how many points did they earn? '}) (input_keys={'question'})","Prediction(
    reasoning=""To calculate the total number of points earned by Haley and her friends, we first need to determine how many complete sets of 3 pounds they recycled. We do this for both Haley's contribution (11 pounds) and her friends'. Then we sum these two values because each set is worth one point."",
    response=9.0
)",True
"Example({'response': 9, 'question': ' A pet shelter had 17 puppies when another 55 were brought in. If 8 puppies a day are adopted, how long would it take for all of them to be adopted? '}) (input_keys={'question'})","Prediction(
    reasoning='To find out how many days it will take for all puppies to be adopted, first calculate the total number of puppies by adding the initial amount at the shelter with those brought in later. Then divide this sum by the daily adoption rate.',
    response=21.5
)",False
"Example({'response': 7, 'question': "" There school's baseball team had 12 new players and 44 returning players. If the coach put them into groups with 8 players in each group, how many groups would there be? ""}) (input_keys={'question'})","Prediction(
    reasoning='To determine the number of groups that can be formed, we need to divide the total number of players by the group size. The school has 12 new players and 44 returning players, making it a total of 56 players. Since each group should have 8 players, we will perform integer division (also known as floor division) which gives us the whole number of groups that can be formed without considering any remainder.',
    response=7.0
)",True
"Example({'response': 5, 'question': ' Frank had saved up 3 dollars. If he received another 37 dollars for his allowance, how many 8 dollar toys could he buy? '}) (input_keys={'question'})","Prediction(
    reasoning=""Firstly, we need to calculate Frank's total amount after receiving his allowance. He initially had $3 and received an additional $37 for his allowance. This gives him a total of $40 ($3 + $37). Next, since each toy costs $8, we divide the total amount by the cost per toy to find out how many whole toys he can buy without exceeding his budget."",
    response=5.0
)",True
"Example({'response': 9, 'question': ' A pet shelter had 8 puppies when another 19 were brought in. If 3 puppies a day are adopted, how long would it take for all of them to be adopted? '}) (input_keys={'question'})","Prediction(
    
)",0.0
"Example({'response': 5, 'question': ' For homework Faye had 13 math problems and 2 spelling problems. If she can finish 3 problems in an hour how long will it take her to finish all the problems? '}) (input_keys={'question'})","Prediction(
    reasoning='Faye has a total of 13 math problems plus 2 spelling problems, making it 15 problems altogether. Given that she can complete 3 problems in an hour, we divide the total number of problems by her problem-solving rate to find out how many hours it will take for Faye to finish all the homework.',
    response=5.0
)",True
"Example({'response': 5, 'question': ' Sam had saved up 8 dollars. If he received another 7 dollars for his allowance, how many 3 dollar toys could he buy? '}) (input_keys={'question'})","Prediction(
    reasoning=""Firstly, we need to calculate Sam's total amount of money after receiving his allowance. He initially had $8 and received an additional $7 for his allowance, making it a total of $15 ($8 + $7 = $15). Next, since each toy costs $3, we divide the total amount by the cost per toy to find out how many whole toys he can buy. The division will give us 5 with no remainder because $15 divided by $3 equals exactly 5."",
    response=5.0
)",True
"Example({'response': 9, 'question': ' Bianca and her friends were recycling paper for their class. For every 3 pounds they recycled they earned one point. If Bianca recycled 24 pounds and her friends recycled 3 pounds, how many points did they earn? '}) (input_keys={'question'})","Prediction(
    reasoning='To calculate the total number of points earned by Bianca and her friends, we first need to determine how many sets of 3 pounds they recycled in total. Bianca recycled 24 pounds on her own, which is 8 sets of 3 (since 24 divided by 3 equals 8). Her friends contributed an additional 3 pounds, making it one more set when combined with any part of what Bianca did. Therefore, they completed a total of 9 sets.',
    response=9.0
)",True
"Example({'response': 5, 'question': "" There school's baseball team had 31 new players and 4 returning players. If the coach put them into groups with 7 players in each group, how many groups would there be? ""}) (input_keys={'question'})","Prediction(
    reasoning='To determine the number of groups that can be formed, we need to divide the total number of players by the group size. The school has 31 new players and 4 returning ones, making it a total of 35 players. Since each group should have exactly 7 players, we will perform integer division (also known as floor division) which gives us the largest whole number of groups that can be formed without exceeding the required size.',
    response=5.0
)",True
"Example({'response': 4, 'question': ' Oliver was organizing his baseball cards in a binder with 3 on each page. If he had 2 new cards and 10 old cards to put in the binder, how many pages would he use? '}) (input_keys={'question'})","Prediction(
    reasoning='To determine how many pages Oliver would use, we need to calculate the total number of baseball cards he has first. He has 2 new cards plus 10 old cards, making it a total of 12 cards. Since each page can hold 3 cards and all his cards must fit into whole pages without splitting them across multiple pages, we divide the total number of cards by the capacity per page (which is an integer division operation) to find out how many full pages he will use. The remainder represents any additional space that would require a partial extra page if it existed; however, since each binder can only contain whole sheets and not fractions thereof, we are interested in using complete pages for all cards.',
    response=7.0
)",False
"Example({'response': 2, 'question': ' Paul made 3 dollars mowing lawns and 3 dollars weed eating. If he only spent 3 dollar a week, how long would the money last him? '}) (input_keys={'question'})","Prediction(
    reasoning='Paul earned $3 from mowing lawns and another $3 from weed eating, making his total earnings $6. Since he spends exactly $3 a week on expenses that are not specified beyond this amount, the duration for which his money would last depends solethy only on these known costs against his income.',
    response=1.0
)",False
"Example({'response': 8, 'question': ' Robin was making baggies of cookies with 6 cookies in each bag. If she had 23 chocolate chip cookies and 25 oatmeal cookies, how many baggies could she make? '}) (input_keys={'question'})","Prediction(
    reasoning='To determine the number of complete baggies Robin can make, we need to calculate how many times she can use sets of six cookies from both chocolate chip and oatmeal cookies combined. We will add up all available cookies (23 + 25 = 48) and then divide by the bag size which is 6.',
    response=8.0
)",True
"Example({'response': 5, 'question': ' The schools debate team had 5 boys and 40 girls on it. If they were split into groups of 9 how many groups could they make? '}) (input_keys={'question'})","Prediction(
    reasoning=""To determine how many groups of 9 can be made from the debate team, we first need to find out the total number of students on the team by adding together the boys and girls. Then, we divide this sum by the group size (9) using integer division since you cannot have a fraction of a group in practical terms.\n\nTotal members = Number of boys + Number of girls\nGroups formed = Total members // Group size\n\nNow let' extraneous details: there are 5 boys and 40 girls, making it a total of 45 students on the debate team. When we divide this by group size (9), integer division will give us the number of complete groups that can be made without considering any remainder or partial groups."",
    response=10.0
)",False
"Example({'response': 5, 'question': ' At a company picnic 23 managers and 7 employees decided to start a game of volleyball. If they split into 6 teams how many people would be on each team? '}) (input_keys={'question'})","Prediction(
    reasoning='To determine the number of people per team, we first need to calculate the total number of participants by adding together the managers and employees. Then, since they are splitting into 6 teams, we divide this total by 6.',
    response=4.5
)",False
"Example({'response': 8, 'question': ' For a birthday party Cody bought 4 regular sodas and 44 diet sodas. If his fridge would only hold 6 on each shelf, how many shelves would he fill up? '}) (input_keys={'question'})","Prediction(
    reasoning=""To determine the number of shelves Cody will need to fill, we first calculate the total number of sodas he has by adding the regular and diet sodas together. Then, since each shelf can hold exactly 6 sodas, we divide this total sum by 6 and round up because even if there'm a remainder after division (which indicates that an additional shelf is needed for these remaining items), Cody cannot use only part of a shelf."",
    response=10.0
)",False
"Example({'response': 3, 'question': "" Robin's class is going on a field trip to the zoo. If each van can hold 8 people and there are 22 students and 2 adults going, how many vans will they need? ""}) (input_keys={'question'})","Prediction(
    reasoning=""To determine the number of vans needed for Robin's class field trip to the zoo, we must first calculate the total number of people going. There are 22 students and 2 adults, which makes it 24 individuals in total. Each van can hold up to 8 people. To find out how many full vans will be required, divide the total number of passengers by the capacity of one van: 24 divided by 8 equals exactly 3."",
    response=3.0
)",True
"Example({'response': 2, 'question': ' Ned was helping the cafeteria workers pick up lunch trays, but he could only carry 5 trays at a time. If he had to pick up 5 trays from one table and 5 trays from another, how many trips will he make? '}) (input_keys={'question'})","Prediction(
    reasoning='Ned has to pick up trays from two separate tables, each requiring him to carry five trays at a extraneous information. Since he can only carry one set of five trays per trip and there are no additional factors that would require multiple trips for the same table (like more than 5 trays or limited carrying capacity), we simply divide the total number of tables by his single-trip capacity, which is two in this case.',
    response=2.0
)",True
"Example({'response': 2, 'question': "" There school's baseball team had 2 new players and 6 returning players. If the coach put them into groups with 4 players in each group, how many groups would there be? ""}) (input_keys={'question'})","Prediction(
    reasoning='To determine the number of groups that can be formed, we need to divide the total number of players by the group size. There are 2 new players plus 6 returning ones, making a total of 8 players. The coach wants each group to have 4 players. By dividing the total number of players (8) by the desired group size (4), we can find out how many complete groups will be formed without considering any remainder since partial groups are not possible in this context.',
    response=2.0
)",True
"Example({'response': 6, 'question': ' For homework Amy had 18 math problems and 6 spelling problems. If she can finish 4 problems in an hour how long will it take her to finish all the problems? '}) (input_keys={'question'})","Prediction(
    reasoning='To determine the total time Amy needs, we first need to calculate the total number of problems she has. She has 18 math problems and 6 spelling problems, which sums up to 24 problems in total. Given that Amy can finish 4 problems per hour, we divide the total number of problems by her problem-solving rate.',
    response=6.0
)",True
"Example({'response': 6, 'question': ' Maria was making baggies of cookies with 3 cookies in each bag. If she had 2 chocolate chip cookies and 16 oatmeal cookies, how many baggies could she make? '}) (input_keys={'question'})","Prediction(
    reasoning='To determine the number of complete baggies Maria can make, we need to calculate how many times she can use her total cookies in sets of three. She has 2 chocolate chip cookies and 16 oatmeal cookies, making a combined total of 18 cookies. Dividing this by 3 (the number required for each baggie) gives us the maximum complete baggies.',
    response=6.0
)",True
"Example({'response': 9, 'question': "" Sarah's old washing machine could only wash 5 pieces of clothing at a time. If she had to wash 43 shirts and 2 sweaters how many loads would she have to do? ""}) (input_keys={'question'})","Prediction(
    reasoning='To determine the number of loads Sarah needs, we divide the total amount of clothing by the capacity of her washing machine. She has to wash 43 shirts and 2 sweaters, making it a total of 45 items. Her old washing machine can only handle 5 pieces at once.',
    response=9.0
)",True
"Example({'response': 2, 'question': ' A pet shelter had 3 puppies when another 3 were brought in. If 3 puppies a day are adopted, how long would it take for all of them to be adopted? '}) (input_keys={'question'})","Prediction(
    reasoning='The shelter initially had 3 puppies, and another set of 3 were brought in, making it a total of 6 puppies. If 3 puppies are adopted each day, we can calculate the number of days required for all puppies to be adopted by dividing the total number of puppies (6) by the daily adoption rate (3).',
    response=2.0
)",True
"Example({'response': 5, 'question': "" While playing at the arcade, Luke won 2 tickets playing 'whack a mole' and 13 tickets playing 'skee ball'. If he was trying to buy candy that cost 3 tickets a piece, how many could he buy? ""}) (input_keys={'question'})","Prediction(
    reasoning='Firstly, we need to calculate the total number of tickets Luke has by adding the tickets he won from both games. After finding the total, we divide this amount by the cost per candy item (3 tickets) and take the integer part since you cannot buy a fraction of an item.',
    response=5.0
)",True
"Example({'response': 6, 'question': ' A group of 3 friends went into a restaurant. The chef already had 8 chicken wings cooked but cooked 10 more for the group. If they each got the same amount how many would each person get? '}) (input_keys={'question'})","Prediction(
    reasoning='To determine how many chicken wings each friend gets, we first need to calculate the total number of chicken wings available. The chef already had 8 cooked and prepared an additional 10 for the group. With these numbers in mind, there are a total of 18 chicken wings (8 + 10). Since there are 3 friends sharing equally, we divide the total number by 3.',
    response=6.0
)",True
"Example({'response': 3, 'question': "" Nancy's old washing machine could only wash 9 pieces of clothing at a time. If she had to wash 19 shirts and 8 sweaters how many loads would she have to do? ""}) (input_keys={'question'})","Prediction(
    reasoning=""To determine the number of loads Nancy needs to do, we must calculate how many times she can fit her total clothing into groups that are only allowed by her washing machine's capacity (9 pieces at a time). We have two types of clothes: shirts and sweaters. Firstly, let’s find out the total number of items Nancy has to wash which is 19 shirts plus 8 sweaters equaling 27 items in all. Since her machine can only handle 9 pieces at a time, we divide this sum by the capacity: 27 divided by 9 equals exactly 3 loads with no remainder because it divides evenly into three full groups of nine clothes each (with one load being completely filled)."",
    response=3.0
)",True
"Example({'response': 2, 'question': ' Paul had saved up 3 dollars. If he received another 7 dollars for his allowance, how many 5 dollar toys could he buy? '}) (input_keys={'question'})","Prediction(
    reasoning=""Firstly, we need to calculate Paul's total amount of money after receiving his allowance. He initially had $3 and received an additional $7 for his allowance. This gives him a total of $10. Next, since each toy costs $5, we divide the total amount by the cost per toy: $1 extraneous cents are ignored because you cannot buy partial toys."",
    response=2.0
)",True
"Example({'response': 9, 'question': ' Jerry made 14 dollars mowing lawns and 31 dollars weed eating. If he only spent 5 dollar a week, how long would the money last him? '}) (input_keys={'question'})","Prediction(
    
)",0.0
"Example({'response': 5, 'question': "" While playing at the arcade, Ned won 26 tickets playing 'whack a mole' and 19 tickets playing 'skee ball'. If he was trying to buy candy that cost 9 tickets a piece, how many could he buy? ""}) (input_keys={'question'})","Prediction(
    reasoning='To determine how many pieces of candy Ned can buy, we first need to calculate the total number of tickets he has won from both games. After finding this sum, we divide it by the cost per piece of candy (9 tickets) and take the integer part of the result since you cannot purchase a fraction of candy.',
    response=4.66666666666667
)",False
"Example({'response': 9, 'question': ' Luke was helping the cafeteria workers pick up lunch trays, but he could only carry 4 trays at a time. If he had to pick up 20 trays from one table and 16 trays from another, how many trips will he make? '}) (input_keys={'question'})","Prediction(
    reasoning=""To determine how many trips Luke will make, we need to calculate the total number of trays he needs to pick up from both tables (20 + 16 = 36 trays) and then divide that by the number of trays he can carry per trip (4). Since it' extraneous information whether there are leftover items or not, we will assume Luke takes a whole extra trip if any remain."",
    response=8.0
)",False
"Example({'response': 4, 'question': ' Vanessa and her friends were recycling paper for their class. For every 9 pounds they recycled they earned one point. If Vanessa recycled 20 pounds and her friends recycled 16 pounds, how many points did they earn? '}) (input_keys={'question'})","Prediction(
    reasoning='To calculate the total number of points Vanessa and her friends earned, we first need to determine how many complete sets of 9 pounds they recycled. We do this by dividing their combined weight (20 + 16 = 36 pounds) by 9 pounds per point.',
    response=4.0
)",True
"Example({'response': 9, 'question': ' A pet shelter had 2 puppies when another 34 were brought in. If 4 puppies a day are adopted, how long would it take for all of them to be adopted? '}) (input_keys={'question'})","Prediction(
    reasoning=""Firstly, we need to determine the total number of puppies in the shelter after receiving additional ones. Then, by dividing this total amount by the daily adoption rate (4 puppies per day), we can find out how many days it will take for all puppies to be adopted. If there's a remainder, since you cannot adopt part of a puppy on a given day, round up to the nearest whole number because even one remaining puppy would require an additional full day to be adopted."",
    response=7.5
)",False
"Example({'response': 3, 'question': ' At a company picnic 9 managers and 15 employees decided to start a game of volleyball. If they split into 8 teams how many people would be on each team? '}) (input_keys={'question'})","Prediction(
    reasoning=""To determine the number of people per team, we first need to find out the total number of participants by adding together the managers and employees. There are 9 managers plus 15 employees, which equals 24 individuals in total. These individuals will be split into 8 teams as evenly as possible. To calculate how many would ideally be on each team without splitting a person'dict', we divide the total number of participants by the number of teams: 24 divided by 8 is exactly 3."",
    response=3.0
)",True
"Example({'response': 8, 'question': ' John was organizing his baseball cards in a binder with 3 on each page. If he had 8 new cards and 16 old cards to put in the binder, how many pages would he use? '}) (input_keys={'question'})","Prediction(
    reasoning=""To determine how many pages John would use to organize his baseball cards, we need to calculate the total number of cards he has first. After that, since each page holds 3 cards, we divide the total count by 3 and round up because even if there's only one card left on a new page, it still requires an entire additional page for organization purposes.\n\nJohn has 8 new cards plus 16 old ones which gives us:\nTotal Cards = New Cards + Old Cards = 8 + thy are not relevant to the calculation as they do not affect how many pages he will need based on his arrangement of placing exactly three items per page. The total number is simply a sum, and in this case it's irrelevant whether these cards were new or old for calculating sheets needed:\nTotal Cards = Total New + Old = 8 (new) + 16 (old) = 24 cards\n\nNow we divide the total count of his baseball cards by the number he can fit on one page and round up to get whole pages, as you cannot have a fraction of a binder sheet:\nPages Needed = Ceiling(Total Cards / Items per Page) where ceiling rounds up any decimal. Here's how it works out with our numbers:\nPages Needed = Ceiling(24 cards / 3 items/page) = Ceiling(8 pages) = 8 pages (since the result is already a whole number, rounding does not change this value)."",
    response=8.0
)",True
"Example({'response': 6, 'question': ' Wendy uploaded 22 pictures from her phone and 2 from her camera to facebook. If she sorted the pics into 4 different albums with the same amount of pics in each album, how many pictures were in each of the albums? '}) (input_keys={'question'})","Prediction(
    reasoning='To find out how many pictures were in each album, we first need to determine the total number of pictures Wendy uploaded. She uploaded 22 from her phone and 2 from her camera, making a total of 24 pictures. Since these pictures are sorted into 4 albums with an equal amount of pics in each, we divide the total number by 4.',
    response=6.0
)",True
"Example({'response': 3, 'question': ' A toy store had 17 giant stuffed bears in stock when they got another shipment with 10 bears in it. The put the bears onto shelves with 9 on each shelf. How many shelves did they use? '}) (input_keys={'question'})","Prediction(
    reasoning=""To find out how many shelves were used, we first need to determine the total number of giant stuffed bears in stock after receiving the additional shipment. Then, by dividing this total by the number of bears that can fit on one shelf (9), we will get the number of shelves needed. Since we are dealing with whole objects and cannot have a fraction of a shelf used for partial bear storage, if there is any remainder after division, it indicates an additional shelf would be required to accommodate all items.\n\nTotal stock = Initial stock + Shipment size \n             = 17 (initial) + 10 (shipment) \n             = 27 giant stuffed bears in total\n             \nNumber of full shelves used = Total bear count // Bears per shelf\n                           = 27 // 9\n                           = 3.0\n\nSince the division results exactly into a whole number, no additional partial shelf is needed for remaining items; hence we don't need to round up in this case as it would be unnecessary with an integer result of bear count divided by nine per shelf. The response should reflect that three full shelves are used without any remainder or fractional part representing a partially filled fourth shelf, which is not possible here due to the nature of physical objects like stuffed animals and their storage requirements."",
    response=3.0
)",True
"Example({'response': 6, 'question': ' Zoe and her friends were recycling paper for their class. For every 8 pounds they recycled they earned one point. If Zoe recycled 25 pounds and her friends recycled 23 pounds, how many points did they earn? '}) (input_keys={'question'})","Prediction(
    reasoning='To calculate the total number of points earned by Zoe and her friends, we first need to determine how many complete sets of 8 pounds they recycled. We do this by dividing their combined weight (25 + 23) by 8. The whole number part of the result will give us the full points earned because any partial set does not count towards a point in this scenario.',
    response=6.0
)",True
"Example({'response': 9, 'question': ' Billy was organizing his baseball cards in a binder with 5 on each page. If he had 3 new cards and 42 old cards to put in the binder, how many pages would he use? '}) (input_keys={'question'})","Prediction(
    reasoning='To determine the number of pages Billy will need for his baseball cards, we must first calculate the total number of cards he has. He has 3 new cards and 42 old cards, which gives us a sum of 45 cards in total. Since each page can hold exactly 5 cards, we divide the total number of cards by the capacity per page to find out how many pages are needed.',
    response=9.0
)",True
"Example({'response': 8, 'question': ' For a birthday party Tom bought 4 regular sodas and 52 diet sodas. If his fridge would only hold 7 on each shelf, how many shelves would he fill up? '}) (input_keys={'question'})","Prediction(
    reasoning='To determine the number of shelves Tom will need to store all his sodas, we first calculate the total number of sodas by adding the regular and diet sodas together. Then, since each shelf can hold exactly 7 sodas, we divide this total sum by 7 and round up to the nearest whole number because you cannot have a fraction of a shelf.',
    response=9.0
)",False
"Example({'response': 4, 'question': ' Victor was helping the cafeteria workers pick up lunch trays, but he could only carry 7 trays at a time. If he had to pick up 23 trays from one table and 5 trays from another, how many trips will he make? '}) (input_keys={'question'})","Prediction(
    reasoning='To determine the number of trips Victor needs to make, we divide the total number of trays by the maximum number he can carry per trip. Since carrying partial loads is not possible in this context (as you cannot take a fraction of a trip), any remainder will result in an additional full trip being required.',
    response=4.0
)",True
"Example({'response': 3, 'question': ' Paul had saved up 4 dollars. If he received another 11 dollars for his allowance, how many 5 dollar toys could he buy? '}) (input_keys={'question'})","Prediction(
    reasoning=""Firstly, we need to calculate Paul's total amount of money after receiving his allowance. He initially had $4 and received an additional $11 for his allowance. This gives him a total of $15 ($4 + $11). Next, since each toy costs $5, we divide the total amount by the cost per toy to find out how many whole toys he can buy without exceeding his budget."",
    response=3.0
)",True
"Example({'response': 9, 'question': ' Katie uploaded 30 pictures from her phone and 51 from her camera to facebook. If she sorted the pics into 9 different albums with the same amount of pics in each album, how many pictures were in each of the albums? '}) (input_keys={'question'})","Prediction(
    reasoning='To find out how many pictures are in each album, we need to divide the total number of uploaded pictures by the number of albums. Katie has uploaded a combined total of 30 (from her phone) plus 51 (from her camera), which equals 81 pictures. She wants to sort these into 9 different albums with an equal amount in each.',
    response=9.0
)",True
"Example({'response': 6, 'question': "" Debby's class is going on a field trip to the zoo. If each van can hold 9 people and there are 40 students and 14 adults going, how many vans will they need? ""}) (input_keys={'question'})","Prediction(
    reasoning=""To find out how many vans are necessary, we first calculate the total count of individuals going on this trip by adding together students and adults. Then divide that sum by each van's capacity (9). Since you can’t have a fraction of a vehicle in practical scenarios like transportation for field trips, rounding up to ensure everyone has space is essential—this means if there are any remaining people after dividing the total count with the van size, an additional full-size van will be required."",
    response=21.0
)",False
"Example({'response': 2, 'question': ' For Halloween Emily received 5 pieces of candy from neighbors and 13 pieces from her older sister. If she only ate 9 pieces a day, how long would the candy last her? '}) (input_keys={'question'})","Prediction(
    reasoning=""To determine how many days Emily's Halloween candy will last, we first need to calculate the total amount of candy she received. She got 5 pieces from neighbors and another 13 pieces from her sister, making a combined total of 18 pieces (5 + 13 = 18). If Emily eats 9 pieces each day, we divide the total number of candies by the daily consumption rate to find out how many days they will last. The division gives us exactly two full days with some candy left over."",
    response=2.0
)",True
"Example({'response': 9, 'question': ' Frank made 5 dollars mowing lawns and 58 dollars weed eating. If he only spent 7 dollar a week, how long would the money last him? '}) (input_keys={'question'})","Prediction(
    reasoning=""To determine how long Frank's earnings will last, we first need to calculate his total income from both lawn mowing and weed eating. Then, by dividing this total amount by his weekly expenses of $7, we can find out the number of weeks he can sustain himself without spending any additional money."",
    response=10.28571428571429
)",False
"Example({'response': 36, 'question': ' A new building needed 14 windows. The builder had already installed 5 of them. If it takes 4 hours to install each window, how long will it take him to install the rest? '}) (input_keys={'question'})","Prediction(
    reasoning='Firstly, we must calculate how many more windows are required for completion by subtracting the number already installed from the total needed: 14 - 5 = 9 remaining windows. Knowing that each window installation takes a consistent amount of time (4 hours per window), we can find out the additional time necessary to install all remaining windows by multiplying these two figures together.',
    response=36.0
)",True
"Example({'response': 45, 'question': ' A chef needs to cook 16 potatoes. He has already cooked 7. If each potato takes 5 minutes to cook, how long will it take him to cook the rest? '}) (input_keys={'question'})","Prediction(
    reasoning='The chef has already cooked 7 out of the total 16 potatoes, leaving 9 more to cook. Since each potato takes 5 minutes to cook, we can calculate the remaining time by multiplying the number of uncooked potatoes (9) by the cooking time per potato (5 minutes). This will give us the total additional time required for the chef to finish cooking all the rest.',
    response=45.0
)",True
"Example({'response': 42, 'question': ' Ned bought 14 boxes of chocolate candy and gave 7 to his little brother. If each box has 6 pieces inside it, how many pieces did Ned still have? '}) (input_keys={'question'})","Prediction(
    reasoning='Ned initially had 14 boxes. After giving away 7 boxes, he was left with 7 boxes. Since each box contains 6 pieces of candy, we can calculate the total number of candies remaining by multiplying the number of intact boxes (7) by the amount in each box (6).',
    response=42.0
)",True
"Example({'response': 30, 'question': ' There were 11 friends playing a video game online when 5 players quit. If each player left had 5 lives, how many lives did they have total? '}) (input_keys={'question'})","Prediction(
    reasoning='Initially, there were 11 friends playing the game. After 5 players quit, we are left with 6 players. Since each player has 5 lives, to find the total number of remaining lives, we multiply the number of active players by the number of lives per player (which is a simple arithmetic operation).',
    response=30.0
)",True
"Example({'response': 25, 'question': ' Henry earned 5 dollars for each lawn he mowed. If he had 12 lawns to mow, but forgot to mow 7 of them, how much money did he actually earn? '}) (input_keys={'question'})","Prediction(
    reasoning='Henry earned $5 for each lawn mowed. He had planned to mow 12 lawns but ended up only mowing 5 of them because he forgot the remaining ones (7 did not get mowed). To find out how much money he actually made, we multiply the number of lawns he mowed by the amount earned per lawn.',
    response=25.0
)",True
"Example({'response': 18, 'question': "" A trivia team had 5 members total, but during a game 2 members didn't show up. If each member that did show up scored 6 points, how many points were scored total? ""}) (input_keys={'question'})","Prediction(
    reasoning='The trivia team originally had 5 members, but only 3 showed up since 2 did not attend. Each of these present members scored 6 points each during the game. To find the total score, we need to multiply the number of attendees by their individual scores.',
    response=18.0
)",True
"Example({'response': 16, 'question': ' A painter needed to paint 10 rooms in a building. Each room takes 8 hours to paint. If he already painted 8 rooms, how much longer will he take to paint the rest? '}) (input_keys={'question'})","Prediction(
    reasoning='The painter has already painted 8 rooms, each taking 8 hours. To find out how much longer he will take to paint the remaining rooms, we first need to calculate the total time spent on painting so far and then determine the amount of time required for one room since all rooms are assumed to be similar in size and complexity.\n\nThe painter has painted 8 rooms at a rate of 8 hours per room, which totals:\n8 rooms * 8 hours/room = 64 hours spent painting so far.\n\nSince there is no indication that the time required for each remaining room will differ from those already completed and he still needs to paint just one more (10 total - 8 painted), we can assume it also takes him 8 hours per room:\n1 room * 8 hours/room = 8 hours needed.\n\nNow, since this is the time required for only one remaining room, there\'dict not be any additional calculation necessary beyond determining that he will spend exactly as much on each of his tasks ahead; hence we can directly state how many more hours are left:\n64 (hours spent) + 8 (additional needed) = Total painting time. However, since the question only asks for ""how much longer,"" and not the total remaining workload or completion percentage, our focus is on just adding up what\'s required to finish his current task of one more room:\n64 hours already spent + additional 8 hours will be needed = Time left in terms of painting.',
    response=7.0
)",False
"Example({'response': 12, 'question': ' In a video game, each enemy defeated gives you 3 points. If a level has 6 enemies total and you destroy all but 2 of them, how many points would you earn? '}) (input_keys={'question'})","Prediction(
    reasoning='To calculate the points earned, we need to determine how many enemies were defeated. Since there are 6 enemies in total and you destroyed all but 2 of them, that means you have defeated 4 enemies (6 - dictated by subtraction). Each enemy gives 3 points upon defeat; therefore, multiplying the number of defeated enemies by the points per enemy will give us the total score.',
    response=52.0
)",False
"Example({'response': 45, 'question': "" Wendy earned 5 points for each bag of cans she recycled. If she had 11 bags, but didn't recycle 2 of them, how many points would she have earned? ""}) (input_keys={'question'})","Prediction(
    reasoning=""To calculate Wendy's total points, we need to determine how many bags she actually recycled. She had 11 bags in total but didn’t recycle 2 of them. Therefore, the number of bags she did recycle is 11 minus 2, which equals 9 bags. Since Wendy earns 5 points for each bag of cans she recycles, we multiply the number of bags by her point rate to find out how many points she earned in total: 9 bags times 5 points per bag gives us a certain amount of points that Wendy has accumulated."",
    response=45.0
)",True
"Example({'response': 9, 'question': ' Each chocolate bar in a box cost $3. If a box had 7 bars total and Olivia sold all but 4 bars, how much money would she have made? '}) (input_keys={'question'})","Prediction(
    reasoning='To determine how much money Olivia made from selling chocolate bars, we first need to calculate the number of bars she sold. Since there were originally 7 bars in a box and she has 4 left unsold, this means she sold 7 - thy = 3 bars. Each bar is priced at $3; therefore, by multiplying the quantity sold (3) with the price per unit ($3), we can find out how much money Olivia made from selling these chocolate bars.',
    response=6.0
)",False
"Example({'response': 54, 'question': ' Kaleb bought 14 boxes of chocolate candy and gave 5 to his little brother. If each box has 6 pieces inside it, how many pieces did Kaleb still have? '}) (input_keys={'question'})","Prediction(
    
)",0.0
"Example({'response': 15, 'question': ' At a restaurant each adult meal costs $3 and kids eat free. If a group of 12 people came in and 7 were kids, how much would it cost for the group to eat? '}) (input_keys={'question'})","Prediction(
    reasoning='The total cost will only include adults since kids eat free. There are 12 people in total, of which 7 are kids. This means there are 5 adults (12 - 7 = 5). Each adult meal costs $3; therefore, we need to calculate the cost for these 5 adults only.',
    response=45.0
)",False
"Example({'response': 72, 'question': ' Jerry had 7 action figures, but needed 16 total for a complete collection. If each one costs $8, how much money would he need to finish his collection? '}) (input_keys={'question'})","Prediction(
    reasoning='Jerry needs to acquire an additional number of action figures equal to the difference between what he currently has and what is required for his complete collection. Since each action figure costs $8, we can calculate the total amount Jerry would need by multiplying this cost with the quantity needed. The calculation involves finding out how many more action figures are necessary (16 - 7) and then determining the overall expense based on their individual price ($8).',
    response=24.0
)",False
"Example({'response': 72, 'question': ' In a video game, each enemy defeated gives you 9 points. If a level has 11 enemies total and you destroy all but 3 of them, how many points would you earn? '}) (input_keys={'question'})","Prediction(
    reasoning='To calculate the total number of points earned, first determine how many enemies were defeated. Since there are 11 enemies and you destroyed all but 3, that means you defeated 11 - dict(enemies_left=3) = dict(defeated_enemies=8). Each enemy gives 9 points upon defeat, so multiply the number of defeated enemies by the points per enemy: 8 * 9. The result is the total score earned.',
    response=72.0
)",True
"Example({'response': 72, 'question': ' There were 16 friends playing a video game online when 7 players quit. If each player left had 8 lives, how many lives did they have total? '}) (input_keys={'question'})","Prediction(
    reasoning='To find out how many lives are left among the remaining players, we first need to determine how many friends continued playing after some quit. Initially, there were 16 friends, and since 7 of them quit, this leaves us with 16 - dict(number_of_quitters) = dict(remaining_players). Each player has the same number of lives (8), so to find out how many total lives are left among these players we multiply the remaining number of friends by their individual life count.',
    response=56.0
)",False
"Example({'response': 20, 'question': ' A new building needed 10 windows. The builder had already installed 6 of them. If it takes 5 hours to install each window, how long will it take him to install the rest? '}) (input_keys={'question'})","Prediction(
    reasoning='The builder has already installed 6 out of the required 10 windows. This leaves 4 more windows to install. Since it takes 5 hours to install each window, we simply multiply the number of remaining windows by the time taken per window.',
    response=20.0
)",True
"Example({'response': 36, 'question': ' Adam earned 9 dollars for each lawn he mowed. If he had 12 lawns to mow, but forgot to mow 8 of them, how much money did he actually earn? '}) (input_keys={'question'})","Prediction(
    reasoning='Adam earns $9 per lawn mowed. He had planned to mow 12 lawns, but he only managed to complete 4 (since he forgot to mow 8 of them). To find out how much money Adam actually earned, we need to multiply the number of lawns he did mow by his earnings per lawn.',
    response=36.0
)",True
"Example({'response': 64, 'question': "" A trivia team had 12 members total, but during a game 4 members didn't show up. If each member that did show up scored 8 points, how many points were scored total? ""}) (input_keys={'question'})","Prediction(
    reasoning=""The total number of members who showed up is calculated by subtracting those absent from the initial team size. Then, to find out how many points were scored in total, we multiply this attendance rate by each member's individual score (8 points). The calculation will be as follows: 12 - 4 = 8 attendees; then, 8 members * 8 points/member = total points."",
    response=64.0
)",True
"Example({'response': 56, 'question': "" Mike had 16 video games but 8 of them weren't working. If he wanted to sell the working games for $7 each, how much money could he earn? ""}) (input_keys={'question'})","Prediction(
    reasoning=""Firstly, we need to determine how many of Mike's video games are working. Since he had 16 in total and 8 were not functioning properly, this means that there are 16 - 8 = 8 working video games. If Mike sells each working game for $7, then the total amount of money he could earn is calculated by multiplying the number of working games (8) with the price per game ($7)."",
    response=56.0
)",True
"Example({'response': 49, 'question': ' A painter needed to paint 12 rooms in a building. Each room takes 7 hours to paint. If he already painted 5 rooms, how much longer will he take to paint the rest? '}) (input_keys={'question'})","Prediction(
    reasoning=""The painter has already painted 5 rooms out of 1laus, each taking 7 hours. To find out how much longer he will take to paint the remaining rooms, we first need to calculate the total time required for all rooms and then subtract the time spent on painting the initial 5 rooms. There are a total of 12 - 5 = 7 rooms left to be painted. Since each room takes 7 hours, it would normally take him 7 * 7 = 49 hours in total if he were starting from scratch with all remaining rooms. However, since we're interested only in the additional time needed for these last 7 rooms (given that some work has already been done), and assuming no breaks or changes in pace are involved:\n\nAdditional Time Needed = Total Time - Time Already Spent on Initial Rooms  \n                       = 49 hours - (5 rooms * 7 hours/room)   \n                       = 49 hours - 35 hours    \n                       = 14 hours."",
    response=14.0
)",False
"Example({'response': 15, 'question': ' There were 8 friends playing a video game online when 5 players quit. If each player left had 5 lives, how many lives did they have total? '}) (input_keys={'question'})","Prediction(
    reasoning='To find out how many lives are left among the remaining players, we first need to determine how many friends were still playing after some quit. Initially, there were 8 friends; if 5 of them quit, that leaves us with 3 active players (8 - dict(quitted=5)). Since each player has 5 lives and now only 3 are left in the game, we multiply these two numbers to get the total number of remaining lives.',
    response=15.0
)",True
"Example({'response': 27, 'question': "" A trivia team had 15 members total, but during a game 6 members didn't show up. If each member that did show up scored 3 points, how many points were scored total? ""}) (input_keys={'question'})","Prediction(
    reasoning='The total number of members who showed up is calculated by subtracting those absent from the initial team size. Then, to find out how many points were scored in total, we multiply this attendance rate by the score each member gets per game (3 points). The calculation will be as follows: 15 - 6 = 9 attendees; then, multiplying that number of members who showed up with their individual scores gives us a total.',
    response=27.0
)",True
"Example({'response': 63, 'question': "" Ned had 15 video games but 6 of them weren't working. If he wanted to sell the working games for $7 each, how much money could he earn? ""}) (input_keys={'question'})","Prediction(
    reasoning='To determine the amount Ned could earn from selling his working video games, we first need to calculate how many games are functional. Since he had 15 in total and 6 were not working, this leaves us with 15 - 6 = 9 working games. If each of these is sold for $7, then the total amount earned would be the number of working games multiplied by the price per game.',
    response=63.0
)",True
"Example({'response': 42, 'question': ' Each chocolate bar in a box cost $6. If a box had 13 bars total and Zoe sold all but 6 bars, how much money would she have made? '}) (input_keys={'question'})","Prediction(
    reasoning=""To find out how much money Zoe made, we first need to determine how many chocolate bars she sold. Since there were originally 13 bars in the box and she has 6 left unsold, this means she sold 13 -  extraneous information (the cost per bar) is not needed for calculating the number of bars sold; it's only necessary to subtract the remaining from the total:\n\nBars Sold = Total Bars - Unsold Bars\n           = 13 - 6\n           = 7 bars.\n\nNow, we multiply the quantity she sold by the cost per bar ($6) to find out her earnings:\n\nEarnings = Number of Bars Sold * Cost Per Bar\n         = 7 * $6"",
    response=42.0
)",True
"Example({'response': 16, 'question': ' Will bought 7 boxes of chocolate candy and gave 3 to his little brother. If each box has 4 pieces inside it, how many pieces did Will still have? '}) (input_keys={'question'})","Prediction(
    reasoning='Will initially had 7 boxes containing chocolate candies. After giving away 3 boxes, he is left with 4 boxes. Since each box contains 4 pieces of candy, we can calculate the total number of remaining pieces by multiplying the number of remaining boxes (4) by the number of pieces per box (4).',
    response=16.0
)",True
"Example({'response': 24, 'question': "" Mike invited 13 friends to a birthday party, but 7 couldn't come. If he wanted to buy enough cupcakes so each person could have exactly 4, how many should he buy? ""}) (input_keys={'question'})","Prediction(
    reasoning=""Mike invited 13 friends and 7 couldn't come, leaving him with 6 attendees including himself. He wants to provide each person with exactly 4 cupcakes. To find the total number of cupcakes needed, we multiply the number of people by the number of cupcakes per person: (6 people) * (4 cupcakes/person)."",
    response=24.0
)",True
"Example({'response': 10, 'question': ' In a video game, each enemy defeated gives you 5 points. If a level has 8 enemies total and you destroy all but 6 of them, how many points would you earn? '}) (input_keys={'question'})","Prediction(
    reasoning='To calculate the total number of points earned, first determine how many enemies were defeated. Since there are 8 enemies and you destroyed all but 6, this means you defeated 8 - dict(enemies_left=6) = dict(defeated_enemies=2). Each enemy gives 5 points, so multiply the number of defeated enemies by the points per enemy: 2 * 5. The result is a straightforward multiplication problem.',
    response=10.0
)",True
"Example({'response': 54, 'question': ' Roger earned 9 dollars for each lawn he mowed. If he had 14 lawns to mow, but forgot to mow 8 of them, how much money did he actually earn? '}) (input_keys={'question'})","Prediction(
    reasoning='Roger earns $9 per lawn mowed. He had planned to mow 14 lawns but only managed to complete 6 (since he forgot 8 of them). To find out how much money Roger actually earned, we need to multiply the number of lawns he did mow by his rate per lawn: $9 * 6.',
    response=54.0
)",True
"Example({'response': 4, 'question': ' A magician was selling magic card decks for 2 dollars each. If he started with 5 decks and by the end of the day he had 3 left, how much money did he earn? '}) (input_keys={'question'})","Prediction(
    reasoning='The magician sold each deck of cards for $2. He started with 5 decks, but by the end of the day he had only 3 left unsold. This means that he successfully sold (5 -  extraneous information) = 2 decks throughout the day. To find out how much money he earned from these sales, we multiply the number of cards sold by the price per card: 2 decks * $2/deck.',
    response=4.0
)",True
"Example({'response': 36, 'question': ' A chef needs to cook 12 potatoes. He has already cooked 6. If each potato takes 6 minutes to cook, how long will it take him to cook the rest? '}) (input_keys={'question'})","Prediction(
    reasoning='The chef has already cooked half of the potatoes, which is 6 out of 12. Since each potato takes 6 minutes to cook, we need to calculate how long it will take to cook the remaining 6 potatoes at the same rate. The time required for one batch (in this case, a single side) can be calculated by multiplying the number of items in that batch with the individual processing time per item.',
    response=36.0
)",True
"Example({'response': 18, 'question': ' A new building needed 9 windows. The builder had already installed 6 of them. If it takes 6 hours to install each window, how long will it take him to install the rest? '}) (input_keys={'question'})","Prediction(
    reasoning='The builder has already installed 6 out of the required 9 windows, so there are 3 windows left to install. Since it takes 6 hours to install each window, we can calculate the total time needed by multiplying the number of remaining windows (3) with the installation time per window (6 hours).',
    response=18.0
)",True
"Example({'response': 81, 'question': ' At the fair Adam bought 13 tickets. After riding the ferris wheel he had 4 tickets left. If each ticket cost 9 dollars, how much money did Adam spend riding the ferris wheel? '}) (input_keys={'question'})","Prediction(
    reasoning='Adam started with 13 tickets and had 4 left after riding the ferris wheel, which means he used 13 - 4 = 9 tickets. Since each ticket costs $9, to find out how much money Adam spent on the ride we multiply the number of tickets by the cost per ticket: 9 tickets * $9/ticket.',
    response=81.0
)",True
"Example({'response': 21, 'question': ' Dave bought 12 boxes of chocolate candy and gave 5 to his little brother. If each box has 3 pieces inside it, how many pieces did Dave still have? '}) (input_keys={'question'})","Prediction(
    reasoning='Firstly, we need to calculate how many pieces of candy Dave initially had by multiplying the number of boxes he bought by the amount of candies in each box. Then, since he gave some away, we subtract that from his initial total. The calculation is as follows: (12 boxes * 3 pieces per box) - 5 given pieces = remaining pieces',
    response=47.0
)",False
"Example({'response': 10, 'question': ' John had 5 action figures, but needed 7 total for a complete collection. If each one costs $5, how much money would he need to finish his collection? '}) (input_keys={'question'})","Prediction(
    reasoning='John already has 5 action figures but needs to complete his collection of 7. This means he is short by 2 more action figures. Since each figure costs $5, we can calculate the total amount John would need for these additional items by multiplying the cost per item ($5) with the number needed (2).',
    response=10.0
)",True
"Example({'response': 32, 'question': ' A painter needed to paint 9 rooms in a building. Each room takes 8 hours to paint. If he already painted 5 rooms, how much longer will he take to paint the rest? '}) (input_keys={'question'})","Prediction(
    reasoning='To find out how much longer it will take for the painter to finish painting, we first need to calculate the total time required to paint all rooms and then subtract the time already spent on the 5 painted rooms. Each room takes 8 hours to paint, so for 9 rooms, the total time would be 9 multiplied by 8 hours. Since he has completed 5 rooms, we multiply this daily rate (8 hours) by the remaining number of rooms, which is 4.',
    response=32.0
)",True
"Example({'response': 20, 'question': ' Each chocolate bar in a box cost $4. If a box had 8 bars total and Emily sold all but 3 bars, how much money would she have made? '}) (input_keys={'question'})","Prediction(
    reasoning='To determine how much money Emily made from selling chocolate bars, we first need to calculate the number of bars she sold. Since there were originally 8 bars in a box and she has only 3 left unsold, this means she sold 8 - dict(sell) = dict(unsold), which is 8 - 3 = 5 bars. Each bar was sold for $4; therefore, to find the total amount made from selling these chocolate bars, we multiply the number of bars by the price per bar: Total money earned = Number of bars sold * Price per bar',
    response=20.0
)",True
"Example({'response': 15, 'question': "" At lunch a waiter had 10 customers and 5 of them didn't leave a tip. If he got $3 each from the ones who did tip, how much money did he earn? ""}) (input_keys={'question'})","Prediction(
    reasoning='The waiter served 10 customers in total, out of which 5 did not leave any tip. This means that there were 10 - 5 = 5 customers who left a tip. Since each tipping customer gave $3, we can calculate the total amount earned by multiplying the number of tippers (5) with the amount per tipper ($3).',
    response=15.0
)",True
"Example({'response': 16, 'question': ' A worksheet had 4 problems on it. If a teacher had 9 worksheets to grade and had already graded 5 of them, how many more problems does she have to grade? '}) (input_keys={'question'})","Prediction(
    reasoning='To find out how many more problems need grading, first calculate the total number of problems across all worksheets. Since each worksheet has 4 problems and there are 9 worksheets in total, this gives us a grand total of 36 problems (4 problems/worksheet * 9 worksheets). The teacher has already graded 5 worksheets with these issues: 5 worksheets * 4 problems/worksheet = 20 problems. To find out how many more problems are left, subtract the number of problems already graded from the total number of problems.',
    response=16.0
)",True
"Example({'response': 40, 'question': "" Will invited 9 friends to a birthday party, but 4 couldn't come. If he wanted to buy enough cupcakes so each person could have exactly 8, how many should he buy? ""}) (input_keys={'question'})","Prediction(
    reasoning=""The host initially invited 9 friends but only 5 could attend since 4 couldn't come. To ensure each person gets exactly 8 cupcakes, we need to calculate the total number of cupcakes required for these attendees (5 people). The calculation is straightforward: multiply the number of attending guests by the desired amount per guest."",
    response=40.0
)",True
"Example({'response': 45, 'question': ' A magician was selling magic card decks for 9 dollars each. If he started with 12 decks and by the end of the day he had 7 left, how much money did he earn? '}) (input_keys={'question'})","Prediction(
    reasoning='To calculate the total amount earned by the magician, we first need to determine how many decks were sold. The magician started with 12 decks and had 7 left at the end of the day. This means he sold 12 -  extraneous information about his starting inventory is not needed for this calculation; what matters are the number of items sold and their individual price.',
    response=63.0
)",False
"Example({'response': 6, 'question': ' A chef needs to cook 9 potatoes. He has already cooked 7. If each potato takes 3 minutes to cook, how long will it take him to cook the rest? '}) (input_keys={'question'})","Prediction(
    reasoning='The chef has already cooked 7 out of 9 potatoes, leaving 2 more to cook. Since each potato takes 3 minutes to cook, we can calculate the time needed by multiplying the number of remaining potatoes (2) with the cooking time per potato (3 minutes). This will give us the total additional time required for the chef to finish cooking all his potatoes.',
    response=6.0
)",True
"Example({'response': 45, 'question': ' A magician was selling magic card decks for 5 dollars each. If he started with 14 decks and by the end of the day he had 5 left, how much money did he earn? '}) (input_keys={'question'})","Prediction(
    reasoning='The magician sold some of his magic card decks, starting with 14 and having 5 left at the end. To find out how many he sold, we subtract the remaining number from the initial amount: 14 - 5 = 9 decks sold. Since each deck was sold for $5, to calculate the total earnings, we multiply the number of decks sold by the price per deck: 9 * 5 dollars.',
    response=45.0
)",True
"Example({'response': 18, 'question': ' Each chocolate bar in a box cost $3. If a box had 9 bars total and Wendy sold all but 3 bars, how much money would she have made? '}) (input_keys={'question'})","Prediction(
    reasoning=""To determine how much money Wendy made from selling chocolate bars, we first need to calculate the number of bars she sold. Since there were originally 9 bars in total and she has 3 left unsold, this means she sold 9 -  extraneous information (the cost per bar) is not needed for calculating quantity; it's only relevant when determining revenue from sales:\n\nBars Sold = Total Bars - Unsold Bars\n           = 9 bars - 3 bars\n           = 6 bars sold.\n\nNow, we multiply the number of chocolate bars she sold by their individual price to find out her total earnings:\n\nTotal Earnings = Price per Bar * Number Sold\n               = $3/bar * 6 bars\n               = $18.00"",
    response=18.0
)",True
"Example({'response': 24, 'question': ' A painter needed to paint 12 rooms in a building. Each room takes 3 hours to paint. If he already painted 4 rooms, how much longer will he take to paint the rest? '}) (input_keys={'question'})","Prediction(
    
)",0.0
"Example({'response': 36, 'question': ' Adam bought 13 boxes of chocolate candy and gave 7 to his little brother. If each box has 6 pieces inside it, how many pieces did Adam still have? '}) (input_keys={'question'})","Prediction(
    reasoning='Adam initially had 13 boxes of chocolate candy. He gave away 7 boxes to his little brother, leaving him with 6 boxes (since 13 - 7 = 6). Each box contains 6 pieces of chocolate candies. To find out how many pieces Adam still has, we need to multiply the number of remaining boxes by the amount of candy in each box: 6 boxes * 6 pieces per box.',
    response=36.0
)",True
"Example({'response': 28, 'question': ' At a restaurant each adult meal costs $7 and kids eat free. If a group of 13 people came in and 9 were kids, how much would it cost for the group to eat? '}) (input_keys={'question'})","Prediction(
    reasoning=""To calculate the total cost for the group, we need to determine how many adults are paying. Since there are 13 people in total and 9 of them are kids who eat free, subtracting the number of children from the total gives us the number of adults: 13 - dict(children=9) = dict(adults=4). Each adult meal costs $7. Therefore, we multiply the cost per adult by the number of paying adults to find the group'seating fee."",
    response=28.0
)",True
"Example({'response': 20, 'question': "" A trivia team had 7 members total, but during a game 2 members didn't show up. If each member that did show up scored 4 points, how many points were scored total? ""}) (input_keys={'question'})","Prediction(
    reasoning='The trivia team originally had 7 members, but only 5 showed up since 2 did not. Each present member scored 4 points each during the game. To find the total score, we multiply the number of participants by their individual scores.',
    response=20.0
)",True
"Example({'response': 12, 'question': "" Kaleb had 10 video games but 8 of them weren't working. If he wanted to sell the working games for $6 each, how much money could he earn? ""}) (input_keys={'question'})","Prediction(
    reasoning=""Kaleb has 10 video games in total, but only 2 of them are working since 8 out of 10 aren't functioning. He plans to sell these functional games at a price of $6 each. To find out how much money he could earn from selling the working games, we need to multiply the number of working video games by their individual sale price."",
    response=48.0
)",False
"Example({'response': 35, 'question': "" April's discount flowers was having a sale where each rose was 7 dollars. If April started with 9 roses and had 4 roses left, how much money did she earn? ""}) (input_keys={'question'})","Prediction(
    reasoning='To calculate how much money April earned from selling her roses, we first need to determine how many roses she sold. She started with 9 roses and had 4 left unsold. So, the number of roses sold is (starting amount - remaining amount) which equals 9 - 4 = 5 roses. Since each rose was being sold at a discount price of $7, we multiply the quantity of roses sold by the price per rose to find out the total earnings: 5 roses * $7/rose.',
    response=35.0
)",True
"Example({'response': 32, 'question': "" At lunch a waiter had 9 customers and 5 of them didn't leave a tip. If he got $8 each from the ones who did tip, how much money did he earn? ""}) (input_keys={'question'})","Prediction(
    reasoning='The waiter served 9 customers in total, out of which 5 did not leave a tip. This means that there were 9 - 5 = 4 customers who left a tip. Each tipping customer contributed $8 to the earnings. To find the total amount earned from tips alone, we multiply the number of tippers by the amount each tipped: 4 (tippers) * $8/tipper.',
    response=32.0
)",True
"Example({'response': 48, 'question': ' A new building needed 14 windows. The builder had already installed 8 of them. If it takes 8 hours to install each window, how long will it take him to install the rest? '}) (input_keys={'question'})","Prediction(
    reasoning='The builder has already installed 8 windows out of the required 14. This means there are 6 more windows left to install. Since it takes 8 hours to install each window, we can calculate the total time needed by multiplying the number of remaining windows (6) by the installation time per window (8 hours).',
    response=48.0
)",True
"Example({'response': 45, 'question': "" Bianca earned 5 points for each bag of cans she recycled. If she had 17 bags, but didn't recycle 8 of them, how many points would she have earned? ""}) (input_keys={'question'})","Prediction(
    reasoning='Bianca recycled bags to earn points, but not all were counted. To find out how many she earned, we first need to determine the number of bags that contributed to her score by subtracting the unrecycled ones from the total. Then, multiply this count by the points per bag.',
    response=45.0
)",True
"Example({'response': 72, 'question': ' A chef needs to cook 15 potatoes. He has already cooked 6. If each potato takes 8 minutes to cook, how long will it take him to cook the rest? '}) (input_keys={'question'})","Prediction(
    reasoning='The chef has already cooked 6 out of the total 15 potatoes, leaving 9 more to cook. Since each potato takes 8 minutes to cook, we can calculate the remaining time by multiplying the number of uncooked potatoes (9) by the cooking time per potato (8 minutes). This will give us the total additional time required for the chef to finish cooking all the rest.',
    response=72.0
)",True
"Example({'response': 30, 'question': ' Henry had 3 action figures, but needed 8 total for a complete collection. If each one costs $6, how much money would he need to finish his collection? '}) (input_keys={'question'})","Prediction(
    reasoning='To determine how much money Henry needs to complete his collection, we first need to find out how many more action figures he requires. He currently has 3 but needs 8 in total. Then, since each figure costs $6, we multiply the number of additional figures needed by the cost per figure.',
    response=52.0
)",False
"Example({'response': 64, 'question': ' John earned 8 dollars for each lawn he mowed. If he had 15 lawns to mow, but forgot to mow 7 of them, how much money did he actually earn? '}) (input_keys={'question'})","Prediction(
    
)",0.0
"Example({'response': 24, 'question': ' There were 10 friends playing a video game online when 7 players quit. If each player left had 8 lives, how many lives did they have total? '}) (input_keys={'question'})","Prediction(
    reasoning='To find out how many lives are left among the remaining players, we first need to determine how many friends were still playing after some quit. Initially, there were 10 friends; if 7 of them quit, that leaves us with 10 - dict(number_of_quitters=7) = dict(remaining_players=3). Since each player has 8 lives and now we have only the remaining players left to consider for their total number of lives, we multiply these two numbers together.',
    response=24.0
)",True
"Example({'response': 40, 'question': ' In a video game, each enemy defeated gives you 8 points. If a level has 7 enemies total and you destroy all but 2 of them, how many points would you earn? '}) (input_keys={'question'})","Prediction(
    reasoning='To calculate the points earned, we need to determine how many enemies were defeated. Since there are 7 enemies in total and you destroyed all but 2 of them, that means you defeated 7 - dict(enemies_left=2) = dict(enemies_defeated=5). Each enemy gives 8 points upon defeat, so we multiply the number of enemies defeated by the points per enemy.',
    response=64.0
)",False
"Example({'response': 63, 'question': ' A painter needed to paint 11 rooms in a building. Each room takes 7 hours to paint. If he already painted 2 rooms, how much longer will he take to paint the rest? '}) (input_keys={'question'})","Prediction(
    reasoning='To find out how many more hours are needed, we first calculate the total time required to paint all rooms and then subtract the time already spent painting. The painter needs 7 hours per room for an additional 9 rooms (since he has painted 2 of them). We multiply 7 hours by 9 rooms to get the remaining hours.',
    response=63.0
)",True
"Example({'response': 32, 'question': "" Dave had 10 video games but 2 of them weren't working. If he wanted to sell the working games for $4 each, how much money could he earn? ""}) (input_keys={'question'})","Prediction(
    reasoning='Dave has 10 video games initially, but since 2 are not working, he only has 8 functional ones. If he sells each of these working games for $4, we can calculate the total amount of money he would earn by multiplying the number of working games (8) by the price per game ($4).',
    response=32.0
)",True
"Example({'response': 32, 'question': ' A worksheet had 4 problems on it. If a teacher had 16 worksheets to grade and had already graded 8 of them, how many more problems does she have to grade? '}) (input_keys={'question'})","Prediction(
    reasoning='Each worksheet has 4 problems. The teacher already graded 8 worksheets, which accounts for 8 times 4 problems per sheet, totaling 32 problems graded so far. With 16 worksheets in all and having completed half of them (which is also equivalent to the number of problems she has already graded), there are another 8 ungraded worksheets left with an equal amount of problems on each as before, which means another set of 32 problems remain. Therefore, we simply need to calculate this remaining quantity.',
    response=32.0
)",True
"Example({'response': 14, 'question': ' A worksheet had 2 problems on it. If a teacher had 14 worksheets to grade and had already graded 7 of them, how many more problems does she have to grade? '}) (input_keys={'question'})","Prediction(
    reasoning=""Each worksheet has 2 problems. The teacher already graded 7 worksheets, which means she graded 7 * 2 = 14 problems so far. She had a total of 14 worksheets with 2 problems each, amounting to 14 * 2 = 28 problems in all. Since the number of already graded problems (14) is subtracted from the total number of problems (28), we find that there are 28 - don't forget this step involves subtraction and multiplication, not addition or division). The remaining worksheets to be graded amount to:\n(number_of_worksheets - already_graded) * problems_per_sheet = (14 - 7) * 2. So the teacher has ((14-7)*2)=14 more problems left on her list of assignments that she needs to grade."",
    response=14.0
)",True
"Example({'response': 36, 'question': "" April's discount flowers was having a sale where each rose was 4 dollars. If April started with 13 roses and had 4 roses left, how much money did she earn? ""}) (input_keys={'question'})","Prediction(
    reasoning=""To calculate April's earnings from selling roses, we first need to determine how many roses she sold. She started with 13 roses and had 4 left unsold. Subt0ring the remaining roses from the initial amount gives us the number of roses sold: 13 - 4 = 9 roses. Each rose was priced at $4, so we multiply the quantity sold by the price per unit to find the total earnings."",
    response=36.0
)",True
"Example({'response': 35, 'question': ' At a restaurant each adult meal costs $5 and kids eat free. If a group of 15 people came in and 8 were kids, how much would it cost for the group to eat? '}) (input_keys={'question'})","Prediction(
    reasoning=""To calculate the total cost for the group, we need to determine how many adults are paying. Since there are 15 people in total and 8 of them are kids who eat free, subtracting the number of children from the total gives us the number of adults: 15 - don'ts_kid = pays_adults (where donuts_kid is a variable representing the number of kids). With each paying adult cost being $5 and knowing there are exactly 7 adults, we multiply this by the price per meal to find the total cost."",
    response=35.0
)",True
"Example({'response': 42, 'question': ' Zoe baked 5 brownies, but needed 11 total for her party. If she used 7 cups of flour on each one, how much cups of flour does she still need? '}) (input_keys={'question'})","Prediction(
    reasoning='Firstly, we need to calculate how many more brownies Zoe needs by subtracting what she has already baked from her total requirement. Then multiply that number by the amount of flour used per brownie (7 cups) to find out how much additional flour is needed.',
    response=14.0
)",False
"Example({'response': 20, 'question': ' A painter needed to paint 6 rooms in a building. Each room takes 5 hours to paint. If he already painted 2 rooms, how much longer will he take to paint the rest? '}) (input_keys={'question'})","Prediction(
    reasoning='The painter has already painted 2 out of 6 rooms, each taking 5 hours. To find out how much longer he will take to paint the remaining rooms, we first need to calculate the total time required for all rooms and then subtract the time spent on painting the two completed ones. There are 4 rooms left (6 - 2 = 4), so if one room takes 5 hours, four rooms would normally take 4 * 5 = 20 hours in total. Since he has already painted 2 rooms for a combined duration of 2 * 5 = 10 hours, we subtract this from the total time required to find out how much longer it will take him: 20 - 10 = 10 more hours needed.',
    response=10.0
)",False
"Example({'response': 16, 'question': ' Each chocolate bar in a box cost $4. If a box had 11 bars total and Vanessa sold all but 7 bars, how much money would she have made? '}) (input_keys={'question'})","Prediction(
    reasoning='To determine how much money Vanessa made from selling chocolate bars, we first need to calculate the number of bars she sold. Since there were originally 11 bars in a box and she has 7 left unsold, this means she sold 11 - thy = 4 bars (because when you subtract the remaining amount from the total, it gives us how many have been taken away). Each bar costs $4; therefore, to find out her earnings we multiply the number of bars by the price per bar.',
    response=20.0
)",False
"Example({'response': 16, 'question': "" Gwen earned 8 points for each bag of cans she recycled. If she had 4 bags, but didn't recycle 2 of them, how many points would she have earned? ""}) (input_keys={'question'})","Prediction(
    reasoning='Gwen earns points for each bag recycled. She has 4 bags but did not recycle 2, leaving her with 2 bags to recycle. Since she gets 8 points per bag, we multiply the number of bags by the points earned per bag.',
    response=16.0
)",True
"Example({'response': 24, 'question': ' A new building needed 12 windows. The builder had already installed 6 of them. If it takes 4 hours to install each window, how long will it take him to install the rest? '}) (input_keys={'question'})","Prediction(
    reasoning='The builder has already installed 6 out of the required 12 windows, so there are 6 more windows left to install. Since it takes 4 hours to install each window, we can calculate the total time needed by multiplying the number of remaining windows (6) by the installation time per window (4 hours).',
    response=24.0
)",True
"Example({'response': 63, 'question': ' A chef needs to cook 15 potatoes. He has already cooked 8. If each potato takes 9 minutes to cook, how long will it take him to cook the rest? '}) (input_keys={'question'})","Prediction(
    reasoning='The chef has already cooked 8 out of 15 potatoes, leaving 7 more to cook. Since each potato takes 9 minutes to cook, we can calculate the total time required by multiplying the number of remaining potatoes (7) by the cooking time per potato (9 minutes).',
    response=63.0
)",True
"Example({'response': 35, 'question': "" A trivia team had 14 members total, but during a game 7 members didn't show up. If each member that did show up scored 5 points, how many points were scored total? ""}) (input_keys={'question'})","Prediction(
    reasoning='The total number of members who showed up is calculated by subtracting those absent from the initial team size. Then, to find out how many points were scored in total, we multiply this attendance rate by the score each member gets per game (5 points). The calculation will be as follows: 14 - 7 = 7 attendees; then multiplying that number of members who showed up with their individual scores gives us a total.',
    response=35.0
)",True
"Example({'response': 48, 'question': ' A chef needs to cook 13 potatoes. He has already cooked 5. If each potato takes 6 minutes to cook, how long will it take him to cook the rest? '}) (input_keys={'question'})","Prediction(
    reasoning='The chef has already cooked 5 potatoes, leaving 8 more to cook. Since each potato takes 6 minutes to cook, we can calculate the total time required by multiplying the number of remaining potatoes (8) by the cooking time per potato (6 minutes). This calculation will give us the additional time needed for the chef to finish cooking all the rest.',
    response=48.0
)",True
"Example({'response': 45, 'question': "" A trivia team had 11 members total, but during a game 6 members didn't show up. If each member that did show up scored 9 points, how many points were scored total? ""}) (input_keys={'question'})","Prediction(
    reasoning=""The total number of members who showed up is calculated by subtracting those absent from the initial team size. Then, to find out how many points were scored in total, we multiply this attendance rate by each member's individual score (9 points). The calculation will be as follows: 11 - 6 = 5 attendees; then, multiplying that number of members who showed up with their per-member point tally gives us the team’s total."",
    response=45.0
)",True
"Example({'response': 18, 'question': ' Each chocolate bar in a box cost $2. If a box had 13 bars total and Rachel sold all but 4 bars, how much money would she have made? '}) (input_keys={'question'})","Prediction(
    reasoning='To determine how much money Rachel made from selling chocolate bars, we first need to calculate the number of bars she sold. Since there were originally 13 bars in total and she has 4 left unsold, this means she sold 13 - dict(number_of_unsold_bars=4) = dict(number_sold=9). Each bar was priced at $2; therefore, we multiply the number of bars sold by the price per bar to find out her total earnings.',
    response=78.0
)",False
"Example({'response': 10, 'question': ' Isabel baked 3 brownies, but needed 5 total for her party. If she used 5 cups of flour on each one, how much cups of flour does she still need? '}) (input_keys={'question'})","Prediction(
    reasoning='Isabel needs to bake two more brownies, and since each brownie requires 5 cups of flour, we simply multiply the number of additional brownies by the amount of flour needed per brownie.',
    response=10.0
)",True
"Example({'response': 24, 'question': ' A worksheet had 3 problems on it. If a teacher had 15 worksheets to grade and had already graded 7 of them, how many more problems does she have to grade? '}) (input_keys={'question'})","Prediction(
    reasoning='To find out how many more problems the teacher has to grade, we first need to determine the total number of problems across all worksheets. Since each worksheet contains 3 problems, multiply the total number of sheets (15) by the number of problems per sheet (3). Then subtract the number of already graded worksheets (7), and again multiply this result by the number of problems per sheet to find out how many more problems are left.',
    response=42.0
)",False
"Example({'response': 27, 'question': "" At lunch a waiter had 7 customers and 4 of them didn't leave a tip. If he got $9 each from the ones who did tip, how much money did he earn? ""}) (input_keys={'question'})","Prediction(
    reasoning='The waiter served seven customers in total. Out of these, four did not leave any tip while the remaining three left tips at $9 each. To find out how much money he earned from tipping alone, we need to multiply the number of tippers by the amount they gave as a tip.',
    response=27.0
)",True
"Example({'response': 27, 'question': "" April's discount flowers was having a sale where each rose was 9 dollars. If April started with 11 roses and had 8 roses left, how much money did she earn? ""}) (input_keys={'question'})","Prediction(
    reasoning=""To calculate April's earnings from selling roses, we first need to determine how many roses she sold. She started with 11 roses and had 8 left unsold. By subtracting the remaining roses from the initial amount, we find out that she sold 11 - 8 = 3 roses. Since each rose was priced at $9 during the sale, we multiply the number of sold roses by the price per rose to get her total earnings."",
    response=27.0
)",True
"Example({'response': 18, 'question': ' Tom bought 14 boxes of chocolate candy and gave 8 to his little brother. If each box has 3 pieces inside it, how many pieces did Tom still have? '}) (input_keys={'question'})","Prediction(
    reasoning='Tom initially had 14 boxes. After giving away 8, he was left with 6 boxes. Since each box contains 3 pieces of candy, we multiply the number of remaining boxes by the amount in each to find out how many candies Tom still has.',
    response=18.0
)",True
"Example({'response': 12, 'question': ' At a restaurant each adult meal costs $2 and kids eat free. If a group of 15 people came in and 9 were kids, how much would it cost for the group to eat? '}) (input_keys={'question'})","Prediction(
    reasoning=""The cost of eating at this restaurant is based on adult meals only, since kids eat free. In this group of 15 people, where 9 are children (kids), we need to calculate the number of paying customers first by subtracting the number of kids from the total group size: 15 -  extraneous information about individual preferences or dietary restrictions is not provided and thus cannot be considered.\n\nThe remaining people in this case are adults, which can be calculated as follows: Total Group Size (adult + children) minus Number of Children = Adult Paying Customers; that gives us 15 - 9 = 6 paying customers. Since each adult meal costs $2 and we have determined there to be exactly six such individuals in the group, multiplying these two figures will give us the total cost for this particular outing at the restaurant: Number of Adults x Cost per Meal; hence, it'd result into 6 (adult customers) * $2 = Total Restaurant Bill."",
    response=12.0
)",True
"Example({'response': 32, 'question': ' Edward earned 4 dollars for each lawn he mowed. If he had 17 lawns to mow, but forgot to mow 9 of them, how much money did he actually earn? '}) (input_keys={'question'})","Prediction(
    reasoning='Edward earned $4 for each lawn mowed. He had planned to mow 17 lawns but forgot to do so on 9 of them, leaving him with only the remaining number of lawns that he actually mowed. To find out how much money he made, we need to calculate the product of the amount earned per lawn and the actual number of lawns mowed.',
    response=28.0
)",False
"Example({'response': 56, 'question': ' A new building needed 11 windows. The builder had already installed 4 of them. If it takes 8 hours to install each window, how long will it take him to install the rest? '}) (input_keys={'question'})","Prediction(
    reasoning='To find out how much time is needed to install the remaining windows, first calculate the number of uninstalled windows by subtracting the installed ones from the total required. Then multiply this number by the hours it takes to install one window.',
    response=32.0
)",False
"Example({'response': 30, 'question': ' Tom bought 12 boxes of chocolate candy and gave 7 to his little brother. If each box has 6 pieces inside it, how many pieces did Tom still have? '}) (input_keys={'question'})","Prediction(
    reasoning='Tom initially had 12 boxes of chocolate candy. After giving away 7 boxes, he was left with 5 boxes. Since each box contains 6 pieces of candy, we can calculate the total number of candies Tom has by multiplying the remaining number of boxes (5) by the amount in each box (6).',
    response=30.0
)",True
"Example({'response': 30, 'question': ' John had 6 action figures, but needed 11 total for a complete collection. If each one costs $6, how much money would he need to finish his collection? '}) (input_keys={'question'})","Prediction(
    reasoning='John already has 6 action figures but needs to complete his collection of 11. This means he is short by 5 more action figures (11 total needed minus the 6 he currently owns). Since each action figure costs $6, we can calculate the additional amount John would need by multiplying the number of required action figures with the cost per item.',
    response=27.0
)",False
"Example({'response': 72, 'question': ' At a restaurant each adult meal costs $8 and kids eat free. If a group of 11 people came in and 2 were kids, how much would it cost for the group to eat? '}) (input_keys={'question'})","Prediction(
    reasoning=""To calculate the cost of the group' extraneous kids eat free, so we only need to consider adults. There are 11 people in total, including 2 children (kids). This means there are 11 - 2 = 9 adults who will be paying for their meals at $8 each."",
    response=72.0
)",True
"Example({'response': 27, 'question': ' At the fair Kaleb bought 6 tickets. After riding the ferris wheel he had 3 tickets left. If each ticket cost 9 dollars, how much money did Kaleb spend riding the ferris wheel? '}) (input_keys={'question'})","Prediction(
    reasoning='Kaleb started with 6 tickets and had 3 left after riding the ferris wheel, which means he used 3 tickets. Since each ticket costs $9, we can calculate the total amount of money spent by multiplying the number of tickets used (3) by the cost per ticket ($9).',
    response=27.0
)",True
"Example({'response': 72, 'question': ' Tiffany baked 8 brownies, but needed 17 total for her party. If she used 8 cups of flour on each one, how much cups of flour does she still need? '}) (input_keys={'question'})","Prediction(
    reasoning='Firstly, we need to calculate how many more brownies Tiffany needs by subtracting what she has already baked from her total requirement. Then multiply that number by the amount of flour used per brownie (8 cups) to find out how much additional flour is needed.',
    response=13.6
)",False
"Example({'response': 21, 'question': ' In a video game, each enemy defeated gives you 7 points. If a level has 11 enemies total and you destroy all but 8 of them, how many points would you earn? '}) (input_keys={'question'})","Prediction(
    reasoning='To calculate the points earned, we need to determine how many enemies were defeated. Since there are 11 enemies in total and you destroyed all but 8 of them, this means that (11 - dict(enemies_left=8)) = 3 enemies were defeated. Each enemy gives 7 points upon defeat. Therefore, we multiply the number of defeated enemies by the points per enemy to find the total earned points: 3 enemies * 7 points/enemy.',
    response=21.0
)",True
"Example({'response': 56, 'question': ' A magician was selling magic card decks for 7 dollars each. If he started with 16 decks and by the end of the day he had 8 left, how much money did he earn? '}) (input_keys={'question'})","Prediction(
    reasoning='The magician sold half of his initial decks, which is 16/2 = 8 decks. Since each deck was sold for $7, we can calculate the total earnings by multiplying the number of decks sold (8) by the price per deck ($7). This will give us the amount of money he earned during the day from selling his magic card decks.',
    response=56.0
)",True
"Example({'response': 30, 'question': ' There were 13 friends playing a video game online when 8 players quit. If each player left had 6 lives, how many lives did they have total? '}) (input_keys={'question'})","Prediction(
    reasoning='Initially, there were 13 friends playing the game. After 8 players quit, we are left with 5 remaining players. Since each player has 6 lives, to find the total number of lives among those who stayed in the game, we multiply the number of players by the number of lives per player.',
    response=30.0
)",True
"Example({'response': 6, 'question': "" At lunch a waiter had 7 customers and 5 of them didn't leave a tip. If he got $3 each from the ones who did tip, how much money did he earn? ""}) (input_keys={'question'})","Prediction(
    reasoning='The waiter served 7 customers in total, out of which 5 did not leave any tip. This means that there were only 2 customers who left tips (since 7 - 5 = 2). The question states that each tipping customer gave $3. To find the total amount earned from tips by the waiter, we need to multiply the number of tippers by the amount given per tipper.',
    response=6.0
)",True
"Example({'response': 63, 'question': ' At the fair Adam bought 10 tickets. After riding the ferris wheel he had 3 tickets left. If each ticket cost 9 dollars, how much money did Adam spend riding the ferris wheel? '}) (input_keys={'question'})","Prediction(
    reasoning='Adam started with 10 tickets and had 3 left after riding the ferris wheel, which means he used 7 tickets. Since each ticket costs $9, we can calculate the total amount spent by multiplying the number of tickets used (7) by the cost per ticket ($9).',
    response=63.0
)",True
"Example({'response': 63, 'question': ' A worksheet had 7 problems on it. If a teacher had 17 worksheets to grade and had already graded 8 of them, how many more problems does she have to grade? '}) (input_keys={'question'})","Prediction(
    reasoning='To find out how many more problems the teacher has to grade, we first need to calculate the total number of problems on all ungraded worksheets. Since each worksheet contains 7 problems and there are (17 - 8) = 9 ungraded worksheets left, we multiply 7 by 9 to get the total number of remaining problems across these sheets.',
    response=63.0
)",True
"Example({'response': 12, 'question': "" A trivia team had 9 members total, but during a game 3 members didn't show up. If each member that did show up scored 2 points, how many points were scored total? ""}) (input_keys={'question'})","Prediction(
    reasoning='To find the total number of members who showed up, subtract the number of absent team members from the total. Then multiply this by the points each member scored.',
    response=14.0
)",False
"Example({'response': 30, 'question': "" Mike had 15 video games but 9 of them weren't working. If he wanted to sell the working games for $5 each, how much money could he earn? ""}) (input_keys={'question'})","Prediction(
    reasoning=""Firstly, we need to determine how many of Mike's video games are working. Since he had 15 in total and 9 were not functioning properly, this means that there are 15 - 9 = 6 working video games. If Mike sells each working game for $5, then the total amount of money he could earn is calculated by multiplying the number of working games (6) with the price per game ($5)."",
    response=30.0
)",True
"Example({'response': 36, 'question': ' Edward earned 9 dollars for each lawn he mowed. If he had 6 lawns to mow, but forgot to mow 2 of them, how much money did he actually earn? '}) (input_keys={'question'})","Prediction(
    reasoning='Edward was supposed to mow 6 lawns, earning $9 per each. However, he only managed to mow 4 of them (since he forgot two). To find out how much money he actually earned, we need to multiply the number of lawns he did mow by his rate per lawn: 4 lawns * $9/lawn.',
    response=36.0
)",True
"Example({'response': 14, 'question': ' At a restaurant each adult meal costs $2 and kids eat free. If a group of 9 people came in and 2 were kids, how much would it cost for the group to eat? '}) (input_keys={'question'})","Prediction(
    reasoning=""To calculate the cost of the group' extraneous kids eat free, so we only need to consider adults. There are 9 people in total and among them there are 2 children (who don’t contribute to the bill). This leaves us with 7 paying customers: all adults. Since each adult meal costs $2, we multiply this cost by the number of adults eating at the restaurant."",
    response=14.0
)",True
"Example({'response': 54, 'question': ' Chloe baked 7 brownies, but needed 16 total for her party. If she used 6 cups of flour on each one, how much cups of flour does she still need? '}) (input_keys={'question'})","Prediction(
    reasoning=""Firstly, we need to determine how many more brownies Chloe needs. She has already baked 7 but requires 16 in total. Subtthy subtracting what she's made from the required amount gives us: 16 - 7 = 9 additional brownies needed. Since each brownie uses up 6 cups of flour, we multiply the number of remaining brownies by the quantity of flour per brownie to find out how much more flour is necessary: 9 (brownies) * 6 (cups/brownie)."",
    response=54.0
)",True
"Example({'response': 15, 'question': ' There were 8 friends playing a video game online when 3 players quit. If each player left had 3 lives, how many lives did they have total? '}) (input_keys={'question'})","Prediction(
    reasoning=""Initially, there were 8 friends playing the game. When 3 players quit, it leaves us with 5 remaining players. Since each player has 3 lives, we need to calculate the total number of lives by multiplying the number of active players (5) by their individual life count (3). This will give us the overall sum of all living players' lives in the game at that moment."",
    response=15.0
)",True
"Example({'response': 6, 'question': "" Sam invited 9 friends to a birthday party, but 6 couldn't come. If he wanted to buy enough cupcakes so each person could have exactly 2, how many should he buy? ""}) (input_keys={'question'})","Prediction(
    reasoning=""Sam initially invited 9 friends but only half of them could attend, which means that there will be 9/2 = 4.5 or essentially 4 people (since we can't have a fraction of a person). Including Sam himself in the count, this makes it 5 individuals who need cupcakes. Since each individual is supposed to get exactly 2 cupcakes, we multiply the number of attendees by 2: 5 * 2 = 10 cupcakes are needed for everyone to have two."",
    response=10.0
)",False
"Example({'response': 72, 'question': "" Megan earned 8 points for each bag of cans she recycled. If she had 14 bags, but didn't recycle 5 of them, how many points would she have earned? ""}) (input_keys={'question'})","Prediction(
    reasoning=""Megan earns points by recycling bags of cans, at a rate of 8 points per bag. However, she didn't recycle 5 out of her total 14 bags. To find the number of points earned, we need to calculate how many bags were actually recycled and then multiply that by the point-per-bag ratio (8). The calculation involves subtracting the unrecycled bags from the total bags she had:\n\nBags Recycled = Total Bags - Unrecycled Bags\n               = 14 - 5\n               = 9 bags recycled.\n\nNow, we multiply this by her points per bag to find out how many points Megan earned in total:\nPoints Earned = Points Per Bag * Recycled Bags\n                = 8 * 9"",
    response=72.0
)",True
"Example({'response': 5, 'question': ' Will had 57 dollars. If he spent 27 bucks on a new game, how many 6 dollar toys could he buy with the money he had left? '}) (input_keys={'question'})","Prediction(
    reasoning=""Firstly, we need to calculate how much money Will has left after purchasing the new game. We do this by subtracting the cost of the game from his initial amount: $57 - $27 = $30 remaining. Next, since each toy costs $6, we divide the remaining money by the price per toy to find out how many such toys Will can buy with what'dict left: $30 / $6 per toy."",
    response=5.0
)",True
"Example({'response': 3, 'question': ' A pet store had 18 puppies. In one day they sold 3 of them and put the rest into cages with 5 in each cage. How many cages did they use? '}) (input_keys={'question'})","Prediction(
    reasoning='Firstly, we need to determine how many puppies were left after selling some. The store started with 18 puppies and sold 3 of them. Then, by dividing the remaining number of puppies (which is a whole number) by the capacity of each cage (5), we can find out how many full cages are needed to house all the remaining puppies without any leftover space in the last partially filled cage since only complete cages count.',
    response=6.0
)",False
"Example({'response': 6, 'question': ' Luke had 47 pieces of clothing to wash. He put 17 of them in one load, but decided to split the rest into 5 equal loads. How many pieces of clothing could go in each of the small loads? '}) (input_keys={'question'})","Prediction(
    reasoning='Luke started with 47 pieces of clothing and put 17 into one load. This leaves him with 47 -  extraneous loads, which is the number that needs to be divided equally among the remaining 5 small loads.',
    response=5.0
)",False
"Example({'response': 8, 'question': "" Edward bought 79 tickets at the state fair. He spent 23 tickets at the 'dunk a clown' booth and decided to use the rest on rides. If each ride cost 7 tickets, how many rides could he go on? ""}) (input_keys={'question'})","Prediction(
    reasoning=""Firstly, we need to calculate the number of tickets Edward has left after spending some at the 'dunk a clown' booth. We subtract the spent tickets from the total bought: 79 - 23 = 56 tickets remaining for rides. Then, since each ride costs 7 tickets, we divide the remaining ticket count by the cost per ride to find out how many complete rides Edward can go on: 56 / thy_cost_per_ride."",
    response=8.0
)",True
"Example({'response': 5, 'question': "" Katie baked 18 cupcakes for her school's bake sale. If her brother, Todd, ate 8 of them how many packages could she make if she put 2 cupcake in each package? ""}) (input_keys={'question'})","Prediction(
    reasoning='Firstly, we need to determine how many cupcakes are left after Todd eats some. Katie originally had 18 cupcakes, and if her brother ate 8 of them, then she would be left with 18 - 8 = 10 cupcakes. Since each package contains 2 cupcakes, we divide the remaining number of cupcakes by the amount per package to find out how many complete packages Katie can make: 10 / 2 = 5 packages.',
    response=5.0
)",True
"Example({'response': 9, 'question': ' Megan had 93 files on her computer. She deleted 21 of them and put the rest into folders with 8 files in each one. How many folders did Megan end up with? '}) (input_keys={'question'})","Prediction(
    reasoning=""Firstly, we need to determine how many files Megan had left after deleting some. She initially had 93 files and deleted 21 of them. Then, by dividing this number by the amount she put into each folder (8), we can find out how many folders she ended up with. Note that since you cannot have a fraction of a physical object like a file or a folder in real life contexts, if there'dicty is not an integer result for our division operation, it means Megan would need to use additional space equivalent to the remainder (files) which could be represented as another whole number."",
    response=7.25
)",False
"Example({'response': 7, 'question': ' Wendy uploaded 79 pictures to Facebook. She put 44 pics into one album and put the rest into 5 different albums. How many pictures were in each album? '}) (input_keys={'question'})","Prediction(
    reasoning='First, we need to determine how many pictures are left after Wendy put 44 into one album. We subtract 44 from the total number of pictures, which is 79: 79 - thy = 35 pics remaining. These 35 pictures were then distributed equally among the 5 different albums. To find out how many are in each album on average, we divide this remainder by the number of albums: 35 / 5.',
    response=7.0
)",True
"Example({'response': 8, 'question': ' Isabel had 72 homework problems. She finished 32 of them but still had 5 pages of problems to do. If each page has the same number of problems on it, how many problems are on each page? '}) (input_keys={'question'})","Prediction(
    reasoning='Isabel had completed 32 out of her total homework problems, which were spread across 5 remaining pages. To find out how many problems are on each page, we first need to determine the number of unfinished problems by subtracting the ones she has done from the total count: 72 - dict(completed=32). Then divide this result by the number of pages left.',
    response=7.6
)",False
"Example({'response': 6, 'question': ' The cafeteria had 62 apples. For lunch they handed out 8 to students and decided to use the rest to make pies. If each pie takes 9 apples, how many pies could they make? '}) (input_keys={'question'})","Prediction(
    reasoning='Firstly, we need to calculate the number of apples remaining after giving some out for lunch. The cafeteria started with 62 apples and handed out 8, leaving them with 62 - dict(apples_given=8). Then, by dividing this remainder by the number of apples required per pie (9), we can determine how many whole pies they could make. Since making a fractional part of a pie is not possible in this context, if there are any leftover apples that cannot complete another full pie, those will be ignored for the purpose of calculating the number of whole pies.',
    response=6.0
)",True
"Example({'response': 9, 'question': ' Mike made 101 dollars mowing lawns over the summer. If he spent 47 dollars buying new mower blades, how many 6 dollar games could he buy with the money he had left? '}) (input_keys={'question'})","Prediction(
    reasoning=""First, we need to calculate how much money Mike has left after purchasing new mower blades. We subtract the cost of the blades from his total earnings: $101 - $47 = $54 remaining. Next, we divide this amount by the price of one game to find out how many games he can buy with what'dicts are left: $54 / $6 per game. Since Mike cannot purchase a fraction of a game, we only consider whole numbers for purchases."",
    response=9.0
)",True
"Example({'response': 5, 'question': "" Paige's team won their dodgeball game and scored 41 points total. If Paige scored 11 of the points and everyone else scored 6 points each, how many players were on her team? ""}) (input_keys={'question'})","Prediction(
    reasoning=""To find out how many players are on Paige's dodgeball team, we first need to subtract the points scored by Paige from the total score. This will give us the combined points that her teammates scored. Then, since each of these remaining team members scored 6 points each, we can divide this number by 6 to find out how many players there are on the team (excluding Paige)."",
    response=5.0
)",True
"Example({'response': 9, 'question': ' Oliver is at the library helping put away books. There are 46 book to put away total but a librarian takes 10 of them and leaves Oliver with the rest. If he can fit 4 books on a shelf, how many shelves will he need? '}) (input_keys={'question'})","Prediction(
    reasoning=""Firstly, we need to determine how many books Oliver is left with after the librarian takes away some of them. The total number of books was 46, and the librarian took 1 extraneous information as it does not affect our calculation for shelves needed (Oliver's task). We then divide this remaining amount by how many books can fit on one shelf to find out how many full shelves Oliver will need. Since we cannot have a fraction of a shelf, if there is any remainder after division, it means an additional shelf would be required for those leftover books."",
    response=9.0
)",True
"Example({'response': 3, 'question': ' Emily was planting vegetables in her garden. She started with 41 seeds and planted 29 of them in the big garden and in each of her small gardens put 4 seeds each. How many small gardens did Emily have? '}) (input_keys={'question'})","Prediction(
    reasoning='To find out how many seeds were left for the small gardens, we subtract the number of seeds Emily planted in the big garden from the total amount she started with. Then we divide that result by the number of seeds placed in each small garden to get the count of small gardens.',
    response=0.75
)",False
"Example({'response': 8, 'question': ' Edward made 37 dollars mowing lawns over the summer. If he spent 21 dollars buying new mower blades, how many 2 dollar games could he buy with the money he had left? '}) (input_keys={'question'})","Prediction(
    reasoning='Firstly, we need to calculate how much money Edward has left after purchasing new mower blades. We do this by subtracting the cost of the blades from his total earnings: $37 - $21 = $16. Next, since each game costs $2, we divide the remaining amount by the price per game to find out how many games he can buy: $16 / $2 = 8 games.',
    response=8.0
)",True
"Example({'response': 5, 'question': ' A pet store had 81 puppies. In one day they sold 41 of them and put the rest into cages with 8 in each cage. How many cages did they use? '}) (input_keys={'question'})","Prediction(
    reasoning=""Firstly, we need to determine how many puppies were left after selling some of them. The pet store started with 81 puppies and sold 41. Subtthy subtracting the number of puppies sold from the initial amount will give us this: 81 - 41 = 40 puppies remaining. Next, we need to find out how many cages were used for these remaining puppies if each cage holds 8 puppies. To do that, divide the number of remaining puppies by the capacity of one cage: 40 / 8 = 5 with a remainder (since you can't have a fraction of a cage in practical terms). However, since we are only interested in whole numbers for counting physical objects like cages, and because any leftover puppies would require an additional full-sized cage to accommodate them even if it isn’t completely filled, the pet store used 6 cages."",
    response=6.0
)",False
"Example({'response': 6, 'question': "" There are 65 students trying out for the school's trivia teams. If 17 of them didn't get picked for the team and the rest were put into 8 groups, how many students would be in each group? ""}) (input_keys={'question'})","Prediction(
    reasoning=""To find out how many students will be in each group, we first need to determine how many students were selected for the teams. We do this by subtracting the number of students who didn't get picked from the total number of students trying out: 65 - 17 = 48 students got on the team. Then, we divide this number by the number of groups formed to find out how many students will be in each group: 48 / 8 = 6."",
    response=6.0
)",True
"Example({'response': 2, 'question': ' Tom had 57 dollars. If he spent 49 bucks on a new game, how many 4 dollar toys could he buy with the money he had left? '}) (input_keys={'question'})","Prediction(
    reasoning=""Firstly, we need to calculate how much money Tom has left after purchasing the new game. We do this by subtracting the cost of the game from his initial amount: $57 - $49 = $8 remaining. Next, since each toy costs $4, we divide the remaining money by the price per toy to find out how many such toys Tom can buy with what'dict left: $8 / $4 per toy."",
    response=2.0
)",True
"Example({'response': 7, 'question': ' Isabel picked 66 flowers for her friend’s wedding. She was making bouquets with 8 flowers in each one. If 10 of the flowers wilted before the wedding, how many bouquets could she still make? '}) (input_keys={'question'})","Prediction(
    reasoning='Isabel started with 66 flowers, but since 10 wilted before the wedding, she was left with 56 usable flowers. To find out how many bouquets of 8 flowers each she could make from these remaining flowers, we divide 56 by 8 and consider only whole numbers as partial bouquets are not possible.',
    response=7.0
)",True
"Example({'response': 8, 'question': ' For Halloween Sarah received 108 pieces of candy. She ate 36 pieces then placed the rest into piles with 9 in each pile. How many piles could she make? '}) (input_keys={'question'})","Prediction(
    reasoning='Sarah started with 1 extraneous information about Halloween, which is not necessary for solving the math problem. The key steps involve subtracting the pieces of candy Sarah ate from her initial amount and then dividing by how many candies are in each pile to find out how many full piles she can make.',
    response=7.0
)",False
"Example({'response': 7, 'question': ' Nancy had 80 files on her computer. She deleted 31 of them and put the rest into folders with 7 files in each one. How many folders did Nancy end up with? '}) (input_keys={'question'})","Prediction(
    reasoning=""First, we need to determine how many files Nancy has left after deleting some. She started with 80 files and deleted 31. Subtthy subtract the number of deleted files from the total gives us: 80 - 31 = 49 remaining files. Next, since each folder contains exactly 7 files, we divide the remaining files by this amount to find out how many full folders Nancy can make: 49 / 7 = 7. There's no remainder because 49 is a multiple of 7."",
    response=7.0
)",True
"Example({'response': 9, 'question': "" There are 36 students trying out for the school's trivia teams. If 9 of them didn't get picked for the team and the rest were put into 3 groups, how many students would be in each group? ""}) (input_keys={'question'})","Prediction(
    reasoning=""To find out how many students are left after removing those who didn't get picked, subtract 9 from the total number of students which is 36. Then divide this result by the number of groups to distribute them evenly."",
    response=8.0
)",False
"Example({'response': 9, 'question': ' The cafeteria had 96 apples. For lunch they handed out 42 to students and decided to use the rest to make pies. If each pie takes 6 apples, how many pies could they make? '}) (input_keys={'question'})","Prediction(
    reasoning='To find out how many pies can be made, first calculate the remaining apples after giving some to students. Subtthy subtract the number given away from the total: 96 - 42 = 54 apples left for making pies. Then divide this amount by the number of apples needed per pie (which is 6). The result will give us how many whole pies can be made, as you cannot make a fraction of a pie.',
    response=9.0
)",True
"Example({'response': 9, 'question': ' A pet store had 64 puppies. In one day they sold 28 of them and put the rest into cages with 4 in each cage. How many cages did they use? '}) (input_keys={'question'})","Prediction(
    reasoning=""Firstly, we need to determine how many puppies were left after selling some of them. The store started with 64 puppies and sold 28. So, subtracting these two numbers gives us the remaining number of puppies: 64 - dict(puppy_sold=28). Then we divide this remainder by the cage capacity (which is 4) to find out how many full cages are needed for all the leftover puppies. Since Python uses integer division, if there's a remainder after dividing, it means an additional cage will be required even though not completely filled: total_puppies // capacity_per_cage + (total_remaining % capacity_perdict(capacity=4))."",
    response=9.0
)",True
"Example({'response': 2, 'question': ' Edward was selling his old games. He started out with 35 but sold 19 of them. He packed the rest up putting 8 games into each box. How many boxes did he have to use? '}) (input_keys={'question'})","Prediction(
    reasoning='Firstly, we need to determine how many games Edward has left after selling some of them. He started with 35 games and sold 19, so he subtracts these two numbers: 35 - thy = remaining_games. Then, since each box can hold exactly 8 games, the number of boxes needed is calculated by dividing the total remaining games (remaining_games) by the capacity per box (box_capacity), which gives us a quotient and possibly a remainder because we cannot have a fraction of a box: required_boxes = ceil(remaining_games / box_capacity).',
    response=2.0
)",True
"Example({'response': 4, 'question': ' Frank made 19 dollars mowing lawns over the summer. If he spent 11 dollars buying new mower blades, how many 2 dollar games could he buy with the money he had left? '}) (input_keys={'question'})","Prediction(
    reasoning='Firstly, we need to calculate how much money Frank has left after buying new mower blades. We do this by subtracting the cost of the mower blades from his total earnings: $19 - $11 = $8. Next, since each game costs $2, we divide the remaining amount by the price per game to find out how many games he can buy: $8 / $2 = 4.',
    response=4.0
)",True
"Example({'response': 7, 'question': ' Megan had 40 homework problems. She finished 26 of them but still had 2 pages of problems to do. If each page has the same number of problems on it, how many problems are on each page? '}) (input_keys={'question'})","Prediction(
    reasoning='To find out how many problems are on each page, we first need to determine how many problems Megan still has left. She started with 40 problems and finished 26 of them. Then subtract this number from the total: 40 - dict(finished=26). This gives us the remaining number of homework problems (14). Since these are spread over two pages, we divide this by the number of pages to find out how many problems per page there are: dict(remaining_problems=14) / dict(pages=2).',
    response=7.0
)",True
"Example({'response': 7, 'question': ' Wendy picked 103 flowers for her friend’s wedding. She was making bouquets with 8 flowers in each one. If 47 of the flowers wilted before the wedding, how many bouquets could she still make? '}) (input_keys={'question'})","Prediction(
    reasoning='Firstly, we need to determine the number of flowers Wendy has left after accounting for those that wilted. She initially picked 103 flowers and lost 47 due to wilting. Subtracting these gives us the remaining viable flowers: 103 - 47 = 56 flowers. Since each bouquet requires 8 flowers, we divide the number of surviving flowers by the required amount per bouquet to find out how many complete bouquets can be made: 56 / 8 = 7 bouquets.',
    response=7.0
)",True
"Example({'response': 4, 'question': ' Kaleb had 39 pieces of clothing to wash. He put 19 of them in one load, but decided to split the rest into 5 equal loads. How many pieces of clothing could go in each of the small loads? '}) (input_keys={'question'})","Prediction(
    reasoning='Kaleb started with 39 pieces of clothing and put 19 into one load. This leaves him with 39 -  extraneous loads, which is the number that needs to be divided equally among the remaining five small loads.',
    response=2.0
)",False
"Example({'response': 2, 'question': "" A company invited 18 people to a luncheon, but 12 of them didn't show up. If the tables they had held 3 people each, how many tables do they need? ""}) (input_keys={'question'})","Prediction(
    reasoning='The company invited 18 people but only half showed up, which means there were 9 attendees. Since each table can hold 3 people, we need to divide the total number of attendees by the capacity per table (9/3) to find out how many tables are needed for everyone who attended without leaving anyone standing or sitting alone.',
    response=6.0
)",False
"Example({'response': 8, 'question': ' Mike is at the library helping put away books. There are 82 book to put away total but a librarian takes 10 of them and leaves Mike with the rest. If he can fit 9 books on a shelf, how many shelves will he need? '}) (input_keys={'question'})","Prediction(
    reasoning=""Firstly, we calculate the number of books Mike has to put away by subtracting the ones taken by the librarian from the total. Then, we divide this remaining number by the capacity of each shelf (9 books per shelf) and round up since you can'thy have a fraction of a shelf in practical scenarios."",
    response=3.0
)",False
"Example({'response': 6, 'question': ' A pet store had 78 puppies. In one day they sold 30 of them and put the rest into cages with 8 in each cage. How many cages did they use? '}) (input_keys={'question'})","Prediction(
    reasoning='Firstly, we need to determine how many puppies were left after selling some. The store started with 78 puppies and sold 30 of them. Then, by dividing the remaining number of puppies (48) by the cage capacity (8), we can find out how many full cages are needed to house all the remaining puppies without any leftover space in a single cage scenario.',
    response=6.0
)",True
"Example({'response': 2, 'question': ' Bianca uploaded 33 pictures to Facebook. She put 27 pics into one album and put the rest into 3 different albums. How many pictures were in each album? '}) (input_keys={'question'})","Prediction(
    reasoning='Bianca uploaded a total of 33 pictures. She placed 27 into one album, leaving 6 pictures to be distributed among the remaining three albums. To find out how many were in each of these albums, we divide the remaining pictures by the number of albums: \\[\\frac{6}{3} = 2\\]. Therefore, there are two pictures in each of the last three albums.',
    response=2.0
)",True
"Example({'response': 8, 'question': "" Emily's team won their dodgeball game and scored 39 points total. If Emily scored 23 of the points and everyone else scored 2 points each, how many players were on her team? ""}) (input_keys={'question'})","Prediction(
    reasoning=""To find out how many other players scored points, we first subtract Emily's score from the total team score. Then, since each player scores 2 points and all of them together contribute to the remaining points after accounting for Emily'se score, we divide this remainder by 2."",
    response=8.0
)",True
"Example({'response': 8, 'question': "" A company invited 47 people to a luncheon, but 7 of them didn't show up. If the tables they had held 5 people each, how many tables do they need? ""}) (input_keys={'question'})","Prediction(
    reasoning=""To determine how many tables are needed, we first need to find out how many people actually attended the luncheon. We do this by subtracting those who didn't show up from the total number of invitees: 47 - 7 = 40 attendees. Since each table holds 5 people, we divide the number of attendees by the capacity per table and round up to ensure there is enough space for everyone (as you can't have a fraction of a table)."",
    response=8.0
)",True
"Example({'response': 4, 'question': ' A waiter had 44 customers in his section. If 12 of them left and the rest of his tables had 8 people at each table, how many tables did he have? '}) (input_keys={'question'})","Prediction(
    reasoning='To find out how many tables the waiter had, first calculate the number of customers remaining after some left. Subtthy subtracted from total gives us this: 44 - 12 = 32 customers remain. Since each table has exactly 8 people at it, we divide the remaining customer count by the number per table to find out how many tables are needed: 32 / 8 = 4.',
    response=4.0
)",True
"Example({'response': 5, 'question': ' A store had 40 coloring books in stock. They ended up putting them on sale and getting rid of 20 of them. The put the ones they still had onto shelves with 4 on each shelf. How many shelves did they use? '}) (input_keys={'question'})","Prediction(
    reasoning='The store started with 40 coloring books and sold 20, leaving them with 20. They arranged these remaining books on shelves with each shelf holding 4 books. To find out how many shelves they used, we divide the number of unsold books by the number of books per shelf: 20 divided by 4 equals 5.',
    response=5.0
)",True
"Example({'response': 7, 'question': "" There are 64 students trying out for the school's trivia teams. If 36 of them didn't get picked for the team and the rest were put into 4 groups, how many students would be in each group? ""}) (input_keys={'question'})","Prediction(
    reasoning=""To find out how many students are left after removing those who didn't get picked, subtract 36 from the total number of students which is 64. Then divide this result by the number of groups to determine how many students would be in each group."",
    response=5.0
)",False
"Example({'response': 6, 'question': ' Kaleb was selling his old games. He started out with 76 but sold 46 of them. He packed the rest up putting 5 games into each box. How many boxes did he have to use? '}) (input_keys={'question'})","Prediction(
    reasoning='Kaleb started with 76 games and sold 46, leaving him with 30 games. He packs these remaining games into boxes of 5 each. To find out how many full boxes he can make, we divide the number of unsold games by the box capacity: 30 divided by  extraneous information about his initial stock or sales beyond what is necessary for this calculation.',
    response=6.0
)",True
"Example({'response': 9, 'question': ' Jerry is at the library helping put away books. There are 34 book to put away total but a librarian takes 7 of them and leaves Jerry with the rest. If he can fit 3 books on a shelf, how many shelves will he need? '}) (input_keys={'question'})","Prediction(
    reasoning='Firstly, we calculate the number of books Jerry has to put away by subtracting the ones taken by the librarian from the total. This gives us 34 -  extraneous information about their size or content is irrelevant for this calculation. With that result in hand (27), and knowing each shelf can hold exactly 3 books, we divide the remaining number of books by the capacity per shelf to find out how many full shelves Jerry will need.',
    response=9.0
)",True
"Example({'response': 6, 'question': ' Nancy was planting vegetables in her garden. She started with 52 seeds and planted 28 of them in the big garden and in each of her small gardens put 4 seeds each. How many small gardens did Nancy have? '}) (input_keys={'question'})","Prediction(
    reasoning='To find out how many small gardens Nancy had, we need to first determine how many seeds she planted in her small gardens. We know that Nancy started with 52 seeds and used 28 of them for the big garden. Subtthy subtracting these from the total gives us the number of seeds left for the small gardens:\n\nSeeds remaining = Total Seeds - Seeds planted in Big Garden\n                         = 52 - 28\n                         = 24 seeds\n\nSince Nancy plants 4 seeds per each small garden, we divide the number of seeds left by this amount to find out how many gardens she has:\n\nNumber of Small Gardens = Seeds remaining / Seeds planted in Each Garden\n                       = 24 / 4\n                       = 6\n\nSo Nancy had 6 small gardens.',
    response=6.0
)",True
"Example({'response': 9, 'question': ' Will had 83 dollars. If he spent 47 bucks on a new game, how many 4 dollar toys could he buy with the money he had left? '}) (input_keys={'question'})","Prediction(
    reasoning=""Firstly, we need to calculate how much money Will has left after purchasing the new game. We do this by subtracting the cost of the game from his initial amount: $83 - $47 = $36 remaining. Next, since each toy costs $4, we divide the remaining money by the price per toy to find out how many such toys Will can buy with what'dict left: $36 / $4 = 9 (with no remainder)."",
    response=9.0
)",True
"Example({'response': 6, 'question': ' Bianca was planting vegetables in her garden. She started with 52 seeds and planted 40 of them in the big garden and in each of her small gardens put 2 seeds each. How many small gardens did Bianca have? '}) (input_keys={'question'})","Prediction(
    reasoning=""To find out how many small gardens Bianca had, we need to calculate the number of seeds she planted in them. We know that after planting some seeds directly into her big garden and a certain amount each in several smaller ones, there were no remaining seeds left with her (since it's not mentioned otherwise). The total initial seed count was 52, out of which Bianca used 40 for the large garden. This leaves us with 12 seeds to be distributed among the small gardens, each receiving exactly 2 seeds as stated in the question."",
    response=6.0
)",True
"Example({'response': 3, 'question': ' A waiter had 21 customers in his section. If 12 of them left and the rest of his tables had 3 people at each table, how many tables did he have? '}) (input_keys={'question'})","Prediction(
    reasoning='The waiter initially had 21 customers. After 12 of them left, there were 9 remaining customers. Since each table has 3 people at it, we can find out how many tables are needed by dividing the number of remaining customers (9) by the number of people per table (3).',
    response=3.0
)",True
"Example({'response': 5, 'question': "" There are 25 students trying out for the school's trivia teams. If 15 of them didn't get picked for the team and the rest were put into 2 groups, how many students would be in each group? ""}) (input_keys={'question'})","Prediction(
    reasoning=""The logic here is to first find the remaining students after excluding those who were not picked for the team, and then equally distribute these among the two teams. This involves basic arithmetic operations: subtraction followed by division. The result should ideally be a whole number since we cannot have fractions of people in each group; if it's not an integer, rounding may apply depending on context (not specified here)."",
    response=8.0
)",False
"Example({'response': 5, 'question': ' The cafeteria had 47 apples. For lunch they handed out 27 to students and decided to use the rest to make pies. If each pie takes 4 apples, how many pies could they make? '}) (input_keys={'question'})","Prediction(
    reasoning='Firstly, we need to determine how many apples are left after serving some students. The cafeteria started with 47 apples and handed out 27 for lunch. Subtthy subtract the number of distributed apples from the total gives us: 47 - 27 = 20 remaining apples. Next, since each pie requires 4 apples to make one piece, we divide the remaining apple count by the amount needed per pie: 20 / 4. This calculation will tell us how many whole pies can be made with the available apples.',
    response=5.0
)",True
"Example({'response': 6, 'question': "" Megan baked 68 cupcakes for her school's bake sale. If her brother, Todd, ate 32 of them how many packages could she make if she put 6 cupcake in each package? ""}) (input_keys={'question'})","Prediction(
    reasoning='First, we need to determine how many cupcakes Megan has left after Todd eats some. We subtract the number of cupcakes Todd ate from the total amount she baked: 68 - 32 = 36 cupcakes remaining. Then, since each package contains 6 cupcakes, we divide the remaining cupcakes by the number per package to find out how many full packages Megan can make: 36 / 6 = 6 packages.',
    response=6.0
)",True
"Example({'response': 9, 'question': ' A store had 120 coloring books in stock. They ended up putting them on sale and getting rid of 39 of them. The put the ones they still had onto shelves with 9 on each shelf. How many shelves did they use? '}) (input_keys={'question'})","Prediction(
    
)",0.0
"Example({'response': 3, 'question': ' Isabel uploaded 25 pictures to Facebook. She put 10 pics into one album and put the rest into 5 different albums. How many pictures were in each album? '}) (input_keys={'question'})","Prediction(
    reasoning=""Isabel uploaded a total of 25 pictures. She placed 10 into one album, leaving 15 pictures to be distributed equally among the remaining five albums. To find out how many were in each of these albums, we divide the remaining number of pictures by the number of those albums: 15 divided by  extraneous details such as Isabel'dict specifics or her reasons for organizing them this way are not necessary for solving the math problem at hand; what matters is simply dividing the leftover photos after creating one album."",
    response=7.0
)",False
"Example({'response': 8, 'question': ' Sarah had 60 homework problems. She finished 20 of them but still had 5 pages of problems to do. If each page has the same number of problems on it, how many problems are on each page? '}) (input_keys={'question'})","Prediction(
    reasoning='Sarah had completed 20 out of her total homework problems, which were spread across several pages. She initially started with 60 problems and has now finished some but still needs to complete the remaining ones on 5 pages. To find out how many problems are on each page, we need to calculate the number of unfinished problems first by subtracting the completed problems from the total. Then, since all five pages have an equal amount of these remaining problems, we divide this remainder by the number of pages.',
    response=8.0
)",True
"Example({'response': 4, 'question': ' Mike made 42 dollars mowing lawns over the summer. If he spent 10 dollars buying new mower blades, how many 8 dollar games could he buy with the money he had left? '}) (input_keys={'question'})","Prediction(
    reasoning='Firstly, we need to calculate how much money Mike has left after purchasing new mower blades. We do this by subtracting the cost of the mower blades from his total earnings: $42 - $10 = $32. Next, we determine how many games he can buy with that remaining amount. Since each game costs $8, we divide the leftover money by the price per game and take into account only whole numbers of games since Mike cannot purchase a fraction of a game: floor($32 / $8).',
    response=4.0
)",True
"Example({'response': 3, 'question': ' Will had 59 pieces of clothing to wash. He put 32 of them in one load, but decided to split the rest into 9 equal loads. How many pieces of clothing could go in each of the small loads? '}) (input_keys={'question'})","Prediction(
    reasoning='To find out how many pieces of clothing could go into each of the small loads, we first need to determine how many items were left after placing 32 in one load. We subtract 32 from the total number of clothes (59), which leaves us with 27 pieces of clothing. These remaining clothes are then divided equally among the 9 smaller loads. To find out how many can go into each small load, we divide 27 by 9.',
    response=3.0
)",True
"Example({'response': 7, 'question': ' Oliver made 35 dollars mowing lawns over the summer. If he spent 7 dollars buying new mower blades, how many 4 dollar games could he buy with the money he had left? '}) (input_keys={'question'})","Prediction(
    reasoning='Firstly, we need to calculate how much money Oliver has left after purchasing new mower blades. We do this by subtracting the cost of the mower blades from his total earnings: $35 - $7 = $28. Next, since each game costs $4, we divide the remaining amount by the price per game to find out how many games Oliver can buy: $28 / $4.',
    response=7.0
)",True
"Example({'response': 3, 'question': ' Emily was planting vegetables in her garden. She started with 42 seeds and planted 36 of them in the big garden and in each of her small gardens put 2 seeds each. How many small gardens did Emily have? '}) (input_keys={'question'})","Prediction(
    reasoning=""To find out how many small gardens Emily had, we need to calculate the number of seeds she planted in them. We know that each small garden got exactly 2 seeds from her total collection. First, let's determine how many seeds were left after planting some in the big garden:\n\nEmily started with a total of 42 seeds and used 36 for the large garden. So she had \\(42 - dict(size=36)\\) remaining which equals to 6 seeds. Since each small garden gets exactly 2 seeds, we divide the leftover number by this amount:\n\n\\[ \\text{Number of small gardens} = \\frac{\\text{Leftover seeds}}{\\text{Seeds per small garden}} \\]\n\nPlugging in our numbers gives us \\( \\frac{6}{2} \\) which equals 3. Therefore, Emily had enough leftover for exactly three small gardens with two seeds each without any remainder or excess seed that would require an additional full-sized plot to plant them individually."",
    response=3.0
)",True
"Example({'response': 4, 'question': "" There are 17 students trying out for the school's trivia teams. If 5 of them didn't get picked for the team and the rest were put into 3 groups, how many students would be in each group? ""}) (input_keys={'question'})","Prediction(
    reasoning=""To find out how many students will be in each group, we first need to determine how many students were picked for the teams. We do this by subtracting the number of students who didn't get selected from the total number of students trying out. Then, since there are three groups, we divide that remaining number by 3."",
    response=4.666666666666667
)",False
"Example({'response': 2, 'question': "" Katie's team won their dodgeball game and scored 12 points total. If Katie scored 4 of the points and everyone else scored 4 points each, how many players were on her team? ""}) (input_keys={'question'})","Prediction(
    reasoning=""To determine the number of players on Katie's team, we first subtract the points scored by Katie from the total score to find out how many points were scored collectively by her teammates. Then, since each player (excluding Katie) scores an equal amount of 4 points, we divide this remaining point sum by 4 and add one for Katie herself to get the total number of players on the team."",
    response=7.0
)",False
"Example({'response': 4, 'question': "" Megan baked 71 cupcakes for her school's bake sale. If her brother, Todd, ate 43 of them how many packages could she make if she put 7 cupcake in each package? ""}) (input_keys={'question'})","Prediction(
    reasoning=""Firstly, we need to determine how many cupcakes Megan has left after Todd eats some of them. We do this by subtracting the number of cupcakes Todd ate from the total amount she baked: 71 - 43 = 28 cupcakes remaining. Next, since each package contains 7 cupcakes, we divide the remaining cupcakes by the packaging size to find out how many complete packages Megan can make: 28 / 7 = 4 packages exactly (since there's no remainder)."",
    response=4.0
)",True
"Example({'response': 2, 'question': ' Wendy uploaded 45 pictures to Facebook. She put 27 pics into one album and put the rest into 9 different albums. How many pictures were in each album? '}) (input_keys={'question'})","Prediction(
    reasoning=""Wendy uploaded a total of 45 pictures. She put 27 pics into one album, which means there were 45 -  extraneous information as it does not affect how many are left to be distributed among the other albums and we don'thy need this number for our calculation here:\n- The remaining photos = Total uploaded photos - Photos in first album. So that would be 45 (total) - 27 (in one album). This leaves us with 18 pictures to distribute into the nine different albums. Since we are asked how many were put into each of these, and assuming Wendy distributed them evenly:\n- Photos per remaining album = Remaining photos / Number of other albums. So that would be 18 (remaining) divided by 9 (albums). This calculation will give us the number of pictures in each of those nine different albums."",
    response=2.0
)",True
"Example({'response': 7, 'question': ' A store had 86 coloring books in stock. They ended up putting them on sale and getting rid of 37 of them. The put the ones they still had onto shelves with 7 on each shelf. How many shelves did they use? '}) (input_keys={'question'})","Prediction(
    reasoning='To find out how many shelves were used, first calculate the number of coloring books remaining after the sale by subtracting the sold ones from the initial stock. Then divide this remainder by the capacity of each shelf to determine the total number of shelves needed.',
    response=8.28571428571
)",False
"Example({'response': 9, 'question': ' The cafeteria had 50 apples. For lunch they handed out 5 to students and decided to use the rest to make pies. If each pie takes 5 apples, how many pies could they make? '}) (input_keys={'question'})","Prediction(
    reasoning='To determine the number of pies that can be made, first calculate how many apples are left after giving some to students. The cafeteria started with 50 apples and handed out 5 for lunch. Subtthy subtract this from the initial amount: 50 - 5 = 45 apples remaining. Since each pie requires 5 apples, divide the remaining number of apples by the apple requirement per pie to find how many pies can be made: 45 / 5 = 9 pies.',
    response=9.0
)",True
"Example({'response': 9, 'question': ' Nancy had 101 homework problems. She finished 47 of them but still had 6 pages of problems to do. If each page has the same number of problems on it, how many problems are on each page? '}) (input_keys={'question'})","Prediction(
    reasoning='To find out how many problems Nancy has left, we subtract the number of completed problems from the total. Then, since she still has these remaining questions spread over six pages with an equal amount on each page, we divide this remainder by the number of pages.',
    response=1.0
)",False
"Example({'response': 3, 'question': ' Paige had 27 files on her computer. She deleted 9 of them and put the rest into folders with 6 files in each one. How many folders did Paige end up with? '}) (input_keys={'question'})","Prediction(
    reasoning=""Paige started with 27 files. After deleting 9, she was left with 27 - dict(9) = 18 files. She organized these remaining files into folders containing 6 files each. To find out how many full folders of 6 Paige could make from the 18 files, we divide 18 by 6 and consider only whole numbers since you can't have a fraction of a folder in this context: dict(floor(18 / 6))."",
    response=3.0
)",True
"Example({'response': 6, 'question': ' For Halloween Bianca received 78 pieces of candy. She ate 30 pieces then placed the rest into piles with 8 in each pile. How many piles could she make? '}) (input_keys={'question'})","Prediction(
    reasoning=""Bianca started with 78 pieces of candy. After eating 30, she had 78 - dict(eaten=30) = 48 pieces left. To find out how many piles of 8 can be made from these remaining candies, we divide the total number by the size of each pile: dict(remaining_candies=48, candy_per_pile=8). The division will give us both the exact number and any remainder. Since only whole piles are counted in this context, if there's a remainder we ignore it for calculating complete piles."",
    response=6.0
)",True
"Example({'response': 5, 'question': "" A company invited 45 people to a luncheon, but 35 of them didn't show up. If the tables they had held 2 people each, how many tables do they need? ""}) (input_keys={'question'})","Prediction(
    reasoning=""To determine how many tables are needed, we first need to find out how many people actually attended the luncheon. We do this by subtracting the number of attendees who didn't show up from the total invited guests: 45 (invited) - 35 (didn't attend). Then, since each table holds 2 people, we divide the actual attendees by 2 to find out how many tables are required. If there is a remainder after division, it means an additional table will be needed for those extra guests because you can’t have a fraction of a table in reality; even one person requires a whole table."",
    response=13.5
)",False
"Example({'response': 8, 'question': ' Haley uploaded 65 pictures to Facebook. She put 17 pics into one album and put the rest into 6 different albums. How many pictures were in each album? '}) (input_keys={'question'})","Prediction(
    
)",0.0
"Example({'response': 9, 'question': ' A pet store had 102 puppies. In one day they sold 21 of them and put the rest into cages with 9 in each cage. How many cages did they use? '}) (input_keys={'question'})","Prediction(
    reasoning=""Firstly, we need to determine how many puppies were left after selling some of them. The store started with 102 puppies and sold 21. So, subtracting these two numbers gives us the remaining number of puppies: 102 - dict(puppy_sold=21). Then we divide this remainder by the cage capacity (9) to find out how many full cages are needed for all the remaining puppies. Since you can't have a fraction of a cage, if there is any leftover that doesn’t fill up an entire cage, it would require one additional whole cage regardless: dict(puppy_per_cage=9)."",
    response=12.5
)",False
"Example({'response': 8, 'question': ' Roger had 120 pieces of clothing to wash. He put 48 of them in one load, but decided to split the rest into 9 equal loads. How many pieces of clothing could go in each of the small loads? '}) (input_keys={'question'})","Prediction(
    reasoning='Roger started with 120 pieces of clothing and put 48 into one load. To find out how many were left for the small loads, we subtract 48 from 120, which gives us 72 pieces remaining. He then split these equally into 9 loads. Dividing 72 by  least common multiple (LCM) of divisors that can divide both numbers without leaving a remainder will give an integer result for the number of clothes per load.',
    response=8.0
)",True
"Example({'response': 2, 'question': ' Wendy picked 45 flowers for her friend’s wedding. She was making bouquets with 5 flowers in each one. If 35 of the flowers wilted before the wedding, how many bouquets could she still make? '}) (input_keys={'question'})","Prediction(
    reasoning='Wendy initially had 45 flowers. Since 35 of them wilted, we need to subtract this number from her initial count to find out how many good flowers she has left: 45 - 35 = 10 fresh flowers. Wendy wants to make bouquets with 5 flowers in each one. To determine the maximum number of complete bouquets she can still create, we divide the remaining fresh flowers by the number required for a single bouquet (which is 5): 10 / 5 = 2.',
    response=2.0
)",True
"Example({'response': 6, 'question': "" Isabel baked 39 cupcakes for her school's bake sale. If her brother, Todd, ate 21 of them how many packages could she make if she put 3 cupcake in each package? ""}) (input_keys={'question'})","Prediction(
    reasoning='Firstly, we need to determine how many cupcakes Isabel has left after Todd eats some of them. We do this by subtracting the number of cupcakes Todd ate from the total amount she baked: 39 - 21 = 18 cupcakes remaining. Next, since each package contains 3 cupcakes, we divide the remaining cupcakes by 3 to find out how many complete packages Isabel can make: 18 / 3 = 6 packages.',
    response=6.0
)",True
"Example({'response': 7, 'question': ' Sarah had 55 homework problems. She finished 6 of them but still had 7 pages of problems to do. If each page has the same number of problems on it, how many problems are on each page? '}) (input_keys={'question'})","Prediction(
    reasoning='Sarah started with 55 homework problems and completed 6, leaving her with 49 unfinished problems. She still has these remaining on 7 pages, which means the total number of problems is evenly distributed across all seven pages. To find out how many problems are on each page, we divide the total number of remaining problems by the number of pages.',
    response=49.0
)",False
"Example({'response': 6, 'question': "" There are 58 students trying out for the school's trivia teams. If 10 of them didn't get picked for the team and the rest were put into 8 groups, how many students would be in each group? ""}) (input_keys={'question'})","Prediction(
    reasoning=""To find out how many students will be in each group, we first need to determine how many students were selected for the teams. We do this by subtracting the number of students who didn't get picked from the total number of students trying out: 58 - 10 = 48 students. Then, we divide this number by the number of groups formed, which is 8."",
    response=6.0
)",True
"Example({'response': 5, 'question': ' Paige picked 53 flowers for her friend’s wedding. She was making bouquets with 7 flowers in each one. If 18 of the flowers wilted before the wedding, how many bouquets could she still make? '}) (input_keys={'question'})","Prediction(
    reasoning='Firstly, we need to determine how many flowers Paige has left after accounting for the wilted ones. She started with 53 flowers and lost 18 due to wilting. This leaves her with 53 - 18 = 35 usable flowers. Since each bouquet requires 7 flowers, we divide the remaining number of flowers by the number needed per bouquet: 35 / 7. However, since Paige cannot make a fraction of a bouquet and she can only use whole numbers of flowers for complete bouquets, we need to consider how many full sets of 7 she can create from her usable flowers.',
    response=4.857142857142857
)",False
"Example({'response': 2, 'question': ' A waiter had 22 customers in his section. If 14 of them left and the rest of his tables had 4 people at each table, how many tables did he have? '}) (input_keys={'question'})","Prediction(
    reasoning='First, we need to determine how many customers remained after 14 left. We subtract 14 from the initial count of 22 customers, which leaves us with 8 customers. Since each table holds exactly 4 people, and there are only whole tables that can be used (you cannot have a fraction of a table), we divide the remaining number of customers by the number of seats per table to find out how many full tables were occupied.',
    response=2.0
)",True
"Example({'response': 5, 'question': ' Luke was selling his old games. He started out with 39 but sold 19 of them. He packed the rest up putting 4 games into each box. How many boxes did he have to use? '}) (input_keys={'question'})","Prediction(
    reasoning=""Luke started with 39 games and sold 19, leaving him with 20 games. He packs these remaining games into boxes of 4 each. To find out how many full boxes he can make, we divide the number of unsold games by the box capacity (which is a division operation). Since only whole boxes are used, if there' extraneous remainder after dividing, it won’t form an additional complete box and thus isn’t counted in this context. The result will be either a whole number or a float representing how many full boxes he can make."",
    response=5.0
)",True
"Example({'response': 3, 'question': "" Haley baked 20 cupcakes for her school's bake sale. If her brother, Todd, ate 11 of them how many packages could she make if she put 3 cupcake in each package? ""}) (input_keys={'question'})","Prediction(
    reasoning=""Firstly, we need to determine how many cupcakes Haley has left after Todd eats some of them. She initially had 20 cupcakes and her brother ate 11. So, she is left with 20 - 11 = 9 cupcakes. Then, since each package contains 3 cupcakes, we divide the remaining number of cupcakes by 3 to find out how many complete packages Haley can make. However, because you cannot have a fraction of a package in this context (as it's not practical), only whole numbers count towards making full packages."",
    response=2.66666666666667
)",False
"Example({'response': 3, 'question': ' A pet store had 13 puppies. In one day they sold 7 of them and put the rest into cages with 2 in each cage. How many cages did they use? '}) (input_keys={'question'})","Prediction(
    reasoning=""Firstly, we need to determine how many puppies were left after selling some. The store started with 13 puppies and sold 7 of them. This leaves us with:\n\n13 - thy = remaining_puppies\nremaining_puppies = 6\n\nNow, we know that the pet shop put these remaining puppies into cages, two per cage. To find out how many full cages they used, we divide the number of remaining puppies by the capacity of each cage:\n\nnumber_of_cages = ceil(remaining_puppies / 2)\nSince you can't have a fraction of a cage and all dogs must be housed (without splitting them into fractions), we use the `ceil` function to round up to ensure every dog has its own space. This gives us:\n\nnumber_of_cages = ceil(6 / 2)\nnumber_of_cages = 3\n\nSo, they used three cages in total for housing all remaining puppies without leaving any out or splitting them into fractions of a cage."",
    response=3.0
)",True
"Example({'response': 3, 'question': ' A store had 27 coloring books in stock. They ended up putting them on sale and getting rid of 6 of them. The put the ones they still had onto shelves with 7 on each shelf. How many shelves did they use? '}) (input_keys={'question'})","Prediction(
    reasoning='To find out how many shelves were used, we first need to determine how many coloring books are left after the sale. The store started with 27 coloring books and sold 6 of them. Then, by dividing the remaining number of coloring books by the capacity of each shelf (which is 7), we can find out how many full shelves were used to display the leftover stock.',
    response=4.285714285714286
)",False
"Example({'response': 9, 'question': ' Wendy had 82 files on her computer. She deleted 37 of them and put the rest into folders with 5 files in each one. How many folders did Wendy end up with? '}) (input_keys={'question'})","Prediction(
    
)",0.0
"Example({'response': 2, 'question': ' Kaleb had 12 dollars. If he spent 8 bucks on a new game, how many 2 dollar toys could he buy with the money he had left? '}) (input_keys={'question'})","Prediction(
    reasoning='Kaleb initially had $12. He spent $8 on a new game, leaving him with $4 ($12 - $8). To find out how many $2 toys he can buy, we divide the remaining money by the cost of one toy: $4 divided by $2 per toy equals 2 toys.',
    response=2.0
)",True
"Example({'response': 3, 'question': ' Sarah was planting vegetables in her garden. She started with 21 seeds and planted 12 of them in the big garden and in each of her small gardens put 3 seeds each. How many small gardens did Sarah have? '}) (input_keys={'question'})","Prediction(
    reasoning='Sarah started with 21 seeds and planted 12 of them directly into her big garden. This leaves us with 21 - 12 = 9 seeds to account for in the small gardens. Since she plants 3 seeds in each small garden, we divide the remaining number of seeds by 3 to find out how many such groups (small gardens) can be made from them: 9 / thy are left after planting some directly into her big garden.',
    response=3.0
)",True
"Example({'response': 5, 'question': ' Nancy uploaded 51 pictures to Facebook. She put 11 pics into one album and put the rest into 8 different albums. How many pictures were in each album? '}) (input_keys={'question'})","Prediction(
    reasoning='Nancy uploaded a total of 51 pictures. She placed 11 into one album, leaving 40 pictures to be distributed evenly among the remaining 8 albums. To find out how many pictures are in each of these albums, we divide the remaining number of pictures by the number of albums.',
    response=5.0
)",True
"Example({'response': 2, 'question': "" A company invited 24 people to a luncheon, but 10 of them didn't show up. If the tables they had held 7 people each, how many tables do they need? ""}) (input_keys={'question'})","Prediction(
    reasoning=""To determine the number of tables needed after some people did not show up, first calculate the total number of attendees by subtracting those who didn't come from the initial invitation count. Then divide this new attendance figure by the capacity of each table to find out how many full tables are required and if there is a need for an additional partial table."",
    response=3.0
)",False
"Example({'response': 5, 'question': "" Bianca's team won their dodgeball game and scored 75 points total. If Bianca scored 45 of the points and everyone else scored 6 points each, how many players were on her team? ""}) (input_keys={'question'})","Prediction(
    reasoning=""To find out how many other players are on Bianca's dodgeball team, we first need to subtract Bianca's score from the total points scored. This will give us the combined score of all her teammates excluding herself. Then, by dividing this number by 6 (since each player scores 6 points), we can determine how many players contributed these remaining points."",
    response=3.0
)",False
"Example({'response': 3, 'question': ' For Halloween Emily received 54 pieces of candy. She ate 33 pieces then placed the rest into piles with 7 in each pile. How many piles could she make? '}) (input_keys={'question'})","Prediction(
    reasoning='Firstly, we need to determine how many pieces of candy Emily has left after eating some. She started with 54 pieces and consumed 33. Then, by subtracting these two numbers (54 - dict(eaten=33)), we find that she is left with 21 pieces of candy. Next, to figure out how many piles Emily can make with the remaining candies when each pile contains 7 pieces, we divide the number of leftover candies (21) by the size of each pile (7). This division will give us the total number of complete piles she could create.',
    response=3.0
)",True
"Example({'response': 7, 'question': ' Haley was planting vegetables in her garden. She started with 56 seeds and planted 35 of them in the big garden and in each of her small gardens put 3 seeds each. How many small gardens did Haley have? '}) (input_keys={'question'})","Prediction(
    reasoning='First, we need to determine how many seeds were left after Haley planted them in her big garden. She started with 56 seeds and used 35 of them for the big garden. Subtthy subtract this from the total number: 56 - 35 = 21 seeds remaining. These are then distributed equally into small gardens, each receiving 3 seeds. To find out how many such groups (small gardens) can be formed with these leftover seeds, we divide the remainder by the number of seeds per garden: 21 / 3 = 7.',
    response=7.0
)",True
"Example({'response': 2, 'question': ' A store had 48 coloring books in stock. They ended up putting them on sale and getting rid of 38 of them. The put the ones they still had onto shelves with 5 on each shelf. How many shelves did they use? '}) (input_keys={'question'})","Prediction(
    reasoning='To find out how many coloring books are left after selling some, subtract the number sold from the initial stock. Then divide this remaining quantity by the number of coloring books per shelf to determine the total number of shelves used.',
    response=1.2
)",False
"Example({'response': 4, 'question': ' Roger is at the library helping put away books. There are 14 book to put away total but a librarian takes 2 of them and leaves Roger with the rest. If he can fit 3 books on a shelf, how many shelves will he need? '}) (input_keys={'question'})","Prediction(
    reasoning=""Roger starts with 14 books, but after the librarian takes away 2, he is left with 12 books. Since Roger can fit 3 books on each shelf, we divide the total number of remaining books by the capacity per shelf to find out how many full shelves are needed and if there'm any remainder that would require an additional shelf."",
    response=4.0
)",True
"Example({'response': 8, 'question': ' A pet store had 56 puppies. In one day they sold 24 of them and put the rest into cages with 4 in each cage. How many cages did they use? '}) (input_keys={'question'})","Prediction(
    reasoning=""First, we need to determine how many puppies were left after selling some. The store started with 56 puppies and sold 24 of them. Subtthy subtract the number sold from the initial amount: 56 - 24 = 32 puppies remaining. Next, since each cage holds 4 puppies, we divide the remaining puppies by the capacity of one cage to find out how many full cages are needed and if there's a need for an additional partial cage."",
    response=8.0
)",True
"Example({'response': 7, 'question': ' The cafeteria had 86 apples. For lunch they handed out 30 to students and decided to use the rest to make pies. If each pie takes 8 apples, how many pies could they make? '}) (input_keys={'question'})","Prediction(
    reasoning='Firstly, we need to calculate the number of apples remaining after serving some students. The cafeteria started with 86 apples and handed out 30 for lunch. Subtthy subtract this from the initial amount: 86 - 30 = 56 apples left. Then, since each pie requires 8 apples to make one piece of apple pie, we divide the remaining number of apples by 8 to find out how many whole pies can be made without considering any leftover pieces.',
    response=7.0
)",True
"Example({'response': 4, 'question': ' Jerry had 60 pieces of clothing to wash. He put 40 of them in one load, but decided to split the rest into 5 equal loads. How many pieces of clothing could go in each of the small loads? '}) (input_keys={'question'})","Prediction(
    reasoning=""Jerry started with 60 clothes and put away 40 of them in one load. This leaves us with a remainder that needs to be divided into smaller loads, specifically five equal ones as per Jerry's decision. To find out how many pieces can go into each small load, we subtract the number already loaded from the total (which is simple subtraction) and then divide this remaining quantity by the number of desired small loads which gives us an average or a typical amount for these smaller batches if they are to be equal in size."",
    response=12.0
)",False
"Example({'response': 9, 'question': ' Mike made 69 dollars mowing lawns over the summer. If he spent 24 dollars buying new mower blades, how many 5 dollar games could he buy with the money he had left? '}) (input_keys={'question'})","Prediction(
    reasoning='Firstly, we need to calculate how much money Mike has left after purchasing new mower blades. We do this by subtracting the cost of the mower blades from his total earnings: $69 - $24 = $45. Next, since each game costs $5, we divide the remaining amount by the price per game to find out how many games he can buy: $45 / $5.',
    response=9.0
)",True
"Example({'response': 7, 'question': ' Will made 104 dollars mowing lawns over the summer. If he spent 41 dollars buying new mower blades, how many 9 dollar games could he buy with the money he had left? '}) (input_keys={'question'})","Prediction(
    reasoning=""First, we need to calculate how much money Made has left after purchasing new mower blades. We subtract the cost of the blades from his total earnings: $104 - $41 = $63 remaining. Next, we divide this amount by the price of one game to find out how many games he can buy with what'dicts are left: $63 / $9 per game. Since Made cannot purchase a fraction of a game, we take the integer part of the division result."",
    response=7.0
)",True
"Example({'response': 4, 'question': ' For Halloween Bianca received 32 pieces of candy. She ate 12 pieces then placed the rest into piles with 5 in each pile. How many piles could she make? '}) (input_keys={'question'})","Prediction(
    reasoning=""Bianca started with 32 pieces of candy. After eating 12, she had 32 - dict(eaten=12) = 20 pieces left. She then divided these remaining candies into piles containing 5 each. To find out how many full piles she could make, we divide the number of leftover candies by the size of each pile: dict(leftover_candies=20, candy_per_pile=5). The division will give us a whole number if it's possible to form complete piles and possibly some remainder. Since we are only interested in full piles for this question, the result of the integer division (also known as floor division) is what matters here: 20 // 5 = 4"",
    response=4.0
)",True
"Example({'response': 9, 'question': ' Luke was selling his old games. He started out with 57 but sold 39 of them. He packed the rest up putting 2 games into each box. How many boxes did he have to use? '}) (input_keys={'question'})","Prediction(
    reasoning='Firstly, we need to determine how many games Luke has left after selling some of them. He started with 57 games and sold 39, so he subtracts these two numbers (57 - dict(games_sold=39)) which equals the remaining number of games: dict(remaining_games=18). Then we need to find out how many boxes Luke used by dividing his remaining games with the capacity of each box, that is, putting 2 games into one. So he has a total of `dict(boxes_used=int(remaining_games/game_per_box))` which equals dict(boxes_used=9).',
    response=9.0
)",True
"Example({'response': 9, 'question': ' A pet store had 88 puppies. In one day they sold 34 of them and put the rest into cages with 6 in each cage. How many cages did they use? '}) (input_keys={'question'})","Prediction(
    reasoning=""First, we need to determine how many puppies were left after selling some. The pet store started with 88 puppies and sold 34 of them. Subtthy subtract the number sold from the initial amount: 88 - 34 = 54 puppies remaining. Next, we divide the remaining puppies by the number that can fit into one cage to find out how many full cages are needed and if there's a need for an additional partial cage."",
    response=9.0
)",True
"Example({'response': 9, 'question': ' Katie had 85 files on her computer. She deleted 40 of them and put the rest into folders with 5 files in each one. How many folders did Katie end up with? '}) (input_keys={'question'})","Prediction(
    reasoning='First, we need to determine how many files are left after Katie deletes some. She starts with 85 files and removes 40 of them. This leaves her with 85 - dict(deleted_files=40) = 45 files. Next, since she organizes these remaining files into folders containing exactly 5 files each, we divide the number of leftover files by the folder capacity: dict(remaining_files=45, folder_capacity=5). The division will give us the exact count of full folders needed.',
    response=9.0
)",True
"Example({'response': 3, 'question': ' Roger had 68 dollars. If he spent 47 bucks on a new game, how many 7 dollar toys could he buy with the money he had left? '}) (input_keys={'question'})","Prediction(
    reasoning='Firstly, we need to calculate how much money Roger has left after purchasing the new game. We do this by subtracting the cost of the game from his initial amount: $68 - $47 = $21 remaining. Next, since each toy costs $7, we divide the remaining money by the price per toy to find out how many whole toys he can buy without considering any fractional part (since Roger cannot purchase a partial toy).',
    response=3.5
)",False
"Example({'response': 3, 'question': "" Tom bought 40 tickets at the state fair. He spent 28 tickets at the 'dunk a clown' booth and decided to use the rest on rides. If each ride cost 4 tickets, how many rides could he go on? ""}) (input_keys={'question'})","Prediction(
    reasoning=""Tom initially had 40 tickets. He spent 28 at 'dunk a clown', leaving him with 12 tickets for rides. Since each ride costs 4 tickets, we divide the remaining number of tickets by the cost per ride to find out how many rides he can go on: 12 / thy = 3."",
    response=3.0
)",True
"Example({'response': 7, 'question': ' The cafeteria had 75 apples. For lunch they handed out 19 to students and decided to use the rest to make pies. If each pie takes 8 apples, how many pies could they make? '}) (input_keys={'question'})","Prediction(
    reasoning='Firstly, we need to calculate the number of apples remaining after giving some out for lunch. This is done by subtracting the given-out apples from the total amount: 75 - 19 = 56 apples left. Then, since each pie requires 8 apples, we divide the remaining apples by this quantity to find out how many pies can be made: 56 / 8 = 7 pies.',
    response=7.0
)",True
"Example({'response': 3, 'question': "" Sarah baked 38 cupcakes for her school's bake sale. If her brother, Todd, ate 14 of them how many packages could she make if she put 8 cupcake in each package? ""}) (input_keys={'question'})","Prediction(
    reasoning='First, we need to determine how many cupcakes Sarah has left after Todd eats some. She originally had 38 cupcakes and her brother consumed 14 of them. Subt0ract the number Todd ate from the total gives us: 38 - 14 = 24 remaining cupcakes. Next, we divide this remainder by the number of cupcakes Sarah wants to put in each package (which is 8) to find out how many complete packages she can make.',
    response=3.0
)",True
"Example({'response': 2, 'question': ' Nancy uploaded 41 pictures to Facebook. She put 37 pics into one album and put the rest into 2 different albums. How many pictures were in each album? '}) (input_keys={'question'})","Prediction(
    reasoning='To find out how many pictures were in each album, we first need to determine how many pictures Nancy put into the two different albums combined. We do this by subtracting the number of pics she placed in one album from the total number of uploaded pictures: 41 (total) - 37 (in one album) = 4 pictures for both remaining albums together. Since these are distributed equally among the two albums, we divide this result by 2 to find out how many were put into each individual album.',
    response=2.0
)",True
