0,1,2
"Example({'response': 39, 'question': ' For Halloween Debby and her sister combined the candy they received. Debby had 32 pieces of candy while her sister had 42. If they ate 35 pieces the first night, how many pieces do they have left? '}) (input_keys={'question'})","Prediction(
    reasoning='Debby had 32 pieces of candy and her sister had 42. Together they had \\(32 + 42 = 74\\) pieces of candy. After eating 35 pieces, the number of candies left is \\(74 - 35\\).',
    response=69.0
)",False
"Example({'response': 8, 'question': ' A pet store had 13 siamese cats and 5 house cats. During a sale they sold 10 cats. How many cats do they have left? '}) (input_keys={'question'})","Prediction(
    reasoning='The pet store initially had 13 Siamese cats and 5 house cats, which totals to 18 cats. After selling 10 cats, we need to find out how many cats are left.',
    response=6.0
)",False
"Example({'response': 2, 'question': "" Luke was trying to expand his game collection. He bought 2 games from a friend and bought 2 more at a garage sale. If 2 of the games didn't work, how many good games did he end up with? ""}) (input_keys={'question'})","Prediction(
    reasoning=""Luke initially bought 4 games in total. Out of these, 2 didn't work properly. Therefore, to find out how many good games he ended up with, we need to subtract the number of non-working games from the total number of games."",
    response=3.0
)",False
"Example({'response': 40, 'question': ' The school cafeteria ordered 42 red apples and 7 green apples for students lunches. But, if only 9 students wanted fruit, how many extra did the cafeteria end up with? '}) (input_keys={'question'})","Prediction(
    reasoning='To determine how many extra apples the cafeteria ended up with, we first need to calculate the total number of apples ordered. The order included 42 red apples and 7 green apples. After that, we subtract the number of students who wanted fruit (9) from the total number of apples to find out how many were left over.',
    response=31.0
)",False
"Example({'response': 3, 'question': ' Lana picked 36 tulips and 37 roses to make flower bouquets. If she only used 70 of the flowers though, how many extra flowers did Lana pick? '}) (input_keys={'question'})","Prediction(
    reasoning='To determine how many extra flowers Lana picked, we first need to calculate the total number of flowers she initially picked. This is the sum of tulips and roses. After that, we subtract the 70 flowers used in making bouquets from the total number of flowers picked.\n\nThe initial total number of flowers is \\(36 + 37\\). The extra flowers are calculated as \\((36 + 37) - 70\\).',
    response=0.0
)",False
"Example({'response': 7, 'question': ' Carol and her mom were picking carrots from their garden. Carol picked 29 and her mother picked 16. If only 38 of the carrots were good, how many bad carrots did they have? '}) (input_keys={'question'})","Prediction(
    reasoning=""To determine how many bad carrots Carol and her mother picked, we first need to calculate the total number of carrots they picked together. Then, we subtract the number of good carrots from this total.\n\nGiven:\n- Number of carrots Carol picked: 29\n- Number of carrots her mother picked: 16\n- Total number of good carrots: 38\n\nThe calculation for the total number of carrots is \\(29 + 16\\). After finding the total, we subtract the number of good carrots from this total to find out how many bad carrots there were.\n\nLet's perform these calculations."",
    response=0.0
)",False
"Example({'response': 19, 'question': ' Roger had 16 dollars. For his birthday he got 28 more dollars but spent 25 on a new game. How much money does he have now? '}) (input_keys={'question'})","Prediction(
    reasoning='Roger initially had $16. He received an additional $28 for his birthday, bringing his total to $44. After spending $25 on a new game, we need to subtract this amount from his current total.\n\nWe can calculate the final amount of money Roger has now by performing these calculations.',
    response=17.0
)",False
"Example({'response': 2, 'question': ' While on vacation, Megan took 15 pictures at the zoo and 18 at the museum. If she later deleted 31 of the pictures, how many pictures from her vacation did she still have? '}) (input_keys={'question'})","Prediction(
    reasoning='Megan initially took 15 pictures at the zoo and 18 at the museum, which totals to 33 pictures. After deleting 31 of them, we need to find out how many pictures she still has.\n\nTo calculate this, we subtract the number of deleted pictures from the total initial number of pictures: \\(33 - 31 = 2\\).',
    response=2.0
)",True
"Example({'response': 11, 'question': ' Rachel bought two coloring books. One had 23 pictures and the other had 32. After one week she had already colored 44 of the pictures. How many pictures does she still have to color? '}) (input_keys={'question'})","Prediction(
    reasoning='Rachel started with a total of 23 + 32 = 55 pictures. After coloring 44 pictures, she still has 55 - 44 = 11 pictures left to color.',
    response=11.0
)",True
"Example({'response': 1, 'question': ' Ned had to wash 9 short sleeve shirts and 21 long sleeve shirts before school. If he had only washed 29 of them by the time school started, how many did he not wash? '}) (input_keys={'question'})","Prediction(
    reasoning='To determine how many shirts Ned did not wash, we need to subtract the number of shirts he washed from the total number of shirts he had to wash. The total number of shirts is the sum of short sleeve and long sleeve shirts.\n\nNed had 9 short sleeve shirts and 21 long sleeve shirts, so the total number of shirts is \\(9 + 21 = 30\\). He washed 29 shirts by the time school started. Therefore, the number of shirts he did not wash is \\(30 - 29\\).',
    response=3.0
)",False
"Example({'response': 66, 'question': ' Oliver had to wash 39 short sleeve shirts and 47 long sleeve shirts before school. If he had only washed 20 of them by the time school started, how many did he not wash? '}) (input_keys={'question'})","Prediction(
    reasoning=""To determine how many shirts Oliver did not wash, we need to calculate the total number of shirts he had to wash initially and subtract the number of shirts he washed. The initial count includes 39 short sleeve shirts and 47 long sleeve shirts.\n\nThe total number of shirts is \\(39 + 47\\). Given that he washed 20 shirts, we can find out how many shirts were not washed by subtracting the number of washed shirts from the total number of shirts.\n\nLet's calculate this."",
    response=18.0
)",False
"Example({'response': 9, 'question': ' For the school bake sale Wendy made pastries. She baked 4 cupcakes and 29 cookies. After the sale she had 24 to take back home. How many pastries did she sell? '}) (input_keys={'question'})","Prediction(
    reasoning='To find out how many pastries Wendy sold, we first need to calculate the total number of baked items. She baked 4 cupcakes and 29 cookies, which gives us 33 baked items in total. After the sale, she had 24 items left. The difference between the total baked items and the remaining items is the number of pastries sold.',
    response=8.0
)",False
"Example({'response': 22, 'question': ' While on vacation, Debby took 24 pictures at the zoo and 12 at the museum. If she later deleted 14 of the pictures, how many pictures from her vacation did she still have? '}) (input_keys={'question'})","Prediction(
    reasoning='Debby initially took 24 pictures at the zoo and 12 pictures at the museum, which totals to \\(24 + 12 = 36\\) pictures. After deleting 14 of them, she would have \\(36 - 14\\) pictures remaining.\n\nTo find out how many pictures Debby still has from her vacation, we need to perform the calculation: \\(36 - 14\\).',
    response=32.0
)",False
"Example({'response': 2, 'question': ' Katie picked 3 tulips and 9 roses to make flower bouquets. If she only used 10 of the flowers though, how many extra flowers did Katie pick? '}) (input_keys={'question'})","Prediction(
    reasoning='Katie picked a total of 3 + 9 = 12 flowers. If she only used 10 of them, the number of extra flowers is 12 - 10.',
    response=2.0
)",True
"Example({'response': 15, 'question': ' Faye had 46 math problems and 9 science problems for homework. If she finished 40 of the problems at school, how many problems did she have to do for homework? '}) (input_keys={'question'})","Prediction(
    reasoning='Faye had 46 math problems and 9 science problems, which totals to 55 problems. She finished 40 of these at school. Therefore, she has \\(55 - 40 = 15\\) problems left for homework.',
    response=15.0
)",True
"Example({'response': 2, 'question': ' Amy had 4 music files and 21 video files on her flash drive. If she deleted 23 of the files, how many files were still on her flash drive? '}) (input_keys={'question'})","Prediction(
    reasoning=""To determine how many files are still on Amy's flash drive after deleting 23 of them, we need to first calculate the total number of files initially present. This is the sum of music files (4) and video files (21). After that, subtracting the deleted files (23) from this total will give us the remaining files."",
    response=6.0
)",False
"Example({'response': 14, 'question': "" Ned was trying to expand his game collection. He bought 11 games from a friend and bought 22 more at a garage sale. If 19 of the games didn't work, how many good games did he end up with? ""}) (input_keys={'question'})","Prediction(
    reasoning=""To determine how many good games Ned ended up with, we need to follow these steps:\n\n1. Calculate the total number of games Ned bought: 11 from a friend plus 22 from a garage sale.\n2. Subtract the number of non-working games (19) from the total number of games to find out how many working games he has.\n\nLet's do this step by step:\n- Total games = 11 + 22\n- Working games = Total games - 19"",
    response=4.0
)",False
"Example({'response': 86, 'question': ' Chloe was playing a trivia game. In the first round she scored 40 points and in the second round she scored 50 points. In the last round she lost 4 points. How many points did she have at the end of the game? '}) (input_keys={'question'})","Prediction(
    reasoning=""To determine Chloe's total score at the end of the game, we need to add her points from each round. In the first round she scored 40 points, in the second round she scored 50 points, and in the last round she lost 4 points (which can be represented as -4). The total score is therefore: \\(40 + 50 - 4\\)."",
    response=66.0
)",False
"Example({'response': 50, 'question': "" At the arcade, Tom won 32 tickets playing 'whack a mole' and 25 tickets playing 'skee ball'. If he spent 7 of his tickets on a hat, how many tickets does Tom have left? ""}) (input_keys={'question'})","Prediction(
    reasoning=""To determine how many tickets Tom has left after spending some on a hat, we first need to calculate the total number of tickets he won. He won 32 tickets from 'whack a mole' and 25 tickets from 'skee ball'. After adding these together, we subtract the 7 tickets he spent on a hat."",
    response=40.0
)",False
"Example({'response': 25, 'question': ' Bianca and her mom were picking carrots from their garden. Bianca picked 26 and her mother picked 15. If only 16 of the carrots were good, how many bad carrots did they have? '}) (input_keys={'question'})","Prediction(
    reasoning='To determine how many bad carrots Bianca and her mother picked, we first need to calculate the total number of carrots they picked together. Then, we subtract the number of good carrots from this total.\n\nGiven:\n- Number of carrots picked by Bianca: 26\n- Number of carrots picked by her mother: 15\n- Total number of good carrots: 16\n\nWe can find the total number of carrots picked and then calculate the bad ones using these values.',
    response=0.38461538461538464
)",False
"Example({'response': 4, 'question': ' For the school bake sale Katie made pastries. She baked 7 cupcakes and 5 cookies. After the sale she had 8 to take back home. How many pastries did she sell? '}) (input_keys={'question'})","Prediction(
    reasoning='To find out how many pastries Katie sold, we need to first calculate the total number of baked items. She baked 7 cupcakes and 5 cookies, which totals to 12 items. After the sale, she had 8 left over. Therefore, the number of pastries sold is the difference between the total baked items and the leftover items.',
    response=4.0
)",True
"Example({'response': 68, 'question': ' Zoe bought two coloring books. One had 44 pictures and the other had 44. After one week she had already colored 20 of the pictures. How many pictures does she still have to color? '}) (input_keys={'question'})","Prediction(
    reasoning='To determine how many pictures Zoe still has to color, we first need to calculate the total number of pictures in both coloring books. Then, subtract the number of pictures she has already colored.\n\nZoe bought two coloring books with 44 pictures each, so the total number of pictures is \\(44 + 44 = 88\\). She has already colored 20 pictures, therefore we need to subtract this from the total number of pictures. \n\n\\[ \\text{Pictures left} = \\text{Total Pictures} - \\text{Colored Pictures} = 88 - 20 \\]',
    response=58.0
)",False
"Example({'response': 6, 'question': "" John was trying to expand his game collection. He bought 21 games from a friend and bought 8 more at a garage sale. If 23 of the games didn't work, how many good games did he end up with? ""}) (input_keys={'question'})","Prediction(
    reasoning=""To determine how many good games John ended up with, we need to follow these steps:\n\n1. Calculate the total number of games he bought: 21 from his friend plus 8 at a garage sale.\n2. Subtract the number of non-working games (23) from the total number of games.\n\nLet's perform these calculations:\n- Total games = 21 + 8\n- Good games = Total games - 23"",
    response=4.0
)",False
"Example({'response': 19, 'question': ' Henry had 11 dollars. For his birthday he got 18 more dollars but spent 10 on a new game. How much money does he have now? '}) (input_keys={'question'})","Prediction(
    reasoning=""To determine how much money Henry has now, we need to follow these steps:\n1. Start with his initial amount of $11.\n2. Add the birthday money he received: $18.\n3. Subtract the cost of the new game: $10.\n\nLet's calculate this step by step:\n\n- Initial amount: $11\n- After receiving birthday money: $11 + $18 = $29\n- After buying a game: $29 - $10 = $19\n\nSo, Henry now has $19."",
    response=19.0
)",True
"Example({'response': 55, 'question': ' While on vacation, Gwen took 41 pictures at the zoo and 29 at the museum. If she later deleted 15 of the pictures, how many pictures from her vacation did she still have? '}) (input_keys={'question'})","Prediction(
    reasoning='Gwen initially took 41 pictures at the zoo and 29 pictures at the museum, which totals to \\(41 + 29 = 70\\) pictures. After deleting 15 of these pictures, she would have \\(70 - 15\\) pictures left.',
    response=65.0
)",False
"Example({'response': 34, 'question': ' Sam had to wash 40 short sleeve shirts and 23 long sleeve shirts before school. If he had only washed 29 of them by the time school started, how many did he not wash? '}) (input_keys={'question'})","Prediction(
    reasoning='To determine how many shirts Sam did not wash, we need to subtract the number of shirts he washed from the total number of shirts. The total number of shirts is the sum of short sleeve shirts and long sleeve shirts.\n\nFirst, calculate the total number of shirts:\n- Total shirts = 40 (short sleeve) + 23 (long sleeve)\n\nThen, find out how many shirts Sam did not wash by subtracting the number he washed from the total number of shirts.',
    response=18.0
)",False
"Example({'response': 12, 'question': ' A pet store had 12 siamese cats and 20 house cats. During a sale they sold 20 cats. How many cats do they have left? '}) (input_keys={'question'})","Prediction(
    reasoning=""To determine how many cats are left in the pet store, we need to follow these steps:\n\n1. Calculate the total number of cats initially: 12 siamese cats + 20 house cats.\n2. Subtract the number of cats sold (20) from the initial total.\n\nLet's perform these calculations:\nTotal cats initially = 12 + 20\nCats left after sale = Total cats initially - 20"",
    response=4.0
)",False
"Example({'response': 16, 'question': ' Faye and her mom were picking carrots from their garden. Faye picked 23 and her mother picked 5. If only 12 of the carrots were good, how many bad carrots did they have? '}) (input_keys={'question'})","Prediction(
    reasoning=""To determine how many bad carrots Faye and her mother picked, we first need to calculate the total number of carrots they picked together. Then, we subtract the number of good carrots from this total.\n\nFaye picked 23 carrots, and her mom picked 5. Therefore, the total number of carrots is \\(23 + 5\\). Given that only 12 of these were good, the rest must be bad.\n\nLet's calculate the number of bad carrots."",
    response=0.4
)",False
"Example({'response': 73, 'question': ' The school cafeteria ordered 43 red apples and 32 green apples for students lunches. But, if only 2 students wanted fruit, how many extra did the cafeteria end up with? '}) (input_keys={'question'})","Prediction(
    reasoning='To determine how many extra apples the cafeteria ended up with, we first need to calculate the total number of apples ordered. The cafeteria ordered 43 red apples and 32 green apples. After that, we subtract the number of students who wanted fruit (which is 2) from the total number of apples.',
    response=17.0
)",False
"Example({'response': 17, 'question': "" There were 39 girls and 4 boys trying out for the schools basketball team. If only 26 of them got called back, how many students didn't make the cut? ""}) (input_keys={'question'})","Prediction(
    reasoning=""To find out how many students didn't make the cut, we need to subtract the number of students who got called back from the total number of students trying out. The total number of students is the sum of girls and boys.\n\nGiven:\n- Number of girls = 39\n- Number of boys = 4\n- Students called back = 26\n\nThe total number of students is \\(39 + 4\\). \n\nSo, the number of students who didn't make the cut is \\((39 + 4) - 26\\)."",
    response=0.0
)",False
"Example({'response': 18, 'question': ' A pet store had 38 siamese cats and 25 house cats. During a sale they sold 45 cats. How many cats do they have left? '}) (input_keys={'question'})","Prediction(
    reasoning='To find out how many cats are left, first add the number of Siamese cats and house cats together. Then subtract the number of cats sold from this total.',
    response=18.0
)",True
"Example({'response': 41, 'question': ' For the school bake sale Paige made pastries. She baked 36 cupcakes and 9 cookies. After the sale she had 4 to take back home. How many pastries did she sell? '}) (input_keys={'question'})","Prediction(
    reasoning='To find out how many pastries Paige sold, we first need to calculate the total number of pastries she baked. She made 36 cupcakes and 9 cookies, which means she had 42 pastries in total (36 + 9). After the sale, she took back home 4 pastries, so the remaining pastries represent what was sold. Therefore, we subtract the 4 taken back from the total baked to find out how many were sold.',
    response=38.0
)",False
"Example({'response': 7, 'question': ' Carol was playing a trivia game. In the first round she scored 17 points and in the second round she scored 6 points. In the last round she lost 16 points. How many points did she have at the end of the game? '}) (input_keys={'question'})","Prediction(
    reasoning=""To determine Carol's total score at the end of the game, we need to add her points from each round. In the first round she scored 17 points, in the second round she scored 6 points, and in the last round she lost 16 points (which is represented as a negative value). The formula for calculating her total score is: Total Score = Points from First Round + Points from Second Round - Points Lost in Last Round."",
    response=2.0
)",False
"Example({'response': 36, 'question': ' Gwen bought two coloring books. One had 10 pictures and the other had 39. After one week she had already colored 13 of the pictures. How many pictures does she still have to color? '}) (input_keys={'question'})","Prediction(
    reasoning='Gwen initially had 10 + 39 = 49 pictures to color. After coloring 13 of them, she still has 49 - 13 = 36 pictures left.',
    response=36.0
)",True
"Example({'response': 63, 'question': ' For Halloween Janet and her sister combined the candy they received. Janet had 34 pieces of candy while her sister had 33. If they ate 4 pieces the first night, how many pieces do they have left? '}) (input_keys={'question'})","Prediction(
    reasoning='Janet initially had 34 pieces of candy and her sister had 33 pieces. Together, they had \\(34 + 33 = 67\\) pieces. After eating 4 pieces on the first night, the total number of candies left is \\(67 - 4\\).',
    response=63.0
)",True
"Example({'response': 13, 'question': ' Haley and her mom were picking carrots from their garden. Haley picked 39 and her mother picked 38. If only 64 of the carrots were good, how many bad carrots did they have? '}) (input_keys={'question'})","Prediction(
    reasoning=""To determine how many bad carrots Haley and her mother picked, we first need to calculate the total number of carrots they picked together. Then, we subtract this from the total number of good carrots (64) to find out how many were not good.\n\nThe total number of carrots picked is 39 + 38 = 77. The number of bad carrots can be calculated as 64 - 77 if it's positive, otherwise zero."",
    response=0.0
)",False
"Example({'response': 56, 'question': "" There were 30 girls and 36 boys trying out for the schools basketball team. If only 10 of them got called back, how many students didn't make the cut? ""}) (input_keys={'question'})","Prediction(
    reasoning=""To determine how many students didn't make the cut, we first need to find out the total number of students who tried out. This can be calculated by adding the number of girls and boys together. After finding the total number of students, we subtract the number of students who got called back from this total."",
    response=24.0
)",False
"Example({'response': 15, 'question': ' Roger had 29 dollars. For his birthday he got 20 more dollars but spent 34 on a new game. How much money does he have now? '}) (input_keys={'question'})","Prediction(
    reasoning='Roger initially had $29. He received an additional $20 for his birthday, so we add this to his initial amount: $29 + $20 = $49. Then he spent $34 on a new game. To find out how much money Roger has now, we subtract the cost of the game from his total after receiving the birthday money: $49 - $34.',
    response=45.0
)",False
"Example({'response': 5, 'question': ' Dave had to wash 29 short sleeve shirts and 11 long sleeve shirts before school. If he had only washed 35 of them by the time school started, how many did he not wash? '}) (input_keys={'question'})","Prediction(
    reasoning='To determine how many shirts Dave did not wash, we need to subtract the number of shirts he washed from the total number of shirts. The total number of shirts is the sum of short sleeve shirts and long sleeve shirts.\n\nFirst, calculate the total number of shirts:\n- Total shirts = 29 (short sleeve) + 11 (long sleeve)\n\nThen, find out how many were not washed by subtracting the number of shirts he did wash from the total number of shirts.',
    response=0.45454545454545453
)",False
"Example({'response': 24, 'question': "" Edward was trying to expand his game collection. He bought 41 games from a friend and bought 14 more at a garage sale. If 31 of the games didn't work, how many good games did he end up with? ""}) (input_keys={'question'})","Prediction(
    reasoning=""To determine how many good games Edward ended up with, we need to follow these steps:\n\n1. Calculate the total number of games Edward bought: 41 from his friend plus 14 at a garage sale.\n2. Subtract the number of non-working games (31) from the total number of games to find out how many working games he has.\n\nLet's perform these calculations:\nTotal games = 41 + 14\nWorking games = Total games - 31"",
    response=6.0
)",False
"Example({'response': 15, 'question': ' At the schools book fair Sam bought 13 adventure books and 17 mystery books. If 15 of the books were used, how many new books did he buy? '}) (input_keys={'question'})","Prediction(
    reasoning=""To determine how many new books Sam bought, we need to subtract the number of used books from the total number of books he purchased. The total number of books is the sum of adventure books and mystery books.\n\nGiven:\n- Number of adventure books = 13\n- Number of mystery books = 17\n- Total number of used books = 15\n\nThe formula to find out how many new books Sam bought would be: \n\\[ \\text{Total Books} = \\text{Adventure Books} + \\text{Mystery Books} \\]\n\\[ \\text{New Books} = \\text{Total Books} - \\text{Used Books} \\]\n\nLet's calculate the number of new books."",
    response=15.0
)",True
"Example({'response': 14, 'question': ' Amy had 26 music files and 36 video files on her flash drive. If she deleted 48 of the files, how many files were still on her flash drive? '}) (input_keys={'question'})","Prediction(
    reasoning=""To determine how many files are still on Amy's flash drive after deleting 48 of them, we need to first calculate the total number of files initially. This is done by adding the music files (26) and video files (36). After finding the initial total, we subtract the deleted files (48) from this sum."",
    response=14.0
)",True
"Example({'response': 1, 'question': ' Oliver had 35 dollars. For his birthday he got 50 more dollars but spent 84 on a new game. How much money does he have now? '}) (input_keys={'question'})","Prediction(
    reasoning=""Oliver initially had $35. He received an additional $50 for his birthday, so he had 35 + 50 = $85. After spending $84 on a new game, Oliver's remaining money is 85 - 84 = $1."",
    response=1.0
)",True
"Example({'response': 1, 'question': ' Emily was playing a trivia game. In the first round she scored 16 points and in the second round she scored 33 points. In the last round she lost 48 points. How many points did she have at the end of the game? '}) (input_keys={'question'})","Prediction(
    reasoning=""To determine Emily's total score at the end of the game, we need to add her scores from each round together. In the first round she scored 16 points, in the second round she scored 33 points, and in the last round she lost (which means subtracting) 48 points.\n\nWe can calculate this as: \\(16 + 33 - 48\\)."",
    response=5.0
)",False
"Example({'response': 11, 'question': ' Paige had 43 math problems and 12 science problems for homework. If she finished 44 of the problems at school, how many problems did she have to do for homework? '}) (input_keys={'question'})","Prediction(
    reasoning=""To determine how many problems Paige has left to do for homework, we need to add up all the math and science problems she had initially. Then subtract the number of problems she finished at school from this total.\n\nFirst, calculate the total number of problems:\n- Math problems: 43\n- Science problems: 12\n\nTotal problems = Math problems + Science problems\n\nNext, Paige finished 44 problems at school. Therefore, we need to subtract these from the total problems:\n\nProblems left for homework = Total problems - Problems finished at school\n\nLet's calculate this."",
    response=37.0
)",False
"Example({'response': 35, 'question': ' The school cafeteria ordered 33 red apples and 23 green apples for students lunches. But, if only 21 students wanted fruit, how many extra did the cafeteria end up with? '}) (input_keys={'question'})","Prediction(
    reasoning='To determine how many extra apples the cafeteria ended up with, we first need to calculate the total number of apples ordered. The cafeteria ordered 33 red apples and 23 green apples. After that, we subtract the number of students who wanted fruit (21) from the total number of apples.',
    response=4.0
)",False
"Example({'response': 16, 'question': ' Dave had to wash 9 short sleeve shirts and 27 long sleeve shirts before school. If he had only washed 20 of them by the time school started, how many did he not wash? '}) (input_keys={'question'})","Prediction(
    reasoning=""To determine how many shirts Dave did not wash, we need to calculate the total number of shirts he intended to wash and subtract the number of shirts he actually washed. The total number of shirts is the sum of short sleeve shirts and long sleeve shirts.\n\nGiven:\n- Number of short sleeve shirts = 9\n- Number of long sleeve shirts = 27\n- Total shirts washed by school start time = 20\n\nThe total number of shirts intended to be washed can be calculated as: \n\\[ \\text{Total shirts} = (\\text{Number of short sleeve shirts}) + (\\text{Number of long sleeve shirts}) \\]\n\nThen, the number of shirts not washed is:\n\\[ \\text{Shirts not washed} = \\text{Total shirts} - \\text{Total shirts washed by school start time} \\]\n\nLet's calculate this."",
    response=15.0
)",False
"Example({'response': 4, 'question': ' While on vacation, Rachel took 6 pictures at the zoo and 9 at the museum. If she later deleted 11 of the pictures, how many pictures from her vacation did she still have? '}) (input_keys={'question'})","Prediction(
    reasoning='Rachel initially took 6 pictures at the zoo and 9 at the museum, which totals to \\(6 + 9 = 15\\) pictures. After deleting 11 of these pictures, she would have \\(15 - 11 = 4\\) pictures left.',
    response=4.0
)",True
"Example({'response': 7, 'question': ' Vanessa and her mom were picking carrots from their garden. Vanessa picked 17 and her mother picked 14. If only 24 of the carrots were good, how many bad carrots did they have? '}) (input_keys={'question'})","Prediction(
    reasoning=""To find out how many bad carrots they had, we first need to calculate the total number of carrots picked. Then, we subtract this from the total good carrots to find the number of bad ones. The total number of carrots is the sum of Vanessa's and her mother's picks."",
    response=10.0
)",False
"Example({'response': 54, 'question': ' A pet store had 41 siamese cats and 28 house cats. During a sale they sold 15 cats. How many cats do they have left? '}) (input_keys={'question'})","Prediction(
    reasoning='To find out how many cats are left, first add the number of Siamese cats and house cats together. Then subtract the number of cats sold from this total.',
    response=44.0
)",False
"Example({'response': 15, 'question': ' At the schools book fair Sam bought 13 adventure books and 17 mystery books. If 15 of the books were used, how many new books did he buy? '}) (input_keys={'question'})","Prediction(
    reasoning='To determine how many new books Sam bought, we need to subtract the number of used books from the total number of books he purchased. The total number of books is the sum of adventure books and mystery books.\n\nGiven:\n- Number of adventure books = 13\n- Number of mystery books = 17\n- Total number of used books = 15\n\nThe calculation for new books will be: \nTotal books - Used books',
    response=0.0
)",False
"Example({'response': 14, 'question': ' Amy had 26 music files and 36 video files on her flash drive. If she deleted 48 of the files, how many files were still on her flash drive? '}) (input_keys={'question'})","Prediction(
    reasoning=""To determine how many files are still on Amy's flash drive after deleting 48 of them, we need to first calculate the total number of files she had initially. This is done by adding her music files and video files together. After that, we subtract the number of files deleted from this total."",
    response=24.0
)",False
"Example({'response': 1, 'question': ' Oliver had 35 dollars. For his birthday he got 50 more dollars but spent 84 on a new game. How much money does he have now? '}) (input_keys={'question'})","Prediction(
    reasoning=""To determine how much money Oliver has now, we need to follow these steps:\n\n1. Start with his initial amount of $35.\n2. Add the 50 dollars he received for his birthday.\n3. Subtract the 84 dollars he spent on a new game.\n\nLet's calculate this step by step:\n- Initial amount: $35\n- After receiving money from his birthday: $35 + $50 = $85\n- After spending money on a game: $85 - $84 = $1\n\nSo, Oliver has $1 left now."",
    response=1.0
)",True
"Example({'response': 1, 'question': ' Emily was playing a trivia game. In the first round she scored 16 points and in the second round she scored 33 points. In the last round she lost 48 points. How many points did she have at the end of the game? '}) (input_keys={'question'})","Prediction(
    reasoning=""To determine Emily's total score at the end of the game, we need to add her points from each round. In the first round she scored 16 points, in the second round she scored 33 points, and in the last round she lost 48 points (which can be represented as -48). The final step is to sum these values."",
    response=21.0
)",False
"Example({'response': 11, 'question': ' Paige had 43 math problems and 12 science problems for homework. If she finished 44 of the problems at school, how many problems did she have to do for homework? '}) (input_keys={'question'})","Prediction(
    reasoning=""To determine how many problems Paige has left to do for homework, we need to add up all the math and science problems she had initially. Then subtract the number of problems she finished at school from this total.\n\nFirst, let's calculate the initial total number of problems:\n- Math problems: 43\n- Science problems: 12\n\nTotal problems = Math problems + Science problems\n\nNext, we need to find out how many problems Paige has left after finishing 44 of them. We subtract the 44 problems she finished from the total.\n\nLet's calculate this."",
    response=0.9891
)",False
"Example({'response': 35, 'question': ' The school cafeteria ordered 33 red apples and 23 green apples for students lunches. But, if only 21 students wanted fruit, how many extra did the cafeteria end up with? '}) (input_keys={'question'})","Prediction(
    reasoning='To determine how many extra apples the cafeteria ended up with, we first need to calculate the total number of apples ordered. The cafeteria ordered 33 red apples and 23 green apples. After that, we subtract the number of students who wanted fruit (21) from the total number of apples.',
    response=4.0
)",False
"Example({'response': 16, 'question': ' Dave had to wash 9 short sleeve shirts and 27 long sleeve shirts before school. If he had only washed 20 of them by the time school started, how many did he not wash? '}) (input_keys={'question'})","Prediction(
    reasoning='To determine how many shirts Dave did not wash, we first need to calculate the total number of shirts he intended to wash. This is done by adding the number of short sleeve shirts (9) to the number of long sleeve shirts (27). After finding the total number of shirts, we subtract the number that were actually washed (20) from this total.',
    response=4.0
)",False
"Example({'response': 4, 'question': ' While on vacation, Rachel took 6 pictures at the zoo and 9 at the museum. If she later deleted 11 of the pictures, how many pictures from her vacation did she still have? '}) (input_keys={'question'})","Prediction(
    reasoning='Rachel initially took 6 pictures at the zoo and 9 at the museum, which totals to 15 pictures. After deleting 11 pictures, she would have 15 - 11 = 4 pictures remaining.',
    response=4.0
)",True
"Example({'response': 7, 'question': ' Vanessa and her mom were picking carrots from their garden. Vanessa picked 17 and her mother picked 14. If only 24 of the carrots were good, how many bad carrots did they have? '}) (input_keys={'question'})","Prediction(
    reasoning=""To determine how many bad carrots Vanessa and her mother picked, we first need to calculate the total number of carrots they picked together. Then, we subtract this from the total number of good carrots.\n\nVanessa picked 17 carrots and her mother picked 14 carrots. Therefore, the total number of carrots picked is \\(17 + 14\\). Given that there were 24 good carrots, the number of bad carrots can be calculated by subtracting the number of good carrots from the total number of carrots.\n\nLet's calculate this."",
    response=0.0
)",False
"Example({'response': 54, 'question': ' A pet store had 41 siamese cats and 28 house cats. During a sale they sold 15 cats. How many cats do they have left? '}) (input_keys={'question'})","Prediction(
    reasoning=""To determine how many cats are left in the pet store, we need to follow these steps:\n\n1. Calculate the total number of cats initially by adding the number of Siamese cats and house cats.\n2. Subtract the number of cats sold from the initial total.\n\nLet's perform these calculations:\n- Initial total of cats = 41 (Siamese) + 28 (house)\n- Cats left after sale = Initial total - 15"",
    response=64.0
)",False
"Example({'response': 4, 'question': ' Janet picked 4 tulips and 11 roses to make flower bouquets. If she only used 11 of the flowers though, how many extra flowers did Janet pick? '}) (input_keys={'question'})","Prediction(
    reasoning='To determine how many extra flowers Janet picked, we need to subtract the number of flowers she used from the total number of flowers she picked. The total number of flowers picked is 4 tulips + 11 roses = 15 flowers. Since she only used 11 flowers, the extra flowers are calculated as 15 - 11.',
    response=3.0
)",False
"Example({'response': 33, 'question': ' Vanessa had 13 music files and 30 video files on her flash drive. If she deleted 10 of the files, how many files were still on her flash drive? '}) (input_keys={'question'})","Prediction(
    reasoning=""To find out how many files are left on Vanessa's flash drive after deleting some, we need to subtract the number of deleted files from the total number of files initially. The initial count is the sum of music and video files."",
    response=33.0
)",True
"Example({'response': 23, 'question': ' Debby bought two coloring books. One had 16 pictures and the other had 40. After one week she had already colored 33 of the pictures. How many pictures does she still have to color? '}) (input_keys={'question'})","Prediction(
    reasoning='To determine how many pictures Debby still has to color, we first need to calculate the total number of pictures in both coloring books. Then, subtract the number of pictures she has already colored.\n\nThe total number of pictures is 16 (from the first book) + 40 (from the second book). After that, we subtract the 33 pictures she has already colored from this total to find out how many are left.',
    response=24.0
)",False
"Example({'response': 9, 'question': ' The school cafeteria ordered 8 red apples and 43 green apples for students lunches. But, if only 42 students wanted fruit, how many extra did the cafeteria end up with? '}) (input_keys={'question'})","Prediction(
    reasoning='To determine how many extra apples the cafeteria ended up with, we first need to calculate the total number of apples ordered. The order included 8 red apples and 43 green apples. After that, we subtract the number of students who wanted fruit (which is 42) from the total number of apples to find out how many were left over.\n\nTotal apples = 8 + 43\nExtra apples = Total apples - Number of students',
    response=1.0
)",False
"Example({'response': 24, 'question': ' Edward started his own lawn mowing business. In the spring he made 2 dollars mowing lawns and in the summer he made 27 dollars. If he had to spend 5 dollars buying supplies, how much money did he end up with? '}) (input_keys={'question'})","Prediction(
    reasoning='To determine how much money Edward ended up with after buying supplies, we need to calculate his total earnings from mowing lawns in both spring and summer, and then subtract the cost of supplies.\n\nFirst, add the earnings from spring and summer:\n- Earnings from spring: $2\n- Earnings from summer: $27\n\nTotal earnings = $2 + $27\n\nThen subtract the cost of supplies ($5) to find out how much money Edward ended up with.',
    response=14.0
)",False
"Example({'response': 28, 'question': ' A pet store had 36 siamese cats and 18 house cats. During a sale they sold 26 cats. How many cats do they have left? '}) (input_keys={'question'})","Prediction(
    reasoning=""To determine how many cats are left in the pet store, we need to follow these steps:\n\n1. Calculate the total number of cats initially by adding the number of Siamese cats and house cats.\n2. Subtract the number of cats sold from the initial total.\n\nLet's perform these calculations:\n- Initial number of Siamese cats: 36\n- Initial number of house cats: 18\n- Number of cats sold: 26\n\nTotal initial number of cats = 36 + 18\nNumber of cats left = Total initial number of cats - Number of cats sold"",
    response=4.0
)",False
"Example({'response': 15, 'question': ' Olivia and her mom were picking carrots from their garden. Olivia picked 20 and her mother picked 14. If only 19 of the carrots were good, how many bad carrots did they have? '}) (input_keys={'question'})","Prediction(
    reasoning='To determine how many bad carrots Olivia and her mother picked, we need to subtract the number of good carrots from the total number of carrots they picked. The total number of carrots is the sum of the carrots picked by Olivia and her mother. Given that 19 of these were good, the remaining must be bad.\n\nFirst, calculate the total number of carrots:\n- Total carrots = Carrots picked by Olivia + Carrots picked by her mother\n\nThen, subtract the number of good carrots from the total to find the number of bad carrots.',
    response=0.63
)",False
"Example({'response': 8, 'question': ' George had 30 dollars. For his birthday he got 16 more dollars but spent 38 on a new game. How much money does he have now? '}) (input_keys={'question'})","Prediction(
    reasoning=""To determine how much money George has now, we need to follow these steps:\n1. Start with his initial amount of $30.\n2. Add the 16 dollars he received for his birthday.\n3. Subtract the 38 dollars he spent on a new game.\n\nLet's calculate this step by step:\n\n- Initial amount: $30\n- Birthday money added: +$16\n- Money spent on game: -$38"",
    response=4.8
)",False
"Example({'response': 47, 'question': "" There were 6 girls and 48 boys trying out for the schools basketball team. If only 7 of them got called back, how many students didn't make the cut? ""}) (input_keys={'question'})","Prediction(
    reasoning=""To find out how many students didn't make the cut, we first need to calculate the total number of students who tried out. There were 6 girls and 48 boys, so the total number of students is \\(6 + 48\\). After finding the total number of students, we subtract the number of students who got called back (7) from this total."",
    response=15.0
)",False
"Example({'response': 51, 'question': ' For the school bake sale Amy made pastries. She baked 15 cupcakes and 48 cookies. After the sale she had 12 to take back home. How many pastries did she sell? '}) (input_keys={'question'})","Prediction(
    reasoning='Amy initially baked 15 cupcakes + 48 cookies = 63 pastries. After the sale, she had 12 to take back home, which means she sold 63 - 12 = 51 pastries.',
    response=51.0
)",True
"Example({'response': 53, 'question': ' At the schools book fair Victor bought 32 adventure books and 37 mystery books. If 16 of the books were used, how many new books did he buy? '}) (input_keys={'question'})","Prediction(
    reasoning=""To determine how many new books Victor bought, we need to subtract the number of used books from the total number of books he purchased. The total number of books is the sum of adventure books and mystery books.\n\nGiven:\n- Number of adventure books = 32\n- Number of mystery books = 37\n- Total number of books (including used) = 16\n\nThe formula to find out how many new books Victor bought would be: \n\\[ \\text{Total New Books} = (\\text{Number of Adventure Books} + \\text{Number of Mystery Books}) - \\text{Used Books} \\]\n\nLet's calculate the total number of new books."",
    response=0.0
)",False
"Example({'response': 20, 'question': ' While on vacation, Haley took 50 pictures at the zoo and 8 at the museum. If she later deleted 38 of the pictures, how many pictures from her vacation did she still have? '}) (input_keys={'question'})","Prediction(
    reasoning='Haley initially took 50 pictures at the zoo and 8 at the museum, which totals to \\(50 + 8 = 58\\) pictures. After deleting 38 of these pictures, she would have \\(58 - 38\\) pictures left.\n\nTo find out how many pictures she still has, we perform the calculation: \\(58 - 38\\).',
    response=4.0
)",False
"Example({'response': 31, 'question': ' The school cafeteria ordered 37 red apples and 45 green apples for students lunches. But, if only 51 students wanted fruit, how many extra did the cafeteria end up with? '}) (input_keys={'question'})","Prediction(
    reasoning='To determine how many extra apples the cafeteria ended up with, we first need to calculate the total number of apples ordered. The cafeteria ordered 37 red apples and 45 green apples. After that, we subtract the number of students who wanted fruit (51) from the total number of apples ordered.',
    response=25.0
)",False
"Example({'response': 22, 'question': ' While shopping, Maria bought 35 green towels and 21 white towels. If she gave her mother 34 of them, how many towels did Maria end up with? '}) (input_keys={'question'})","Prediction(
    reasoning='Maria initially had 35 green towels and 21 white towels, which totals to 56 towels. After giving her mother 34 towels, Maria would have 56 - 34 = 22 towels left.',
    response=22.0
)",True
"Example({'response': 39, 'question': "" There were 17 girls and 32 boys trying out for the schools basketball team. If only 10 of them got called back, how many students didn't make the cut? ""}) (input_keys={'question'})","Prediction(
    reasoning=""To find out how many students didn't make the cut, we first need to calculate the total number of students who tried out. This is done by adding the number of girls (17) to the number of boys (32). After finding the total number of students, we subtract the number of students who got called back (10) from this total."",
    response=49.0
)",False
"Example({'response': 14, 'question': ' Nancy and her mom were picking carrots from their garden. Nancy picked 38 and her mother picked 47. If only 71 of the carrots were good, how many bad carrots did they have? '}) (input_keys={'question'})","Prediction(
    reasoning=""To determine how many bad carrots Nancy and her mother picked, we first need to calculate the total number of carrots they picked together. Then, we subtract this from the total number of good carrots (71) to find out how many were not good.\n\nFirst, let's add up the carrots Nancy and her mom picked:\n- Nancy picked 38 carrots.\n- Her mother picked 47 carrots.\n\nTotal carrots picked = 38 + 47\n\nNext, we subtract this total from the number of good carrots (71) to find out how many were bad:\n\nBad carrots = Total good carrots - Total carrots picked\n\nLet's calculate these values using Python code."",
    response=0.2156949152542372
)",False
"Example({'response': 15, 'question': "" A waiter at 'The Greasy Spoon' restaurant had 29 customers to wait on. During the lunch rush he added another 20 customers. If 34 of the customers didn't leave him a tip, how many customers did leave a tip? ""}) (input_keys={'question'})","Prediction(
    reasoning=""To determine how many customers left a tip, we first need to calculate the total number of customers served. This is done by adding the initial 29 customers to the additional 20 customers during the lunch rush. After finding the total number of customers, we subtract the 34 who didn't leave a tip from this total."",
    response=5.0
)",False
"Example({'response': 30, 'question': ' Tom had to wash 10 short sleeve shirts and 25 long sleeve shirts before school. If he had only washed 5 of them by the time school started, how many did he not wash? '}) (input_keys={'question'})","Prediction(
    reasoning='To determine how many shirts Tom did not wash, we need to calculate the total number of shirts he had to wash initially. This includes both short sleeve and long sleeve shirts. After that, subtract the number of shirts he actually washed from the total.\n\nThe total number of shirts is 10 (short sleeve) + 25 (long sleeve). He washed a total of 5 shirts by school time. The difference between these two numbers will give us how many shirts Tom did not wash.',
    response=40.0
)",False
"Example({'response': 34, 'question': ' Vanessa had 16 music files and 48 video files on her flash drive. If she deleted 30 of the files, how many files were still on her flash drive? '}) (input_keys={'question'})","Prediction(
    reasoning=""To determine how many files were still on Vanessa's flash drive after deleting 30 of them, we need to first calculate the total number of files she had initially. This is the sum of her music and video files: 16 + 48 = 64 files. After deleting 30 files, the remaining number of files will be 64 - 30."",
    response=5.0
)",False
"Example({'response': 50, 'question': ' Kaleb started his own lawn mowing business. In the spring he made 4 dollars mowing lawns and in the summer he made 50 dollars. If he had to spend 4 dollars buying supplies, how much money did he end up with? '}) (input_keys={'question'})","Prediction(
    reasoning='Kaleb made $4 in the spring. In the summer, he made an additional $50. The total money Kaleb had after making his earnings is $4 + $50 = $54. He spent $4 on supplies. Therefore, to find out how much money he ended up with, we subtract the cost of supplies from the total earnings: $54 - $4.',
    response=50.0
)",True
"Example({'response': 16, 'question': ' The school cafeteria ordered 6 red apples and 15 green apples for students lunches. But, if only 5 students wanted fruit, how many extra did the cafeteria end up with? '}) (input_keys={'question'})","Prediction(
    reasoning='To determine how many extra apples the cafeteria ended up with, we first need to calculate the total number of apples ordered. The order included 6 red apples and 15 green apples. After that, we subtract the number of students who wanted fruit (which is 5) from the total number of apples to find out how many were left over.',
    response=3.0
)",False
"Example({'response': 7, 'question': ' Bianca picked 39 tulips and 49 roses to make flower bouquets. If she only used 81 of the flowers though, how many extra flowers did Bianca pick? '}) (input_keys={'question'})","Prediction(
    reasoning='To determine how many extra flowers Bianca picked, we need to subtract the total number of flowers she used from the total number of flowers she initially picked. The initial total is the sum of tulips and roses, which is 39 + 49. After using 81 flowers, the remaining flowers are (39 + 49) - 81.',
    response=0.0
)",False
"Example({'response': 19, 'question': ' While on vacation, Nancy took 49 pictures at the zoo and 8 at the museum. If she later deleted 38 of the pictures, how many pictures from her vacation did she still have? '}) (input_keys={'question'})","Prediction(
    reasoning='Nancy initially took 49 pictures at the zoo and 8 at the museum, which totals to \\(49 + 8 = 57\\) pictures. After deleting 38 of these pictures, she would have \\(57 - 38\\) pictures remaining.\n\nTo find out how many pictures she still has, we need to perform the calculation: \\(57 - 38\\).',
    response=29.0
)",False
"Example({'response': 5, 'question': ' Gwen had 18 math problems and 11 science problems for homework. If she finished 24 of the problems at school, how many problems did she have to do for homework? '}) (input_keys={'question'})","Prediction(
    reasoning='To determine how many problems Gwen has left to do for homework, we need to subtract the number of problems she finished at school from the total number of problems. She had 18 math problems and 11 science problems, making a total of 29 problems. If she finished 24 of these problems at school, then the remaining problems are \\(29 - 24\\).',
    response=3.0
)",False
"Example({'response': 7, 'question': ' For Halloween Katie and her sister combined the candy they received. Katie had 10 pieces of candy while her sister had 6. If they ate 9 pieces the first night, how many pieces do they have left? '}) (input_keys={'question'})","Prediction(
    reasoning='To find out how many pieces of candy Katie and her sister have left after eating some, we first need to calculate the total number of candies they had initially. Then, we subtract the number of candies they ate from this total.',
    response=7.0
)",True
"Example({'response': 45, 'question': ' A pet store had 15 siamese cats and 49 house cats. During a sale they sold 19 cats. How many cats do they have left? '}) (input_keys={'question'})","Prediction(
    reasoning=""To determine how many cats are left in the pet store, we need to follow these steps:\n\n1. Calculate the total number of cats initially by adding the number of Siamese cats and house cats.\n2. Subtract the number of cats sold from the initial total.\n\nLet's perform these calculations:\n- Initial number of Siamese cats: 15\n- Initial number of house cats: 49\n- Number of cats sold: 19\n\nTotal initial number of cats = 15 + 49\nNumber of cats left = Total initial number of cats - Number of cats sold"",
    response=25.0
)",False
"Example({'response': 21, 'question': "" There were 9 girls and 14 boys trying out for the schools basketball team. If only 2 of them got called back, how many students didn't make the cut? ""}) (input_keys={'question'})","Prediction(
    reasoning=""To find out how many students didn't make the cut, we first need to calculate the total number of students who tried out. This is the sum of girls and boys. After that, we subtract the number of students who got called back from the total.\n\nThe formula for this calculation is:\n\\[ \\text{Total Students} = \\text{Number of Girls} + \\text{Number of Boys} \\]\n\\[ \\text{Students Not Called Back} = \\text{Total Students} - \\text{Students Called Back} \\]\n\nSubstituting the given values into the formula, we get:\n\\[ \\text{Total Students} = 9 + 14 \\]\n\\[ \\text{Students Not Called Back} = (9 + 14) - 2 \\]\n\nLet's calculate this."",
    response=0.0
)",False
"Example({'response': 58, 'question': ' Haley had 27 music files and 42 video files on her flash drive. If she deleted 11 of the files, how many files were still on her flash drive? '}) (input_keys={'question'})","Prediction(
    reasoning=""To determine how many files were still on Haley's flash drive after deleting 11 of them, we need to first calculate the total number of files she had initially. This is the sum of her music and video files: 27 + 42 = 69 files. After deleting 11 files, the remaining number of files will be 69 - 11."",
    response=58.0
)",True
"Example({'response': 19, 'question': ' While shopping, Maria bought 40 green towels and 44 white towels. If she gave her mother 65 of them, how many towels did Maria end up with? '}) (input_keys={'question'})","Prediction(
    reasoning='Maria initially bought 40 green towels and 44 white towels, which totals to 84 towels. She gave her mother 65 towels, so the number of towels she ended up with is calculated by subtracting the towels given to her mother from the total number of towels she had initially.',
    response=19.0
)",True
"Example({'response': 2, 'question': "" A waiter at 'The Greasy Spoon' restaurant had 39 customers to wait on. During the lunch rush he added another 12 customers. If 49 of the customers didn't leave him a tip, how many customers did leave a tip? ""}) (input_keys={'question'})","Prediction(
    reasoning=""To determine how many customers left a tip, we first need to find out the total number of customers served. This is calculated by adding the initial 39 customers to the additional 12 customers during the lunch rush. After finding the total number of customers, we subtract the 49 who didn't leave a tip from this total."",
    response=6.0
)",False
"Example({'response': 8, 'question': ' A pet store had 19 siamese cats and 45 house cats. During a sale they sold 56 cats. How many cats do they have left? '}) (input_keys={'question'})","Prediction(
    reasoning='To determine how many cats are left in the pet store, we need to first calculate the total number of cats they initially had. This is done by adding the number of Siamese cats (19) and house cats (45). After finding the initial total, we subtract the 56 cats that were sold during the sale.',
    response=0.87
)",False
"Example({'response': 26, 'question': "" A waiter at 'The Greasy Spoon' restaurant had 26 customers to wait on. During the lunch rush he added another 27 customers. If 27 of the customers didn't leave him a tip, how many customers did leave a tip? ""}) (input_keys={'question'})","Prediction(
    reasoning=""To determine how many customers left a tip, we need to subtract the number of customers who didn't leave a tip from the total number of customers. The waiter initially had 26 customers plus an additional 27 during lunch rush, making a total of 53 customers. Given that 27 of these customers did not leave a tip, we can calculate the number of customers who left a tip by subtracting 27 from 53."",
    response=46.0
)",False
"Example({'response': 59, 'question': ' Rachel bought two coloring books. One had 24 pictures and the other had 39. After one week she had already colored 4 of the pictures. How many pictures does she still have to color? '}) (input_keys={'question'})","Prediction(
    reasoning='Rachel initially has a total of 24 + 39 = 63 pictures to color. After coloring 4 pictures, she still needs to color 63 - 4 = 59 pictures.',
    response=59.0
)",True
"Example({'response': 9, 'question': ' While shopping, Emily bought 5 green towels and 30 white towels. If she gave her mother 26 of them, how many towels did Emily end up with? '}) (input_keys={'question'})","Prediction(
    reasoning='Emily initially bought 5 green towels and 30 white towels, which totals to 35 towels. After giving her mother 26 towels, the number of towels Emily ended up with is calculated by subtracting the number of towels given away from the total she had: 35 - 26 = 9 towels.',
    response=9.0
)",True
"Example({'response': 23, 'question': ' For Halloween Katie and her sister combined the candy they received. Katie had 8 pieces of candy while her sister had 23. If they ate 8 pieces the first night, how many pieces do they have left? '}) (input_keys={'question'})","Prediction(
    reasoning='To find out how many pieces of candy Katie and her sister have left after eating some, we first need to calculate the total number of candies they had initially. Then we subtract the number of candies they ate on the first night from this total.',
    response=25.0
)",False
"Example({'response': 3, 'question': "" Ned was trying to expand his game collection. He bought 50 games from a friend and bought 27 more at a garage sale. If 74 of the games didn't work, how many good games did he end up with? ""}) (input_keys={'question'})","Prediction(
    reasoning=""To determine how many good games Ned ended up with, we need to subtract the number of broken games from the total number of games he bought. The total number of games is the sum of the games bought from a friend and the games bought at a garage sale.\n\nGiven:\n- Games bought from a friend: 50\n- Games bought at a garage sale: 27\n- Broken games (didn't work): 74\n\nThe calculation for good games would be total games minus broken games. However, since the total number of games is more than the broken ones, we need to ensure that the total does not exceed the sum of the games bought from a friend and at a garage sale.\n\nLet's calculate this step by step:\n\n1. Calculate the total number of games Ned bought.\n2. Subtract the number of broken games from the total number of games."",
    response=43.0
)",False
"Example({'response': 40, 'question': ' For the school bake sale Wendy made pastries. She baked 41 cupcakes and 31 cookies. After the sale she had 32 to take back home. How many pastries did she sell? '}) (input_keys={'question'})","Prediction(
    reasoning='Wendy initially baked 41 cupcakes + 31 cookies = 72 pastries. After selling some, she had 32 left. Therefore, the number of pastries sold is 72 - 32.',
    response=40.0
)",True
"Example({'response': 32, 'question': ' The school cafeteria ordered 25 red apples and 17 green apples for students lunches. But, if only 10 students wanted fruit, how many extra did the cafeteria end up with? '}) (input_keys={'question'})","Prediction(
    reasoning='To determine how many extra apples the cafeteria ended up with, we first need to calculate the total number of apples ordered. The cafeteria ordered 25 red apples and 17 green apples, so the total number of apples is 25 + 17. Since only 10 students wanted fruit, we can assume that all the apples were distributed among these students. Therefore, any apples not given to the students would be extra. The number of extra apples will be the total number of apples minus the number of students who wanted fruit.',
    response=2.0
)",False
"Example({'response': 34, 'question': "" At the arcade, Jerry won 29 tickets playing 'whack a mole' and 17 tickets playing 'skee ball'. If he spent 12 of his tickets on a hat, how many tickets does Jerry have left? ""}) (input_keys={'question'})","Prediction(
    reasoning=""To determine how many tickets Jerry has left after spending some on a hat, we first need to calculate the total number of tickets he won. He won 29 tickets from 'whack a mole' and 17 tickets from 'skee ball'. After adding these together, we subtract the 12 tickets he spent on a hat.\n\nThe formula for calculating the remaining tickets is:\n\\[ \\text{Remaining Tickets} = (\\text{Tickets from 'whack a mole'}) + (\\text{Tickets from 'skee ball'}) - (\\text{Tickets spent}) \\]\n\nSubstituting in the numbers we have:\n\\[ \\text{Remaining Tickets} = 29 + 17 - 12 \\]\n\nLet's calculate this."",
    response=34.0
)",True
"Example({'response': 35, 'question': ' Cody had 45 dollars. For his birthday he got 9 more dollars but spent 19 on a new game. How much money does he have now? '}) (input_keys={'question'})","Prediction(
    reasoning='Cody initially had $45. He received an additional $9 for his birthday, so we add this to his initial amount: $45 + $9 = $54. Then he spent $19 on a new game, so we subtract this from the total: $54 - $19 = $35.',
    response=35.0
)",True
"Example({'response': 49, 'question': ' For the school bake sale Carol made 30 cupcakes. If she sold 9 of them and then made 28 more, how many cupcakes would she have? '}) (input_keys={'question'})","Prediction(
    reasoning=""To determine how many cupcakes Carol has after selling some and making more, we need to follow these steps:\n\n1. Start with the initial number of cupcakes: 30.\n2. Subtract the number sold (9) from the initial amount.\n3. Add the new batch of cupcakes made (28) to the remaining amount.\n\nLet's calculate this step by step:\n- Initial cupcakes: 30\n- After selling 9: \\( 30 - 9 = 21 \\)\n- After making 28 more: \\( 21 + 28 = 49 \\)\n\nSo, Carol has a total of 49 cupcakes."",
    response=49.0
)",True
"Example({'response': 62, 'question': ' For Halloween Faye scored 47 pieces of candy. She ate 25 pieces the first night and then her sister gave her 40 more pieces. How many pieces of candy does Faye have now? '}) (input_keys={'question'})","Prediction(
    reasoning='Faye initially had 47 pieces of candy. She ate 25 pieces, so she had \\(47 - 25\\) pieces left. Then her sister gave her an additional 40 pieces. Therefore, the total number of candies Faye has now can be calculated as \\((47 - 25) + 40\\).',
    response=62.0
)",True
"Example({'response': 24, 'question': ' Kaleb had 34 books. If he sold 17 of them and used the money he earned to buy 7 new books, how many books would Kaleb have? '}) (input_keys={'question'})","Prediction(
    reasoning='Kaleb initially had 34 books. After selling 17 of them, he would have \\(34 - 17\\) books left. Then, using the money from selling those books to buy 7 new books, his total number of books will be \\((34 - 17) + 7\\).',
    response=24.0
)",True
"Example({'response': 48, 'question': ' In fourth grade there were 10 students at the start of the year. During the year 4 students left and 42 new students came to school. How many students were in fourth grade at the end? '}) (input_keys={'question'})","Prediction(
    reasoning='To determine how many students were in fourth grade at the end, we need to start with the initial number of students, adjust for those who left, and add those who joined. The calculation is as follows: 10 (initial students) - 4 (students who left) + 42 (new students).',
    response=68.0
)",False
"Example({'response': 61, 'question': ' Oliver had 33 dollars in January. By March he had spent 4 dollars. If he got another 32 dollars from his mom, how much money would he have? '}) (input_keys={'question'})","Prediction(
    reasoning=""To determine how much money Oliver has by March, we need to start with his initial amount in January, subtract the amount he spent, and then add the additional amount received from his mom.\n\n1. Initial amount in January: 33 dollars.\n2. Amount spent by March: -4 dollars.\n3. Additional amount received from his mom: +32 dollars.\n\nWe can calculate this as follows:\n\\[ \\text{Final amount} = 33 - 4 + 32 \\]\n\nLet's compute the final amount."",
    response=61.0
)",True
"Example({'response': 40, 'question': ' A florist had 37 roses. If she sold 16 of them and then later picked 19 more, how many roses would she have? '}) (input_keys={'question'})","Prediction(
    reasoning='To determine how many roses the florist has in total, we need to start with her initial number of roses, which is 37. She sold 16 roses, so we subtract that from her initial count: \\(37 - 16\\). After selling, she picked up 19 more roses, so we add those to the remaining count.',
    response=40.0
)",True
"Example({'response': 20, 'question': ' A teacher had 6 worksheets to grade. If she graded 4, but then another 18 were turned in, how many worksheets would she have to grade? '}) (input_keys={'question'})","Prediction(
    reasoning='The teacher initially had 6 worksheets to grade. She graded 4 of them, leaving her with 2 worksheets left. Then, she received an additional 18 worksheets to grade. Therefore, we need to add the remaining worksheets to the new ones received.',
    response=2.0
)",False
"Example({'response': 10, 'question': ' A book store had 41 books in the bargin bin. If they sold 33 books, but then put 2 more in the bin, how many books would be in the bin? '}) (input_keys={'question'})","Prediction(
    reasoning='To solve this problem, we need to start with the initial number of books in the bargain bin, which is 41. Then, we subtract the number of books sold (33) from that total. Afterward, we add the new books added to the bin (2). The final step will give us the current number of books in the bin.',
    response=6.0
)",False
"Example({'response': 41, 'question': ' A waiter had 19 customers to wait on. If 14 customers left and he got another 36 customers, how many customers would he have? '}) (input_keys={'question'})","Prediction(
    reasoning=""To solve this problem, we need to perform two operations: subtracting the number of customers who left from the initial total, and then adding the new customers that arrived. The final result will be the current number of customers the waiter has.\n\nFirst, we start with 19 customers:\n\\[ \\text{Initial Customers} = 19 \\]\n\nThen, 14 customers leave:\n\\[ \\text{Customers After Some Left} = 19 - 14 \\]\n\nFinally, 36 new customers arrive:\n\\[ \\text{Final Number of Customers} = (\\text{Customers After Some Left}) + 36 \\]\n\nWe can calculate the final number of customers by substituting these values into our equation.\n\nLet's compute this step-by-step using Python code."",
    response=18.0
)",False
"Example({'response': 6, 'question': ' At the fair there were 9 people in line for the bumper cars. If 6 of them got tired of waiting and left and 3 more got in line, how many people would be in line? '}) (input_keys={'question'})","Prediction(
    reasoning='To determine how many people are in line after some leave and join, we need to start with the initial number of people, which is 9. Then subtract the number who left (6) and add the number who joined (3).\n\nThe calculation would be: \\(9 - 6 + 3\\).',
    response=0.0
)",False
"Example({'response': 51, 'question': ' A teacher had 7 worksheets to grade. If she graded 2, but then another 46 were turned in, how many worksheets would she have to grade? '}) (input_keys={'question'})","Prediction(
    reasoning='The teacher initially had 7 worksheets. After grading 2, there were still some left ungraded. Then, another 46 worksheets were turned in. To find out how many worksheets she would have to grade now, we need to add the number of ungraded worksheets after grading (7 - 2) with the newly turned-in worksheets (46). The total is then divided by the number of worksheets graded (2 + 46), which gives us the final number of worksheets left to be graded.',
    response=23.5
)",False
"Example({'response': 33, 'question': ' Paige had 8 songs on her mp3 player. If she deleted 5 old songs from it and then added 30 new songs, how many songs does she have on her mp3 player? '}) (input_keys={'question'})","Prediction(
    reasoning=""To determine the final number of songs on Paige's mp3 player, we need to follow these steps:\n1. Start with 8 songs.\n2. Subtract the 5 old songs that were deleted: \\(8 - 5\\).\n3. Add the 30 new songs she added: \\((8 - 5) + 30\\).\n\nLet's calculate this step by step."",
    response=4.0
)",False
"Example({'response': 52, 'question': ' Maria picked 48 carrots from her garden. If she threw out 11 of them and then picked 15 more the next day, how many carrots would she have total? '}) (input_keys={'question'})","Prediction(
    reasoning=""To determine the total number of carrots Maria has after her actions, we need to follow these steps:\n\n1. Start with the initial number of carrots she picked: 48.\n2. Subtract the number of carrots she threw out: 48 - 11.\n3. Add the new batch of carrots she picked: (48 - 11) + 15.\n\nLet's calculate this step by step:\n\n- Initial number of carrots: 48\n- After throwing out 11: \\( 48 - 11 = 37 \\)\n- After picking more: \\( 37 + 15 = 52 \\)\n\nSo, Maria would have a total of 52 carrots."",
    response=52.0
)",True
"Example({'response': 27, 'question': ' A store had 34 oranges in a bin. If they threw away 20 of the old ones and put 13 new ones in the bin how many would be in the bin? '}) (input_keys={'question'})","Prediction(
    reasoning=""To solve this problem, we need to start with the initial number of oranges in the bin, which is 34. Then, subtract the number of old oranges that were thrown away (20) and add the new oranges that were put into the bin (13). The final count will be the total number of oranges currently in the bin.\n\nThe calculation can be represented as: \n\\[ \\text{Total Oranges} = 34 - 20 + 13 \\]\n\nLet's perform this calculation."",
    response=5.0
)",False
"Example({'response': 26, 'question': ' A waiter had 47 customers to wait on. If 41 customers left and he got another 20 customers, how many customers would he have? '}) (input_keys={'question'})","Prediction(
    reasoning='To find out how many customers the waiter has at the end, we need to start with the initial number of customers, which is 47. Then subtract the number of customers who left (41) and add the new customers that arrived (20). The final number will be: 47 - 41 + 20.',
    response=26.0
)",True
"Example({'response': 29, 'question': ' In fourth grade there were 33 students at the start of the year. During the year 18 students left and 14 new students came to school. How many students were in fourth grade at the end? '}) (input_keys={'question'})","Prediction(
    reasoning='To determine the number of students in fourth grade at the end, we need to start with the initial number of students, subtract those who left, and add those who came. The calculation is as follows: 33 (initial students) - 18 (students who left) + 14 (new students).',
    response=6.0
)",False
"Example({'response': 26, 'question': ' For the school bake sale Katie made 26 cupcakes. If she sold 20 of them and then made 20 more, how many cupcakes would she have? '}) (input_keys={'question'})","Prediction(
    reasoning='Katie initially made 26 cupcakes. She sold 20 of them, so she would have \\(26 - 20 = 6\\) cupcakes left. Then she made another 20 cupcakes. Therefore, the total number of cupcakes she has now is \\(6 + 20\\).',
    response=6.0
)",False
"Example({'response': 8, 'question': ' Adam had 5 dollars. At the store he spent $2 on a new game. If he got another 5 dollars for his allowance, how much money does he have now? '}) (input_keys={'question'})","Prediction(
    reasoning='Adam initially had $5. He spent $2 on a game, so he has $5 - $2 = $3 left. After receiving another $5 allowance, Adam will have $3 + $5 = $8.',
    response=8.0
)",True
"Example({'response': 56, 'question': ' Tiffany was playing a video game and had 43 lives. In a hard part of the game she lost 14 lives. If she got 27 more lives in the next level, how many lives would she have? '}) (input_keys={'question'})","Prediction(
    reasoning='Tiffany initially had 43 lives. She lost 14 lives, so we subtract those from her initial amount: \\(43 - 14\\). Then she gained 27 more lives, which we add to the result of the previous calculation.',
    response=6.0
)",False
"Example({'response': 17, 'question': ' At the fair there were 12 people in line for the bumper cars. If 10 of them got tired of waiting and left and 15 more got in line, how many people would be in line? '}) (input_keys={'question'})","Prediction(
    reasoning='To determine how many people are in line after some leave and more join, we need to perform two operations: subtract 10 from the initial number of people (since they got tired of waiting) and add 15 to the result (since new people joined). The initial number of people is given as 12.',
    response=4.0
)",False
"Example({'response': 50, 'question': ' A waiter had 14 customers to wait on. If 3 customers left and he got another 39 customers, how many customers would he have? '}) (input_keys={'question'})","Prediction(
    reasoning='A waiter initially had 14 customers. After 3 left, he would have had \\(14 - 3 = 11\\) customers. Then he got another 39 customers, so the total number of customers he has now is \\(11 + 39\\).',
    response=11.0
)",False
"Example({'response': 25, 'question': ' At the fair there were 30 people in line for the bumper cars. If 10 of them got tired of waiting and left and 5 more got in line, how many people would be in line? '}) (input_keys={'question'})","Prediction(
    reasoning=""To solve this problem, we need to start with the initial number of people in line, which is 30. Then, subtract the number who left (10) and add the new people who joined (5).\n\nThe calculation can be represented as: \n\\[ \\text{Total People} = 30 - 10 + 5 \\]\n\nLet's perform this calculation."",
    response=25.0
)",True
"Example({'response': 79, 'question': ' Faye had 34 coloring books. If she gave away 3 of them, but then bought 48 more, how many would she have total? '}) (input_keys={'question'})","Prediction(
    reasoning=""To determine how many coloring books Faye would have in total, we need to start with her initial number of coloring books, subtract the ones she gave away, and then add the ones she bought. The final step is to calculate the total.\n\n1. Initial number of coloring books: 34\n2. Number of coloring books given away: -3\n3. Number of coloring books bought: +48\n\nThe formula for calculating the total number of coloring books Faye has would be:\n\\[ \\text{Total} = 34 - 3 + 48 \\]\n\nLet's calculate this."",
    response=69.0
)",False
"Example({'response': 10, 'question': ' Paige had 11 songs on her mp3 player. If she deleted 9 old songs from it and then added 8 new songs, how many songs does she have on her mp3 player? '}) (input_keys={'question'})","Prediction(
    reasoning='To determine how many songs Paige has on her mp3 player, we need to start with the initial number of songs, which is 11. She deleted 9 old songs from it, so we subtract those 9 from the initial count. Then she added 8 new songs. The final step will be to calculate the total number of songs after these changes.',
    response=6.0
)",False
"Example({'response': 49, 'question': ' A teacher had 38 worksheets to grade. If she graded 4, but then another 15 were turned in, how many worksheets would she have to grade? '}) (input_keys={'question'})","Prediction(
    reasoning='To determine how many worksheets the teacher has to grade, we need to add the number of worksheets she initially graded (4) to the additional 15 worksheets that were turned in. The total number of worksheets will be the sum of these two numbers.',
    response=9.0
)",False
"Example({'response': 52, 'question': ' In fourth grade there were 40 students at the start of the year. During the year 14 students left and 26 new students came to school. How many students were in fourth grade at the end? '}) (input_keys={'question'})","Prediction(
    reasoning='To determine how many students were in fourth grade at the end of the year, we need to start with the initial number of students, subtract those who left, and add those who joined. The calculation is as follows: 40 (initial students) - 14 (students who left) + 26 (new students).',
    response=32.0
)",False
"Example({'response': 74, 'question': ' Wendy was playing a video game and had 43 lives. In a hard part of the game she lost 8 lives. If she got 39 more lives in the next level, how many lives would she have? '}) (input_keys={'question'})","Prediction(
    reasoning='Wendy initially had 43 lives. She lost 8 lives, so we subtract those from her initial amount: \\(43 - 8\\). Then she gained 39 more lives, which we add to the result of the previous calculation.',
    response=24.0
)",False
"Example({'response': 11, 'question': ' A book store had 4 books in the bargin bin. If they sold 3 books, but then put 10 more in the bin, how many books would be in the bin? '}) (input_keys={'question'})","Prediction(
    reasoning=""To solve this problem, we need to follow these steps:\n1. Start with the initial number of books in the bargain bin: 4.\n2. Subtract the number of books sold (3) from the initial count.\n3. Add the new books put into the bin (10) to the result obtained after step 2.\n\nLet's calculate this:\n\nInitial books = 4\nBooks sold = 3\nNew books added = 10\n\nFinal books in the bin = Initial books - Books sold + New books added"",
    response=6.0
)",False
"Example({'response': 30, 'question': ' At the arcade Cody won 49 tickets. If he spent 25 tickets on a beanie and later won 6 more tickets, how many would he have? '}) (input_keys={'question'})","Prediction(
    reasoning=""To determine how many tickets Cody has in total, we need to start with the initial number of tickets he won, subtract the tickets he spent on a beanie, and then add the additional tickets he won later.\n\nThe calculation is as follows:\n1. Initial tickets: 49\n2. Tickets spent: -25\n3. Additional tickets won: +6\n\nTotal tickets = Initial tickets - Tickets spent + Additional tickets\n\nLet's calculate this."",
    response=70.0
)",False
"Example({'response': 25, 'question': ' For the school bake sale Bianca made 14 cupcakes. If she sold 6 of them and then made 17 more, how many cupcakes would she have? '}) (input_keys={'question'})","Prediction(
    reasoning=""To determine how many cupcakes Bianca has after selling some and making more, we need to follow these steps:\n\n1. Start with the initial number of cupcakes: 14.\n2. Subtract the number sold (6) from the initial amount.\n3. Add the new cupcakes made (17) to the remaining amount.\n\nLet's calculate this step by step:\n- Initial cupcakes: 14\n- After selling 6: \\( 14 - 6 = 8 \\)\n- After making 17 more: \\( 8 + 17 = 25 \\)\n\nSo, Bianca would have 25 cupcakes."",
    response=25.0
)",True
"Example({'response': 59, 'question': ' Bianca had 45 coloring books. If she gave away 6 of them, but then bought 20 more, how many would she have total? '}) (input_keys={'question'})","Prediction(
    reasoning=""To determine how many coloring books Bianca has in total, we need to start with her initial number of coloring books, which is 45. Then subtract the number she gave away (6) and add the number she bought (20).\n\nThe calculation can be represented as:\n\\[ \\text{Total} = 45 - 6 + 20 \\]\n\nLet's perform this calculation."",
    response=39.0
)",False
"Example({'response': 57, 'question': ' Zoe had 15 songs on her mp3 player. If she deleted 8 old songs from it and then added 50 new songs, how many songs does she have on her mp3 player? '}) (input_keys={'question'})","Prediction(
    reasoning=""To determine how many songs Zoe has on her mp3 player, we need to start with the initial number of songs, which is 15. Then, we subtract the 8 old songs she deleted and add the 50 new songs she added.\n\nThe calculation can be represented as:\n\\[ \\text{Total Songs} = 15 - 8 + 50 \\]\n\nLet's perform this calculation."",
    response=37.0
)",False
"Example({'response': 49, 'question': ' At the arcade Jerry won 4 tickets. If he spent 2 tickets on a beanie and later won 47 more tickets, how many would he have? '}) (input_keys={'question'})","Prediction(
    reasoning='To determine how many tickets Jerry has in total, we need to start by calculating the number of tickets he has after spending some on a beanie. Initially, he had 4 tickets. After spending 2 tickets, he would have \\(4 - 2\\) tickets left. Then, he won an additional 47 tickets. Therefore, the total number of tickets Jerry has can be calculated as \\((4 - 2) + 47\\).',
    response=39.0
)",False
"Example({'response': 60, 'question': ' A store had 31 oranges in a bin. If they threw away 9 of the old ones and put 38 new ones in the bin how many would be in the bin? '}) (input_keys={'question'})","Prediction(
    reasoning=""To solve this problem, we need to calculate the total number of oranges in the bin after adding new ones. Initially, there were 31 oranges. Then, they threw away 9 old oranges and added 38 new ones.\n\nThe calculation is as follows:\n\\[ \\text{Total Oranges} = (\\text{Initial Oranges}) - (\\text{Oranges Thrown Away}) + (\\text{New Oranges Added}) \\]\n\\[ \\text{Total Oranges} = 31 - 9 + 38 \\]\n\nLet's perform the calculation."",
    response=40.0
)",False
"Example({'response': 45, 'question': ' Adam had 33 books. If he sold 11 of them and used the money he earned to buy 23 new books, how many books would Adam have? '}) (input_keys={'question'})","Prediction(
    reasoning=""Adam initially had 33 books. After selling 11 of them, he would have \\(33 - 11 = 22\\) books left. Then, using the money from selling those books to buy 23 new books, Adam's total number of books becomes \\(22 + 23\\). Therefore, we need to calculate \\(22 + 23\\)."",
    response=25.0
)",False
"Example({'response': 10, 'question': ' At the fair there were 10 people in line for the bumper cars. If 2 of them got tired of waiting and left and 2 more got in line, how many people would be in line? '}) (input_keys={'question'})","Prediction(
    reasoning='Initially, there were 10 people in line. Two people left, reducing the number of people by 2. Then, two more joined the line, increasing the number of people by 2. The total number of people in line can be calculated as: Initial number - Number who left + Number who joined.',
    response=8.0
)",False
"Example({'response': 46, 'question': ' The school cafeteria had 38 apples. If they used 20 to make lunch for the students and then bought 28 more, how many apples would they have? '}) (input_keys={'question'})","Prediction(
    reasoning=""To determine how many apples the school cafeteria has after their transactions, we need to follow these steps:\n\n1. Start with the initial number of apples: 38.\n2. Subtract the number of apples used for lunch: 38 - 20.\n3. Add the new batch of apples bought: (38 - 20) + 28.\n\nLet's calculate this step by step using these operations."",
    response=46.0
)",True
"Example({'response': 60, 'question': "" George had 28 socks. If he threw away 4 old ones that didn't fit and bought 36 new ones, how many socks would he have? ""}) (input_keys={'question'})","Prediction(
    reasoning=""To determine how many socks George would have after throwing away 4 old ones and buying 36 new ones, we need to perform two operations on his initial number of socks: subtracting the 4 old socks from the total and then adding the 36 new socks. The final count can be calculated as follows:\n\n\\[ \\text{Total Socks} = \\text{Initial Socks} - \\text{Old Socks} + \\text{New Socks} \\]\n\nSubstituting the given values:\n\\[ \\text{Total Socks} = 28 - 4 + 36 \\]\n\nLet's calculate this."",
    response=50.0
)",False
"Example({'response': 37, 'question': ' For Halloween Robin scored 23 pieces of candy. She ate 7 pieces the first night and then her sister gave her 21 more pieces. How many pieces of candy does Robin have now? '}) (input_keys={'question'})","Prediction(
    reasoning='Robin initially had 23 pieces of candy. She ate 7 pieces, so she had 23 - 7 = 16 pieces left. Then her sister gave her 21 more pieces, which means she now has 16 + 21 = 37 pieces of candy.',
    response=37.0
)",True
"Example({'response': 32, 'question': ' Rachel was playing a video game and had 10 lives. In a hard part of the game she lost 4 lives. If she got 26 more lives in the next level, how many lives would she have? '}) (input_keys={'question'})","Prediction(
    reasoning='To find out how many lives Rachel has after losing some and gaining more, we need to perform two operations on her initial number of lives. First, subtract the lives she lost: 10 - 4 = 6. Then add the lives she gained in the next level: 6 + 26 = total lives. We will calculate this using Python float for accuracy.',
    response=32.0
)",True
"Example({'response': 13, 'question': ' A florist had 6 roses. If she sold 5 of them and then later picked 12 more, how many roses would she have? '}) (input_keys={'question'})","Prediction(
    reasoning=""To determine how many roses the florist has in total, we need to follow these steps:\n\n1. Start with 6 roses.\n2. Subtract the 5 roses she sold: \\(6 - 5\\).\n3. Add the 12 roses she picked later: \\((6 - 5) + 12\\).\n\nLet's calculate this step by step.\n\nFirst, we subtract the 5 roses from the initial 6:\n\\[ 6 - 5 = 1 \\]\n\nThen, we add the 12 roses to the remaining 1 rose:\n\\[ 1 + 12 = 13 \\]\n\nSo, the florist would have a total of 13 roses."",
    response=13.0
)",True
"Example({'response': 35, 'question': ' For Halloween Haley scored 33 pieces of candy. She ate 17 pieces the first night and then her sister gave her 19 more pieces. How many pieces of candy does Haley have now? '}) (input_keys={'question'})","Prediction(
    reasoning='Haley initially had 33 pieces of candy. She ate 17 pieces, so she had \\(33 - 17\\) pieces left. Then her sister gave her 19 more pieces, which means we need to add those to the remaining amount. The total number of candies Haley has now can be calculated as follows: \\((33 - 17) + 19\\).',
    response=45.0
)",False
"Example({'response': 50, 'question': ' The school cafeteria had 14 apples. If they used 13 to make lunch for the students and then bought 49 more, how many apples would they have? '}) (input_keys={'question'})","Prediction(
    reasoning='To determine how many apples the school cafeteria has after their transactions, we need to follow these steps:\n\n1. Start with the initial number of apples: 14.\n2. Subtract the number of apples used (13) from the initial count: \\(14 - 13 = 1\\).\n3. Add the new apples bought (49) to the remaining count: \\(1 + 49 = 50\\).\n\nThe final number of apples is 50.',
    response=50.0
)",True
"Example({'response': 38, 'question': ' Edward had 43 books. If he sold 19 of them and used the money he earned to buy 14 new books, how many books would Edward have? '}) (input_keys={'question'})","Prediction(
    reasoning=""To determine how many books Edward has after selling some of his old books and buying new ones, we need to follow these steps:\n\n1. Subtract the number of books sold from the initial number of books.\n2. Add the number of new books bought to the result obtained in step 1.\n\nLet's calculate this using the given numbers: \n- Initial number of books = 43\n- Number of books sold = 19\n- Number of new books bought = 14\n\nWe can now perform these calculations."",
    response=28.0
)",False
"Example({'response': 33, 'question': ' A teacher had 29 worksheets to grade. If she graded 25, but then another 29 were turned in, how many worksheets would she have to grade? '}) (input_keys={'question'})","Prediction(
    reasoning='The teacher initially had 29 worksheets to grade. After grading 25, she would have 4 left. Then, another batch of 29 worksheets was turned in. Therefore, we need to add these two quantities together: 4 (remaining after grading) + 29 (newly turned in).',
    response=4.0
)",False
"Example({'response': 35, 'question': ' In fourth grade there were 35 students at the start of the year. During the year 10 students left and 10 new students came to school. How many students were in fourth grade at the end? '}) (input_keys={'question'})","Prediction(
    reasoning='At the start of the year, there were 35 students. During the year, 10 students left, so we subtract those from the initial number: \\(35 - 10 = 25\\) students remained. Then, 10 new students joined, which means we add these to the remaining student count: \\(25 + 10 = 35\\).',
    response=35.0
)",True
"Example({'response': 40, 'question': ' For the school bake sale Carol made 19 cupcakes. If she sold 6 of them and then made 27 more, how many cupcakes would she have? '}) (input_keys={'question'})","Prediction(
    reasoning=""To determine how many cupcakes Carol has after selling some and making more, we need to follow these steps:\n\n1. Start with the initial number of cupcakes: 19.\n2. Subtract the number sold (6) from the initial amount.\n3. Add the new cupcakes made (27) to the remaining amount.\n\nLet's calculate this step by step:\n- Initial cupcakes: 19\n- After selling 6: \\( 19 - 6 = 13 \\)\n- After making 27 more: \\( 13 + 27 = 40 \\)\n\nSo, Carol has a total of 40 cupcakes."",
    response=40.0
)",True
"Example({'response': 10, 'question': ' A store had 40 oranges in a bin. If they threw away 37 of the old ones and put 7 new ones in the bin how many would be in the bin? '}) (input_keys={'question'})","Prediction(
    reasoning=""To solve this problem, we start by subtracting the number of oranges thrown away from the initial count. Then, add the new oranges to the remaining ones.\n\n1. Initial number of oranges: 40\n2. Oranges thrown away: 37\n3. New oranges added: 7\n\nThe calculation is as follows:\n\\[ \\text{Total oranges} = (\\text{Initial oranges} - \\text{Oranges thrown away}) + \\text{New oranges} \\]\n\nLet's perform the calculation."",
    response=0.0
)",False
"Example({'response': 58, 'question': ' At the arcade Victor won 46 tickets. If he spent 27 tickets on a beanie and later won 39 more tickets, how many would he have? '}) (input_keys={'question'})","Prediction(
    reasoning=""To determine how many tickets Victor would have, we need to start with his initial number of tickets, subtract the tickets he spent on a beanie, and then add the additional tickets he won later.\n\nThe calculation is as follows:\n1. Initial tickets: 46\n2. Tickets spent: -27\n3. Additional tickets won: +39\n\nWe can calculate this using the formula: \\( \\text{Total Tickets} = \\text{Initial Tickets} - \\text{Tickets Spent} + \\text{Additional Tickets Won} \\).\n\nLet's perform the calculation."",
    response=48.0
)",False
"Example({'response': 45, 'question': ' Chloe picked 48 carrots from her garden. If she threw out 45 of them and then picked 42 more the next day, how many carrots would she have total? '}) (input_keys={'question'})","Prediction(
    reasoning=""To determine how many carrots Chloe has in total after throwing some out and picking more, we need to follow these steps:\n\n1. Start with the initial number of carrots she picked: 48.\n2. Subtract the number of carrots she threw out: 45.\n3. Add the number of carrots she picked the next day: 42.\n\nLet's calculate this step by step:\n- After throwing out 45 carrots from the initial 48, Chloe has \\(48 - 45 = 3\\) carrots left.\n- Adding the 42 carrots she picked the next day gives her a total of \\(3 + 42 = 45\\).\n\nSo, we need to calculate and provide the final number of carrots."",
    response=45.0
)",True
"Example({'response': 43, 'question': "" Sam had 10 socks. If he threw away 3 old ones that didn't fit and bought 36 new ones, how many socks would he have? ""}) (input_keys={'question'})","Prediction(
    reasoning='Sam initially had 10 socks. He threw away 3 old ones, which left him with \\(10 - 3 = 7\\) socks. Then he bought 36 new ones, bringing his total to \\(7 + 36 = 43\\) socks.',
    response=43.0
)",True
"Example({'response': 51, 'question': ' Maria had 14 bottles of water in her fridge. If she drank 8 of them and then bought 45 more, how many bottles would she have? '}) (input_keys={'question'})","Prediction(
    reasoning=""To determine how many bottles of water Maria has in her fridge, we need to start with the initial number of bottles she had, which is 14. Then subtract the number of bottles she drank (8) and add the number of bottles she bought (45).\n\nThe calculation can be represented as: \n\\[ \\text{Total Bottles} = (\\text{Initial Bottles}) - (\\text{Bottles Drank}) + (\\text{Bottles Bought}) \\]\n\nSubstituting the given values:\n\\[ \\text{Total Bottles} = 14 - 8 + 45 \\]\n\nLet's calculate this."",
    response=31.0
)",False
"Example({'response': 63, 'question': ' A teacher had 34 worksheets to grade. If she graded 7, but then another 36 were turned in, how many worksheets would she have to grade? '}) (input_keys={'question'})","Prediction(
    reasoning='To determine how many worksheets the teacher would have to grade, we need to add the number of worksheets she has already graded to the total number of new worksheets that were turned in. The initial count is 34 worksheets. After grading 7 worksheets and receiving an additional 36 worksheets, the total number of worksheets needs to be calculated.',
    response=27.0
)",False
"Example({'response': 11, 'question': ' At the fair there were 7 people in line for the bumper cars. If 4 of them got tired of waiting and left and 8 more got in line, how many people would be in line? '}) (input_keys={'question'})","Prediction(
    reasoning='To determine the number of people in line after some left and more joined, we need to perform two operations: subtracting the 4 people who left from the initial count of 7, and then adding the 8 new people who joined. The final step is to calculate the total number of people in line.',
    response=3.0
)",False
"Example({'response': 19, 'question': ' Emily had 7 coloring books. If she gave away 2 of them, but then bought 14 more, how many would she have total? '}) (input_keys={'question'})","Prediction(
    reasoning='Emily starts with 7 coloring books. She gives away 2, so she has \\(7 - 2 = 5\\) books left. Then she buys 14 more, resulting in a total of \\(5 + 14 = 19\\) coloring books.',
    response=19.0
)",True
"Example({'response': 18, 'question': ' At the arcade Dave won 25 tickets. If he spent 22 tickets on a beanie and later won 15 more tickets, how many would he have? '}) (input_keys={'question'})","Prediction(
    reasoning='Dave initially had 25 tickets. He spent 22 of them on a beanie, so he would have \\(25 - 22\\) tickets left. Then, he won an additional 15 tickets. Therefore, the total number of tickets Dave has now can be calculated as \\((25 - 22) + 15\\).',
    response=4.0
)",False
"Example({'response': 32, 'question': ' Robin had 30 songs on her mp3 player. If she deleted 8 old songs from it and then added 10 new songs, how many songs does she have on her mp3 player? '}) (input_keys={'question'})","Prediction(
    reasoning='To determine the number of songs Robin has on her mp3 player, we need to start with the initial count of 30 songs. She deleted 8 old songs, so we subtract those from the initial total: \\(30 - 8\\). Then she added 10 new songs, which means we add 10 to the result of the previous calculation.',
    response=22.0
)",False
"Example({'response': 9, 'question': ' The school cafeteria had 23 apples. If they used 20 to make lunch for the students and then bought 6 more, how many apples would they have? '}) (input_keys={'question'})","Prediction(
    reasoning=""To determine how many apples are left in the school cafeteria, we need to follow these steps:\n\n1. Start with the initial number of apples: 23.\n2. Subtract the number of apples used (20) from the initial count.\n3. Add the new apples bought (6) to the remaining count.\n\nLet's calculate this step by step using these operations."",
    response=4.0
)",False
"Example({'response': 54, 'question': ' Janet was playing a video game and had 38 lives. In a hard part of the game she lost 16 lives. If she got 32 more lives in the next level, how many lives would she have? '}) (input_keys={'question'})","Prediction(
    reasoning=""To determine how many lives Janet would have after losing some and gaining more, we need to perform three calculations: subtract the 16 lives she lost from her initial 38 lives, then add the 32 lives she gained in the next level.\n\nThe formula is:\n\\[ \\text{Total Lives} = (\\text{Initial Lives} - \\text{Lives Lost}) + \\text{Lives Gained} \\]\n\nSubstituting the given values:\n\\[ \\text{Total Lives} = (38 - 16) + 32 \\]\n\nLet's calculate this."",
    response=44.0
)",False
"Example({'response': 61, 'question': ' Megan picked 19 carrots from her garden. If she threw out 4 of them and then picked 46 more the next day, how many carrots would she have total? '}) (input_keys={'question'})","Prediction(
    reasoning=""To determine the total number of carrots Megan has, we need to follow these steps:\n\n1. Start with the initial number of carrots picked: 19.\n2. Subtract the number of carrots thrown out: 4.\n3. Add the new batch of carrots picked the next day: 46.\n\nThe final step is to sum up all these values to get the total number of carrots Megan has.\n\nLet's calculate this:\n\n\\[ \\text{Total Carrots} = (19 - 4) + 46 \\]"",
    response=21.0
)",False
"Example({'response': 71, 'question': ' Roger had 45 dollars in January. By March he had spent 20 dollars. If he got another 46 dollars from his mom, how much money would he have? '}) (input_keys={'question'})","Prediction(
    reasoning='Roger starts with $45 in January. By March, he has spent $20, so we subtract that from his initial amount: $45 - $20 = $25. Then, Roger receives an additional $46 from his mom. We add this to the remaining amount: $25 + $46 = $71.',
    response=71.0
)",True
"Example({'response': 38, 'question': ' The school cafeteria had 17 apples. If they used 2 to make lunch for the students and then bought 23 more, how many apples would they have? '}) (input_keys={'question'})","Prediction(
    reasoning='To solve this problem, we need to follow these steps:\n1. Start with the initial number of apples: 17.\n2. Subtract the apples used for lunch: 17 - 2 = 15.\n3. Add the new apples bought: 15 + 23 = 38.',
    response=38.0
)",True
"Example({'response': 70, 'question': ' Janet was playing a video game and had 47 lives. In a hard part of the game she lost 23 lives. If she got 46 more lives in the next level, how many lives would she have? '}) (input_keys={'question'})","Prediction(
    reasoning='To determine how many lives Janet would have after losing some and gaining more, we need to perform three steps of arithmetic operations on her initial number of lives. First, subtract the 23 lives she lost from her original 47 lives. Then add the 46 new lives she gained in the next level.',
    response=18.0
)",False
"Example({'response': 31, 'question': ' Nancy picked 12 carrots from her garden. If she threw out 2 of them and then picked 21 more the next day, how many carrots would she have total? '}) (input_keys={'question'})","Prediction(
    reasoning='To determine the total number of carrots Nancy has, we need to follow these steps:\n1. Start with the initial 12 carrots.\n2. Subtract the 2 carrots she threw out.\n3. Add the 21 new carrots picked the next day.\n\nThe calculation is: \\(12 - 2 + 21\\).',
    response=6.0
)",False
"Example({'response': 64, 'question': ' Bianca had 34 songs on her mp3 player. If she deleted 14 old songs from it and then added 44 new songs, how many songs does she have on her mp3 player? '}) (input_keys={'question'})","Prediction(
    reasoning='To determine how many songs Bianca has on her mp3 player after deleting some old songs and adding new ones, we need to perform two operations: subtracting the number of deleted songs from the initial total, and then adding the number of new songs added. The final count will be the result.',
    response=44.0
)",False
"Example({'response': 39, 'question': ' Tom had 5 books. If he sold 4 of them and used the money he earned to buy 38 new books, how many books would Tom have? '}) (input_keys={'question'})","Prediction(
    reasoning=""To determine how many books Tom would have after selling 4 of his original books and buying 38 new ones, we need to follow these steps:\n\n1. Subtract the number of books sold from the initial number of books.\n2. Add the number of new books bought to the remaining books.\n\nLet's calculate this step by step:\n- Initial number of books: 5\n- Books sold: 4\n- New books bought: 38\n\nFirst, we subtract the books sold from the initial number of books:\n\\[ \\text{Remaining books} = 5 - 4 \\]\n\nThen, we add the new books to the remaining books:\n\\[ \\text{Total books} = \\text{Remaining books} + 38 \\]\n\nLet's perform these calculations."",
    response=0.0
)",False
"Example({'response': 27, 'question': "" John had 33 socks. If he threw away 19 old ones that didn't fit and bought 13 new ones, how many socks would he have? ""}) (input_keys={'question'})","Prediction(
    reasoning=""To determine how many socks John has after throwing away some old ones and buying new ones, we need to perform two operations on his initial number of socks: subtracting the number of old socks he threw away and adding the number of new socks he bought. The formula is:\n\n\\[ \\text{Total Socks} = \\text{Initial Socks} - \\text{Old Socks Thrown Away} + \\text{New Socks Bought} \\]\n\nPlugging in the numbers given in the problem, we get:\n\n\\[ \\text{Total Socks} = 33 - 19 + 13 \\]\n\nLet's calculate this."",
    response=47.0
)",False
"Example({'response': 24, 'question': ' For the school bake sale Maria made 19 cupcakes. If she sold 5 of them and then made 10 more, how many cupcakes would she have? '}) (input_keys={'question'})","Prediction(
    reasoning='Maria initially had 19 cupcakes. After selling 5 of them, she would have 14 cupcakes left. Then, she made an additional 10 cupcakes. Therefore, to find out how many cupcakes she has in total now, we need to add the remaining cupcakes after the sale to the new cupcakes she made.',
    response=14.0
)",False
"Example({'response': 34, 'question': ' A store had 50 oranges in a bin. If they threw away 40 of the old ones and put 24 new ones in the bin how many would be in the bin? '}) (input_keys={'question'})","Prediction(
    reasoning='To solve this problem, we need to calculate the total number of oranges in the bin after removing 40 old ones and adding 24 new ones. The initial count is 50 oranges.\n\nFirst, subtract the 40 old oranges from the initial count:\n\\[ \\text{Remaining oranges} = 50 - 40 \\]\n\nThen add the 24 new oranges to this remaining count:\n\\[ \\text{Total oranges in bin} = (\\text{Remaining oranges}) + 24 \\]\n\nWe can now calculate the total number of oranges.',
    response=34.0
)",True
"Example({'response': 11, 'question': ' In fourth grade there were 8 students at the start of the year. During the year 5 students left and 8 new students came to school. How many students were in fourth grade at the end? '}) (input_keys={'question'})","Prediction(
    reasoning='To determine how many students were in fourth grade at the end, we need to start with the initial number of students, subtract the number who left, and add the new students. The calculation is as follows: 8 (initial students) - 5 (students who left) + 8 (new students).',
    response=4.0
)",False
"Example({'response': 60, 'question': ' Bianca picked 23 carrots from her garden. If she threw out 10 of them and then picked 47 more the next day, how many carrots would she have total? '}) (input_keys={'question'})","Prediction(
    reasoning='To determine the total number of carrots Bianca has, we need to follow these steps:\n\n1. Start with the initial number of carrots picked: 23.\n2. Subtract the number of carrots thrown out: 10.\n3. Add the new batch of carrots picked the next day: 47.\n\nThe final step is to sum up all these values to get the total number of carrots Bianca has.',
    response=60.0
)",True
"Example({'response': 47, 'question': ' Zoe had 42 bottles of water in her fridge. If she drank 25 of them and then bought 30 more, how many bottles would she have? '}) (input_keys={'question'})","Prediction(
    reasoning='To determine how many bottles of water Zoe would have after drinking 25 of them and then buying 30 more, we need to perform two operations on the initial number of bottles. First, subtract the 25 bottles she drank from the initial 42 bottles. Then add the 30 bottles she bought.',
    response=17.0
)",False
"Example({'response': 28, 'question': ' Katie had 11 songs on her mp3 player. If she deleted 7 old songs from it and then added 24 new songs, how many songs does she have on her mp3 player? '}) (input_keys={'question'})","Prediction(
    reasoning='Katie initially had 11 songs. She deleted 7 old songs, so she had 11 - 7 songs remaining. Then she added 24 new songs to her mp3 player. The total number of songs on her mp3 player can be calculated as follows: (initial songs - deleted songs) + (new songs added).',
    response=6.0
)",False
"Example({'response': 31, 'question': ' A store had 5 oranges in a bin. If they threw away 2 of the old ones and put 28 new ones in the bin how many would be in the bin? '}) (input_keys={'question'})","Prediction(
    reasoning='The store initially had 5 oranges. They threw away 2, so there were 3 left. Then they added 28 new ones to the bin. So we need to add these numbers together: 3 + 28 = 31.',
    response=31.0
)",True
"Example({'response': 67, 'question': ' Adam had 48 books. If he sold 19 of them and used the money he earned to buy 38 new books, how many books would Adam have? '}) (input_keys={'question'})","Prediction(
    reasoning='Adam initially had 48 books. After selling 19 of them, he would have \\(48 - 19\\) books left. Then, using the money from the sold books to buy 38 new books, his total number of books will be \\((48 - 19) + 38\\).',
    response=27.0
)",False
"Example({'response': 37, 'question': ' In fourth grade there were 31 students at the start of the year. During the year 5 students left and 11 new students came to school. How many students were in fourth grade at the end? '}) (input_keys={'question'})","Prediction(
    reasoning='To determine how many students were in fourth grade at the end of the year, we need to start with the initial number of students, adjust for those who left, and add those who joined. The calculation is as follows: 31 (initial students) - 5 (students who left) + 11 (new students).',
    response=47.0
)",False
"Example({'response': 59, 'question': ' For the school bake sale Robin made 42 cupcakes. If she sold 22 of them and then made 39 more, how many cupcakes would she have? '}) (input_keys={'question'})","Prediction(
    reasoning=""To determine how many cupcakes Robin has after selling some and making more, we need to follow these steps:\n1. Start with the initial number of cupcakes: 42.\n2. Subtract the number sold (22) from the initial amount.\n3. Add the new batch of cupcakes made (39) to the remaining amount.\n\nLet's calculate this step by step:\n\n- Initial cupcakes: 42\n- Cupcakes after selling: \\( 42 - 22 \\)\n- Final count: \\( (42 - 22) + 39 \\)"",
    response=61.0
)",False
"Example({'response': 41, 'question': ' A florist had 11 roses. If she sold 2 of them and then later picked 32 more, how many roses would she have? '}) (input_keys={'question'})","Prediction(
    reasoning='To determine how many roses the florist has in total, we need to start with her initial number of roses, subtract the ones she sold, and then add the new roses she picked. The calculation is as follows: 11 (initial roses) - 2 (sold roses) + 32 (picked roses).',
    response=6.0
)",False
"Example({'response': 22, 'question': ' Frank had 11 dollars. At the store he spent $3 on a new game. If he got another 14 dollars for his allowance, how much money does he have now? '}) (input_keys={'question'})","Prediction(
    reasoning=""To determine how much money Frank has now, we need to follow these steps:\n\n1. Start with his initial amount of $11.\n2. Subtract the cost of the new game ($3).\n3. Add his allowance ($14).\n\nLet's calculate this step by step.\n\nFirst, subtract the cost of the game from his initial amount:\n$11 - $3 = $8\n\nThen add his allowance to the remaining amount:\n$8 + $14 = $22\n\nSo Frank now has $22."",
    response=22.0
)",True
"Example({'response': 46, 'question': ' Haley was playing a video game and had 14 lives. In a hard part of the game she lost 4 lives. If she got 36 more lives in the next level, how many lives would she have? '}) (input_keys={'question'})","Prediction(
    reasoning='Haley initially had 14 lives. She lost 4 lives, so she would have:\n\\[ 14 - 4 = 10 \\] lives left.\nThen she gained 36 more lives, resulting in:\n\\[ 10 + 36 = 46 \\] lives.\nWe need to return the number of lives Haley has now as a float.',
    response=46.0
)",True
"Example({'response': 58, 'question': ' Luke had 48 dollars in January. By March he had spent 11 dollars. If he got another 21 dollars from his mom, how much money would he have? '}) (input_keys={'question'})","Prediction(
    reasoning=""To determine how much money Luke has by March, we need to start with his initial amount in January, subtract the amount he spent, and then add the additional amount received from his mom.\n\n1. Initial amount in January: 48 dollars.\n2. Amount spent by March: 11 dollars.\n3. Additional amount received from his mom: 21 dollars.\n\nWe can calculate the final amount as follows:\n\\[ \\text{Final Amount} = (\\text{Initial Amount}) - (\\text{Amount Spent}) + (\\text{Additional Amount}) \\]\n\nLet's plug in the numbers and compute it:\n\n\\[ \\text{Final Amount} = (48) - (11) + (21) \\]\n\nWe'll use this formula to calculate the final amount using Python."",
    response=58.0
)",True
"Example({'response': 41, 'question': ' Emily was playing a video game and had 42 lives. In a hard part of the game she lost 25 lives. If she got 24 more lives in the next level, how many lives would she have? '}) (input_keys={'question'})","Prediction(
    reasoning='Emily initially had 42 lives. She lost 25 lives, so we subtract 25 from 42 to find out how many lives she has left after losing them. Then, she gains 24 more lives. We need to calculate the total number of lives Emily has now.',
    response=31.0
)",False
"Example({'response': 58, 'question': ' Debby had 30 coloring books. If she gave away 7 of them, but then bought 35 more, how many would she have total? '}) (input_keys={'question'})","Prediction(
    reasoning='To determine how many coloring books Debby has in total, we need to start with her initial number of coloring books, which is 30. Then subtract the number she gave away (7) and add the number she bought (35).',
    response=28.0
)",False
"Example({'response': 23, 'question': ' The school cafeteria had 12 apples. If they used 8 to make lunch for the students and then bought 19 more, how many apples would they have? '}) (input_keys={'question'})","Prediction(
    reasoning=""To determine how many apples the school cafeteria would have after using some and buying more, we need to follow these steps:\n\n1. Start with the initial number of apples: 12.\n2. Subtract the number of apples used (8) from the initial amount.\n3. Add the new apples bought (19) to the remaining amount.\n\nLet's calculate this step by step:\n- Initial apples: 12\n- Apples after using some: \\( 12 - 8 = 4 \\)\n- Final number of apples: \\( 4 + 19 = 23 \\)"",
    response=23.0
)",True
"Example({'response': 31, 'question': ' At the fair there were 31 people in line for the bumper cars. If 25 of them got tired of waiting and left and 25 more got in line, how many people would be in line? '}) (input_keys={'question'})","Prediction(
    reasoning='To solve this problem, we need to start by subtracting the number of people who left from the initial number in line. Then add the new people who joined the queue.\n\n1. Initial number of people: 31\n2. People who left: 25\n3. New people joining: 25\n\nThe remaining number of people after some leave is \\(31 - 25\\). After that, we add the 25 new people to this result.\n   \n4. Remaining people after some leave: \\(31 - 25 = 6\\)\n5. Total people in line now: \\(6 + 25 = 31\\)',
    response=31.0
)",True
"Example({'response': 56, 'question': ' A florist had 50 roses. If she sold 15 of them and then later picked 21 more, how many roses would she have? '}) (input_keys={'question'})","Prediction(
    reasoning=""To determine how many roses the florist has in total, we need to start with her initial number of roses, which is 50. She sold 15 roses, so we subtract that from her initial count: \\(50 - 15\\). After selling, she picked up 21 more roses, so we add those to the remaining count: \\((50 - 15) + 21\\).\n\nLet's calculate this step by step."",
    response=46.0
)",False
"Example({'response': 23, 'question': ' Zoe had 6 songs on her mp3 player. If she deleted 3 old songs from it and then added 20 new songs, how many songs does she have on her mp3 player? '}) (input_keys={'question'})","Prediction(
    reasoning=""To determine the total number of songs on Zoe's mp3 player, we need to follow these steps:\n\n1. Start with the initial number of songs: 6.\n2. Subtract the number of old songs deleted (3).\n3. Add the new songs added (20).\n\nLet's calculate this step by step."",
    response=4.0
)",False
"Example({'response': 16, 'question': ' At the arcade Dave won 11 tickets. If he spent 5 tickets on a beanie and later won 10 more tickets, how many would he have? '}) (input_keys={'question'})","Prediction(
    reasoning=""To determine how many tickets Dave has in total, we need to start with his initial number of tickets, subtract the tickets he spent on a beanie, and then add the additional tickets he won later.\n\n1. Initial tickets: 11\n2. Tickets spent on a beanie: -5\n3. Additional tickets won: +10\n\nWe can calculate this as follows:\n\\[ \\text{Total Tickets} = 11 - 5 + 10 \\]\n\nLet's compute the total number of tickets Dave has."",
    response=8.0
)",False
"Example({'response': 28, 'question': ' A waiter had 33 customers to wait on. If 31 customers left and he got another 26 customers, how many customers would he have? '}) (input_keys={'question'})","Prediction(
    reasoning='To determine how many customers the waiter would have after some left and new ones arrived, we need to perform two operations: subtracting the number of customers who left from the initial total, and then adding the number of new customers. The final result will be the current number of customers.\n\n1. Start with 33 customers.\n2. Subtract 31 customers who left: \\( 33 - 31 = 2 \\).\n3. Add 26 new customers: \\( 2 + 26 = 28 \\).\n\nThe final number of customers is 28.',
    response=28.0
)",True
"Example({'response': 47, 'question': ' In fourth grade there were 11 students at the start of the year. During the year 6 students left and 42 new students came to school. How many students were in fourth grade at the end? '}) (input_keys={'question'})","Prediction(
    reasoning='To determine how many students were in fourth grade at the end, we need to start with the initial number of students, subtract the number who left, and add the new students. The calculation is as follows: 11 (initial students) - 6 (students who left) + 42 (new students).',
    response=57.0
)",False
"Example({'response': 33, 'question': "" Oliver had 11 socks. If he threw away 4 old ones that didn't fit and bought 26 new ones, how many socks would he have? ""}) (input_keys={'question'})","Prediction(
    reasoning=""To determine how many socks Oliver would have after throwing away 4 old ones and buying 26 new ones, we need to perform two operations: subtracting the number of old socks from his initial amount and then adding the number of new socks. The final count can be calculated as follows:\n\n1. Initial number of socks = 11\n2. Number of old socks thrown away = 4\n3. Number of new socks bought = 26\n\nThe formula to calculate the total number of socks is:\n\\[ \\text{Total Socks} = \\text{Initial Socks} - \\text{Old Socks} + \\text{New Socks} \\]\n\nSubstituting the values:\n\\[ \\text{Total Socks} = 11 - 4 + 26 \\]\n\nLet's calculate this."",
    response=33.0
)",True
"Example({'response': 36, 'question': ' A store had 40 oranges in a bin. If they threw away 25 of the old ones and put 21 new ones in the bin how many would be in the bin? '}) (input_keys={'question'})","Prediction(
    reasoning='The store started with 40 oranges. They threw away 25, so there were 40 - 25 = 15 oranges left. Then they added 21 new ones to the bin. Therefore, the total number of oranges in the bin is 15 + 21.',
    response=18.0
)",False
"Example({'response': 9, 'question': ' At the arcade Edward won 9 tickets. If he spent 4 tickets on a beanie and later won 4 more tickets, how many would he have? '}) (input_keys={'question'})","Prediction(
    reasoning=""To determine how many tickets Edward has at the end, we need to follow these steps:\n1. Start with the initial number of tickets: 9.\n2. Subtract the tickets spent on a beanie: 4.\n3. Add the additional tickets won later: 4.\n\nThe final number of tickets can be calculated as follows:\n\n\\[ \\text{Final Tickets} = 9 - 4 + 4 \\]\n\nLet's calculate this using Python code to ensure accuracy."",
    response=6.0
)",False
"Example({'response': 43, 'question': ' In fourth grade there were 4 students at the start of the year. During the year 3 students left and 42 new students came to school. How many students were in fourth grade at the end? '}) (input_keys={'question'})","Prediction(
    reasoning='To determine how many students were in fourth grade at the end, we need to start with the initial number of students, adjust for those who left, and add those who joined. The calculation is as follows: 4 (initial students) - 3 (students who left) + 42 (new students).',
    response=6.0
)",False
"Example({'response': 26, 'question': ' Haley picked 28 carrots from her garden. If she threw out 11 of them and then picked 9 more the next day, how many carrots would she have total? '}) (input_keys={'question'})","Prediction(
    reasoning='Haley initially picked 28 carrots. She threw out 11 of them, so she had 28 - 11 = 17 carrots left. The next day, she picked an additional 9 carrots. Therefore, the total number of carrots Haley has is 17 + 9.',
    response=16.0
)",False
"Example({'response': 34, 'question': ' Roger had 25 books. If he sold 21 of them and used the money he earned to buy 30 new books, how many books would Roger have? '}) (input_keys={'question'})","Prediction(
    reasoning='Roger initially had 25 books. After selling 21 of them, he would have 25 - 21 = 4 books left. The money from selling the books was used to buy 30 new books, so Roger now has his original 4 books plus the 30 new ones, totaling 4 + 30 books.',
    response=34.0
)",True
"Example({'response': 36, 'question': ' A florist had 5 roses. If she sold 3 of them and then later picked 34 more, how many roses would she have? '}) (input_keys={'question'})","Prediction(
    reasoning='To solve this problem, we start by subtracting the 3 roses sold from the initial 5 roses. Then, add the 34 new roses picked to the remaining roses.\n\n1. Initial number of roses: 5\n2. Roses after selling 3: \\( 5 - 3 = 2 \\)\n3. Total roses after picking 34 more: \\( 2 + 34 = 36 \\)\n\nThe final number of roses is 36.',
    response=36.0
)",True
"Example({'response': 41, 'question': ' Wendy was playing a video game and had 10 lives. In a hard part of the game she lost 6 lives. If she got 37 more lives in the next level, how many lives would she have? '}) (input_keys={'question'})","Prediction(
    reasoning=""Wendy initially had 10 lives. She lost 6 lives, so she would have \\(10 - 6\\) lives left. Then, she gained 37 more lives. Therefore, we need to calculate the total number of lives Wendy has after these changes.\n\nThe calculation is as follows:\n\\[ \\text{Total Lives} = (10 - 6) + 37 \\]\n\nLet's compute this."",
    response=41.0
)",True
"Example({'response': 29, 'question': ' John had 5 dollars. At the store he spent $2 on a new game. If he got another 26 dollars for his allowance, how much money does he have now? '}) (input_keys={'question'})","Prediction(
    reasoning=""To determine how much money John has now, we need to follow these steps:\n1. Start with the initial amount of $5.\n2. Subtract the cost of the new game ($2).\n3. Add his allowance ($26).\n\nLet's calculate this step by step.\n\nInitial amount: $5\nCost of the new game: -$2\nAllowance received: +$26"",
    response=19.0
)",False
"Example({'response': 11, 'question': ' For the school bake sale Chloe made 28 cupcakes. If she sold 25 of them and then made 8 more, how many cupcakes would she have? '}) (input_keys={'question'})","Prediction(
    reasoning='First, we need to calculate the total number of cupcakes Chloe has after selling some and making more. She initially had 28 cupcakes. After selling 25, she would have 3 cupcakes left (28 - 25 = 3). Then, if she makes 8 more cupcakes, her total becomes 11 (3 + 8 = 11). The response should be the final number of cupcakes.',
    response=11.0
)",True
"Example({'response': 50, 'question': ' At the town carnival Billy rode the ferris wheel 7 times and the bumper cars 3 times. If each ride cost 5 tickets, how many tickets did he use? '}) (input_keys={'question'})","Prediction(
    reasoning='To determine the total number of tickets Billy used, we need to calculate the tickets spent on the ferris wheel rides and the bumper cars rides separately. He rode the ferris wheel 7 times at a cost of 5 tickets per ride, so he used \\(7 \\times 5\\) tickets for the ferris wheel. For the bumper cars, he rode them 3 times at a cost of 5 tickets per ride, resulting in \\(3 \\times 5\\) tickets spent on the bumper cars. The total number of tickets is the sum of these two amounts.',
    response=20.0
)",False
"Example({'response': 32, 'question': ' Chloe was unboxing some of her old winter clothes. She found 4 boxes of clothing and inside each box there were 2 scarves and 6 mittens. How many pieces of winter clothing did Chloe have total? '}) (input_keys={'question'})","Prediction(
    reasoning='To determine the total number of pieces of winter clothing Chloe had, we need to calculate the total number of scarves and mittens. We know that each box contains 2 scarves and 6 mittens, so in one box there are \\(2 + 6 = 8\\) pieces of clothing. Since Chloe found 4 boxes, the total number of pieces of winter clothing is \\(4 \\times 8\\).',
    response=4.0
)",False
"Example({'response': 90, 'question': ' A waiter had 9 tables he was waiting on, with 7 women and 3 men at each table. How many customers total did the waiter have? '}) (input_keys={'question'})","Prediction(
    reasoning='To determine the total number of customers the waiter had, we need to calculate the sum of women and men at all tables. There are 9 tables, each with 7 women and 3 men.\n\nThe total number of customers can be calculated as follows:\n- Total number of women = Number of tables * Women per table\n- Total number of men = Number of tables * Men per table\n\nTotal number of customers = Total number of women + Total number of men',
    response=42.0
)",False
"Example({'response': 12, 'question': "" April's discount flowers was having a sale where each flower was 3 dollars. If Emily bought 2 roses and 2 daisies, how much did she spend? ""}) (input_keys={'question'})","Prediction(
    reasoning=""To determine how much Emily spent on roses and daisies, we need to calculate the total cost based on the given prices. Each flower costs $3. Emily bought 2 roses and 2 daisies.\n\nThe formula is:\n\\[ \\text{Total Cost} = (\\text{Number of Roses} + \\text{Number of Daisies}) \\times \\text{Price per Flower} \\]\n\nSubstituting the given values into the formula:\n\\[ \\text{Total Cost} = (2 + 2) \\times 3 \\]\n\nLet's calculate this."",
    response=6.0
)",False
"Example({'response': 30, 'question': ' Isabel had 2 pages of math homework and 4 pages of reading homework. If each page had 5 problems on it, how many problems did she have to complete total? '}) (input_keys={'question'})","Prediction(
    reasoning=""To determine the total number of problems Isabel had to complete, we need to calculate the sum of all pages of math homework and reading homework. Each page contains 5 problems.\n\nIsabel has a total of \\(2\\) pages of math homework and \\(4\\) pages of reading homework. Therefore, the total number of pages is:\n\\[ 2 + 4 \\]\n\nSince each page has \\(5\\) problems, we multiply the total number of pages by \\(5\\).\n\nLet's calculate this."",
    response=15.0
)",False
"Example({'response': 35, 'question': ' Wendy was playing a video game where she scores 5 points for each treasure she finds. If she found 4 treasures on the first level and 3 on the second, what would her score be? '}) (input_keys={'question'})","Prediction(
    reasoning=""To calculate Wendy's score, we need to multiply the number of treasures she found on each level by the points per treasure, and then sum these products.\n\nOn the first level, she found 4 treasures. Since each treasure is worth 5 points, her score for the first level would be \\(4 \\times 5\\).\n\nOn the second level, she found 3 treasures. So, her score for the second level would be \\(3 \\times 5\\).\n\nThe total score will be the sum of these two products.\n\nLet's calculate this."",
    response=17.0
)",False
"Example({'response': 63, 'question': ' There were 7 friends playing a video game online when 2 more players joined the game. If each player had 7 lives, how many lives did they have total? '}) (input_keys={'question'})","Prediction(
    reasoning='To determine the total number of lives they had, we first need to find out how many players were playing in total. Initially, there were 7 friends, and then 2 more joined them. So, the total number of players is \\(7 + 2\\). Each player has 7 lives. Therefore, the total number of lives can be calculated by multiplying the total number of players by the number of lives each player had.',
    response=49.0
)",False
"Example({'response': 90, 'question': ' Paul bought 6 boxes of chocolate candy and 4 boxes of caramel candy. If each box has 9 pieces inside it, how much candy did he have total? '}) (input_keys={'question'})","Prediction(
    reasoning='To determine the total amount of candy Paul had, we need to calculate the number of chocolate candies and caramel candies separately. Given that each box contains 9 pieces of candy:\n\n- The total number of chocolate candies is \\(6 \\text{ boxes} \\times 9 \\text{ pieces per box}\\).\n- The total number of caramel candies is \\(4 \\text{ boxes} \\times 9 \\text{ pieces per box}\\).\n\nThe total amount of candy can be found by summing these two quantities.',
    response=135.0
)",False
"Example({'response': 48, 'question': ' A pet store has 6 bird cages. If each cage has 6 parrots and 2 parakeets in it, how many birds does the pet store have total? '}) (input_keys={'question'})","Prediction(
    reasoning=""To determine the total number of birds in the pet store, we need to calculate the number of parrots and parakeets separately and then sum them up. Given that there are 6 bird cages, each containing 6 parrots and 2 parakeets, we can use this information to find the total.\n\nThe total number of parrots is \\(6 \\text{ cages} \\times 6 \\text{ parrots per cage}\\), and the total number of parakeets is \\(6 \\text{ cages} \\times 2 \\text{ parakeets per cage}\\). Adding these together will give us the total number of birds.\n\nLet's calculate this:\n\n\\[ \\text{Total Parrots} = 6 \\times 6 \\]\n\\[ \\text{Total Parakeets} = 6 \\times 2 \\]\n\nThe total number of birds is then:\n\\[ \\text{Total Birds} = \\text{Total Parrots} + \\text{Total Parakeets} \\]\n\nWe will use these calculations to determine the final answer."",
    response=18.0
)",False
"Example({'response': 72, 'question': ' Rachel was organizing her book case making sure each of the shelves had exactly 9 books on it. If she had 6 shelves of mystery books and 2 shelves of picture books, how many books did she have total? '}) (input_keys={'question'})","Prediction(
    reasoning='Rachel has 6 shelves of mystery books and each shelf has 9 books. So, there are 6 * 9 mystery books. Additionally, she has 2 shelves of picture books with the same number of books per shelf. Therefore, we need to calculate the total number of books by adding the number of mystery books (6 * 9) and the number of picture books (2 * 9).',
    response=72.0
)",True
"Example({'response': 49, 'question': ' Rachel was unboxing some of her old winter clothes. She found 7 boxes of clothing and inside each box there were 3 scarves and 4 mittens. How many pieces of winter clothing did Rachel have total? '}) (input_keys={'question'})","Prediction(
    reasoning=""To determine the total number of pieces of winter clothing Rachel had, we need to calculate the total number of scarves and mittens. We know that there are 7 boxes, each containing 3 scarves and 4 mittens. The total number of scarves is \\(7 \\times 3\\) and the total number of mittens is \\(7 \\times 4\\). Adding these together will give us the total number of pieces of winter clothing.\n\n\\[ \\text{Total pieces} = (7 \\times 3) + (7 \\times 4) \\]\n\nLet's calculate this using Python to ensure accuracy."",
    response=19.0
)",False
"Example({'response': 36, 'question': ' A pet store has 9 bird cages. If each cage has 2 parrots and 2 parakeets in it, how many birds does the pet store have total? '}) (input_keys={'question'})","Prediction(
    reasoning='To determine the total number of birds in the pet store, we first need to calculate the number of parrots and parakeets in each cage. Given that there are 2 parrots and 2 parakeets per cage, we can find the total number of birds by multiplying this count by the number of cages.',
    response=16.0
)",False
"Example({'response': 80, 'question': ' Cody bought 7 boxes of chocolate candy and 3 boxes of caramel candy. If each box has 8 pieces inside it, how much candy did he have total? '}) (input_keys={'question'})","Prediction(
    reasoning='First calculate the total number of chocolate candies by multiplying the number of boxes by the pieces per box. Then, do the same for caramel candies. Finally, add both totals together to get the overall amount of candy.',
    response=84.0
)",False
"Example({'response': 21, 'question': "" At Billy's Restaurant a group with 2 adults and 5 children came in to eat. If each meal cost 3 dollars, how much was the bill? ""}) (input_keys={'question'})","Prediction(
    reasoning=""To calculate the total bill at Billy's Restaurant, we need to determine the cost of meals for both adults and children. Given that each meal costs $3, we can multiply this price by the number of adult and child meals.\n\nFor 2 adults: \\( 2 \\text{ adults} \\times \\$3/\\text{adult meal} = \\$6 \\)\n\nFor 5 children: \\( 5 \\text{ children} \\times \\$3/\\text{child meal} = \\$15 \\)\n\nThe total bill is the sum of these amounts.\n\n\\[ \\text{Total Bill} = \\$6 + \\$15 = \\$21 \\]"",
    response=21.0
)",True
"Example({'response': 72, 'question': ' Paul was collecting cans for recycling. On Saturday he filled 6 bags up and on Sunday he filled 3 more bags. If each bag had 8 cans in it, how many cans did he pick up total? '}) (input_keys={'question'})","Prediction(
    reasoning='To determine the total number of cans Paul collected, we need to follow these steps:\n\n1. Calculate the total number of bags he filled over the weekend.\n2. Multiply the total number of bags by the number of cans per bag.\n\nHe filled 6 bags on Saturday and 3 more bags on Sunday. Each bag contains 8 cans.',
    response=42.0
)",False
"Example({'response': 50, 'question': ' While playing a trivia game, Adam answered 5 questions correct in the first half and 5 questions correct in the second half. If each question was worth 5 points, what was his final score? '}) (input_keys={'question'})","Prediction(
    reasoning=""To find Adam's final score, we need to calculate the total number of questions he answered correctly and multiply that by the points per question. He got 5 correct in the first half and 5 correct in the second half, so we add those together and then multiply by 5 (points per question)."",
    response=50.0
)",True
"Example({'response': 32, 'question': "" Haley's favorite band was holding a concert where tickets were 4 dollars each. Haley bought 3 tickets for herself and her friends and 5 extra tickets in case anyone else wanted to go. How much did she spend? ""}) (input_keys={'question'})","Prediction(
    reasoning=""To determine how much Haley spent on concert tickets, we need to calculate the total cost of buying 3 regular tickets plus 5 extra tickets. Each ticket costs $4.\n\nThe formula is:\n\\[ \\text{Total Cost} = (\\text{Number of Regular Tickets} + \\text{Number of Extra Tickets}) \\times \\text{Cost per Ticket} \\]\n\nSubstituting the given values:\n\\[ \\text{Total Cost} = (3 + 5) \\times 4 \\]\n\nLet's calculate this."",
    response=12.0
)",False
"Example({'response': 30, 'question': ' Luke was putting his spare change into piles. He had 5 piles of quarters and 5 piles of dimes. If each pile had 3 coins in it, how many coins did he have total? '}) (input_keys={'question'})","Prediction(
    reasoning=""To determine the total number of coins Luke had, we need to calculate the number of quarters and dimes separately and then sum them up. Given that each pile contains 3 coins and there are 5 piles of quarters and 5 piles of dimes, we can use the formula: Total Coins = (Number of Piles) * (Coins per Pile).\n\nFor quarters:\n- Number of Piles = 5\n- Coins per Pile = 3\n\nFor dimes:\n- Number of Piles = 5\n- Coins per Pile = 3\n\nTotal coins for quarters and dimes can be calculated as follows: Total Quarters + Total Dimes.\n\nLet's calculate the total number of coins."",
    response=15.0
)",False
"Example({'response': 64, 'question': ' Victor and his friend were buying trick decks from the magic shop for 8 dollars each. How much did they spend if Victor bought 6 decks and his friend bought 2 decks? '}) (input_keys={'question'})","Prediction(
    reasoning='To determine how much Victor and his friend spent on trick decks, we need to calculate the total cost. Victor bought 6 decks at $8 each, and his friend bought 2 decks at $8 each. The total amount spent can be calculated by multiplying the number of decks each person bought by the price per deck and then summing these amounts.\n\nTotal cost for Victor = Number of decks Victor bought * Price per deck\nTotal cost for Victor = 6 * 8\n\nTotal cost for his friend = Number of decks his friend bought * Price per deck\nTotal cost for his friend = 2 * 8\n\nThe total amount spent by both is the sum of these two amounts.',
    response=16.0
)",False
"Example({'response': 90, 'question': ' Katie had 7 pages of math homework and 3 pages of reading homework. If each page had 9 problems on it, how many problems did she have to complete total? '}) (input_keys={'question'})","Prediction(
    reasoning='Katie had 7 pages of math homework and 3 pages of reading homework. Each page contains 9 problems. To find out how many total problems she had to complete, we need to calculate the number of problems from both types of homework.\n\nThe total number of math problems is \\(7 \\text{ pages} \\times 9 \\text{ problems/page}\\).\n\nThe total number of reading problems is \\(3 \\text{ pages} \\times 9 \\text{ problems/page}\\).\n\nWe then add these two totals together to get the overall total number of problems.',
    response=18.0
)",False
"Example({'response': 56, 'question': ' Faye was playing a video game where she scores 7 points for each treasure she finds. If she found 2 treasures on the first level and 6 on the second, what would her score be? '}) (input_keys={'question'})","Prediction(
    reasoning=""To calculate Faye's total score, we need to multiply the number of treasures found by the points per treasure and sum these values. On the first level she found 2 treasures at 7 points each, and on the second level she found 6 treasures at 7 points each."",
    response=56.0
)",True
"Example({'response': 72, 'question': ' Gwen was organizing her book case making sure each of the shelves had exactly 9 books on it. If she had 3 shelves of mystery books and 5 shelves of picture books, how many books did she have total? '}) (input_keys={'question'})","Prediction(
    reasoning='To determine the total number of books Gwen had, we need to calculate the number of mystery books and picture books separately and then sum them up. We know that each shelf has 9 books. With 3 shelves of mystery books and 5 shelves of picture books, we can use the formula: Total Books = (Number of Mystery Shelves * Books per Shelf) + (Number of Picture Shelves * Books per Shelf).',
    response=18.0
)",False
"Example({'response': 24, 'question': ' There were 2 friends playing a video game online when 2 more players joined the game. If each player had 6 lives, how many lives did they have total? '}) (input_keys={'question'})","Prediction(
    reasoning='To determine the total number of lives they had, we first need to find out how many players were playing in total. Initially, there were 2 friends, and then 2 more players joined. So, the total number of players is \\(2 + 2 = 4\\). Each player has 6 lives. Therefore, the total number of lives can be calculated by multiplying the total number of players by the number of lives each player had.',
    response=48.0
)",False
"Example({'response': 48, 'question': ' Wendy bought 4 new chairs and 4 new tables for her house. If she spent 6 minutes on each piece furniture putting it together, how many minutes did it take her to finish? '}) (input_keys={'question'})","Prediction(
    reasoning='Wendy bought chairs and tables which means she spent time assembling both. Since each piece took her 6 minutes to assemble, we can calculate the total assembly time by multiplying the number of pieces (chairs + tables) by the time per piece.',
    response=48.0
)",True
"Example({'response': 30, 'question': "" April's discount flowers was having a sale where each flower was 3 dollars. If Zoe bought 8 roses and 2 daisies, how much did she spend? ""}) (input_keys={'question'})","Prediction(
    reasoning=""To determine how much Zoe spent on roses and daisies, we need to calculate the total cost of the flowers she bought. Each flower costs $3. Zoe bought 8 roses and 2 daisies. The total cost can be calculated by multiplying the number of each type of flower by their respective prices and then summing these amounts.\n\nTotal cost = (Number of roses * Price per rose) + (Number of daisies * Price per daisy)\n\nLet's calculate this:\n\nTotal cost = (8 * 3) + (2 * 3)"",
    response=18.0
)",False
"Example({'response': 60, 'question': ' Paige was unboxing some of her old winter clothes. She found 6 boxes of clothing and inside each box there were 5 scarves and 5 mittens. How many pieces of winter clothing did Paige have total? '}) (input_keys={'question'})","Prediction(
    reasoning=""To determine the total number of pieces of winter clothing Paige had, we need to calculate the total number of scarves and mittens. Since there are 6 boxes, each containing 5 scarves and 5 mittens, we can find the total by multiplying these numbers.\n\nTotal scarves = Number of boxes * Scarves per box\nTotal mittens = Number of boxes * Mittens per box\n\nThen, Total pieces of clothing = Total scarves + Total mittens\n\nLet's calculate this."",
    response=30.0
)",False
"Example({'response': 42, 'question': ' Sam was collecting cans for recycling. On Saturday he filled 4 bags up and on Sunday he filled 3 more bags. If each bag had 6 cans in it, how many cans did he pick up total? '}) (input_keys={'question'})","Prediction(
    reasoning='Sam collected cans over two days. On Saturday he filled 4 bags, and on Sunday he filled 3 more bags than that, which means he filled \\(4 + 3 = 7\\) bags on Sunday. Each bag contained 6 cans. Therefore, the total number of cans Sam picked up is calculated by multiplying the total number of bags (11) by the number of cans per bag (6).',
    response=54.0
)",False
"Example({'response': 45, 'question': ' George was working as a sacker at a grocery store where he made 5 dollars an hour. On Monday he worked 7 hours and on Tuesday he worked 2 hours. How much money did George make in those two days? '}) (input_keys={'question'})","Prediction(
    reasoning=""To calculate how much money George made, we need to multiply his hourly wage by the number of hours he worked each day. We'll sum these amounts for both days. The total amount can be calculated using the formula: Total Money = (Monday's Hours * Monday's Wage) + (Tuesday's Hours * Tuesday's Wage)."",
    response=45.0
)",True
"Example({'response': 15, 'question': ' While playing a trivia game, Frank answered 3 questions correct in the first half and 2 questions correct in the second half. If each question was worth 3 points, what was his final score? '}) (input_keys={'question'})","Prediction(
    reasoning=""To calculate Frank's final score, we need to determine how many points he earned from each half of the game. Since there are 3 questions correct in the first half and 2 questions correct in the second half, with each question worth 3 points, we can multiply the number of correct answers by the point value for each half.\n\nFor the first half: \\(3 \\text{ questions} \\times 3 \\text{ points/question} = 9 \\text{ points}\\)\nFor the second half: \\(2 \\text{ questions} \\times 3 \\text{ points/question} = 6 \\text{ points}\\)\n\nAdding these together will give us Frank's total score."",
    response=15.0
)",True
"Example({'response': 72, 'question': ' Edward and his friend were buying trick decks from the magic shop for 9 dollars each. How much did they spend if Edward bought 4 decks and his friend bought 4 decks? '}) (input_keys={'question'})","Prediction(
    reasoning=""To determine how much Edward and his friend spent on trick decks, we need to calculate the total cost. Each deck costs $9, and both bought 4 decks each.\n\nFirst, let's find out how much Edward spent: \\( \\text{Edward's spending} = 4 \\times 9 \\).\n\nNext, let's find out how much his friend spent: \\( \\text{Friend's spending} = 4 \\times 9 \\).\n\nFinally, the total amount they both spent is the sum of their individual expenditures."",
    response=108.0
)",False
"Example({'response': 64, 'question': ' Tom and his friend were buying trick decks from the magic shop for 8 dollars each. How much did they spend if Tom bought 3 decks and his friend bought 5 decks? '}) (input_keys={'question'})","Prediction(
    reasoning=""To determine how much Tom and his friend spent on trick decks, we need to calculate the total cost. Tom bought 3 decks at $8 each, and his friend bought 5 decks at $8 each. The total amount can be calculated by multiplying the number of decks each person bought by the price per deck and then summing these amounts.\n\nThe calculation is as follows:\n- Cost for Tom: \\(3 \\text{ decks} \\times \\$8/\\text{deck}\\)\n- Cost for his friend: \\(5 \\text{ decks} \\times \\$8/\\text{deck}\\)\n\nTotal cost = (Cost for Tom) + (Cost for his friend).\n\nLet's calculate the total cost."",
    response=24.0
)",False
"Example({'response': 70, 'question': ' While shopping for music online, Megan bought 2 country albums and 8 pop albums. Each album came with a lyric sheet and had 7 songs. How many songs did Megan buy total? '}) (input_keys={'question'})","Prediction(
    reasoning=""To determine the total number of songs Megan bought, we need to calculate the total albums she purchased and multiply by the number of songs per album. She bought 2 country albums and 8 pop albums, each containing 7 songs.\n\nFirst, let's find out how many albums she bought in total:\n- Total albums = Country albums + Pop albums\n- Total albums = 2 + 8\n\nNext, we'll multiply the total number of albums by the number of songs per album to get the total number of songs Megan bought."",
    response=14.0
)",False
"Example({'response': 60, 'question': ' Victor was working as a sacker at a grocery store where he made 6 dollars an hour. On Monday he worked 5 hours and on Tuesday he worked 5 hours. How much money did Victor make in those two days? '}) (input_keys={'question'})","Prediction(
    reasoning='To calculate how much money Victor made in those two days, we need to multiply his hourly wage by the number of hours he worked each day. Since he worked 5 hours on Monday and 5 hours on Tuesday, we can add these amounts together and then multiply by his hourly wage.\n\nThe total hours worked is \\(5 + 5 = 10\\) hours. Given that his hourly wage is $6 per hour, the total amount of money made in those two days is \\(10 \\times 6\\).',
    response=60.0
)",True
"Example({'response': 54, 'question': ' A pet store has 6 bird cages. If each cage has 2 parrots and 7 parakeets in it, how many birds does the pet store have total? '}) (input_keys={'question'})","Prediction(
    reasoning=""To determine the total number of birds in the pet store, we need to calculate the number of parrots and parakeets separately and then sum them up. Given that there are 6 bird cages, each containing 2 parrots and 7 parakeets, we can use this information to find the total.\n\nThe total number of parrots is \\(6 \\times 2\\), and the total number of parakeets is \\(6 \\times 7\\). Adding these together will give us the total number of birds. \n\nLet's calculate it:\n\n\\[ \\text{Total Parrots} = 6 \\times 2 \\]\n\\[ \\text{Total Parakeets} = 6 \\times 7 \\]\n\\[ \\text{Total Birds} = \\text{Total Parrots} + \\text{Total Parakeets} \\]"",
    response=18.0
)",False
"Example({'response': 32, 'question': ' Maria bought 2 new chairs and 2 new tables for her house. If she spent 8 minutes on each piece furniture putting it together, how many minutes did it take her to finish? '}) (input_keys={'question'})","Prediction(
    reasoning='Maria bought 2 chairs + 2 tables = 4 pieces of furniture. If she spent 8 minutes on each piece, the total time spent is 4 * 8.',
    response=32.0
)",True
"Example({'response': 32, 'question': ' Olivia was playing a video game where she scores 8 points for each treasure she finds. If she found 2 treasures on the first level and 2 on the second, what would her score be? '}) (input_keys={'question'})","Prediction(
    reasoning=""To calculate Olivia's total score, we need to multiply the number of treasures she found by the points per treasure and sum these values. She found 2 treasures on the first level and 2 on the second level, with each treasure being worth 8 points.\n\nFirst level: \\(2 \\text{ treasures} \\times 8 \\text{ points/treasure} = 16 \\text{ points}\\)\nSecond level: \\(2 \\text{ treasures} \\times 8 \\text{ points/treasure} = 16 \\text{ points}\\)\n\nTotal score is the sum of these values.\n\n\\[ \\text{Total Score} = 16 + 16 = 32 \\]"",
    response=32.0
)",True
"Example({'response': 48, 'question': ' A waiter had 6 tables he was waiting on, with 3 women and 5 men at each table. How many customers total did the waiter have? '}) (input_keys={'question'})","Prediction(
    reasoning='To determine the total number of customers the waiter had, we need to calculate the sum of women and men at all tables. There are 3 women and 5 men at each table, so there are a total of \\( (3 + 5) \\times 6 \\) customers.',
    response=18.0
)",False
"Example({'response': 70, 'question': ' Faye was selling her necklaces at a garage sale. She sold 3 bead necklaces and 7 gem stone necklaces. If each necklace cost 7 dollars, how much money did she earn? '}) (input_keys={'question'})","Prediction(
    reasoning='To find out how much money Faye earned, we need to calculate the total sales from both types of necklaces. She sold 3 bead necklaces and 7 gem stone necklaces at $7 each. The total earnings can be calculated as (number of bead necklaces * price per necklace) + (number of gem stone necklaces * price per necklace).',
    response=63.0
)",False
"Example({'response': 63, 'question': ' At the town carnival Oliver rode the ferris wheel 5 times and the bumper cars 4 times. If each ride cost 7 tickets, how many tickets did he use? '}) (input_keys={'question'})","Prediction(
    reasoning=""To determine how many tickets Oliver used in total, we need to calculate the number of rides he took on each attraction and multiply by the cost per ride. The ferris wheel was ridden 5 times at a cost of 7 tickets per ride, and the bumper cars were ridden 4 times at a cost of 7 tickets per ride.\n\n We can use the formula:\n\\[ \\text{Total Tickets} = (\\text{Rides on Ferris Wheel} \\times \\text{Cost per Ride}) + (\\text{Rides on Bumper Cars} \\times \\text{Cost per Ride}) \\]\n\n Substituting in the values we have:\n\\[ \\text{Total Tickets} = (5 \\times 7) + (4 \\times 7) \\]\n\n Let's calculate this."",
    response=63.0
)",True
"Example({'response': 56, 'question': ' There were 5 friends playing a video game online when 2 more players joined the game. If each player had 8 lives, how many lives did they have total? '}) (input_keys={'question'})","Prediction(
    reasoning='To determine the total number of lives they had, we first need to find out how many players were playing in total. Initially, there were 5 friends, and then 2 more joined them. So, the total number of players is \\(5 + 2\\). Each player has 8 lives. Therefore, the total number of lives can be calculated by multiplying the total number of players by the number of lives each player had.',
    response=48.0
)",False
"Example({'response': 21, 'question': ' Katie was selling her necklaces at a garage sale. She sold 4 bead necklaces and 3 gem stone necklaces. If each necklace cost 3 dollars, how much money did she earn? '}) (input_keys={'question'})","Prediction(
    reasoning='Katie sold 4 bead necklaces at $3 each, which means she earned 4 * 3 dollars from selling bead necklaces. She also sold 3 gem stone necklaces at $3 each, meaning she earned 3 * 3 dollars from selling gem stone necklaces. The total amount of money she earned is the sum of these two amounts.',
    response=15.0
)",False
"Example({'response': 48, 'question': ' Edward was working as a sacker at a grocery store where he made 6 dollars an hour. On Monday he worked 3 hours and on Tuesday he worked 5 hours. How much money did Edward make in those two days? '}) (input_keys={'question'})","Prediction(
    reasoning=""To determine how much money Edward made in those two days, we need to calculate his earnings for each day separately. He worked 3 hours on Monday at $6 per hour and 5 hours on Tuesday at $6 per hour. The total amount of money he made is the sum of his earnings from both days.\n\nFirst, let's calculate his earnings for Monday: \\( \\text{Earnings}_{\\text{Monday}} = 3 \\times 6 \\).\n\nNext, we'll calculate his earnings for Tuesday: \\( \\text{Earnings}_{\\text{Tuesday}} = 5 \\times 6 \\).\n\nFinally, the total amount of money Edward made is the sum of these two amounts.\n\nLet's compute this."",
    response=18.0
)",False
"Example({'response': 24, 'question': ' While playing a trivia game, Mike answered 3 questions correct in the first half and 5 questions correct in the second half. If each question was worth 3 points, what was his final score? '}) (input_keys={'question'})","Prediction(
    reasoning=""To determine Mike's final score, we need to calculate the total number of questions he answered correctly and then multiply that by the points per question. In the first half, he got 3 questions correct, and in the second half, he got 5 questions correct. Each question is worth 3 points."",
    response=18.0
)",False
"Example({'response': 32, 'question': ' Amy was playing a video game where she scores 4 points for each treasure she finds. If she found 6 treasures on the first level and 2 on the second, what would her score be? '}) (input_keys={'question'})","Prediction(
    reasoning=""To determine Amy's total score in the video game, we need to calculate her points from finding treasures on both levels. On the first level, she found 6 treasures, earning her \\(4 \\times 6\\) points. On the second level, she found 2 treasures, earning her \\(4 \\times 2\\) points. Her total score is the sum of these two amounts."",
    response=8.0
)",False
"Example({'response': 63, 'question': ' A waiter had 9 tables he was waiting on, with 4 women and 3 men at each table. How many customers total did the waiter have? '}) (input_keys={'question'})","Prediction(
    reasoning=""To determine the total number of customers the waiter had, we need to calculate the sum of women and men at all tables. There are 9 tables, each with 4 women and 3 men.\n\nThe total number of customers can be calculated as:\n\\[ \\text{Total Customers} = (\\text{Number of Tables} \\times \\text{Women per Table}) + (\\text{Number of Tables} \\times \\text{Men per Table}) \\]\n\nSubstituting the given values:\n\\[ \\text{Total Customers} = (9 \\times 4) + (9 \\times 3) \\]\n\nLet's calculate this."",
    response=15.0
)",False
"Example({'response': 54, 'question': ' Chloe was organizing her book case making sure each of the shelves had exactly 6 books on it. If she had 5 shelves of mystery books and 4 shelves of picture books, how many books did she have total? '}) (input_keys={'question'})","Prediction(
    reasoning=""To determine the total number of books Chloe has, we need to calculate the number of mystery books and picture books separately. We know that each shelf contains 6 books. Chloe has 5 shelves of mystery books and 4 shelves of picture books. The total number of books can be calculated by multiplying the number of shelves for each type of book by the number of books per shelf.\n\nTotal number of mystery books = Number of mystery book shelves * Books per shelf\nTotal number of picture books = Number of picture book shelves * Books per shelf\n\nThen, we sum these two values to get the total number of books. Let's calculate this using Python code."",
    response=18.0
)",False
"Example({'response': 72, 'question': ' While shopping for music online, Isabel bought 6 country albums and 2 pop albums. Each album came with a lyric sheet and had 9 songs. How many songs did Isabel buy total? '}) (input_keys={'question'})","Prediction(
    reasoning=""To determine the total number of songs Isabel bought, we need to calculate the total albums she purchased and then multiply by the number of songs per album. She bought 6 country albums and 2 pop albums, each containing 9 songs.\n\nFirst, let's find out how many albums in total she has:\n- Total albums = Country albums + Pop albums\n- Total albums = 6 + 2\n\nNext, we'll multiply this by the number of songs per album to get the total number of songs:\n\nTotal songs = Total albums * Songs per album\n\nWe can now calculate the total number of songs."",
    response=18.0
)",False
"Example({'response': 18, 'question': "" At Oliver's Restaurant a group with 2 adults and 4 children came in to eat. If each meal cost 3 dollars, how much was the bill? ""}) (input_keys={'question'})","Prediction(
    reasoning=""To find the total bill, we need to calculate the cost for adult meals and children's meals separately, then add them together. There are 2 adults and each meal costs $3, so the total cost for adults is 2 * 3. There are 4 children and each child's meal also costs $3, so the total cost for children is 4 * 3. The sum of these two amounts gives us the total bill."",
    response=18.0
)",True
"Example({'response': 30, 'question': ' Tiffany had 6 pages of math homework and 4 pages of reading homework. If each page had 3 problems on it, how many problems did she have to complete total? '}) (input_keys={'question'})","Prediction(
    reasoning=""To determine the total number of problems Tiffany had to complete, we need to calculate the problems from both her math homework pages and reading homework pages. We know that each page has 3 problems.\n\nFirst, we'll find out how many problems are on the math homework pages: \\(6 \\text{ pages} \\times 3 \\text{ problems/page}\\).\n\nNext, we'll find out how many problems are on the reading homework pages: \\(4 \\text{ pages} \\times 3 \\text{ problems/page}\\).\n\nFinally, we'll add these two results together to get the total number of problems."",
    response=18.0
)",False
"Example({'response': 27, 'question': "" April's discount flowers was having a sale where each flower was 3 dollars. If Robin bought 5 roses and 4 daisies, how much did she spend? ""}) (input_keys={'question'})","Prediction(
    reasoning='To determine how much Robin spent on roses and daisies, we need to calculate the total cost of 5 roses at $3 each and 4 daisies at $3 each. The total amount can be calculated using the formula: Total Cost = (Number of Roses * Price per Rose) + (Number of Daisies * Price per Daisy).\n\nGiven:\n- Number of Roses = 5\n- Price per Rose = $3\n- Number of Daisies = 4\n- Price per Daisy = $3\n\nWe can now calculate the total cost.',
    response=18.0
)",False
"Example({'response': 80, 'question': ' Zoe was unboxing some of her old winter clothes. She found 8 boxes of clothing and inside each box there were 4 scarves and 6 mittens. How many pieces of winter clothing did Zoe have total? '}) (input_keys={'question'})","Prediction(
    reasoning='To find the total number of pieces of winter clothing Zoe had, we need to calculate the total number of scarves and mittens in all 8 boxes. Since each box contains 4 scarves and 6 mittens, we can first calculate the total for one box (scarves + mittens) and then multiply by the number of boxes.\n\nTotal pieces of clothing per box = 4 scarves/box + 6 mittens/box\nTotal pieces of clothing in all boxes = Total pieces of clothing per box * Number of boxes',
    response=108.0
)",False
"Example({'response': 12, 'question': ' There were 2 friends playing a video game online when 2 more players joined the game. If each player had 3 lives, how many lives did they have total? '}) (input_keys={'question'})","Prediction(
    reasoning='To determine the total number of lives they had, we first need to find out how many players were playing in total. Initially, there were 2 friends plus 2 more players joined, making a total of 4 players. Each player has 3 lives.\n\nWe can calculate the total number of lives by multiplying the number of players by the number of lives each player had: \\(4 \\text{ players} \\times 3 \\text{ lives/player}\\).',
    response=12.0
)",True
"Example({'response': 28, 'question': ' Adam bought 2 boxes of chocolate candy and 5 boxes of caramel candy. If each box has 4 pieces inside it, how much candy did he have total? '}) (input_keys={'question'})","Prediction(
    reasoning='Adam bought 2 boxes of chocolate candy and 5 boxes of caramel candy, which means he has a total of \\(2 + 5 = 7\\) boxes of candy. Since each box contains 4 pieces of candy, the total number of candies Adam has is \\(7 \\times 4\\).',
    response=8.0
)",False
"Example({'response': 72, 'question': ' A pet store has 8 bird cages. If each cage has 2 parrots and 7 parakeets in it, how many birds does the pet store have total? '}) (input_keys={'question'})","Prediction(
    reasoning='To determine the total number of birds in the pet store, we need to calculate the number of parrots and parakeets separately and then sum them up. Given that there are 8 bird cages, each containing 2 parrots and 7 parakeets, we can use this information to find the total.\n\nThe total number of parrots is \\(8 \\times 2\\) and the total number of parakeets is \\(8 \\times 7\\). Adding these two results will give us the total number of birds in the pet store.',
    response=48.0
)",False
"Example({'response': 60, 'question': "" Lana's favorite band was holding a concert where tickets were 6 dollars each. Lana bought 8 tickets for herself and her friends and 2 extra tickets in case anyone else wanted to go. How much did she spend? ""}) (input_keys={'question'})","Prediction(
    reasoning='To determine how much Lana spent on concert tickets, we need to calculate the total cost. She bought 8 tickets for herself and her friends plus an additional 2 tickets. The price of each ticket is $6.\n\nThe total number of tickets purchased is \\(8 + 2 = 10\\). To find out how much she spent in total, multiply the total number of tickets by the price per ticket: \\(10 \\times 6\\).',
    response=60.0
)",True
"Example({'response': 56, 'question': "" At Tom's Restaurant a group with 2 adults and 5 children came in to eat. If each meal cost 8 dollars, how much was the bill? ""}) (input_keys={'question'})","Prediction(
    reasoning=""To calculate the total bill at Tom's Restaurant, we need to multiply the number of meals by the cost per meal. There are 2 adult meals and 5 child meals, so the total number of meals is 2 + 5 = 7. Each meal costs $8."",
    response=16.0
)",False
"Example({'response': 32, 'question': ' Gwen was organizing her book case making sure each of the shelves had exactly 4 books on it. If she had 5 shelves of mystery books and 3 shelves of picture books, how many books did she have total? '}) (input_keys={'question'})","Prediction(
    reasoning='To determine the total number of books Gwen had, we need to calculate the number of mystery books and picture books separately and then sum them up. Given that each shelf has exactly 4 books, we can multiply the number of shelves by 4 for both types of books.\n\nFor mystery books: \\(5 \\text{ shelves} \\times 4 \\text{ books per shelf}\\)\nFor picture books: \\(3 \\text{ shelves} \\times 4 \\text{ books per shelf}\\)\n\nThe total number of books is the sum of these two quantities.',
    response=16.0
)",False
"Example({'response': 72, 'question': ' While shopping for music online, Isabel bought 4 country albums and 5 pop albums. Each album came with a lyric sheet and had 8 songs. How many songs did Isabel buy total? '}) (input_keys={'question'})","Prediction(
    reasoning='To find out how many songs Isabel bought, we need to calculate the total number of albums she purchased and multiply that by the number of songs per album. She bought 4 country albums and 5 pop albums, so there are a total of 9 albums. Each album has 8 songs.',
    response=72.0
)",True
"Example({'response': 90, 'question': ' Megan was selling her necklaces at a garage sale. She sold 7 bead necklaces and 3 gem stone necklaces. If each necklace cost 9 dollars, how much money did she earn? '}) (input_keys={'question'})","Prediction(
    reasoning=""To determine how much money Megan earned from selling her necklaces, we need to calculate the total sales. We know she sold 7 bead necklaces and 3 gem stone necklaces at a price of $9 each.\n\nFirst, let's find out the total number of necklaces sold:\n- Total necklaces = Number of bead necklaces + Number of gem stone necklaces\n- Total necklaces = 7 + 3\n\nNext, we multiply this by the price per necklace to get the total earnings:\n- Total earnings = (Total necklaces) * Price per necklace\n\nWe can now calculate the total earnings."",
    response=108.0
)",False
"Example({'response': 63, 'question': ' Rachel was playing a video game where she scores 9 points for each treasure she finds. If she found 5 treasures on the first level and 2 on the second, what would her score be? '}) (input_keys={'question'})","Prediction(
    reasoning=""To calculate Rachel's score, we need to multiply the number of treasures she found on each level by the points per treasure, and then sum these products.\n\nOn the first level, she found 5 treasures. Since each treasure is worth 9 points:\n\\[ \\text{Score from first level} = 5 \\times 9 \\]\n\nOn the second level, she found 2 treasures. Each treasure still has a value of 9 points:\n\\[ \\text{Score from second level} = 2 \\times 9 \\]\n\nThe total score is the sum of scores from both levels.\n\nLet's calculate this."",
    response=105.0
)",False
"Example({'response': 60, 'question': "" April's discount flowers was having a sale where each flower was 6 dollars. If Katie bought 5 roses and 5 daisies, how much did she spend? ""}) (input_keys={'question'})","Prediction(
    reasoning=""To determine how much Katie spent on roses and daisies, we need to calculate the total cost. Each flower costs $6, and she bought 5 roses and 5 daisies.\n\nThe formula is:\n\\[ \\text{Total Cost} = (\\text{Number of Roses} + \\text{Number of Daisies}) \\times \\text{Cost per Flower} \\]\n\nSubstituting the given values:\n\\[ \\text{Total Cost} = (5 + 5) \\times 6 \\]\n\nLet's calculate this."",
    response=18.0
)",False
"Example({'response': 72, 'question': ' A pet store has 9 bird cages. If each cage has 2 parrots and 6 parakeets in it, how many birds does the pet store have total? '}) (input_keys={'question'})","Prediction(
    reasoning=""To determine the total number of birds in the pet store, we need to calculate the number of parrots and parakeets separately and then sum them up. Given that there are 9 bird cages, each containing 2 parrots and 6 parakeets, we can use this information to find the total.\n\nThe total number of parrots is \\(9 \\times 2\\) and the total number of parakeets is \\(9 \\times 6\\). Adding these together will give us the total number of birds. \n\nLet's calculate it:\n\n\\[ \\text{Total Parrots} = 9 \\times 2 \\]\n\\[ \\text{Total Parakeets} = 9 \\times 6 \\]\n\\[ \\text{Total Birds} = \\text{Total Parrots} + \\text{Total Parakeets} \\]"",
    response=45.0
)",False
"Example({'response': 42, 'question': ' Roger was putting his spare change into piles. He had 3 piles of quarters and 3 piles of dimes. If each pile had 7 coins in it, how many coins did he have total? '}) (input_keys={'question'})","Prediction(
    reasoning=""To determine the total number of coins Roger had, we need to calculate the number of quarters and dimes separately and then sum them up. Given that each pile contains 7 coins and there are 3 piles of quarters and 3 piles of dimes, we can use the formula: Total Coins = (Number of Piles for Quarters * Coins per Pile) + (Number of Piles for Dimes * Coins per Pile).\n\nLet's calculate this step by step:\n\n1. Number of coins in each pile = 7\n2. Number of piles for quarters = 3\n3. Number of piles for dimes = 3\n\nTotal number of coins = (3 * 7) + (3 * 7)"",
    response=42.0
)",True
"Example({'response': 32, 'question': ' There were 2 friends playing a video game online when 2 more players joined the game. If each player had 8 lives, how many lives did they have total? '}) (input_keys={'question'})","Prediction(
    reasoning='There were originally 2 friends playing. Then 2 more players joined, making a total of 4 players. Each player had 8 lives. To find the total number of lives, multiply the number of players by the number of lives each player has: 4 players * 8 lives/player = 32 total lives.',
    response=32.0
)",True
"Example({'response': 63, 'question': ' A waiter had 7 tables he was waiting on, with 7 women and 2 men at each table. How many customers total did the waiter have? '}) (input_keys={'question'})","Prediction(
    reasoning='To find the total number of customers the waiter had, we need to calculate the sum of women and men at all tables. Since there are 7 tables with 7 women and 2 men at each table, the total number of customers can be calculated as (number of tables * number of women per table) + (number of tables * number of men per table).',
    response=45.0
)",False
"Example({'response': 48, 'question': ' Tiffany was playing a video game where she scores 6 points for each treasure she finds. If she found 3 treasures on the first level and 5 on the second, what would her score be? '}) (input_keys={'question'})","Prediction(
    reasoning=""To calculate Tiffany's total score in the video game, we need to multiply the number of treasures she found by the points per treasure, and then sum these products. On the first level, she found 3 treasures at 6 points each, and on the second level, she found 5 treasures at 6 points each.\n\nThe total score can be calculated as follows:\n\\[ \\text{Total Score} = (3 \\times 6) + (5 \\times 6) \\]\n\nLet's calculate this."",
    response=18.0
)",False
"Example({'response': 24, 'question': ' While shopping for music online, Zoe bought 3 country albums and 5 pop albums. Each album came with a lyric sheet and had 3 songs. How many songs did Zoe buy total? '}) (input_keys={'question'})","Prediction(
    reasoning='To find out how many songs Zoe bought, we need to calculate the total number of albums she purchased and multiply that by the number of songs per album. She bought 3 country albums and 5 pop albums, so first we add those numbers together. Each album has 3 songs.',
    response=24.0
)",True
"Example({'response': 70, 'question': ' Megan was organizing her book case making sure each of the shelves had exactly 7 books on it. If she had 8 shelves of mystery books and 2 shelves of picture books, how many books did she have total? '}) (input_keys={'question'})","Prediction(
    reasoning='To determine the total number of books Megan has, we need to calculate the number of mystery books and picture books separately and then sum them up. We know that each shelf contains 7 books. For the mystery books, there are 8 shelves, and for the picture books, there are 2 shelves.\n\nThe calculation is as follows:\n- Number of mystery books = Number of shelves * Books per shelf\n- Number of picture books = Another set of number of shelves * Books per shelf\n\nTotal number of books = Number of mystery books + Number of picture books',
    response=10.0
)",False
"Example({'response': 36, 'question': ' Isabel was selling her necklaces at a garage sale. She sold 3 bead necklaces and 3 gem stone necklaces. If each necklace cost 6 dollars, how much money did she earn? '}) (input_keys={'question'})","Prediction(
    reasoning='To determine how much money Isabel earned from selling her necklaces, we need to calculate the total sales. She sold 3 bead necklaces and 3 gem stone necklaces at a price of $6 each.\n\nThe total number of necklaces sold is \\(3 + 3 = 6\\). Each necklace costs $6, so the total earnings can be calculated as \\(6 \\times 6\\).',
    response=18.0
)",False
"Example({'response': 40, 'question': ' Frank was collecting cans for recycling. On Saturday he filled 5 bags up and on Sunday he filled 3 more bags. If each bag had 5 cans in it, how many cans did he pick up total? '}) (input_keys={'question'})","Prediction(
    reasoning='To determine the total number of cans Frank picked up, we need to calculate the number of bags he filled over the weekend and then multiply that by the number of cans per bag.\n\nOn Saturday, he filled 5 bags. On Sunday, he filled 3 more bags. Therefore, the total number of bags is \\(5 + 3 = 8\\).\n\nSince each bag contains 5 cans, we can calculate the total number of cans as follows: \\(8 \\text{ bags} \\times 5 \\text{ cans per bag}\\).',
    response=20.0
)",False
"Example({'response': 48, 'question': "" April's discount flowers was having a sale where each flower was 8 dollars. If Vanessa bought 3 roses and 3 daisies, how much did she spend? ""}) (input_keys={'question'})","Prediction(
    reasoning='To determine how much Vanessa spent on roses and daisies, we need to calculate the total cost. Each flower costs $8. Since she bought 3 roses and 3 daisies, the total number of flowers is 6. The total amount spent can be calculated by multiplying the number of flowers by the price per flower.',
    response=56.0
)",False
"Example({'response': 80, 'question': ' Will was working as a sacker at a grocery store where he made 8 dollars an hour. On Monday he worked 8 hours and on Tuesday he worked 2 hours. How much money did Will make in those two days? '}) (input_keys={'question'})","Prediction(
    reasoning='To calculate how much money Will made in those two days, we need to multiply his hourly wage by the number of hours he worked each day. For Monday, he worked 8 hours at $8/hour and for Tuesday, he worked 2 hours at $8/hour. The total amount is the sum of these two amounts.',
    response=64.0
)",False
"Example({'response': 40, 'question': ' Rachel bought 7 new chairs and 3 new tables for her house. If she spent 4 minutes on each piece furniture putting it together, how many minutes did it take her to finish? '}) (input_keys={'question'})","Prediction(
    reasoning='Rachel bought 7 new chairs and 3 new tables. Each piece took 4 minutes to assemble. The total time spent assembling furniture can be calculated by adding the number of chairs and tables together and then multiplying by the assembly time per item.',
    response=32.0
)",False
"Example({'response': 80, 'question': ' While playing a trivia game, Adam answered 8 questions correct in the first half and 2 questions correct in the second half. If each question was worth 8 points, what was his final score? '}) (input_keys={'question'})","Prediction(
    reasoning=""Adam's total score can be calculated by adding up the points he earned in both halves of the game. In the first half, he answered 8 questions correctly, each worth 8 points, so his score from the first half is \\(8 \\times 8\\). In the second half, he answered 2 questions correctly, earning him \\(2 \\times 8\\) points. The total score is the sum of these two values."",
    response=192.0
)",False
"Example({'response': 40, 'question': ' A pet store has 4 bird cages. If each cage has 8 parrots and 2 parakeets in it, how many birds does the pet store have total? '}) (input_keys={'question'})","Prediction(
    reasoning=""To determine the total number of birds in the pet store, we need to calculate the number of parrots and parakeets separately and then sum them up. Given that there are 4 bird cages, each containing 8 parrots and 2 parakeets, we can use this information to find the total.\n\nFirst, let's calculate the total number of parrots: \\(4 \\text{ cages} \\times 8 \\text{ parrots per cage}\\).\n\nNext, let's calculate the total number of parakeets: \\(4 \\text{ cages} \\times 2 \\text{ parakeets per cage}\\).\n\nFinally, we add these two totals together to get the overall total number of birds.\n\nLet's perform these calculations."",
    response=16.0
)",False
"Example({'response': 40, 'question': ' Kaleb was collecting cans for recycling. On Saturday he filled 5 bags up and on Sunday he filled 5 more bags. If each bag had 4 cans in it, how many cans did he pick up total? '}) (input_keys={'question'})","Prediction(
    reasoning='Kaleb filled 5 bags on Saturday and 5 more bags on Sunday, which totals to 10 bags. If each bag had 4 cans in it, we can calculate the total number of cans by multiplying the total number of bags by the number of cans per bag.',
    response=20.0
)",False
"Example({'response': 72, 'question': ' Bianca was organizing her book case making sure each of the shelves had exactly 8 books on it. If she had 5 shelves of mystery books and 4 shelves of picture books, how many books did she have total? '}) (input_keys={'question'})","Prediction(
    reasoning='To determine the total number of books Bianca has, we need to calculate the number of mystery books and picture books separately. We know that each shelf contains 8 books. With 5 shelves of mystery books and 4 shelves of picture books, we can multiply the number of shelves by the number of books per shelf for each type of book, then add both totals together.',
    response=12.0
)",False
"Example({'response': 20, 'question': ' Billy was putting his spare change into piles. He had 2 piles of quarters and 3 piles of dimes. If each pile had 4 coins in it, how many coins did he have total? '}) (input_keys={'question'})","Prediction(
    reasoning='To find the total number of coins Billy had, we need to calculate the number of quarters and dimes separately. Since he has 2 piles of quarters and each pile contains 4 coins, the total number of quarters is 2 * 4. Similarly, since he has 3 piles of dimes and each pile contains 4 coins, the total number of dimes is 3 * 4. The total number of coins is then the sum of the total quarters and total dimes.',
    response=16.0
)",False
"Example({'response': 81, 'question': ' Chloe was playing a video game where she scores 9 points for each treasure she finds. If she found 6 treasures on the first level and 3 on the second, what would her score be? '}) (input_keys={'question'})","Prediction(
    reasoning=""To calculate Chloe's total score, we need to multiply the number of treasures she found on each level by the points per treasure, and then sum these products.\n\nOn the first level, she found 6 treasures. Since each treasure is worth 9 points:\n\\[ \\text{Score from first level} = 6 \\times 9 \\]\n\nOn the second level, she found 3 treasures. Each of these treasures also counts for 9 points:\n\\[ \\text{Score from second level} = 3 \\times 9 \\]\n\nThe total score is the sum of both levels' scores.\n\nLet's calculate this."",
    response=105.0
)",False
"Example({'response': 64, 'question': ' While shopping for music online, Nancy bought 3 country albums and 5 pop albums. Each album came with a lyric sheet and had 8 songs. How many songs did Nancy buy total? '}) (input_keys={'question'})","Prediction(
    reasoning='To determine the total number of songs Nancy bought, we need to calculate the total albums she purchased and then multiply by the number of songs per album. She bought 3 country albums and 5 pop albums, so the total number of albums is \\(3 + 5 = 8\\). Each album has 8 songs.\n\nThe total number of songs can be calculated as:\n\\[ \\text{Total Songs} = (\\text{Number of Country Albums} + \\text{Number of Pop Albums}) \\times \\text{Songs per Album} \\]\n\nSubstituting the values, we get:\n\\[ \\text{Total Songs} = 8 \\times 8 \\]',
    response=40.0
)",False
"Example({'response': 21, 'question': ' Lana was unboxing some of her old winter clothes. She found 3 boxes of clothing and inside each box there were 3 scarves and 4 mittens. How many pieces of winter clothing did Lana have total? '}) (input_keys={'question'})","Prediction(
    reasoning=""To determine the total number of pieces of winter clothing Lana had, we need to calculate the total number of scarves and mittens in all three boxes. Since each box contains 3 scarves and 4 mittens, we can find the total by multiplying these numbers by the number of boxes.\n\nTotal scarves = Number of boxes * Scarves per box\nTotal mittens = Number of boxes * Mittens per box\n\nThen, Total pieces of clothing = Total scarves + Total mittens\n\nLet's calculate this using Python code."",
    response=19.0
)",False
"Example({'response': 35, 'question': ' Frank and his friend were buying trick decks from the magic shop for 7 dollars each. How much did they spend if Frank bought 3 decks and his friend bought 2 decks? '}) (input_keys={'question'})","Prediction(
    reasoning='To determine how much Frank and his friend spent on trick decks, we need to calculate the total cost. Frank bought 3 decks at $7 each, and his friend bought 2 decks at $7 each. The total amount can be calculated by multiplying the number of decks each person bought by the price per deck and then summing these amounts.\n\nTotal cost for Frank = Number of decks Frank bought * Price per deck\nTotal cost for Frank = 3 * 7\n\nTotal cost for his friend = Number of decks his friend bought * Price per deck\nTotal cost for his friend = 2 * 7\n\nThe total amount spent by both is the sum of these two amounts.',
    response=14.0
)",False
"Example({'response': 40, 'question': ' A waiter had 5 tables he was waiting on, with 5 women and 3 men at each table. How many customers total did the waiter have? '}) (input_keys={'question'})","Prediction(
    reasoning='To determine the total number of customers the waiter had, we need to calculate the sum of men and women at all tables. Given that there are 5 tables, each table has 3 men and 5 women, making a total of 8 customers per table.\n\nThe total number of customers can be calculated by multiplying the number of customers per table (8) by the number of tables (5).',
    response=40.0
)",True
"Example({'response': 60, 'question': ' There were 8 friends playing a video game online when 2 more players joined the game. If each player had 6 lives, how many lives did they have total? '}) (input_keys={'question'})","Prediction(
    reasoning='First find the total number of players by adding the initial number of friends to the new players. Then multiply this total by the lives each player had.',
    response=60.0
)",True
"Example({'response': 63, 'question': ' Sam was collecting cans for recycling. On Saturday he filled 3 bags up and on Sunday he filled 4 more bags. If each bag had 9 cans in it, how many cans did he pick up total? '}) (input_keys={'question'})","Prediction(
    reasoning='To determine the total number of cans Sam collected over the weekend, we need to calculate the number of bags he filled each day and then multiply by the number of cans per bag.\n\nOn Saturday, he filled 3 bags. On Sunday, he filled 4 more bags than on Saturday, which means he filled \\(3 + 4 = 7\\) bags on Sunday. Each bag contains 9 cans.\n\nThe total number of bags Sam collected over the weekend is \\(3 + 7\\). Therefore, we can calculate the total number of cans by multiplying this sum by the number of cans per bag (9).',
    response=180.0
)",False
"Example({'response': 60, 'question': "" April's discount flowers was having a sale where each flower was 6 dollars. If Maria bought 7 roses and 3 daisies, how much did she spend? ""}) (input_keys={'question'})","Prediction(
    reasoning='To determine how much Maria spent on roses and daisies, we need to calculate the total cost of 7 roses at $6 each and 3 daisies at $6 each. The total amount can be calculated using the formula: Total Cost = (Number of Roses * Price per Rose) + (Number of Daisies * Price per Daisy).',
    response=42.0
)",False
"Example({'response': 48, 'question': ' Dave was working as a sacker at a grocery store where he made 6 dollars an hour. On Monday he worked 6 hours and on Tuesday he worked 2 hours. How much money did Dave make in those two days? '}) (input_keys={'question'})","Prediction(
    reasoning=""To calculate how much money Dave made in those two days, we need to multiply his hourly wage by the number of hours he worked each day. We'll sum these amounts to get the total earnings.\n\nFirst, let's calculate the amount for Monday:\n- Wage: $6/hour\n- Hours on Monday: 6\n\nThen, let's calculate the amount for Tuesday:\n- Wage: $6/hour\n- Hours on Tuesday: 2\n\nFinally, we'll sum these amounts to get the total earnings."",
    response=18.0
)",False
"Example({'response': 48, 'question': ' Nancy was organizing her book case making sure each of the shelves had exactly 6 books on it. If she had 2 shelves of mystery books and 6 shelves of picture books, how many books did she have total? '}) (input_keys={'question'})","Prediction(
    reasoning='To determine the total number of books Nancy had, we need to calculate the number of mystery books and picture books separately. We know that each shelf has exactly 6 books on it. There are 2 shelves of mystery books and 6 shelves of picture books.\n\nThe total number of mystery books is \\(2 \\times 6\\), and the total number of picture books is \\(6 \\times 6\\). Adding these two quantities together will give us the total number of books Nancy had.',
    response=18.0
)",False
"Example({'response': 30, 'question': ' While shopping for music online, Faye bought 2 country albums and 3 pop albums. Each album came with a lyric sheet and had 6 songs. How many songs did Faye buy total? '}) (input_keys={'question'})","Prediction(
    reasoning='Faye bought 2 country albums and 3 pop albums, which totals to 5 albums. Since each album has 6 songs, we can calculate the total number of songs by multiplying the total number of albums by the number of songs per album.',
    response=18.0
)",False
"Example({'response': 30, 'question': ' Tom was putting his spare change into piles. He had 2 piles of quarters and 4 piles of dimes. If each pile had 5 coins in it, how many coins did he have total? '}) (input_keys={'question'})","Prediction(
    reasoning='To determine the total number of coins Tom had, we need to calculate the number of quarters and dimes separately. Given that each pile contains 5 coins, we can multiply the number of piles by 5.\n\nFor quarters: There are 2 piles.\nFor dimes: There are 4 piles.\n\nThe total number of coins is the sum of the quarters and dimes.',
    response=18.0
)",False
"Example({'response': 30, 'question': ' While playing a trivia game, George answered 6 questions correct in the first half and 4 questions correct in the second half. If each question was worth 3 points, what was his final score? '}) (input_keys={'question'})","Prediction(
    reasoning=""To calculate George's final score in the trivia game, we need to determine the total number of questions he answered correctly. This can be found by adding the correct answers from both halves of the game: 6 (first half) + 4 (second half). Each question is worth 3 points."",
    response=18.0
)",False
"Example({'response': 32, 'question': ' Lana was unboxing some of her old winter clothes. She found 4 boxes of clothing and inside each box there were 2 scarves and 6 mittens. How many pieces of winter clothing did Lana have total? '}) (input_keys={'question'})","Prediction(
    reasoning='To determine the total number of pieces of winter clothing Lana had, we need to calculate the total number of scarves and mittens. We know that each box contains 2 scarves and 6 mittens, so in one box there are a total of \\(2 + 6 = 8\\) pieces of clothing. Since she found 4 boxes, the total number of pieces of winter clothing is \\(4 \\times 8\\).',
    response=4.0
)",False
"Example({'response': 30, 'question': ' At the town carnival Oliver rode the ferris wheel 7 times and the bumper cars 3 times. If each ride cost 3 tickets, how many tickets did he use? '}) (input_keys={'question'})","Prediction(
    reasoning='To find out how many tickets Oliver used, we need to calculate the total number of rides and multiply it by the cost per ride. He rode the ferris wheel 7 times and the bumper cars 3 times, so he rode a total of 7 + 3 = 10 times. Each ride costs 3 tickets, therefore the total number of tickets used is 10 * 3.',
    response=30.0
)",True
"Example({'response': 40, 'question': ' Sarah had 4 pages of math homework and 6 pages of reading homework. If each page had 4 problems on it, how many problems did she have to complete total? '}) (input_keys={'question'})","Prediction(
    reasoning='To determine the total number of problems Sarah had to complete, we need to calculate the sum of all pages of math homework and reading homework. Each page contains 4 problems.\n\nThe total number of pages is \\(4\\) (math) + \\(6\\) (reading), which equals \\(10\\). Since each page has \\(4\\) problems, the total number of problems can be calculated as \\(10 \\times 4\\).',
    response=8.0
)",False
"Example({'response': 40, 'question': ' Kaleb was collecting cans for recycling. On Saturday he filled 4 bags up and on Sunday he filled 6 more bags. If each bag had 4 cans in it, how many cans did he pick up total? '}) (input_keys={'question'})","Prediction(
    reasoning='To find the total number of cans Kaleb collected, we need to follow these steps:\n1. Calculate the total number of bags he filled over the weekend.\n2. Multiply the total number of bags by the number of cans per bag.',
    response=64.0
)",False
"Example({'response': 54, 'question': ' Edward and his friend were buying trick decks from the magic shop for 6 dollars each. How much did they spend if Edward bought 3 decks and his friend bought 6 decks? '}) (input_keys={'question'})","Prediction(
    reasoning='To determine how much Edward and his friend spent on trick decks, we need to calculate the total cost. Edward bought 3 decks at $6 each, and his friend bought 6 decks at $6 each. The total amount can be calculated by multiplying the number of decks each person bought by the price per deck and then summing these amounts.\n\nThe calculation is as follows:\n- Cost for Edward: \\(3 \\text{ decks} \\times \\$6/\\text{deck}\\)\n- Cost for his friend: \\(6 \\text{ decks} \\times \\$6/\\text{deck}\\)\n\nTotal cost = Cost for Edward + Cost for his friend',
    response=18.0
)",False
"Example({'response': 48, 'question': ' Emily bought 4 new chairs and 2 new tables for her house. If she spent 8 minutes on each piece furniture putting it together, how many minutes did it take her to finish? '}) (input_keys={'question'})","Prediction(
    reasoning='To find out how many minutes Emily spent assembling all the furniture, we need to calculate the total number of pieces she assembled and multiply that by the time it took her to assemble each piece. She bought 4 chairs and 2 tables, so there are a total of 6 pieces. Each piece took 8 minutes.',
    response=48.0
)",True
"Example({'response': 72, 'question': ' A waiter had 9 tables he was waiting on, with 2 women and 6 men at each table. How many customers total did the waiter have? '}) (input_keys={'question'})","Prediction(
    reasoning=""To determine the total number of customers the waiter had, we need to calculate the sum of women and men at all tables. There are 9 tables, each with 2 women and 6 men.\n\nThe total number of customers can be calculated as:\n\\[ \\text{Total Customers} = (\\text{Number of Tables} \\times \\text{Women per Table}) + (\\text{Number of Tables} \\times \\text{Men per Table}) \\]\n\nSubstituting the given values:\n\\[ \\text{Total Customers} = (9 \\times 2) + (9 \\times 6) \\]\n\nLet's calculate this."",
    response=18.0
)",False
"Example({'response': 27, 'question': ' There were 4 friends playing a video game online when 5 more players joined the game. If each player had 3 lives, how many lives did they have total? '}) (input_keys={'question'})","Prediction(
    reasoning=""First calculate the total number of players by adding the initial 4 friends to the 5 more players who joined. Then, multiply this total by each player's lives (3) to find the total number of lives."",
    response=21.0
)",False
"Example({'response': 72, 'question': ' While shopping for music online, Janet bought 6 country albums and 2 pop albums. Each album came with a lyric sheet and had 9 songs. How many songs did Janet buy total? '}) (input_keys={'question'})","Prediction(
    reasoning=""To determine the total number of songs Janet bought, we need to calculate the total albums she purchased and then multiply by the number of songs per album. She bought 6 country albums and 2 pop albums, each containing 9 songs.\n\nFirst, let's find out how many albums she has in total:\n- Total albums = Country albums + Pop albums\n- Total albums = 6 + 2\n\nNext, we'll multiply the total number of albums by the number of songs per album to get the total number of songs:\n\nTotal songs = Total albums * Songs per album\n\nLet's calculate this."",
    response=18.0
)",False
"Example({'response': 8, 'question': ' The schools debate team had 26 boys and 46 girls on it. If they were split into groups of 9 how many groups could they make? '}) (input_keys={'question'})","Prediction(
    reasoning='To determine how many groups of 9 can be made from the total number of students on the debate team, we first need to calculate the total number of students. The total number of students is the sum of boys and girls. Then, by dividing this total by 9 (the group size), we get the number of complete groups that can be formed.\n\nThe total number of students is \\(26 + 46 = 72\\). Dividing 72 by 9 gives us the number of groups.',
    response=3.0
)",False
"Example({'response': 8, 'question': ' Robin uploaded 35 pictures from her phone and 5 from her camera to facebook. If she sorted the pics into 5 different albums with the same amount of pics in each album, how many pictures were in each of the albums? '}) (input_keys={'question'})","Prediction(
    reasoning='To determine how many pictures were in each of the albums, we first need to calculate the total number of pictures Robin uploaded. She uploaded 35 pictures from her phone and 5 pictures from her camera, so the total is \\(35 + 5 = 40\\) pictures. Since she sorted these pictures into 5 different albums with an equal amount in each album, we divide the total number of pictures by the number of albums.\n\n\\[ \\text{Number of pictures per album} = \\frac{\\text{Total number of pictures}}{\\text{Number of albums}} = \\frac{40}{5} \\]',
    response=0.75
)",False
"Example({'response': 6, 'question': ' Kaleb had saved up 21 dollars. If he received another 15 dollars for his allowance, how many 6 dollar toys could he buy? '}) (input_keys={'question'})","Prediction(
    reasoning='To determine how many 6-dollar toys Kaleb can buy, we first need to calculate his total amount of money. He initially had $21 and received an additional $15 from his allowance. Therefore, his total amount is the sum of these two amounts. After finding out his total amount, we divide it by the price of one toy ($6) to find out how many toys he can buy.',
    response=4.0
)",False
"Example({'response': 6, 'question': ' Olivia was making baggies of cookies with 9 cookies in each bag. If she had 13 chocolate chip cookies and 41 oatmeal cookies, how many baggies could she make? '}) (input_keys={'question'})","Prediction(
    reasoning=""To determine how many baggies Olivia can make, we need to first calculate the total number of cookies she has. She has 13 chocolate chip cookies and 41 oatmeal cookies. After finding the total number of cookies, we divide this by the number of cookies per bag (9) to find out how many full baggies she can create.\n\nFirst, let's add up all the cookies:\n- Total cookies = 13 (chocolate chip) + 41 (oatmeal)\n\nThen, we'll divide the total number of cookies by 9 to see how many full baggies she can make. We only consider whole numbers since partial baggies are not possible.\n\nLet's do these calculations."",
    response=0.3333333333333333
)",False
"Example({'response': 9, 'question': ' Luke made 9 dollars mowing lawns and 18 dollars weed eating. If he only spent 3 dollar a week, how long would the money last him? '}) (input_keys={'question'})","Prediction(
    reasoning=""To determine how long Luke's money would last him given his weekly spending, we first need to calculate the total amount of money he has. This is the sum of the money he made from mowing lawns and weed eating. After finding the total amount, we can divide it by his weekly spending to find out how many weeks (or weeks plus days) the money would last.\n\nThe formula for this calculation is:\n\\[ \\text{Total Money} = 9 + 18 \\]\n\\[ \\text{Money Duration} = \\frac{\\text{Total Money}}{\\text{Weekly Spending}} \\]\n\nLet's calculate it."",
    response=4.0
)",False
"Example({'response': 9, 'question': "" There school's baseball team had 48 new players and 6 returning players. If the coach put them into groups with 6 players in each group, how many groups would there be? ""}) (input_keys={'question'})","Prediction(
    reasoning='To determine how many groups there would be, we first need to find out the total number of players. This is calculated by adding the new players to the returning players: 48 + 6 = 54 players in total. Then, since each group contains 6 players, we divide the total number of players by the number of players per group: 54 / 6.',
    response=3.0
)",False
"Example({'response': 7, 'question': ' For a birthday party Jerry bought 41 regular sodas and 22 diet sodas. If his fridge would only hold 9 on each shelf, how many shelves would he fill up? '}) (input_keys={'question'})","Prediction(
    reasoning='To find out how many shelves Jerry can fill, we need to add the total number of sodas he bought and divide by the capacity of each shelf. The total number of sodas is 41 regular + 22 diet = 63 sodas. Each shelf holds 9 sodas. So, the number of shelves needed would be 63 divided by 9.',
    response=7.0
)",True
"Example({'response': 4, 'question': ' Paige and her friends were recycling paper for their class. For every 4 pounds they recycled they earned one point. If Paige recycled 14 pounds and her friends recycled 2 pounds, how many points did they earn? '}) (input_keys={'question'})","Prediction(
    reasoning='To determine how many points Paige and her friends earned from recycling paper, we need to calculate the total pounds of recycled paper and then divide by 4 since they earn one point for every 4 pounds.\n\nPaige recycled 14 pounds and her friends recycled 2 pounds. So, the total pounds recycled is \\(14 + 2\\). We can then find out how many points they earned by dividing this total by 4.',
    response=3.0
)",False
"Example({'response': 4, 'question': ' For homework Nancy had 17 math problems and 15 spelling problems. If she can finish 8 problems in an hour how long will it take her to finish all the problems? '}) (input_keys={'question'})","Prediction(
    reasoning='Nancy has a total of 17 math problems + 15 spelling problems = 32 problems. If she can finish 8 problems in an hour, we need to find out how many hours it will take her to complete all the problems. We do this by dividing the total number of problems by the number of problems she can solve per hour: 32 / 8.',
    response=3.0
)",False
"Example({'response': 6, 'question': ' Will was organizing his baseball cards in a binder with 3 on each page. If he had 8 new cards and 10 old cards to put in the binder, how many pages would he use? '}) (input_keys={'question'})","Prediction(
    reasoning='To determine how many pages Will would use in his binder, we first need to calculate the total number of cards he has. He has 8 new cards and 10 old cards, so the total number of cards is \\(8 + 10 = 18\\). Since each page can hold 3 cards, we divide the total number of cards by 3 to find out how many pages are needed.\n\n\\[ \\text{Total pages} = \\frac{\\text{Total cards}}{\\text{Cards per page}} = \\frac{18}{3} \\]',
    response=2.0
)",False
"Example({'response': 8, 'question': ' The schools debate team had 11 boys and 45 girls on it. If they were split into groups of 7 how many groups could they make? '}) (input_keys={'question'})","Prediction(
    reasoning='To determine how many groups of 7 can be made from the total number of students on the debate team, we first need to calculate the total number of students. The total number of students is the sum of boys and girls. Then, by dividing this total by 7 will give us the number of groups.',
    response=13.0
)",False
"Example({'response': 4, 'question': ' A group of 4 friends went into a restaurant. The chef already had 9 chicken wings cooked but cooked 7 more for the group. If they each got the same amount how many would each person get? '}) (input_keys={'question'})","Prediction(
    reasoning='To determine how many chicken wings each person gets, we first need to calculate the total number of chicken wings. The chef already had 9 chicken wings cooked and cooked an additional 7 more. Therefore, the total number of chicken wings is \\(9 + 7\\). Since there are 4 friends, we divide the total number of chicken wings by 4.',
    response=3.0
)",False
"Example({'response': 9, 'question': ' A vase can hold 6 flowers. If you had 7 carnations and 47 roses, how many vases would you need to hold the flowers? '}) (input_keys={'question'})","Prediction(
    reasoning=""To determine how many vases are needed to hold 7 carnations and 47 roses, we first need to calculate the total number of flowers. Then, since each vase can hold 6 flowers, we divide the total number of flowers by 6 and round up to ensure all flowers have a vase.\n\nFirst, let's add the number of carnations and roses: \\(7 + 47 = 54\\). Each vase holds 6 flowers, so the number of vases needed is \\(\\lceil \\frac{54}{6} \\rceil\\)."",
    response=1.0
)",False
"Example({'response': 7, 'question': ' A pet shelter had 9 puppies when another 12 were brought in. If 3 puppies a day are adopted, how long would it take for all of them to be adopted? '}) (input_keys={'question'})","Prediction(
    reasoning='To determine how long it would take for all the puppies to be adopted, we first need to calculate the total number of puppies. Initially, there were 9 puppies, and another 12 were brought in, making a total of \\(9 + 12 = 21\\) puppies. If 3 puppies are adopted each day, the time it takes for all 21 puppies to be adopted can be calculated by dividing the total number of puppies by the number of puppies adopted per day.\n\n\\[ \\text{Total days} = \\frac{\\text{Total number of puppies}}{\\text{Puppies adopted per day}} = \\frac{21}{3} \\]',
    response=2.0
)",False
"Example({'response': 3, 'question': ' Roger was helping the cafeteria workers pick up lunch trays, but he could only carry 4 trays at a time. If he had to pick up 10 trays from one table and 2 trays from another, how many trips will he make? '}) (input_keys={'question'})","Prediction(
    reasoning=""Roger needs to carry a total of 10 + 2 = 12 trays. Since he can only carry 4 trays at a time, we need to calculate how many trips are required to carry all 12 trays. This can be calculated by dividing the total number of trays by the number of trays he can carry in one trip and then rounding up if there's any remainder."",
    response=3.0
)",True
"Example({'response': 2, 'question': ' A toy store had 4 giant stuffed bears in stock when they got another shipment with 10 bears in it. The put the bears onto shelves with 7 on each shelf. How many shelves did they use? '}) (input_keys={'question'})","Prediction(
    reasoning=""To determine how many shelves were used, we first need to calculate the total number of bears. The toy store initially had 4 bears in stock and received an additional shipment containing 10 bears. Therefore, the total number of bears is \\(4 + 10 = 14\\). Since each shelf holds 7 bears, we can find out how many shelves were used by dividing the total number of bears by the number of bears per shelf.\n\n\\[ \\text{Number of shelves} = \\frac{\\text{Total number of bears}}{\\text{Bears per shelf}} = \\frac{14}{7} \\]\n\nLet's calculate this."",
    response=2.0
)",True
"Example({'response': 8, 'question': ' John made 6 dollars mowing lawns and 18 dollars weed eating. If he only spent 3 dollar a week, how long would the money last him? '}) (input_keys={'question'})","Prediction(
    reasoning=""To determine how long John's money would last him, we first need to calculate his total earnings. He made $6 mowing lawns and $18 weed eating. Adding these together gives us a total of $24. Since he spends $3 per week, we can divide his total earnings by the weekly spending to find out how many weeks his money will last."",
    response=2.0
)",False
"Example({'response': 9, 'question': "" Wendy's old washing machine could only wash 8 pieces of clothing at a time. If she had to wash 39 shirts and 33 sweaters how many loads would she have to do? ""}) (input_keys={'question'})","Prediction(
    reasoning='To determine how many loads Wendy needs to wash 39 shirts and 33 sweaters, we first need to calculate the total number of pieces of clothing. Then, since each load can only hold 8 items, we divide this total by 8 and round up because even if there are fewer than 8 items left, they still require a full load.\n\nTotal pieces of clothing = Number of shirts + Number of sweaters\nTotal loads needed = ceil(Total pieces of clothing / Load capacity)\n\nWhere ""ceil"" is the function that rounds up to the nearest whole number since partial loads aren\'t possible.',
    response=10.0
)",False
"Example({'response': 2, 'question': "" Debby's class is going on a field trip to the zoo. If each van can hold 4 people and there are 2 students and 6 adults going, how many vans will they need? ""}) (input_keys={'question'})","Prediction(
    reasoning=""To determine how many vans are needed, we first need to calculate the total number of people going on the field trip. There are 2 students and 6 adults, so the total number of people is \\(2 + 6 = 8\\). Since each van can hold 4 people, we divide the total number of people by the capacity of one van: \\(\\frac{8}{4} = 2\\) vans. However, if there are not enough whole vans to accommodate everyone (i.e., if the division is not exact), an additional van will be needed.\n\nIn this case, since \\(8 / 4 = 2\\), no need for extra vans as it's already a whole number."",
    response=2.0
)",True
"Example({'response': 2, 'question': ' Isabel uploaded 2 pictures from her phone and 4 from her camera to facebook. If she sorted the pics into 3 different albums with the same amount of pics in each album, how many pictures were in each of the albums? '}) (input_keys={'question'})","Prediction(
    reasoning='To determine how many pictures were in each of the albums, we first need to calculate the total number of pictures Isabel uploaded. She uploaded 2 pictures from her phone and 4 pictures from her camera, so the total number of pictures is \\(2 + 4 = 6\\). Since she sorted these pictures into 3 different albums with an equal amount in each album, we divide the total number of pictures by 3.',
    response=0.0
)",False
"Example({'response': 7, 'question': "" While playing at the arcade, Frank won 33 tickets playing 'whack a mole' and 9 tickets playing 'skee ball'. If he was trying to buy candy that cost 6 tickets a piece, how many could he buy? ""}) (input_keys={'question'})","Prediction(
    reasoning=""To determine how many pieces of candy Frank can buy, we first need to calculate the total number of tickets he has. He won 33 tickets from 'whack a mole' and 9 tickets from 'skeeball'. The cost of one piece of candy is 6 tickets.\n\nFirst, let's add up all his tickets: \\(33 + 9\\). Then we divide the total number of tickets by the ticket price per candy to find out how many pieces of candy he can buy. Since the number of candies must be an integer (you can't buy a fraction of a piece of candy), we will take the floor value of the division result."",
    response=2.0
)",False
"Example({'response': 8, 'question': ' Mike made 14 dollars mowing lawns and 26 dollars weed eating. If he only spent 5 dollar a week, how long would the money last him? '}) (input_keys={'question'})","Prediction(
    reasoning=""To determine how long Mike's money would last him if he spends $5 per week, we first need to calculate his total earnings. He made $14 from mowing lawns and $26 from weed eating. The total amount of money he has is the sum of these two amounts. After finding the total amount, we can divide it by the weekly spending of $5 to find out how many weeks the money will last."",
    response=3.0
)",False
"Example({'response': 6, 'question': ' Gwen and her friends were recycling paper for their class. For every 3 pounds they recycled they earned one point. If Gwen recycled 5 pounds and her friends recycled 13 pounds, how many points did they earn? '}) (input_keys={'question'})","Prediction(
    reasoning=""To determine how many points Gwen and her friends earned from recycling paper, we need to calculate the total pounds of recycled paper and then divide by 3 since they earn one point for every 3 pounds.\n\nGwen recycled 5 pounds. Her friends recycled 13 pounds. Therefore, the total pounds of recycled paper is \\(5 + 13\\). We can then find out how many points they earned by dividing this total by 3 and taking the integer part of the result since points are whole numbers.\n\nLet's calculate it."",
    response=4.0
)",False
"Example({'response': 4, 'question': ' Robin uploaded 31 pictures from her phone and 5 from her camera to facebook. If she sorted the pics into 9 different albums with the same amount of pics in each album, how many pictures were in each of the albums? '}) (input_keys={'question'})","Prediction(
    reasoning='To determine how many pictures were in each of the albums, we first need to find out the total number of pictures Robin uploaded. She uploaded 31 pictures from her phone and 5 from her camera, so the total number of pictures is \\(31 + 5\\). Since she sorted these pictures into 9 different albums with an equal amount in each album, we divide the total number of pictures by 9 to find out how many pictures were in each album.',
    response=2.0
)",False
"Example({'response': 2, 'question': ' For Halloween Megan received 11 pieces of candy from neighbors and 5 pieces from her older sister. If she only ate 8 pieces a day, how long would the candy last her? '}) (input_keys={'question'})","Prediction(
    reasoning=""To determine how long Megan's candy would last her if she eats 8 pieces per day, we first need to calculate the total number of candies she received. She got 11 pieces from neighbors and 5 pieces from her older sister, so the total is \\(11 + 5\\). After finding the total, we divide it by the number of pieces she eats each day (8) to find out how many days the candy will last."",
    response=3.0
)",False
"Example({'response': 7, 'question': ' Maria was making baggies of cookies with 5 cookies in each bag. If she had 33 chocolate chip cookies and 2 oatmeal cookies, how many baggies could she make? '}) (input_keys={'question'})","Prediction(
    reasoning='To determine how many baggies Maria can make, we need to first calculate the total number of cookies she has. She has 33 chocolate chip cookies and 2 oatmeal cookies, which sums up to 35 cookies in total. Each baggie contains 5 cookies. Therefore, the number of baggies she can make is the total number of cookies divided by the number of cookies per baggie.\n\n\\[ \\text{Number of baggies} = \\frac{\\text{Total number of cookies}}{\\text{Cookies per baggie}} = \\frac{35}{5} \\]',
    response=2.0
)",False
"Example({'response': 2, 'question': "" There school's baseball team had 4 new players and 6 returning players. If the coach put them into groups with 5 players in each group, how many groups would there be? ""}) (input_keys={'question'})","Prediction(
    reasoning='To determine how many groups there would be when the coach puts 5 players in each group, we first need to find out the total number of players. The total number of players is the sum of new and returning players, which is \\(4 + 6 = 10\\). Then, dividing this total by the number of players per group (which is 5) will give us the number of groups.\n\n\\[ \\text{Total Groups} = \\frac{\\text{Total Players}}{\\text{Players Per Group}} = \\frac{10}{5} \\]',
    response=0.0
)",False
"Example({'response': 5, 'question': ' A pet shelter had 5 puppies when another 35 were brought in. If 8 puppies a day are adopted, how long would it take for all of them to be adopted? '}) (input_keys={'question'})","Prediction(
    reasoning='To determine how long it would take for all the puppies to be adopted, we first need to calculate the total number of puppies. Initially there are 5 puppies, and another 35 were brought in, making a total of \\(5 + 35 = 40\\) puppies. If 8 puppies adopt per day, we can find out how many days it would take for all 40 puppies to be adopted by dividing the total number of puppies by the daily adoptions.\n\n\\[ \\text{Total days} = \\frac{\\text{Total number of puppies}}{\\text{Daily adoptions}} = \\frac{40}{8} \\]',
    response=3.0
)",False
"Example({'response': 3, 'question': "" Nancy's class is going on a field trip to the zoo. If each van can hold 5 people and there are 12 students and 3 adults going, how many vans will they need? ""}) (input_keys={'question'})","Prediction(
    reasoning=""To determine how many vans are needed, we first need to calculate the total number of people going on the field trip. There are 12 students and 3 adults, so the total number of people is \\(12 + 3 = 15\\). Each van can hold 5 people, so we divide the total number of people by the capacity of each van to find out how many vans are needed.\n\nIf the division results in a whole number, then that's the exact number of vans required. If it results in a fraction or decimal, we need to round up because even if there is one person left over, they would still require an additional van.\n\nLet's calculate this."",
    response=2.0
)",False
"Example({'response': 8, 'question': ' Dave was helping the cafeteria workers pick up lunch trays, but he could only carry 9 trays at a time. If he had to pick up 17 trays from one table and 55 trays from another, how many trips will he make? '}) (input_keys={'question'})","Prediction(
    reasoning='Dave needs to carry a total of 17 + 55 = 72 trays. Since he can only carry 9 trays at a time, we need to calculate how many trips are required to carry all the trays. This can be calculated by dividing the total number of trays by the number of trays he can carry per trip and then rounding up if there is any remainder.',
    response=4.0
)",False
"Example({'response': 8, 'question': ' For a birthday party George bought 10 regular sodas and 22 diet sodas. If his fridge would only hold 4 on each shelf, how many shelves would he fill up? '}) (input_keys={'question'})","Prediction(
    reasoning='To determine how many shelves George would fill up, we first need to calculate the total number of sodas he bought. He bought 10 regular sodas and 22 diet sodas, so the total is \\(10 + 22 = 32\\) sodas. Since his fridge can hold 4 sodas on each shelf, we divide the total number of sodas by 4 to find out how many shelves he would fill up.',
    response=3.0
)",False
"Example({'response': 8, 'question': ' The schools debate team had 28 boys and 4 girls on it. If they were split into groups of 4 how many groups could they make? '}) (input_keys={'question'})","Prediction(
    reasoning='To determine how many groups of 4 can be made from the total number of students on the debate team, we first need to calculate the total number of students. The total is the sum of boys and girls.\n\nGiven:\n- Number of boys = 28\n- Number of girls = 4\n\nTotal number of students = Number of boys + Number of girls\n\nThen, divide this total by 4 to find out how many groups can be made with each group consisting of 4 students.',
    response=15.0
)",False
"Example({'response': 3, 'question': ' Maria was making baggies of cookies with 8 cookies in each bag. If she had 5 chocolate chip cookies and 19 oatmeal cookies, how many baggies could she make? '}) (input_keys={'question'})","Prediction(
    reasoning=""To determine how many baggies Maria can make, we need to first calculate the total number of cookies she has. She has 5 chocolate chip cookies and 19 oatmeal cookies. The total number of cookies is therefore \\(5 + 19\\). Each baggie contains 8 cookies. We then divide the total number of cookies by 8 to find out how many full baggies can be made.\n\nLet's calculate this step-by-step:\n\n1. Calculate the total number of cookies: \\(5 + 19 = 24\\).\n2. Divide the total number of cookies by the number of cookies per baggie (8): \\(\\frac{24}{8} = 3\\).\n\nSince we are looking for full baggies, any remainder would not constitute a complete baggie."",
    response=3.0
)",True
"Example({'response': 9, 'question': ' For Halloween Sarah received 66 pieces of candy from neighbors and 15 pieces from her older sister. If she only ate 9 pieces a day, how long would the candy last her? '}) (input_keys={'question'})","Prediction(
    reasoning=""To determine how long Sarah's candy stash will last, we first need to calculate the total number of pieces she received. Then, we divide this total by the number of pieces she eats per day to find out how many days her candy supply will last."",
    response=5.0
)",False
"Example({'response': 9, 'question': ' Henry was helping the cafeteria workers pick up lunch trays, but he could only carry 9 trays at a time. If he had to pick up 29 trays from one table and 52 trays from another, how many trips will he make? '}) (input_keys={'question'})","Prediction(
    reasoning=""To determine how many trips Henry will make, we need to calculate the total number of trays he needs to pick up and then divide this by the number of trays he can carry at a time. This calculation should be done separately for each table and then summed.\n\nFirst, Henry has 29 trays from one table and 52 trays from another table. He can carry 9 trays per trip.\n\nThe total number of trips required is given by:\n\\[ \\text{Total Trips} = \\left\\lceil \\frac{\\text{T1} + \\text{T2}}{\\text{Trays Per Trip}} \\right\\rceil \\]\nwhere T1 and T2 are the number of trays from each table, and Trays Per Trip is the number of trays Henry can carry at a time.\n\nLet's calculate this."",
    response=3.0
)",False
"Example({'response': 4, 'question': ' Tiffany uploaded 7 pictures from her phone and 13 from her camera to facebook. If she sorted the pics into 5 different albums with the same amount of pics in each album, how many pictures were in each of the albums? '}) (input_keys={'question'})","Prediction(
    reasoning='To determine how many pictures were in each of the albums, we first need to find out the total number of pictures Tiffany uploaded. She uploaded 7 pictures from her phone and 13 pictures from her camera, so the total number of pictures is \\(7 + 13 = 20\\). Since she sorted these pictures into 5 different albums with an equal amount in each album, we need to divide the total number of pictures by the number of albums. Thus, each album contains \\( \\frac{20}{5} = 4 \\) pictures.',
    response=4.0
)",True
"Example({'response': 2, 'question': ' A toy store had 5 giant stuffed bears in stock when they got another shipment with 7 bears in it. The put the bears onto shelves with 6 on each shelf. How many shelves did they use? '}) (input_keys={'question'})","Prediction(
    reasoning='To determine how many shelves were used, we first need to calculate the total number of bears. The toy store initially had 5 bears in stock and received an additional shipment containing 7 bears. Therefore, the total number of bears is \\(5 + 7 = 12\\). Each shelf holds 6 bears. To find out how many shelves were used, we divide the total number of bears by the number of bears per shelf: \\(\\frac{12}{6} = 2\\) shelves.',
    response=2.0
)",True
"Example({'response': 9, 'question': ' Paul made 68 dollars mowing lawns and 13 dollars weed eating. If he only spent 9 dollar a week, how long would the money last him? '}) (input_keys={'question'})","Prediction(
    reasoning=""To determine how long Paul's money would last him, we first need to calculate his total earnings. He made $68 from mowing lawns and $13 from weed eating. The total amount of money he has is the sum of these two amounts. After finding the total, we can divide this by the weekly spending of $9 to find out how many weeks his money would last."",
    response=4.222222222222222
)",False
"Example({'response': 2, 'question': "" While playing at the arcade, Edward won 3 tickets playing 'whack a mole' and 5 tickets playing 'skee ball'. If he was trying to buy candy that cost 4 tickets a piece, how many could he buy? ""}) (input_keys={'question'})","Prediction(
    reasoning='First, calculate the total number of tickets Edward won. Then, divide this total by the cost per candy to find out how many candies he can buy.',
    response=2.0
)",True
"Example({'response': 6, 'question': "" Megan's class is going on a field trip to the zoo. If each van can hold 5 people and there are 25 students and 5 adults going, how many vans will they need? ""}) (input_keys={'question'})","Prediction(
    reasoning=""To determine how many vans are needed, we first need to calculate the total number of people going on the field trip. This is the sum of students and adults. Given that each van can hold 5 people, we divide the total number of people by 5 to find out how many vans are required. If there's a remainder, an additional van will be needed.\n\nTotal number of people = Number of students + Number of adults\nNumber of vans needed = Total number of people / 5\n\nLet's calculate this."",
    response=10.0
)",False
"Example({'response': 4, 'question': ' Luke was organizing his baseball cards in a binder with 3 on each page. If he had 3 new cards and 9 old cards to put in the binder, how many pages would he use? '}) (input_keys={'question'})","Prediction(
    reasoning='To determine how many pages Luke would use in his binder, we first need to calculate the total number of cards he has. He has 3 new cards and 9 old cards, so the total is 12 cards. Since each page can hold 3 cards, we divide the total number of cards by 3 to find out how many pages are needed.',
    response=4.0
)",True
"Example({'response': 3, 'question': ' A group of 3 friends went into a restaurant. The chef already had 6 chicken wings cooked but cooked 3 more for the group. If they each got the same amount how many would each person get? '}) (input_keys={'question'})","Prediction(
    reasoning='To determine how many chicken wings each person gets, we first need to calculate the total number of chicken wings. The chef initially had 6 chicken wings cooked and added 3 more. Therefore, the total number of chicken wings is \\(6 + 3 = 9\\). There are 3 friends sharing these chicken wings equally.',
    response=0.3333333333333333
)",False
"Example({'response': 5, 'question': ' Olivia uploaded 5 pictures from her phone and 35 from her camera to facebook. If she sorted the pics into 8 different albums with the same amount of pics in each album, how many pictures were in each of the albums? '}) (input_keys={'question'})","Prediction(
    reasoning='To determine how many pictures were in each of the albums, we first need to find out the total number of pictures Olivia uploaded. She uploaded 5 pictures from her phone and 35 pictures from her camera. The total number of pictures is therefore \\(5 + 35 = 40\\). Since she sorted these pictures into 8 different albums with an equal amount in each, we need to divide the total number of pictures by the number of albums.\n\n\\[ \\text{Pictures per album} = \\frac{\\text{Total Pictures}}{\\text{Number of Albums}} = \\frac{40}{8} \\]',
    response=2.5
)",False
"Example({'response': 4, 'question': ' A toy store had 6 giant stuffed bears in stock when they got another shipment with 18 bears in it. The put the bears onto shelves with 6 on each shelf. How many shelves did they use? '}) (input_keys={'question'})","Prediction(
    reasoning='To determine how many shelves were used, we first need to calculate the total number of bears. The toy store initially had 6 bears in stock and received an additional shipment containing 18 bears. Therefore, the total number of bears is \\(6 + 18\\). After finding the total number of bears, we divide this by the number of bears per shelf (which is 6) to determine how many shelves were used.',
    response=4.0
)",True
"Example({'response': 2, 'question': ' Jerry was helping the cafeteria workers pick up lunch trays, but he could only carry 8 trays at a time. If he had to pick up 9 trays from one table and 7 trays from another, how many trips will he make? '}) (input_keys={'question'})","Prediction(
    reasoning=""Jerry needs to carry 9 trays from one table and 7 trays from another, which totals up to 16 trays. Since he can only carry 8 trays at a time, we need to calculate how many trips are required for all the trays.\n\nFirst, let's see if Jerry can carry all the trays in one trip by dividing the total number of trays (16) by the number of trays he can carry per trip (8). If there is any remainder, it means an additional trip will be needed. \n\nWe'll calculate this using integer division and check for a remainder."",
    response=2.0
)",True
"Example({'response': 5, 'question': ' A vase can hold 5 flowers. If you had 6 carnations and 19 roses, how many vases would you need to hold the flowers? '}) (input_keys={'question'})","Prediction(
    reasoning='To determine how many vases are needed to hold 6 carnations and 19 roses, we first need to calculate the total number of flowers. Then, since each vase can hold 5 flowers, we divide the total number of flowers by 5 to find out how many vases are required.\n\nGiven:\n- Number of carnations = 6\n- Number of roses = 19\n- Flowers per vase = 5\n\nTotal flowers = Number of carnations + Number of roses\nVases needed = Total flowers / Flowers per vase\n\nWe can calculate the total number of flowers and then determine how many vases are required.',
    response=4.0
)",False
"Example({'response': 9, 'question': ' Haley and her friends were recycling paper for their class. For every 3 pounds they recycled they earned one point. If Haley recycled 11 pounds and her friends recycled 16 pounds, how many points did they earn? '}) (input_keys={'question'})","Prediction(
    reasoning=""Haley's friends recycled 16 pounds of paper, which means they earned \\( \\frac{16}{3} \\) points. Haley recycled 11 pounds of paper, so she earned \\( \\frac{11}{3} \\) points. The total number of points they earned is the sum of these two values."",
    response=4.666666666666667
)",False
"Example({'response': 9, 'question': ' A pet shelter had 17 puppies when another 55 were brought in. If 8 puppies a day are adopted, how long would it take for all of them to be adopted? '}) (input_keys={'question'})","Prediction(
    reasoning='To determine how long it would take for all the puppies to be adopted, we first need to calculate the total number of puppies. Initially, there were 17 puppies at the shelter, and another 55 were brought in. Therefore, the total number of puppies is \\(17 + 55\\). After that, we can find out how many days it would take for all these puppies to be adopted if 8 puppies are adopted each day.',
    response=4.0
)",False
"Example({'response': 7, 'question': "" There school's baseball team had 12 new players and 44 returning players. If the coach put them into groups with 8 players in each group, how many groups would there be? ""}) (input_keys={'question'})","Prediction(
    reasoning='To determine how many groups there would be, we first need to find out the total number of players. This is calculated by adding the new players to the returning players: 12 + 44 = 56 players in total. Next, we divide this total by the group size (8) to find out how many full groups can be formed.',
    response=3.0
)",False
"Example({'response': 5, 'question': ' Frank had saved up 3 dollars. If he received another 37 dollars for his allowance, how many 8 dollar toys could he buy? '}) (input_keys={'question'})","Prediction(
    reasoning=""To determine how many 8-dollar toys Frank can buy, we first need to calculate his total amount of money. He initially had $3 and received an additional $37 as allowance. Therefore, his total amount is $3 + $37 = $40. Next, we divide this total by the price of one toy ($8) to find out how many toys he can buy.\n\nWe need to perform integer division since Frank cannot purchase a fraction of a toy. Let's calculate it."",
    response=2.5
)",False
"Example({'response': 4, 'question': ' Luke was organizing his baseball cards in a binder with 3 on each page. If he had 3 new cards and 9 old cards to put in the binder, how many pages would he use? '}) (input_keys={'question'})","Prediction(
    reasoning='To determine how many pages Luke would use in his binder, we need to first calculate the total number of cards he has. He has 3 new cards and 9 old cards, so the total number of cards is \\(3 + 9 = 12\\). Since each page can hold 3 cards, we divide the total number of cards by 3 to find out how many pages are needed.\n\n\\[ \\text{Total Pages} = \\frac{\\text{Total Cards}}{\\text{Cards per Page}} = \\frac{12}{3} \\]',
    response=4.0
)",True
"Example({'response': 3, 'question': ' A group of 3 friends went into a restaurant. The chef already had 6 chicken wings cooked but cooked 3 more for the group. If they each got the same amount how many would each person get? '}) (input_keys={'question'})","Prediction(
    reasoning='To determine how many chicken wings each person gets, we first need to calculate the total number of chicken wings. The chef initially had 6 chicken wings cooked, and they cooked an additional 3 more for the group. Therefore, the total number of chicken wings is \\(6 + 3\\). Since there are 3 friends sharing equally, we divide the total by 3.',
    response=2.0
)",False
"Example({'response': 5, 'question': ' Olivia uploaded 5 pictures from her phone and 35 from her camera to facebook. If she sorted the pics into 8 different albums with the same amount of pics in each album, how many pictures were in each of the albums? '}) (input_keys={'question'})","Prediction(
    reasoning='To determine how many pictures were in each of the albums, we first need to find out the total number of pictures Olivia uploaded. She uploaded 5 pictures from her phone and 35 pictures from her camera. The total number of pictures is therefore \\(5 + 35 = 40\\). Since she sorted these pictures into 8 different albums with an equal amount in each, we need to divide the total number of pictures by the number of albums.\n\n\\[ \\text{Pictures per album} = \\frac{\\text{Total Pictures}}{\\text{Number of Albums}} = \\frac{40}{8} \\]',
    response=2.5
)",False
"Example({'response': 4, 'question': ' A toy store had 6 giant stuffed bears in stock when they got another shipment with 18 bears in it. The put the bears onto shelves with 6 on each shelf. How many shelves did they use? '}) (input_keys={'question'})","Prediction(
    reasoning='To determine how many shelves were used, we first need to calculate the total number of bears. The toy store initially had 6 bears in stock and received an additional shipment containing 18 bears. Therefore, the total number of bears is \\(6 + 18\\). After finding the total number of bears, we divide this by the number of bears per shelf (which is 6) to determine how many shelves were used.',
    response=4.0
)",True
"Example({'response': 2, 'question': ' Jerry was helping the cafeteria workers pick up lunch trays, but he could only carry 8 trays at a time. If he had to pick up 9 trays from one table and 7 trays from another, how many trips will he make? '}) (input_keys={'question'})","Prediction(
    reasoning='Jerry needs to pick up a total of 9 trays from one table and 7 trays from another, which sums up to 16 trays. Since he can carry only 8 trays at a time, we need to calculate the number of trips required.\n\nThe first trip will cover 8 trays (the maximum he can carry). After this, there will be 9 - 8 = 1 tray left from one table and 7 trays from another, making it 8 more trays in total. Since he still cannot carry all these trays at once, he needs to make an additional trip for the remaining trays.\n\nTherefore, Jerry will need a total of 2 trips (one for the first 8 trays and another for the remaining 8 trays).',
    response=2.0
)",True
"Example({'response': 5, 'question': ' A vase can hold 5 flowers. If you had 6 carnations and 19 roses, how many vases would you need to hold the flowers? '}) (input_keys={'question'})","Prediction(
    reasoning='To determine how many vases are needed to hold the flowers, we first need to calculate the total number of flowers. We have 6 carnations and 19 roses, which gives us a total of 25 flowers (6 + 19 = 25). Since each vase can hold 5 flowers, we divide the total number of flowers by the capacity of one vase.',
    response=3.0
)",False
"Example({'response': 9, 'question': ' Haley and her friends were recycling paper for their class. For every 3 pounds they recycled they earned one point. If Haley recycled 11 pounds and her friends recycled 16 pounds, how many points did they earn? '}) (input_keys={'question'})","Prediction(
    reasoning='To determine how many points Haley and her friends earned from recycling paper, we first need to calculate the total pounds of recycled paper. We know that Haley recycled 11 pounds and her friends recycled 16 pounds. The total pounds recycled is therefore \\(11 + 16\\). For every 3 pounds recycled, they earn one point. So, we divide the total pounds by 3 to find out how many points they earned.',
    response=4.0
)",False
"Example({'response': 9, 'question': ' A pet shelter had 17 puppies when another 55 were brought in. If 8 puppies a day are adopted, how long would it take for all of them to be adopted? '}) (input_keys={'question'})","Prediction(
    reasoning=""To determine how long it would take for all the puppies to be adopted, we first need to calculate the total number of puppies. Initially there were 17 puppies, and another 55 were brought in. So, the total number of puppies is \\(17 + 55\\). After that, we can find out how many days it would take for all these puppies to be adopted if 8 puppies are adopted each day.\n\nThe formula to calculate the number of days required is:\n\\[ \\text{Number of days} = \\frac{\\text{Total number of puppies}}{\\text{Puppies adopted per day}} \\]\n\nLet's perform the calculation."",
    response=10.625
)",False
"Example({'response': 7, 'question': "" There school's baseball team had 12 new players and 44 returning players. If the coach put them into groups with 8 players in each group, how many groups would there be? ""}) (input_keys={'question'})","Prediction(
    reasoning='To determine how many groups there would be, we first need to find out the total number of players. This is calculated by adding the new players to the returning players: 12 + 44 = 56 players in total. Then, we divide this total by the group size (8) to find the number of groups.',
    response=3.125
)",False
"Example({'response': 5, 'question': ' Frank had saved up 3 dollars. If he received another 37 dollars for his allowance, how many 8 dollar toys could he buy? '}) (input_keys={'question'})","Prediction(
    reasoning='To determine how many 8-dollar toys Frank can buy, we first need to calculate his total amount of money. He initially had $3 and received an additional $37. After adding these amounts together, we divide by the price of one toy ($8) to find out how many he can afford.',
    response=4.0
)",False
"Example({'response': 9, 'question': ' A pet shelter had 8 puppies when another 19 were brought in. If 3 puppies a day are adopted, how long would it take for all of them to be adopted? '}) (input_keys={'question'})","Prediction(
    reasoning='To determine how long it would take for all the puppies to be adopted, we first need to calculate the total number of puppies. Initially, there are 8 puppies at the shelter, and another 19 are brought in. Therefore, the total number of puppies is \\(8 + 19 = 27\\). Given that 3 puppies a day are adopted, the time it would take for all of them to be adopted can be calculated by dividing the total number of puppies by the daily adoption rate.\n\n\\[ \\text{Total days} = \\frac{\\text{Total number of puppies}}{\\text{Daily adoption rate}} = \\frac{27}{3} \\]',
    response=27.0
)",False
"Example({'response': 5, 'question': ' For homework Faye had 13 math problems and 2 spelling problems. If she can finish 3 problems in an hour how long will it take her to finish all the problems? '}) (input_keys={'question'})","Prediction(
    reasoning='Faye has a total of 13 math problems + 2 spelling problems = 15 problems to complete. If she can finish 3 problems in an hour, it will take her 15 / 3 = 5 hours to finish all the problems.',
    response=5.0
)",True
"Example({'response': 5, 'question': ' Sam had saved up 8 dollars. If he received another 7 dollars for his allowance, how many 3 dollar toys could he buy? '}) (input_keys={'question'})","Prediction(
    reasoning='To determine how many 3 dollar toys Sam can buy, we first need to calculate his total amount of money. He initially had $8 and received an additional $7 from his allowance. Therefore, his total amount is \\(8 + 7 = 15\\) dollars. Next, we divide this total by the price of one toy ($3) to find out how many toys he can buy.\n\n\\[ \\text{Number of toys} = \\frac{\\text{Total money}}{\\text{Price per toy}} = \\frac{15}{3} \\]',
    response=3.0
)",False
"Example({'response': 9, 'question': ' Bianca and her friends were recycling paper for their class. For every 3 pounds they recycled they earned one point. If Bianca recycled 24 pounds and her friends recycled 3 pounds, how many points did they earn? '}) (input_keys={'question'})","Prediction(
    reasoning=""To determine how many points Bianca and her friends earned, we need to calculate the total pounds of paper they recycled and then divide by 3 since each 3 pounds earns them one point.\n\nBianca recycled 24 pounds. Her friends recycled an additional 3 pounds. So, the total pounds recycled is \\(24 + 3\\). We can then find out how many points they earned by dividing this total by 3.\n\n\\[ \\text{Total Points} = \\frac{\\text{Total Pounds Recycled}}{3} \\]\n\nLet's calculate it."",
    response=10.0
)",False
"Example({'response': 5, 'question': "" There school's baseball team had 31 new players and 4 returning players. If the coach put them into groups with 7 players in each group, how many groups would there be? ""}) (input_keys={'question'})","Prediction(
    reasoning='To determine how many groups there would be, we first need to find out the total number of players. There are 31 new players and 4 returning players, so the total number of players is 31 + 4 = 35. The coach puts them into groups with 7 players in each group, so the number of groups can be found by dividing the total number of players by 7.',
    response=2.0
)",False
"Example({'response': 4, 'question': ' Oliver was organizing his baseball cards in a binder with 3 on each page. If he had 2 new cards and 10 old cards to put in the binder, how many pages would he use? '}) (input_keys={'question'})","Prediction(
    reasoning=""To determine how many pages Oliver would use in his binder, we need to calculate the total number of cards he has and then divide by the number of cards per page. He has 2 new cards and 10 old cards, so that's a total of 12 cards. Since each page holds 3 cards, we can find out how many pages are needed by dividing the total number of cards by the number of cards per page."",
    response=4.0
)",True
"Example({'response': 2, 'question': ' Paul made 3 dollars mowing lawns and 3 dollars weed eating. If he only spent 3 dollar a week, how long would the money last him? '}) (input_keys={'question'})","Prediction(
    reasoning=""To determine how long Paul's money would last him given his weekly spending, we first need to calculate his total earnings. He made $3 mowing lawns and $3 weed eating, so his total earnings are $6. If he spends $3 a week, the number of weeks his money will last is the total earnings divided by the weekly spending."",
    response=2.0
)",True
"Example({'response': 8, 'question': ' Robin was making baggies of cookies with 6 cookies in each bag. If she had 23 chocolate chip cookies and 25 oatmeal cookies, how many baggies could she make? '}) (input_keys={'question'})","Prediction(
    reasoning='To determine how many baggies of cookies Robin can make, we need to first find out the total number of cookies she has. She has 23 chocolate chip cookies and 25 oatmeal cookies. After finding the total number of cookies, we divide this by the number of cookies per bag (6) to see how many full baggies she can create.\n\nTotal number of cookies = 23 + 25\nNumber of baggies = Total number of cookies / Number of cookies per bag',
    response=10.5
)",False
"Example({'response': 5, 'question': ' The schools debate team had 5 boys and 40 girls on it. If they were split into groups of 9 how many groups could they make? '}) (input_keys={'question'})","Prediction(
    reasoning=""To determine how many groups of 9 can be made from the total number of students on the debate team, we first need to calculate the total number of students. The total number of students is the sum of boys and girls. Then, by dividing this total by 9 (the group size), we will get the number of complete groups that can be formed.\n\nThe total number of students = Number of boys + Number of girls\nTotal number of students = 5 + 40\n\nThen, to find out how many groups of 9 can be made:\nNumber of groups = Total number of students / Group size (9)\n\nLet's calculate this."",
    response=1.2222222222222223
)",False
"Example({'response': 5, 'question': ' At a company picnic 23 managers and 7 employees decided to start a game of volleyball. If they split into 6 teams how many people would be on each team? '}) (input_keys={'question'})","Prediction(
    reasoning='To determine how many people would be on each team if 23 managers and 7 employees split into 6 teams, we first need to calculate the total number of participants. This is done by adding the number of managers and employees together: \\(23 + 7 = 30\\). Then, we divide this total by the number of teams (6) to find out how many people would be on each team.\n\n\\[ \\text{People per team} = \\frac{\\text{Total participants}}{\\text{Number of teams}} = \\frac{30}{6} \\]',
    response=3.3333333333333335
)",False
"Example({'response': 8, 'question': ' For a birthday party Cody bought 4 regular sodas and 44 diet sodas. If his fridge would only hold 6 on each shelf, how many shelves would he fill up? '}) (input_keys={'question'})","Prediction(
    reasoning='To determine how many shelves Cody can fill up in his fridge, we first need to calculate the total number of sodas he bought. He bought 4 regular sodas and 44 diet sodas, so the total number of sodas is \\(4 + 44 = 48\\). Since each shelf holds 6 sodas, we can find out how many shelves are needed by dividing the total number of sodas by the capacity of one shelf. \n\n\\[ \\text{Number of shelves} = \\frac{\\text{Total number of sodas}}{\\text{Sodas per shelf}} = \\frac{48}{6} \\]',
    response=3.0
)",False
"Example({'response': 3, 'question': "" Robin's class is going on a field trip to the zoo. If each van can hold 8 people and there are 22 students and 2 adults going, how many vans will they need? ""}) (input_keys={'question'})","Prediction(
    reasoning='To determine how many vans are needed, we first need to calculate the total number of people going on the field trip. There are 22 students and 2 adults, so the total is \\(22 + 2 = 24\\) people. Each van can hold 8 people. To find out how many vans are required, we divide the total number of people by the capacity of one van: \\(\\frac{24}{8} = 3\\). Since this division might result in a fraction or decimal, and any partial van would still need to be accounted for as an additional full van, we must round up. In this case, since 24 divided by 8 is exactly 3, no rounding is necessary.',
    response=3.0
)",True
"Example({'response': 2, 'question': ' Ned was helping the cafeteria workers pick up lunch trays, but he could only carry 5 trays at a time. If he had to pick up 5 trays from one table and 5 trays from another, how many trips will he make? '}) (input_keys={'question'})","Prediction(
    reasoning='To determine how many trips Ned will make, we need to consider that he can carry 5 trays at a time. He needs to pick up 5 trays from one table and another 5 trays from another table, which totals to 10 trays. Since he can only carry 5 trays per trip, the number of trips required is calculated by dividing the total number of trays by the number of trays he can carry in each trip.\n\nNed will make 2 trips because \\( \\frac{10}{5} = 2 \\).',
    response=2.0
)",True
"Example({'response': 2, 'question': "" There school's baseball team had 2 new players and 6 returning players. If the coach put them into groups with 4 players in each group, how many groups would there be? ""}) (input_keys={'question'})","Prediction(
    reasoning='First calculate the total number of players by adding new and returning players. Then, divide this total by the group size to find out how many groups there are. The division will result in a quotient that represents the number of full groups.',
    response=2.0
)",True
"Example({'response': 6, 'question': ' For homework Amy had 18 math problems and 6 spelling problems. If she can finish 4 problems in an hour how long will it take her to finish all the problems? '}) (input_keys={'question'})","Prediction(
    reasoning='Amy has a total of 18 math problems + 6 spelling problems = 24 problems to complete. If she can finish 4 problems in an hour, it will take her 24 / 4 = 6 hours to finish all the problems.',
    response=6.0
)",True
"Example({'response': 6, 'question': ' Maria was making baggies of cookies with 3 cookies in each bag. If she had 2 chocolate chip cookies and 16 oatmeal cookies, how many baggies could she make? '}) (input_keys={'question'})","Prediction(
    reasoning=""To determine how many baggies of cookies Maria can make, we first need to calculate the total number of cookies she has. She has 2 chocolate chip cookies and 16 oatmeal cookies. Adding these together gives us a total of 18 cookies. Since each baggie contains 3 cookies, we divide the total number of cookies by the number of cookies per baggie.\n\n\\[ \\text{Total baggies} = \\frac{\\text{Total cookies}}{\\text{Cookies per baggie}} = \\frac{2 + 16}{3} \\]\n\nLet's calculate this."",
    response=4.0
)",False
"Example({'response': 9, 'question': "" Sarah's old washing machine could only wash 5 pieces of clothing at a time. If she had to wash 43 shirts and 2 sweaters how many loads would she have to do? ""}) (input_keys={'question'})","Prediction(
    reasoning='To find out how many loads Sarah needs, we need to add the total number of shirts and sweaters together and divide by the capacity of her washing machine. Since she can only wash whole loads, any remainder would require an additional load.',
    response=9.0
)",True
"Example({'response': 2, 'question': ' A pet shelter had 3 puppies when another 3 were brought in. If 3 puppies a day are adopted, how long would it take for all of them to be adopted? '}) (input_keys={'question'})","Prediction(
    reasoning='To solve this problem, we first need to determine the total number of puppies. Initially there were 3 puppies at the shelter, and another 3 were brought in. So, the total number of puppies is \\(3 + 3 = 6\\). If 3 puppies are adopted each day, then it will take \\(\\frac{6}{3} = 2\\) days for all the puppies to be adopted.',
    response=2.0
)",True
"Example({'response': 5, 'question': "" While playing at the arcade, Luke won 2 tickets playing 'whack a mole' and 13 tickets playing 'skee ball'. If he was trying to buy candy that cost 3 tickets a piece, how many could he buy? ""}) (input_keys={'question'})","Prediction(
    reasoning=""First, calculate the total number of tickets Luke won by adding the tickets from 'whack a mole' and 'skee ball'. Then, divide this total by the cost per candy to find out how many candies he can buy."",
    response=4.0
)",False
"Example({'response': 6, 'question': ' A group of 3 friends went into a restaurant. The chef already had 8 chicken wings cooked but cooked 10 more for the group. If they each got the same amount how many would each person get? '}) (input_keys={'question'})","Prediction(
    reasoning='To determine how many chicken wings each person gets, we need to first calculate the total number of chicken wings. The chef initially had 8 chicken wings cooked and added 10 more. Therefore, the total number of chicken wings is \\(8 + 10 = 18\\). There are 3 friends who will share these chicken wings equally.\n\nTo find out how many each person gets, we divide the total number of chicken wings by the number of people (which is 3 in this case).\n\n\\[ \\text{Number of chicken wings per person} = \\frac{\\text{Total number of chicken wings}}{\\text{Number of friends}} = \\frac{18}{3} \\]',
    response=2.0
)",False
"Example({'response': 3, 'question': "" Nancy's old washing machine could only wash 9 pieces of clothing at a time. If she had to wash 19 shirts and 8 sweaters how many loads would she have to do? ""}) (input_keys={'question'})","Prediction(
    reasoning='To determine how many loads Nancy needs to wash 19 shirts and 8 sweaters, we first need to calculate the total number of pieces of clothing. Then, since her washing machine can only handle 9 items per load, we divide this total by 9 and round up because even if there are fewer than 9 items left, she will still need an additional load.\n\nTotal pieces of clothing = Number of shirts + Number of sweaters\n= 19 + 8\n\nNumber of loads needed = ceil(Total pieces of clothing / 9)\n\nWhere ""ceil"" is the function that rounds up to the nearest whole number.',
    response=2.0
)",False
"Example({'response': 2, 'question': ' Paul had saved up 3 dollars. If he received another 7 dollars for his allowance, how many 5 dollar toys could he buy? '}) (input_keys={'question'})","Prediction(
    reasoning='To determine how many 5-dollar toys Paul can buy, we first need to calculate his total amount of money. He initially had $3 and received an additional $7 from his allowance. Therefore, his total amount is $3 + $7 = $10. Next, we divide this total by the price of one toy ($5) to find out how many toys he can buy.',
    response=2.0
)",True
"Example({'response': 9, 'question': ' Jerry made 14 dollars mowing lawns and 31 dollars weed eating. If he only spent 5 dollar a week, how long would the money last him? '}) (input_keys={'question'})","Prediction(
    reasoning=""To determine how long Jerry's money would last him if he only spent $5 per week, we first need to calculate his total earnings. He made $14 mowing lawns and $31 weed eating. The total amount of money he has is the sum of these two amounts. After finding the total amount, we can divide it by the weekly spending of $5 to find out how many weeks his money would last."",
    response=8.2
)",False
"Example({'response': 5, 'question': "" While playing at the arcade, Ned won 26 tickets playing 'whack a mole' and 19 tickets playing 'skee ball'. If he was trying to buy candy that cost 9 tickets a piece, how many could he buy? ""}) (input_keys={'question'})","Prediction(
    reasoning=""To determine how many pieces of candy Ned can buy, we first need to calculate the total number of tickets he has. He won 26 tickets from 'whack a mole' and 19 tickets from 'skeeball'. The cost of one piece of candy is 9 tickets.\n\nWe add up his winnings: \\(26 + 19 = 45\\) tickets in total. Then we divide this total by the ticket price for candy, which gives us the number of pieces he can buy.\n\n\\[ \\text{Number of candies} = \\frac{\\text{Total Tickets}}{\\text{Tickets per Candy}} = \\frac{45}{9} \\]"",
    response=3.0
)",False
"Example({'response': 9, 'question': ' Luke was helping the cafeteria workers pick up lunch trays, but he could only carry 4 trays at a time. If he had to pick up 20 trays from one table and 16 trays from another, how many trips will he make? '}) (input_keys={'question'})","Prediction(
    reasoning='Luke needs to carry 20 trays from one table and 16 trays from another. Since he can only carry 4 trays at a time, we need to calculate how many trips are required for each table separately and then sum them up.\n\nFor the first table with 20 trays:\n\\[ \\text{Number of trips} = \\lceil \\frac{\\text{number of trays}}{\\text{trays per trip}} \\rceil = \\lceil \\frac{20}{4} \\rceil = 5 \\]\n\nFor the second table with 16 trays:\n\\[ \\text{Number of trips} = \\lceil \\frac{\\text{number of trays}}{\\text{trays per trip}} \\rceil = \\lceil \\frac{16}{4} \\rceil = 4 \\]\n\nThe total number of trips will be the sum of the trips for both tables.\n\n\\[ \\text{Total trips} = 5 + 4 = 9 \\]',
    response=9.0
)",True
"Example({'response': 4, 'question': ' Vanessa and her friends were recycling paper for their class. For every 9 pounds they recycled they earned one point. If Vanessa recycled 20 pounds and her friends recycled 16 pounds, how many points did they earn? '}) (input_keys={'question'})","Prediction(
    reasoning='To determine how many points Vanessa and her friends earned from recycling paper, we first need to calculate the total pounds of recycled paper. We know that Vanessa recycled 20 pounds and her friends recycled 16 pounds. The total pounds recycled is therefore \\(20 + 16\\). For every 9 pounds recycled, they earn one point. So, we divide the total pounds by 9 to find out how many points they earned.',
    response=3.3333333333333335
)",False
"Example({'response': 9, 'question': ' A pet shelter had 2 puppies when another 34 were brought in. If 4 puppies a day are adopted, how long would it take for all of them to be adopted? '}) (input_keys={'question'})","Prediction(
    reasoning='To determine how long it would take for all the puppies to be adopted, we first need to calculate the total number of puppies. Initially, there were 2 puppies at the shelter, and another 34 were brought in. So, the total number of puppies is \\(2 + 34 = 36\\). If 4 puppies are adopted each day, then it would take \\(\\frac{36}{4} = 9\\) days for all the puppies to be adopted.',
    response=9.0
)",True
"Example({'response': 3, 'question': ' At a company picnic 9 managers and 15 employees decided to start a game of volleyball. If they split into 8 teams how many people would be on each team? '}) (input_keys={'question'})","Prediction(
    reasoning='To determine how many people would be on each team if 9 managers and 15 employees split into 8 teams, we first need to calculate the total number of participants. This is done by adding the number of managers (9) to the number of employees (15). After finding the total number of participants, we divide this sum by the number of teams (8).',
    response=4.75
)",False
"Example({'response': 8, 'question': ' John was organizing his baseball cards in a binder with 3 on each page. If he had 8 new cards and 16 old cards to put in the binder, how many pages would he use? '}) (input_keys={'question'})","Prediction(
    reasoning='To determine how many pages John would use in his binder, we need to calculate the total number of cards he has. He has 8 new cards and 16 old cards, so the total number of cards is \\(8 + 16 = 24\\). Since each page can hold 3 cards, we divide the total number of cards by 3 to find out how many pages are needed.\n\n\\[ \\text{Total Pages} = \\frac{\\text{Total Cards}}{\\text{Cards per Page}} = \\frac{24}{3} \\]',
    response=2.0
)",False
"Example({'response': 6, 'question': ' Wendy uploaded 22 pictures from her phone and 2 from her camera to facebook. If she sorted the pics into 4 different albums with the same amount of pics in each album, how many pictures were in each of the albums? '}) (input_keys={'question'})","Prediction(
    reasoning='To determine how many pictures were in each of the albums, we first need to find out the total number of pictures Wendy uploaded. She uploaded 22 pictures from her phone and 2 pictures from her camera, so the total number of pictures is \\(22 + 2 = 24\\). Since she sorted these pictures into 4 different albums with an equal amount in each album, we need to divide the total number of pictures by 4.',
    response=6.0
)",True
"Example({'response': 3, 'question': ' A toy store had 17 giant stuffed bears in stock when they got another shipment with 10 bears in it. The put the bears onto shelves with 9 on each shelf. How many shelves did they use? '}) (input_keys={'question'})","Prediction(
    reasoning='To determine how many shelves were used, we first need to calculate the total number of bears. The toy store initially had 17 giant stuffed bears in stock and received another shipment containing 10 more bears. Therefore, the total number of bears is \\(17 + 10 = 27\\). Since each shelf holds 9 bears, we can find out how many shelves were used by dividing the total number of bears by the number of bears per shelf: \\(\\frac{27}{9} = 3\\) shelves.',
    response=3.0
)",True
"Example({'response': 6, 'question': ' Zoe and her friends were recycling paper for their class. For every 8 pounds they recycled they earned one point. If Zoe recycled 25 pounds and her friends recycled 23 pounds, how many points did they earn? '}) (input_keys={'question'})","Prediction(
    reasoning=""To determine how many points Zoe and her friends earned from recycling paper, we first need to calculate the total pounds of paper they recycled together. Then, using the fact that every 8 pounds recycled earns them one point, we can divide the total pounds by 8 to find out their total points.\n\nZoe recycled 25 pounds and her friends recycled 23 pounds. So, the total pounds recycled is \\(25 + 23\\). We then divide this sum by 8 to get the number of points earned.\n\n\\[ \\text{Total Points} = \\frac{\\text{Total Pounds Recycled}}{8} = \\frac{25 + 23}{8} \\]\n\nLet's calculate that."",
    response=4.0
)",False
"Example({'response': 9, 'question': ' Billy was organizing his baseball cards in a binder with 5 on each page. If he had 3 new cards and 42 old cards to put in the binder, how many pages would he use? '}) (input_keys={'question'})","Prediction(
    reasoning='To find out how many pages Billy will use, first add the new and old cards together to get the total number of cards. Then divide this total by the number of cards per page (5) to determine the number of pages needed. If there are any remaining cards after dividing, an additional page is required.',
    response=10.0
)",False
"Example({'response': 8, 'question': ' For a birthday party Tom bought 4 regular sodas and 52 diet sodas. If his fridge would only hold 7 on each shelf, how many shelves would he fill up? '}) (input_keys={'question'})","Prediction(
    reasoning='To determine how many shelves Tom would fill up, we first need to calculate the total number of sodas he bought. He bought 4 regular sodas and 52 diet sodas, so the total number of sodas is \\(4 + 52 = 56\\). Since his fridge can hold 7 sodas per shelf, we divide the total number of sodas by 7 to find out how many shelves he will fill up. \n\n\\[ \\text{Number of shelves} = \\frac{\\text{Total number of sodas}}{\\text{Sodas per shelf}} = \\frac{56}{7} \\]',
    response=5.0
)",False
"Example({'response': 4, 'question': ' Victor was helping the cafeteria workers pick up lunch trays, but he could only carry 7 trays at a time. If he had to pick up 23 trays from one table and 5 trays from another, how many trips will he make? '}) (input_keys={'question'})","Prediction(
    reasoning='Victor needs to carry 23 trays from one table and 5 trays from another, which totals up to 28 trays. Since he can only carry 7 trays at a time, we need to calculate how many trips he will make by dividing the total number of trays by the number of trays he can carry in one trip.',
    response=3.4
)",False
"Example({'response': 3, 'question': ' Paul had saved up 4 dollars. If he received another 11 dollars for his allowance, how many 5 dollar toys could he buy? '}) (input_keys={'question'})","Prediction(
    reasoning='To determine how many 5 dollar toys Paul can buy, we first need to calculate his total amount of money. He initially had $4 and received an additional $11 as allowance. Therefore, his total amount is $4 + $11 = $15. Next, we divide this total by the price of one toy ($5) to find out how many toys he can buy.',
    response=3.0
)",True
"Example({'response': 9, 'question': ' Katie uploaded 30 pictures from her phone and 51 from her camera to facebook. If she sorted the pics into 9 different albums with the same amount of pics in each album, how many pictures were in each of the albums? '}) (input_keys={'question'})","Prediction(
    reasoning='To determine how many pictures were in each of the albums, we first need to find out the total number of pictures Katie uploaded. She uploaded 30 pictures from her phone and 51 pictures from her camera. The total number of pictures is therefore \\(30 + 51\\). After finding the total number of pictures, we divide this by the number of albums (9) to determine how many pictures were in each album.',
    response=4.0
)",False
"Example({'response': 6, 'question': "" Debby's class is going on a field trip to the zoo. If each van can hold 9 people and there are 40 students and 14 adults going, how many vans will they need? ""}) (input_keys={'question'})","Prediction(
    reasoning='To determine how many vans are needed, we first need to calculate the total number of people going on the field trip. This is the sum of students and adults. Then, since each van can hold 9 people, we divide the total number of people by 9 and round up to ensure everyone has a seat.\n\nTotal number of people = Number of students + Number of adults\n                       = 40 + 14\n\nWe then calculate the number of vans needed using integer division. If there is any remainder (i.e., if the result of the division times 9 does not equal the total number of people), we need an additional van.',
    response=2.0
)",False
"Example({'response': 2, 'question': ' For Halloween Emily received 5 pieces of candy from neighbors and 13 pieces from her older sister. If she only ate 9 pieces a day, how long would the candy last her? '}) (input_keys={'question'})","Prediction(
    reasoning=""To determine how long Emily's candy stash will last, we first need to calculate the total number of pieces she received. She got 5 from neighbors and 13 from her sister. Then, we divide this total by the number of days (9) that she eats each day."",
    response=2.0
)",True
"Example({'response': 9, 'question': ' Frank made 5 dollars mowing lawns and 58 dollars weed eating. If he only spent 7 dollar a week, how long would the money last him? '}) (input_keys={'question'})","Prediction(
    reasoning=""To determine how long Frank's money would last him given his weekly spending, we first need to calculate the total amount of money he has. He made $5 from mowing lawns and $58 from weed eating. After adding these amounts together, we subtract the amount he spends each week ($7) to find out how many weeks his money will last.\n\nTotal money = $5 (mowing) + $58 (weed eating)\nWeekly spending = $7\nMoney duration = Total money / Weekly spending"",
    response=10.0
)",False
"Example({'response': 36, 'question': ' A new building needed 14 windows. The builder had already installed 5 of them. If it takes 4 hours to install each window, how long will it take him to install the rest? '}) (input_keys={'question'})","Prediction(
    reasoning='To determine how many windows still need to be installed and how much time that will take, we first find out how many windows are left. Then, since it takes 4 hours per window, we multiply the number of remaining windows by 4.',
    response=32.0
)",False
"Example({'response': 45, 'question': ' A chef needs to cook 16 potatoes. He has already cooked 7. If each potato takes 5 minutes to cook, how long will it take him to cook the rest? '}) (input_keys={'question'})","Prediction(
    reasoning='To determine how long it will take to cook the remaining potatoes, we first need to find out how many potatoes still need to be cooked. The chef has already cooked 7 potatoes, so there are \\(16 - 7 = 9\\) potatoes left. Since each potato takes 5 minutes to cook, the total time required to cook the remaining potatoes is \\(9 \\times 5\\).',
    response=5.0
)",False
"Example({'response': 42, 'question': ' Ned bought 14 boxes of chocolate candy and gave 7 to his little brother. If each box has 6 pieces inside it, how many pieces did Ned still have? '}) (input_keys={'question'})","Prediction(
    reasoning='Ned initially had 14 boxes of chocolate candy. After giving away 7 boxes to his little brother, he has \\(14 - 7 = 7\\) boxes left. Since each box contains 6 pieces, the total number of pieces Ned still has is \\(7 \\times 6\\).',
    response=3.0
)",False
"Example({'response': 30, 'question': ' There were 11 friends playing a video game online when 5 players quit. If each player left had 5 lives, how many lives did they have total? '}) (input_keys={'question'})","Prediction(
    reasoning=""To determine the total number of lives left by the players who didn't quit, we need to multiply the number of remaining players by the number of lives each player had. Initially, there were 11 friends playing, and after 5 quit, \\(11 - 5 = 6\\) players remained. Each of these players had 5 lives."",
    response=6.0
)",False
"Example({'response': 25, 'question': ' Henry earned 5 dollars for each lawn he mowed. If he had 12 lawns to mow, but forgot to mow 7 of them, how much money did he actually earn? '}) (input_keys={'question'})","Prediction(
    reasoning='To determine how much money Henry actually earned, we need to calculate the number of lawns he did mow. He had 12 lawns to mow but forgot about 7 of them. Therefore, the number of lawns he actually mowed is \\(12 - 7\\). Since he earns $5 for each lawn he mows, his total earnings can be calculated by multiplying the number of lawns he mowed by $5.',
    response=30.0
)",False
"Example({'response': 18, 'question': "" A trivia team had 5 members total, but during a game 2 members didn't show up. If each member that did show up scored 6 points, how many points were scored total? ""}) (input_keys={'question'})","Prediction(
    reasoning=""To determine the total points scored by the trivia team, we need to follow these steps:\n\n1. Calculate the number of members who did show up: Since there were 5 members in total and 2 didn't show up, the number of members who showed up is \\(5 - 2\\).\n2. Each member who showed up scored 6 points.\n3. Multiply the number of members who showed up by the points each scored to get the total points.\n\nLet's calculate this step-by-step:\n\n1. Number of members who showed up: \\(5 - 2 = 3\\)\n2. Total points scored: \\(3 \\times 6\\)"",
    response=3.0
)",False
"Example({'response': 16, 'question': ' A painter needed to paint 10 rooms in a building. Each room takes 8 hours to paint. If he already painted 8 rooms, how much longer will he take to paint the rest? '}) (input_keys={'question'})","Prediction(
    reasoning='The painter has already painted 8 rooms. Therefore, he still needs to paint 10 - 8 = 2 rooms. Since each room takes 8 hours to paint, the total time required to paint the remaining rooms is 2 * 8 = 16 hours.',
    response=16.0
)",True
"Example({'response': 12, 'question': ' In a video game, each enemy defeated gives you 3 points. If a level has 6 enemies total and you destroy all but 2 of them, how many points would you earn? '}) (input_keys={'question'})","Prediction(
    reasoning='To determine the points earned, we first need to calculate how many enemies were actually defeated. If there are 6 enemies in total and you destroy all but 2 of them, that means you defeated \\(6 - 2 = 4\\) enemies. Since each enemy defeated gives you 3 points, defeating 4 enemies would give you \\(4 \\times 3 = 12\\) points.',
    response=12.0
)",True
"Example({'response': 45, 'question': "" Wendy earned 5 points for each bag of cans she recycled. If she had 11 bags, but didn't recycle 2 of them, how many points would she have earned? ""}) (input_keys={'question'})","Prediction(
    reasoning=""Wendy recycled 11 - 2 bags of cans because she didn't recycle 2 of them. She earns 5 points per bag, so to find out how many points she earned we need to multiply the number of bags she recycled by 5.\n\nWe can calculate this as: (11 - 2) * 5"",
    response=7.0
)",False
"Example({'response': 9, 'question': ' Each chocolate bar in a box cost $3. If a box had 7 bars total and Olivia sold all but 4 bars, how much money would she have made? '}) (input_keys={'question'})","Prediction(
    reasoning='To determine how much money Olivia made from selling all but 4 chocolate bars, we first need to calculate the total number of chocolate bars she sold. The box originally had 7 chocolate bars in it, and Olivia only sold all but 4 bars, which means she sold \\(7 - 4 = 3\\) chocolate bars. Each chocolate bar costs $3, so the total amount of money made from selling these 3 chocolate bars is \\(3 \\times 3\\).',
    response=3.0
)",False
"Example({'response': 54, 'question': ' Kaleb bought 14 boxes of chocolate candy and gave 5 to his little brother. If each box has 6 pieces inside it, how many pieces did Kaleb still have? '}) (input_keys={'question'})","Prediction(
    reasoning='Kaleb initially had 14 boxes of chocolate candy. After giving away 5 boxes to his little brother, he has \\(14 - 5 = 9\\) boxes left. Since each box contains 6 pieces, the total number of pieces Kaleb still has is \\(9 \\times 6\\).',
    response=36.0
)",False
"Example({'response': 15, 'question': ' At a restaurant each adult meal costs $3 and kids eat free. If a group of 12 people came in and 7 were kids, how much would it cost for the group to eat? '}) (input_keys={'question'})","Prediction(
    reasoning=""The cost of meals for adults is calculated by multiplying the number of adult people in the group by the cost per meal. Since kids eat free, we only need to consider the 7 kids and the 5 adults (12 total - 7 kids = 5 adults). \n\nThe total cost can be computed as: \n\\[ \\text{Total Cost} = (\\text{Number of Adults}) \\times (\\text{Cost per Meal for Adults}) \\]\n\nSubstituting the given values:\n\\[ \\text{Total Cost} = (5) \\times (3) \\]\n\nLet's calculate this."",
    response=9.0
)",False
"Example({'response': 72, 'question': ' Jerry had 7 action figures, but needed 16 total for a complete collection. If each one costs $8, how much money would he need to finish his collection? '}) (input_keys={'question'})","Prediction(
    reasoning='To determine how much money Jerry needs to finish his collection, we first need to calculate the number of additional action figures he requires. Given that he already has 7 action figures and needs a total of 16, the calculation is (16 - 7). After finding out how many more action figures are needed, we multiply this by the cost per figure ($8) to find the total amount of money required.',
    response=4.0
)",False
"Example({'response': 72, 'question': ' In a video game, each enemy defeated gives you 9 points. If a level has 11 enemies total and you destroy all but 3 of them, how many points would you earn? '}) (input_keys={'question'})","Prediction(
    reasoning='To determine the points earned, we need to calculate how many enemies were defeated. If there are 11 total enemies and you destroy all but 3 of them, that means you defeated \\(11 - 3 = 8\\) enemies. Since each enemy defeated gives you 9 points, you would earn \\(8 \\times 9\\) points.',
    response=72.0
)",True
"Example({'response': 72, 'question': ' There were 16 friends playing a video game online when 7 players quit. If each player left had 8 lives, how many lives did they have total? '}) (input_keys={'question'})","Prediction(
    reasoning=""First calculate the number of players who remained after some quit. Then multiply this by each player's lives to find the total number of lives."",
    response=96.0
)",False
"Example({'response': 20, 'question': ' A new building needed 10 windows. The builder had already installed 6 of them. If it takes 5 hours to install each window, how long will it take him to install the rest? '}) (input_keys={'question'})","Prediction(
    reasoning='To determine how long it will take to install the remaining windows, we first need to find out how many windows are left. The total number of windows needed is 10, and the builder has already installed 6. Therefore, the number of windows that still need to be installed is \\(10 - 6 = 4\\). Given that it takes 5 hours to install each window, we can calculate the total time required by multiplying the number of remaining windows by the installation time per window.',
    response=4.0
)",False
"Example({'response': 36, 'question': ' Adam earned 9 dollars for each lawn he mowed. If he had 12 lawns to mow, but forgot to mow 8 of them, how much money did he actually earn? '}) (input_keys={'question'})","Prediction(
    reasoning='Adam forgot to mow 8 out of 12 lawns, which means he actually mowed 12 - 8 = 4 lawns. Since he earns $9 per lawn, his total earnings would be 4 * $9.',
    response=36.0
)",True
"Example({'response': 64, 'question': "" A trivia team had 12 members total, but during a game 4 members didn't show up. If each member that did show up scored 8 points, how many points were scored total? ""}) (input_keys={'question'})","Prediction(
    reasoning=""To determine the total points scored by the trivia team, we first need to find out how many members actually showed up for the game. Given that there were 12 members in total and 4 didn't show up, the number of members who did show up is \\(12 - 4 = 8\\). Each member who showed up scored 8 points, so the total points scored can be calculated as \\(8 \\text{ members} \\times 8 \\text{ points/member}\\)."",
    response=5.6
)",False
"Example({'response': 56, 'question': "" Mike had 16 video games but 8 of them weren't working. If he wanted to sell the working games for $7 each, how much money could he earn? ""}) (input_keys={'question'})","Prediction(
    reasoning=""Mike has 16 video games in total and 8 of them aren't working. So, he can sell 16 - 8 = 8 working video games. If each game is sold for $7, then the total money he could earn from selling these games would be 8 * 7."",
    response=5.0
)",False
"Example({'response': 49, 'question': ' A painter needed to paint 12 rooms in a building. Each room takes 7 hours to paint. If he already painted 5 rooms, how much longer will he take to paint the rest? '}) (input_keys={'question'})","Prediction(
    reasoning='To determine how much longer the painter will take to paint the rest of the rooms, we first need to calculate the total number of hours required to paint all 12 rooms. Then, we subtract the hours already spent painting 5 rooms.\n\nThe total time needed for all rooms is \\(12 \\times 7\\) hours. The painter has already painted 5 rooms, which took \\(5 \\times 7\\) hours. Subtracting this from the total gives us the remaining time required.',
    response=3.5
)",False
"Example({'response': 15, 'question': ' There were 8 friends playing a video game online when 5 players quit. If each player left had 5 lives, how many lives did they have total? '}) (input_keys={'question'})","Prediction(
    reasoning='To determine the total number of lives the remaining players had, we first need to find out how many players were left after 5 quit. Initially, there were 8 friends playing. So, the number of players who stayed is \\(8 - 5 = 3\\). Each player who stayed had 5 lives. Therefore, the total number of lives can be calculated by multiplying the number of remaining players by the number of lives each player had.',
    response=3.0
)",False
"Example({'response': 27, 'question': "" A trivia team had 15 members total, but during a game 6 members didn't show up. If each member that did show up scored 3 points, how many points were scored total? ""}) (input_keys={'question'})","Prediction(
    reasoning=""To determine the total points scored by the trivia team, we first need to find out how many members did show up. Given that there were 15 members in total and 6 didn't show up, the number of members who showed up is \\(15 - 6\\). Each member who showed up scored 3 points. Therefore, the total points scored can be calculated as \\((15 - 6) \\times 3\\)."",
    response=45.0
)",False
"Example({'response': 63, 'question': "" Ned had 15 video games but 6 of them weren't working. If he wanted to sell the working games for $7 each, how much money could he earn? ""}) (input_keys={'question'})","Prediction(
    reasoning=""To determine how much money Ned could earn by selling his working video games, we need to follow these steps:\n\n1. Calculate the number of working video games: Since he had 15 video games in total and 6 weren't working, the number of working games is \\(15 - 6\\).\n2. Determine the potential earnings: If each working game can be sold for $7, then the total money Ned could earn from selling all his working games would be the number of working games multiplied by $7.\n\nLet's perform these calculations."",
    response=49.0
)",False
"Example({'response': 42, 'question': ' Each chocolate bar in a box cost $6. If a box had 13 bars total and Zoe sold all but 6 bars, how much money would she have made? '}) (input_keys={'question'})","Prediction(
    reasoning='Zoe sold 13 - 6 = 7 chocolate bars. Each bar costs $6, so she made 7 * 6 = $42.',
    response=42.0
)",True
"Example({'response': 16, 'question': ' Will bought 7 boxes of chocolate candy and gave 3 to his little brother. If each box has 4 pieces inside it, how many pieces did Will still have? '}) (input_keys={'question'})","Prediction(
    reasoning='Will initially had 7 boxes of chocolate candy. Since each box contains 4 pieces, he started with \\(7 \\times 4 = 28\\) pieces. After giving away 3 boxes to his little brother, who also has 3 boxes (each containing 4 pieces), the total number of pieces given away is \\(3 \\times 4 = 12\\). Therefore, the remaining pieces Will still have are \\(28 - 12 = 16\\) pieces.',
    response=16.0
)",True
"Example({'response': 24, 'question': "" Mike invited 13 friends to a birthday party, but 7 couldn't come. If he wanted to buy enough cupcakes so each person could have exactly 4, how many should he buy? ""}) (input_keys={'question'})","Prediction(
    reasoning=""To determine how many cupcakes Mike should buy, we first need to calculate the total number of people who will attend his birthday party. Initially, there are 13 friends invited. However, 7 couldn't come, so the number of attendees is \\(13 - 7\\). After finding out the number of attendees, we multiply it by 4 (since each person should have exactly 4 cupcakes) to get the total number of cupcakes needed."",
    response=20.0
)",False
"Example({'response': 10, 'question': ' In a video game, each enemy defeated gives you 5 points. If a level has 8 enemies total and you destroy all but 6 of them, how many points would you earn? '}) (input_keys={'question'})","Prediction(
    reasoning='To determine the points earned, we first need to calculate how many enemies were actually defeated. The level has 8 enemies in total and you destroy all but 6 of them, so you defeat \\(8 - 6 = 2\\) enemies. Since each enemy defeated gives you 5 points, defeating 2 enemies will give you \\(2 \\times 5 = 10\\) points.',
    response=10.0
)",True
"Example({'response': 54, 'question': ' Roger earned 9 dollars for each lawn he mowed. If he had 14 lawns to mow, but forgot to mow 8 of them, how much money did he actually earn? '}) (input_keys={'question'})","Prediction(
    reasoning='To determine how much money Roger actually earned, we need to calculate the number of lawns he mowed successfully. He had 14 lawns to mow but forgot about 8 of them, so he only mowed 14 - 8 = 6 lawns. Since he earns $9 for each lawn he mows, his total earnings are 6 * $9.',
    response=54.0
)",True
"Example({'response': 4, 'question': ' A magician was selling magic card decks for 2 dollars each. If he started with 5 decks and by the end of the day he had 3 left, how much money did he earn? '}) (input_keys={'question'})","Prediction(
    reasoning='To determine how much money the magician earned, we first need to find out how many magic card decks he sold. He started with 5 decks and had 3 left by the end of the day, so he must have sold \\(5 - 3 = 2\\) decks. Since each deck was sold for $2, his total earnings can be calculated as \\(2 \\text{ decks} \\times \\$2/\\text{deck}\\).',
    response=2.0
)",False
"Example({'response': 36, 'question': ' A chef needs to cook 12 potatoes. He has already cooked 6. If each potato takes 6 minutes to cook, how long will it take him to cook the rest? '}) (input_keys={'question'})","Prediction(
    reasoning='To determine how long it will take to cook the remaining potatoes, we first need to find out how many potatoes still need to be cooked. The chef has already cooked 6 potatoes, so he needs to cook \\(12 - 6 = 6\\) more potatoes. Since each potato takes 6 minutes to cook, the total time required to cook the remaining potatoes is \\(6 \\times 6\\).',
    response=36.0
)",True
"Example({'response': 18, 'question': ' A new building needed 9 windows. The builder had already installed 6 of them. If it takes 6 hours to install each window, how long will it take him to install the rest? '}) (input_keys={'question'})","Prediction(
    reasoning='To determine how long it will take to install the remaining windows, we first need to find out how many windows are left. The total number of windows needed is 9, and the builder has already installed 6 of them. Therefore, the number of windows that still need to be installed is \\(9 - 6 = 3\\). Given that it takes 6 hours to install each window, we can calculate the total time required for installing the remaining windows by multiplying the number of remaining windows by the time it takes to install one window.',
    response=3.0
)",False
"Example({'response': 81, 'question': ' At the fair Adam bought 13 tickets. After riding the ferris wheel he had 4 tickets left. If each ticket cost 9 dollars, how much money did Adam spend riding the ferris wheel? '}) (input_keys={'question'})","Prediction(
    reasoning='Adam started with 13 tickets and had 4 left after riding the ferris wheel. Therefore, he used 13 - 4 = 9 tickets for the ferris wheel. If each ticket costs $9, then Adam spent 9 * 9 dollars on the ferris wheel.',
    response=81.0
)",True
"Example({'response': 21, 'question': ' Dave bought 12 boxes of chocolate candy and gave 5 to his little brother. If each box has 3 pieces inside it, how many pieces did Dave still have? '}) (input_keys={'question'})","Prediction(
    reasoning='Dave initially had 12 boxes of chocolate candy. After giving away 5 boxes to his little brother, he has \\(12 - 5 = 7\\) boxes left. Since each box contains 3 pieces of chocolate candy, the total number of pieces Dave still has is \\(7 \\times 3\\).',
    response=6.0
)",False
"Example({'response': 10, 'question': ' John had 5 action figures, but needed 7 total for a complete collection. If each one costs $5, how much money would he need to finish his collection? '}) (input_keys={'question'})","Prediction(
    reasoning='To determine how much money John needs to finish his collection, we first need to calculate how many more action figures he needs. He already has 5 action figures but needs a total of 7. Therefore, he needs \\(7 - 5 = 2\\) more action figures. Since each one costs $5, the total cost for these additional action figures is \\(2 \\times 5\\).',
    response=10.0
)",True
"Example({'response': 32, 'question': ' A painter needed to paint 9 rooms in a building. Each room takes 8 hours to paint. If he already painted 5 rooms, how much longer will he take to paint the rest? '}) (input_keys={'question'})","Prediction(
    reasoning='The painter needs to paint 9 rooms in total. He has already painted 5 rooms, so he still needs to paint 9 - 5 = 4 rooms. Each room takes 8 hours to paint, therefore the time needed to paint the remaining rooms is 4 * 8.',
    response=4.0
)",False
"Example({'response': 20, 'question': ' Each chocolate bar in a box cost $4. If a box had 8 bars total and Emily sold all but 3 bars, how much money would she have made? '}) (input_keys={'question'})","Prediction(
    reasoning='Emily sold 8 - 3 = 5 chocolate bars. Since each bar costs $4, she would have made 5 * $4.',
    response=20.0
)",True
"Example({'response': 15, 'question': "" At lunch a waiter had 10 customers and 5 of them didn't leave a tip. If he got $3 each from the ones who did tip, how much money did he earn? ""}) (input_keys={'question'})","Prediction(
    reasoning=""To determine how much money the waiter earned, we first need to find out how many customers did leave a tip. Since 5 of the 10 customers didn't leave a tip, that means \\(10 - 5 = 5\\) customers did leave a tip. Each of these customers left $3 as a tip. Therefore, the total amount earned is \\(5 \\times 3\\)."",
    response=4.0
)",False
"Example({'response': 16, 'question': ' A worksheet had 4 problems on it. If a teacher had 9 worksheets to grade and had already graded 5 of them, how many more problems does she have to grade? '}) (input_keys={'question'})","Prediction(
    reasoning='To determine how many more problems the teacher has to grade, we first need to calculate the total number of worksheets she still needs to grade. She had 9 worksheets in total and has already graded 5 of them, so that leaves \\(9 - 5 = 4\\) worksheets left. Since each worksheet contains 4 problems, the total number of remaining problems is \\(4 \\text{ worksheets} \\times 4 \\text{ problems per worksheet}\\).',
    response=4.0
)",False
"Example({'response': 40, 'question': "" Will invited 9 friends to a birthday party, but 4 couldn't come. If he wanted to buy enough cupcakes so each person could have exactly 8, how many should he buy? ""}) (input_keys={'question'})","Prediction(
    reasoning=""To determine how many cupcakes invited should buy, we first need to calculate the total number of people who will attend the party. Initially, 9 friends were invited, but 4 couldn't come, so the number of attendees is \\(9 - 4 = 5\\). Since each person needs exactly 8 cupcakes, the total number of cupcakes needed is \\(5 \\times 8 = 40\\)."",
    response=40.0
)",True
"Example({'response': 45, 'question': ' A magician was selling magic card decks for 9 dollars each. If he started with 12 decks and by the end of the day he had 7 left, how much money did he earn? '}) (input_keys={'question'})","Prediction(
    reasoning='To determine how much money the magician earned, we first need to calculate how many decks he sold. He started with 12 decks and had 7 left by the end of the day, so he must have sold \\(12 - 7\\) decks. Each deck was sold for $9.',
    response=6.0
)",False
"Example({'response': 6, 'question': ' A chef needs to cook 9 potatoes. He has already cooked 7. If each potato takes 3 minutes to cook, how long will it take him to cook the rest? '}) (input_keys={'question'})","Prediction(
    reasoning='To determine how long it will take to cook the rest of the potatoes, we first need to find out how many potatoes still need to be cooked. The chef has already cooked 7 out of 9 potatoes, so he needs to cook \\(9 - 7 = 2\\) more potatoes. Since each potato takes 3 minutes to cook, it will take him \\(2 \\times 3 = 6\\) minutes to cook the rest.',
    response=6.0
)",True
"Example({'response': 45, 'question': ' A magician was selling magic card decks for 5 dollars each. If he started with 14 decks and by the end of the day he had 5 left, how much money did he earn? '}) (input_keys={'question'})","Prediction(
    reasoning='To determine how much money the magician earned, we first need to find out how many decks he sold. He started with 14 decks and ended up with 5 decks left by the end of the day. Therefore, the number of decks sold is \\(14 - 5\\). Each deck was sold for $5. We can calculate the total earnings by multiplying the number of decks sold by the price per deck.',
    response=60.0
)",False
"Example({'response': 18, 'question': ' Each chocolate bar in a box cost $3. If a box had 9 bars total and Wendy sold all but 3 bars, how much money would she have made? '}) (input_keys={'question'})","Prediction(
    reasoning='First calculate the total number of chocolate bars sold by subtracting the remaining bars from the total. Then, multiply this number by the cost per bar to find out how much money Wendy made.',
    response=18.0
)",True
"Example({'response': 24, 'question': ' A painter needed to paint 12 rooms in a building. Each room takes 3 hours to paint. If he already painted 4 rooms, how much longer will he take to paint the rest? '}) (input_keys={'question'})","Prediction(
    reasoning='To determine how much longer the painter will take to paint the rest of the rooms, we first need to calculate the total number of hours required to paint all 12 rooms. Since each room takes 3 hours to paint, painting 12 rooms would require \\(12 \\times 3 = 36\\) hours in total. The painter has already painted 4 rooms, which took \\(4 \\times 3 = 12\\) hours. Therefore, the remaining number of rooms is \\(12 - 4 = 8\\), and the time required to paint these remaining rooms would be \\(8 \\times 3 = 24\\) hours.',
    response=24.0
)",True
"Example({'response': 36, 'question': ' Adam bought 13 boxes of chocolate candy and gave 7 to his little brother. If each box has 6 pieces inside it, how many pieces did Adam still have? '}) (input_keys={'question'})","Prediction(
    reasoning='Adam initially had 13 boxes of chocolate candy. After giving away 7 boxes to his little brother, Adam was left with \\(13 - 7 = 6\\) boxes. Since each box contains 6 pieces of chocolate candy, the total number of pieces Adam still has is \\(6 \\times 6\\).',
    response=3.6
)",False
"Example({'response': 28, 'question': ' At a restaurant each adult meal costs $7 and kids eat free. If a group of 13 people came in and 9 were kids, how much would it cost for the group to eat? '}) (input_keys={'question'})","Prediction(
    reasoning='The cost of meals for adults is $7 each. There are 13 people in total, out of which 9 are kids who eat free. Therefore, there are 13 - 9 = 4 adult people. To find the total cost, we multiply the number of adult people by the price per meal: 4 * $7.',
    response=5.0
)",False
"Example({'response': 20, 'question': "" A trivia team had 7 members total, but during a game 2 members didn't show up. If each member that did show up scored 4 points, how many points were scored total? ""}) (input_keys={'question'})","Prediction(
    reasoning=""To determine the total points scored by the trivia team, we need to follow these steps:\n\n1. Calculate the number of members who did show up: Total members - Members who didn't show up = 7 - 2.\n2. Each member that showed up scored 4 points, so multiply the number of members who showed up by 4.\n\nLet's calculate this using Python code to ensure accuracy."",
    response=3.6
)",False
"Example({'response': 12, 'question': "" Kaleb had 10 video games but 8 of them weren't working. If he wanted to sell the working games for $6 each, how much money could he earn? ""}) (input_keys={'question'})","Prediction(
    reasoning='Kaleb has 10 video games in total, but only 8 of them are working. If he sells each working game for $6, we need to calculate how much money he could earn by selling all 8 working games.\n\nTo find out the total amount of money Kaleb can earn, we multiply the number of working games (8) by the price per game ($6).\n\nTotal earnings = Number of working games * Price per game\nTotal earnings = 8 * $6',
    response=5.0
)",False
"Example({'response': 35, 'question': "" April's discount flowers was having a sale where each rose was 7 dollars. If April started with 9 roses and had 4 roses left, how much money did she earn? ""}) (input_keys={'question'})","Prediction(
    reasoning='April started with 9 roses and had 4 left, which means she sold all but 5 of her roses. Since each rose was sold at $7, we can calculate the total money earned by multiplying the number of roses sold (which is 5) by the price per rose ($7).',
    response=28.0
)",False
"Example({'response': 32, 'question': "" At lunch a waiter had 9 customers and 5 of them didn't leave a tip. If he got $8 each from the ones who did tip, how much money did he earn? ""}) (input_keys={'question'})","Prediction(
    reasoning=""To determine how much money the waiter earned, we first need to find out how many customers did leave a tip. Given that there were 9 customers in total and 5 didn't leave a tip, the number of customers who did leave a tip is \\(9 - 5 = 4\\). Each of these customers left an $8 tip. Therefore, the total amount earned by the waiter can be calculated as \\(4 \\times 8\\)."",
    response=4.0
)",False
"Example({'response': 48, 'question': ' A new building needed 14 windows. The builder had already installed 8 of them. If it takes 8 hours to install each window, how long will it take him to install the rest? '}) (input_keys={'question'})","Prediction(
    reasoning='To determine how long it will take to install the remaining windows, we first need to find out how many windows are left to be installed. Given that the building needs 14 windows in total and the builder has already installed 8 of them, there are \\(14 - 8 = 6\\) windows left. Since each window takes 8 hours to install, it will take \\(6 \\times 8\\) hours to finish installing all remaining windows.',
    response=5.0
)",False
"Example({'response': 45, 'question': "" Bianca earned 5 points for each bag of cans she recycled. If she had 17 bags, but didn't recycle 8 of them, how many points would she have earned? ""}) (input_keys={'question'})","Prediction(
    reasoning=""To find out how many points Bianca has earned, we need to calculate the number of bags she recycled. She didn't recycle 8 bags and had 17 bags in total. Therefore, the number of bags she recycled is 17 - 8. Since she earns 5 points for each bag, the total points can be calculated by multiplying the number of recycled bags by 5."",
    response=45.0
)",True
"Example({'response': 72, 'question': ' A chef needs to cook 15 potatoes. He has already cooked 6. If each potato takes 8 minutes to cook, how long will it take him to cook the rest? '}) (input_keys={'question'})","Prediction(
    reasoning='To determine how long it will take to cook the remaining potatoes, we first need to find out how many potatoes still need to be cooked. The chef has already cooked 6 potatoes, so there are \\(15 - 6 = 9\\) potatoes left. Since each potato takes 8 minutes to cook, the total time required to cook the remaining potatoes is \\(9 \\times 8\\).',
    response=72.0
)",True
"Example({'response': 30, 'question': ' Henry had 3 action figures, but needed 8 total for a complete collection. If each one costs $6, how much money would he need to finish his collection? '}) (input_keys={'question'})","Prediction(
    reasoning='To determine how much money Henry needs to finish his collection, we first need to calculate the number of additional action figures he requires. He already has 3 action figures and needs a total of 8. Therefore, he needs \\(8 - 3 = 5\\) more action figures. Since each one costs $6, the total cost for these additional action figures is \\(5 \\times 6\\).',
    response=4.0
)",False
"Example({'response': 64, 'question': ' John earned 8 dollars for each lawn he mowed. If he had 15 lawns to mow, but forgot to mow 7 of them, how much money did he actually earn? '}) (input_keys={'question'})","Prediction(
    reasoning='John was supposed to mow 15 lawns but forgot about 7 of them, so he actually mowed 15 - 7 = 8 lawns. Since he earns $8 per lawn, his total earnings would be 8 * $8.',
    response=56.0
)",False
"Example({'response': 24, 'question': ' There were 10 friends playing a video game online when 7 players quit. If each player left had 8 lives, how many lives did they have total? '}) (input_keys={'question'})","Prediction(
    reasoning='To determine the total number of lives they had after 7 players quit, we first need to find out how many players remained. Initially, there were 10 friends playing, and 7 players quit, so the remaining players are \\(10 - 7 = 3\\). Each player who stayed had 8 lives. Therefore, the total number of lives is \\(3 \\times 8\\).',
    response=3.0
)",False
"Example({'response': 40, 'question': ' In a video game, each enemy defeated gives you 8 points. If a level has 7 enemies total and you destroy all but 2 of them, how many points would you earn? '}) (input_keys={'question'})","Prediction(
    reasoning='To determine the points earned, we need to calculate how many enemies were defeated. Since there are 7 total enemies and you destroy all but 2 of them, that means you defeat \\(7 - 2 = 5\\) enemies. Given each enemy defeated gives 8 points, the total points would be \\(5 \\times 8\\).',
    response=40.0
)",True
"Example({'response': 63, 'question': ' A painter needed to paint 11 rooms in a building. Each room takes 7 hours to paint. If he already painted 2 rooms, how much longer will he take to paint the rest? '}) (input_keys={'question'})","Prediction(
    reasoning='To determine how much longer the painter will take to paint the rest of the rooms, we first need to calculate the total number of hours required to paint all 11 rooms. Since each room takes 7 hours to paint, the total time for all rooms is \\(11 \\times 7\\) hours. The painter has already painted 2 rooms, which took \\(2 \\times 7 = 14\\) hours. Therefore, we need to subtract the time spent on the already painted rooms from the total time required for all rooms.',
    response=35.0
)",False
"Example({'response': 32, 'question': "" Dave had 10 video games but 2 of them weren't working. If he wanted to sell the working games for $4 each, how much money could he earn? ""}) (input_keys={'question'})","Prediction(
    reasoning=""To determine how much money Dave could earn by selling his working video games, we need to first calculate the number of working games he has. He started with 10 games and had 2 that weren't working, so the number of working games is \\(10 - 2 = 8\\). If he sells each game for $4, then the total amount of money he could earn is \\(8 \\times 4\\)."",
    response=8.0
)",False
"Example({'response': 32, 'question': ' A worksheet had 4 problems on it. If a teacher had 16 worksheets to grade and had already graded 8 of them, how many more problems does she have to grade? '}) (input_keys={'question'})","Prediction(
    reasoning='To determine how many more problems the teacher has to grade, we first need to find out how many worksheets she still needs to grade. She had 16 worksheets in total and has already graded 8 of them, so that leaves \\(16 - 8 = 8\\) worksheets for her to grade. Since each worksheet contains 4 problems, the teacher will have to grade \\(8 \\times 4 = 32\\) more problems.',
    response=32.0
)",True
"Example({'response': 14, 'question': ' A worksheet had 2 problems on it. If a teacher had 14 worksheets to grade and had already graded 7 of them, how many more problems does she have to grade? '}) (input_keys={'question'})","Prediction(
    reasoning='To determine how many more problems the teacher has to grade, we first need to find out how many worksheets she still needs to grade. She started with 14 worksheets and has already graded 7 of them, so she has \\(14 - 7 = 7\\) worksheets left to grade. Since each worksheet contains 2 problems, the total number of remaining problems is \\(7 \\times 2\\).',
    response=7.0
)",False
"Example({'response': 36, 'question': "" April's discount flowers was having a sale where each rose was 4 dollars. If April started with 13 roses and had 4 roses left, how much money did she earn? ""}) (input_keys={'question'})","Prediction(
    reasoning='To determine how much money April earned from selling her roses, we need to calculate the number of roses she sold and then multiply that by the price per rose. She started with 13 roses and had 4 left after the sale, so she sold 13 - 4 = 9 roses. Each rose was priced at $4. Therefore, the total earnings can be calculated as 9 * $4.',
    response=36.0
)",True
"Example({'response': 35, 'question': ' At a restaurant each adult meal costs $5 and kids eat free. If a group of 15 people came in and 8 were kids, how much would it cost for the group to eat? '}) (input_keys={'question'})","Prediction(
    reasoning='The cost of meals for adults is $5 each. There are 15 people in total, out of which 8 are kids who eat free. Therefore, there are 15 - 8 = 7 adult people. The total cost would be 7 * $5.',
    response=5.0
)",False
"Example({'response': 42, 'question': ' Zoe baked 5 brownies, but needed 11 total for her party. If she used 7 cups of flour on each one, how much cups of flour does she still need? '}) (input_keys={'question'})","Prediction(
    reasoning='To determine how much flour Zoe still needs, we first need to calculate the total amount of flour she has used on the 5 brownies. Given that each brownie requires 7 cups of flour, the total flour used is \\(5 \\times 7\\). The total number of brownies needed for her party is 11, so the remaining brownies to be baked are \\(11 - 5 = 6\\). Therefore, the amount of flour she still needs can be calculated as \\(6 \\times 7\\).',
    response=42.0
)",True
"Example({'response': 20, 'question': ' A painter needed to paint 6 rooms in a building. Each room takes 5 hours to paint. If he already painted 2 rooms, how much longer will he take to paint the rest? '}) (input_keys={'question'})","Prediction(
    reasoning='To determine how much longer the painter will take to paint the rest of the rooms, we first need to calculate the total number of hours required to paint all 6 rooms. Since each room takes 5 hours to paint, the total time for 6 rooms is \\(6 \\times 5\\) hours. The painter has already painted 2 rooms, which took \\(2 \\times 5 = 10\\) hours. Therefore, we need to subtract the time spent on the 2 rooms from the total time required for all rooms.',
    response=4.0
)",False
"Example({'response': 16, 'question': ' Each chocolate bar in a box cost $4. If a box had 11 bars total and Vanessa sold all but 7 bars, how much money would she have made? '}) (input_keys={'question'})","Prediction(
    reasoning='Vanessa sold 11 - 7 = 4 chocolate bars. Each bar costs $4, so she made 4 * 4 dollars.',
    response=16.0
)",True
"Example({'response': 16, 'question': "" Gwen earned 8 points for each bag of cans she recycled. If she had 4 bags, but didn't recycle 2 of them, how many points would she have earned? ""}) (input_keys={'question'})","Prediction(
    reasoning=""To determine how many points Gwen earned, we need to calculate the number of bags she recycled. She had 4 bags but didn't recycle 2 of them, so she recycled \\(4 - 2 = 2\\) bags. Since she earns 8 points for each bag, her total points would be \\(2 \\times 8\\)."",
    response=16.0
)",True
"Example({'response': 24, 'question': ' A new building needed 12 windows. The builder had already installed 6 of them. If it takes 4 hours to install each window, how long will it take him to install the rest? '}) (input_keys={'question'})","Prediction(
    reasoning='To determine how long it will take to install the remaining windows, we first need to find out how many windows are left. The total number of windows needed is 12, and already installed windows are 6. Therefore, the remaining windows to be installed is \\(12 - 6 = 6\\). Given that each window takes 4 hours to install, the total time required for installing the remaining windows will be \\(6 \\times 4\\) hours.',
    response=7.0
)",False
"Example({'response': 63, 'question': ' A chef needs to cook 15 potatoes. He has already cooked 8. If each potato takes 9 minutes to cook, how long will it take him to cook the rest? '}) (input_keys={'question'})","Prediction(
    reasoning='To determine how long it will take to cook the remaining potatoes, we first need to find out how many potatoes still need to be cooked. The chef has already cooked 8 potatoes, so he needs to cook \\(15 - 8 = 7\\) more potatoes. Since each potato takes 9 minutes to cook, the total time required to cook the remaining 7 potatoes is \\(7 \\times 9\\).',
    response=63.0
)",True
"Example({'response': 35, 'question': "" A trivia team had 14 members total, but during a game 7 members didn't show up. If each member that did show up scored 5 points, how many points were scored total? ""}) (input_keys={'question'})","Prediction(
    reasoning=""To determine the total points scored by the trivia team, we first need to find out how many members did show up for the game. Given that there were 14 members in total and 7 didn't show up, the number of members who showed up is \\(14 - 7\\). Each member who showed up scored 5 points. Therefore, the total points scored can be calculated as \\((14 - 7) \\times 5\\)."",
    response=6.0
)",False
"Example({'response': 48, 'question': ' A chef needs to cook 13 potatoes. He has already cooked 5. If each potato takes 6 minutes to cook, how long will it take him to cook the rest? '}) (input_keys={'question'})","Prediction(
    reasoning='To determine how long it will take to cook the remaining potatoes, we first need to find out how many potatoes still need to be cooked. The chef has already cooked 5 potatoes, so he needs to cook \\(13 - 5 = 8\\) more potatoes. Since each potato takes 6 minutes to cook, the total time required to cook the remaining 8 potatoes is \\(8 \\times 6\\).',
    response=4.0
)",False
"Example({'response': 45, 'question': "" A trivia team had 11 members total, but during a game 6 members didn't show up. If each member that did show up scored 9 points, how many points were scored total? ""}) (input_keys={'question'})","Prediction(
    reasoning=""To determine the total points scored by the trivia team, we first need to find out how many members actually showed up. Given that there were 11 members in total and 6 didn't show up, the number of members who did show up is \\(11 - 6\\). Each member who showed up scored 9 points. Therefore, the total points scored can be calculated as \\((11 - 6) \\times 9\\)."",
    response=45.0
)",True
"Example({'response': 18, 'question': ' Each chocolate bar in a box cost $2. If a box had 13 bars total and Rachel sold all but 4 bars, how much money would she have made? '}) (input_keys={'question'})","Prediction(
    reasoning='Rachel sold 13 - 4 = 9 chocolate bars. Each bar costs $2, so she made 9 * $2 = $18.',
    response=18.0
)",True
"Example({'response': 10, 'question': ' Isabel baked 3 brownies, but needed 5 total for her party. If she used 5 cups of flour on each one, how much cups of flour does she still need? '}) (input_keys={'question'})","Prediction(
    reasoning='To determine how much cups of flour Isabel still needs, we first need to calculate the total amount of flour she has used on the 3 brownies. Since each brownie requires 5 cups of flour, the total flour used is \\(3 \\times 5\\). She needed a total of 5 brownies for her party, so she still needs \\(5 - 3 = 2\\) more brownies. Therefore, the amount of flour she still needs can be calculated as \\(2 \\times 5\\).',
    response=10.0
)",True
"Example({'response': 24, 'question': ' A worksheet had 3 problems on it. If a teacher had 15 worksheets to grade and had already graded 7 of them, how many more problems does she have to grade? '}) (input_keys={'question'})","Prediction(
    reasoning='To determine how many more problems the teacher has to grade, we first need to find out how many worksheets she still needs to grade. She started with 15 worksheets and has already graded 7 of them, so she has \\(15 - 7 = 8\\) worksheets left to grade. Since each worksheet contains 3 problems, the total number of problems in these remaining worksheets is \\(8 \\times 3\\).',
    response=8.0
)",False
"Example({'response': 27, 'question': "" At lunch a waiter had 7 customers and 4 of them didn't leave a tip. If he got $9 each from the ones who did tip, how much money did he earn? ""}) (input_keys={'question'})","Prediction(
    reasoning=""To determine how much money the waiter earned, we first need to find out how many customers did leave a tip. Given that there were 7 customers in total and 4 didn't leave a tip, the number of customers who did leave a tip is \\(7 - 4\\). Each of these customers left $9 as a tip. Therefore, the total amount earned can be calculated by multiplying the number of customers who tipped by $9."",
    response=63.0
)",False
"Example({'response': 27, 'question': "" April's discount flowers was having a sale where each rose was 9 dollars. If April started with 11 roses and had 8 roses left, how much money did she earn? ""}) (input_keys={'question'})","Prediction(
    reasoning='April started with 11 roses and had 8 left, which means she sold 11 - 8 = 3 roses. Each rose was sold at $9, so the total money earned from selling these roses is 3 * 9.',
    response=27.0
)",True
"Example({'response': 18, 'question': ' Tom bought 14 boxes of chocolate candy and gave 8 to his little brother. If each box has 3 pieces inside it, how many pieces did Tom still have? '}) (input_keys={'question'})","Prediction(
    reasoning=""To determine how many pieces of chocolate candy Tom still had, we need to follow these steps:\n\n1. Calculate the total number of boxes Tom originally bought: 14.\n2. Determine how many boxes he gave away: 8.\n3. Subtract the given-away boxes from the original total to find out how many boxes he has left: \\(14 - 8 = 6\\).\n4. Each box contains 3 pieces, so we need to multiply the number of remaining boxes by the number of pieces per box to get the final count.\n\nLet's calculate this."",
    response=6.0
)",False
"Example({'response': 12, 'question': ' At a restaurant each adult meal costs $2 and kids eat free. If a group of 15 people came in and 9 were kids, how much would it cost for the group to eat? '}) (input_keys={'question'})","Prediction(
    reasoning=""The cost of meals for adults is calculated by multiplying the number of adult people in the group by the price per meal. Since kids eat free, we only need to calculate the cost for 9 kids (as they don't contribute to the total cost). There are a total of 15 people, so there must be 6 adults (15 - 9 = 6)."",
    response=2.0
)",False
"Example({'response': 32, 'question': ' Edward earned 4 dollars for each lawn he mowed. If he had 17 lawns to mow, but forgot to mow 9 of them, how much money did he actually earn? '}) (input_keys={'question'})","Prediction(
    reasoning='First calculate the number of lawns Edward actually mowed which is 17 - 9. Then, multiply this number by the amount he earned per lawn to find out how much money he earned.',
    response=40.0
)",False
"Example({'response': 56, 'question': ' A new building needed 11 windows. The builder had already installed 4 of them. If it takes 8 hours to install each window, how long will it take him to install the rest? '}) (input_keys={'question'})","Prediction(
    reasoning='To determine how long it will take to install the rest of the windows, we first need to find out how many windows are left to be installed. The total number of windows needed is 11, and the builder has already installed 4 windows. Therefore, the remaining windows to be installed is \\(11 - 4 = 7\\). Given that it takes 8 hours to install each window, we can calculate the total time required for installing the remaining windows by multiplying the number of remaining windows by the installation time per window.',
    response=64.0
)",False
"Example({'response': 30, 'question': ' Tom bought 12 boxes of chocolate candy and gave 7 to his little brother. If each box has 6 pieces inside it, how many pieces did Tom still have? '}) (input_keys={'question'})","Prediction(
    reasoning=""To determine how many pieces of chocolate candy Tom still had, we need to follow these steps:\n\n1. Calculate the total number of boxes Tom initially bought.\n2. Subtract the number of boxes he gave to his little brother from the initial number of boxes.\n3. Multiply the remaining number of boxes by the number of pieces in each box.\n\nLet's perform these calculations step-by-step:\n- Initial number of boxes: 12\n- Boxes given to brother: 7\n- Pieces per box: 6\n\nFirst, calculate the remaining number of boxes Tom has after giving some away:\n\n\\[ \\text{Remaining boxes} = \\text{Initial boxes} - \\text{Boxes given to brother} \\]\n\nThen, multiply this by the number of pieces in each box to find out how many pieces Tom still have.\n\nLet's do these calculations."",
    response=18.0
)",False
"Example({'response': 30, 'question': ' John had 6 action figures, but needed 11 total for a complete collection. If each one costs $6, how much money would he need to finish his collection? '}) (input_keys={'question'})","Prediction(
    reasoning='To determine how much money John needs to finish his collection, we first need to calculate the number of additional action figures he requires. Since he already has 6 action figures and needs a total of 11, he needs \\(11 - 6 = 5\\) more action figures. Each one costs $6, so the total cost for these 5 additional action figures is \\(5 \\times 6\\).',
    response=42.0
)",False
"Example({'response': 72, 'question': ' At a restaurant each adult meal costs $8 and kids eat free. If a group of 11 people came in and 2 were kids, how much would it cost for the group to eat? '}) (input_keys={'question'})","Prediction(
    reasoning='The cost of meals for adults is $8 each. There are 11 people in total, out of which 2 are kids who eat free. Therefore, there are 9 adult people who will be charged. So the total cost would be 9 times the price of an adult meal.',
    response=8.0
)",False
"Example({'response': 27, 'question': ' At the fair Kaleb bought 6 tickets. After riding the ferris wheel he had 3 tickets left. If each ticket cost 9 dollars, how much money did Kaleb spend riding the ferris wheel? '}) (input_keys={'question'})","Prediction(
    reasoning='Kaleb initially had 6 tickets. After riding the ferris wheel, he was left with 3 tickets. Therefore, he used \\(6 - 3 = 3\\) tickets to ride the ferris wheel. If each ticket costs $9, then the total amount of money spent on the ferris wheel is \\(3 \\times 9\\).',
    response=27.0
)",True
"Example({'response': 72, 'question': ' Tiffany baked 8 brownies, but needed 17 total for her party. If she used 8 cups of flour on each one, how much cups of flour does she still need? '}) (input_keys={'question'})","Prediction(
    reasoning='Tiffany needs 17 brownies in total. She has already baked 8 of them, so she still needs to bake 17 - 8 = 9 brownies. Each brownie requires 8 cups of flour, so for the remaining 9 brownies, she will need 9 * 8 cups of flour.',
    response=72.0
)",True
"Example({'response': 21, 'question': ' In a video game, each enemy defeated gives you 7 points. If a level has 11 enemies total and you destroy all but 8 of them, how many points would you earn? '}) (input_keys={'question'})","Prediction(
    reasoning='To determine the points earned, we first need to calculate how many enemies were actually defeated. Given that there are 11 total enemies and you destroy all but 8 of them, this means you defeat \\(11 - 8 = 3\\) enemies. Since each enemy defeated gives you 7 points, the total points earned would be \\(3 \\times 7\\).',
    response=3.0
)",False
"Example({'response': 56, 'question': ' A magician was selling magic card decks for 7 dollars each. If he started with 16 decks and by the end of the day he had 8 left, how much money did he earn? '}) (input_keys={'question'})","Prediction(
    reasoning='To determine how much money the magician earned, we first need to calculate how many decks he sold. He started with 16 decks and ended up with 8 decks left by the end of the day. Therefore, the number of decks sold is \\(16 - 8\\). Each deck was sold for $7. We can then multiply the number of decks sold by the price per deck to find out how much money he earned.',
    response=49.0
)",False
"Example({'response': 30, 'question': ' There were 13 friends playing a video game online when 8 players quit. If each player left had 6 lives, how many lives did they have total? '}) (input_keys={'question'})","Prediction(
    reasoning='To find out how many lives were left in total after 8 players quit, we first need to determine how many players remained. Initially, there were 13 friends playing, and 8 of them quit, so the number of remaining players is \\(13 - 8\\). Each player had 6 lives, so the total number of lives can be calculated by multiplying the number of remaining players by 6.',
    response=42.0
)",False
"Example({'response': 6, 'question': "" At lunch a waiter had 7 customers and 5 of them didn't leave a tip. If he got $3 each from the ones who did tip, how much money did he earn? ""}) (input_keys={'question'})","Prediction(
    reasoning=""The waiter had 7 customers in total. Out of these, 5 didn't leave a tip, so the number of customers who did tip is 7 - 5 = 2. He got $3 from each customer who tipped, so he earned 2 * $3 = $6."",
    response=6.0
)",True
"Example({'response': 63, 'question': ' At the fair Adam bought 10 tickets. After riding the ferris wheel he had 3 tickets left. If each ticket cost 9 dollars, how much money did Adam spend riding the ferris wheel? '}) (input_keys={'question'})","Prediction(
    reasoning='Adam started with 10 tickets and had 3 left after riding the ferris wheel. Therefore, he spent 10 - 3 = 7 tickets on the ferris wheel. Since each ticket costs $9, Adam spent 7 * 9 dollars on the ferris wheel.',
    response=63.0
)",True
"Example({'response': 63, 'question': ' A worksheet had 7 problems on it. If a teacher had 17 worksheets to grade and had already graded 8 of them, how many more problems does she have to grade? '}) (input_keys={'question'})","Prediction(
    reasoning='To determine how many more problems the teacher has to grade, we first need to find out how many worksheets she still needs to grade. She had 17 worksheets in total and has already graded 8 of them, so she has \\(17 - 8 = 9\\) worksheets left to grade. Since each worksheet contains 7 problems, the total number of remaining problems is \\(9 \\times 7\\).',
    response=9.0
)",False
"Example({'response': 12, 'question': "" A trivia team had 9 members total, but during a game 3 members didn't show up. If each member that did show up scored 2 points, how many points were scored total? ""}) (input_keys={'question'})","Prediction(
    reasoning=""The trivia team originally had 9 members. If 3 didn't show up, that means 9 - 3 = 6 members showed up and played the game. Each member scored 2 points, so to find the total points scored we multiply the number of players by their score: 6 * 2."",
    response=12.0
)",True
"Example({'response': 30, 'question': "" Mike had 15 video games but 9 of them weren't working. If he wanted to sell the working games for $5 each, how much money could he earn? ""}) (input_keys={'question'})","Prediction(
    reasoning=""Mike has 15 video games in total, but only 9 of them are working. He can sell each working game for $5. To find out how much money he could earn, we need to calculate the number of working games and then multiply by the price per game.\n\nThe calculation is: (Number of working games) = (Total number of games) - (Number of non-working games). Then, the total earnings can be calculated as: Earnings = Number of working games * Price per game.\n\nLet's perform these calculations."",
    response=12.0
)",False
"Example({'response': 36, 'question': ' Edward earned 9 dollars for each lawn he mowed. If he had 6 lawns to mow, but forgot to mow 2 of them, how much money did he actually earn? '}) (input_keys={'question'})","Prediction(
    reasoning='Edward was supposed to mow 6 lawns but forgot about 2 of them, so he actually mowed 4 lawns. Given that he earns $9 per lawn, his total earnings can be calculated by multiplying the number of lawns he mowed with the amount he earns for each lawn.',
    response=36.0
)",True
"Example({'response': 14, 'question': ' At a restaurant each adult meal costs $2 and kids eat free. If a group of 9 people came in and 2 were kids, how much would it cost for the group to eat? '}) (input_keys={'question'})","Prediction(
    reasoning='The total cost will be calculated based on the number of adults, since kids eat free. There are 9 people in total and 2 of them are kids, so there are 7 adults. Each adult meal costs $2.',
    response=14.0
)",True
"Example({'response': 54, 'question': ' Chloe baked 7 brownies, but needed 16 total for her party. If she used 6 cups of flour on each one, how much cups of flour does she still need? '}) (input_keys={'question'})","Prediction(
    reasoning='To determine how much flour Chloe still needs, we first need to calculate the total amount of flour used on the 7 brownies she has already baked. Given that each brownie requires 6 cups of flour, the total flour used is \\(7 \\times 6\\). The total number of brownies needed for her party is 16, so the remaining brownies to be baked are \\(16 - 7 = 9\\). Therefore, the amount of flour she still needs can be calculated as \\(9 \\times 6\\).',
    response=36.0
)",False
"Example({'response': 15, 'question': ' There were 8 friends playing a video game online when 3 players quit. If each player left had 3 lives, how many lives did they have total? '}) (input_keys={'question'})","Prediction(
    reasoning='To determine the total number of lives the remaining players had, we first need to find out how many players were left after 3 quit. Initially, there were 8 friends playing, so if 3 quit, then \\(8 - 3 = 5\\) players remained. Each player had 3 lives, thus the total number of lives is \\(5 \\times 3\\).',
    response=2.0
)",False
"Example({'response': 6, 'question': "" Sam invited 9 friends to a birthday party, but 6 couldn't come. If he wanted to buy enough cupcakes so each person could have exactly 2, how many should he buy? ""}) (input_keys={'question'})","Prediction(
    reasoning=""To determine how many cupcakes Sam should buy, we first need to calculate the total number of people who will attend the party. Initially, Sam invited 9 friends, but since 6 couldn't come, the number of attendees is \\(9 - 6 = 3\\). Each attendee will have exactly 2 cupcakes, so the total number of cupcakes needed is \\(3 \\times 2 = 6\\)."",
    response=6.0
)",True
"Example({'response': 72, 'question': "" Megan earned 8 points for each bag of cans she recycled. If she had 14 bags, but didn't recycle 5 of them, how many points would she have earned? ""}) (input_keys={'question'})","Prediction(
    reasoning=""To determine how many points Megan earned, we first need to calculate how many bags she did recycle. She had 14 bags but didn't recycle 5 of them, so she recycled \\(14 - 5 = 9\\) bags. Since she earns 8 points for each bag, the total points would be \\(9 \\times 8\\)."",
    response=72.0
)",True
"Example({'response': 5, 'question': ' Will had 57 dollars. If he spent 27 bucks on a new game, how many 6 dollar toys could he buy with the money he had left? '}) (input_keys={'question'})","Prediction(
    reasoning='First, calculate the amount of money Will has left after buying the game. Then, determine how many 6 dollar toys he can buy with that remaining amount.',
    response=5.0
)",True
"Example({'response': 3, 'question': ' A pet store had 18 puppies. In one day they sold 3 of them and put the rest into cages with 5 in each cage. How many cages did they use? '}) (input_keys={'question'})","Prediction(
    reasoning='To determine how many cages were used, we first need to find out how many puppies are left after selling 3 of them. Initially, there were 18 puppies. After selling 3, the number of remaining puppies is \\(18 - 3 = 15\\). These 15 puppies are then placed into cages with 5 in each cage.\n\nTo calculate the number of cages used, we divide the total number of remaining puppies by the number of puppies per cage: \\(\\frac{15}{5} = 3\\) cages.',
    response=3.0
)",True
"Example({'response': 6, 'question': ' Luke had 47 pieces of clothing to wash. He put 17 of them in one load, but decided to split the rest into 5 equal loads. How many pieces of clothing could go in each of the small loads? '}) (input_keys={'question'})","Prediction(
    reasoning='Luke initially had 47 pieces of clothing. He put 17 in one load, leaving him with \\(47 - 17 = 30\\) pieces to be split into 5 equal loads.\n\nTo find out how many pieces can go in each of the small loads, we need to divide the remaining clothes by the number of small loads (which is 5).\n\n\\[ \\text{Pieces per load} = \\frac{30}{5} \\]',
    response=3.0
)",False
"Example({'response': 8, 'question': "" Edward bought 79 tickets at the state fair. He spent 23 tickets at the 'dunk a clown' booth and decided to use the rest on rides. If each ride cost 7 tickets, how many rides could he go on? ""}) (input_keys={'question'})","Prediction(
    reasoning=""Edward initially had 79 tickets. He spent 23 of them at the 'dunk a clown' booth, so he has \\(79 - 23 = 56\\) tickets left to spend on rides. Each ride costs 7 tickets, so we can calculate how many rides he could go on by dividing his remaining tickets by the cost per ride.\n\n\\[ \\text{Number of rides} = \\frac{\\text{Remaining tickets}}{\\text{Cost per ride}} = \\frac{56}{7} \\]"",
    response=3.0
)",False
"Example({'response': 5, 'question': "" Katie baked 18 cupcakes for her school's bake sale. If her brother, Todd, ate 8 of them how many packages could she make if she put 2 cupcake in each package? ""}) (input_keys={'question'})","Prediction(
    reasoning='To determine how many packages Katie can make, we first need to find out how many cupcakes she has left after Todd ate 8 of them. Then, we divide the remaining number of cupcakes by the number of cupcakes per package (2) to get the total number of packages.',
    response=3.0
)",False
"Example({'response': 9, 'question': ' Megan had 93 files on her computer. She deleted 21 of them and put the rest into folders with 8 files in each one. How many folders did Megan end up with? '}) (input_keys={'question'})","Prediction(
    reasoning=""To determine how many folders Megan ended up with, we first need to calculate how many files she has left after deleting 21 of them. This is given by \\(93 - 21\\). After that, since each folder contains 8 files, the number of folders can be found by dividing the remaining files by 8.\n\nLet's perform these calculations."",
    response=0.75
)",False
"Example({'response': 7, 'question': ' Wendy uploaded 79 pictures to Facebook. She put 44 pics into one album and put the rest into 5 different albums. How many pictures were in each album? '}) (input_keys={'question'})","Prediction(
    reasoning='To determine how many pictures were in each of the 5 different albums, we first need to find out how many pictures Wendy put into the 5 different albums. We know that she uploaded a total of 79 pictures and placed 44 pictures into one album. Therefore, the number of pictures left for the other 5 albums is \\(79 - 44\\). Then, we divide this remaining number by 5 to find out how many pictures were in each of those albums.',
    response=21.0
)",False
"Example({'response': 8, 'question': ' Isabel had 72 homework problems. She finished 32 of them but still had 5 pages of problems to do. If each page has the same number of problems on it, how many problems are on each page? '}) (input_keys={'question'})","Prediction(
    reasoning='To solve this problem, we first need to determine how many homework problems Isabel has left to do. She had 72 problems in total and finished 32 of them. So, she has \\(72 - 32 = 40\\) problems remaining. These 40 problems are spread across 5 pages. To find out how many problems are on each page, we divide the number of remaining problems by the number of pages.',
    response=8.0
)",True
"Example({'response': 6, 'question': ' The cafeteria had 62 apples. For lunch they handed out 8 to students and decided to use the rest to make pies. If each pie takes 9 apples, how many pies could they make? '}) (input_keys={'question'})","Prediction(
    reasoning='To determine how many pies can be made from the remaining apples, we first need to calculate the number of apples left after handing out 8 to students. Then, using the total number of leftover apples, we divide by the number of apples required for each pie (9) to find out how many whole pies can be made.\n\n1. Calculate the number of apples left: \\(62 - 8 = 54\\)\n2. Determine the number of pies that can be made with 54 apples, given that each pie requires 9 apples: \\(\\frac{54}{9} = 6\\) pies\n\nWe need to use integer division since we cannot make a fraction of a pie.',
    response=6.0
)",True
"Example({'response': 9, 'question': ' Mike made 101 dollars mowing lawns over the summer. If he spent 47 dollars buying new mower blades, how many 6 dollar games could he buy with the money he had left? '}) (input_keys={'question'})","Prediction(
    reasoning=""To determine how many 6-dollar games Mike could buy, we first need to calculate how much money he has left after buying new mower blades. He made $101 over the summer and spent $47 on new mower blades. The remaining amount is calculated as follows: \n\n\\[ \\text{Remaining Amount} = \\$101 - \\$47 \\]\n\nAfter finding out his remaining amount, we can then determine how many 6-dollar games he could buy by dividing the remaining amount by 6.\n\n\\[ \\text{Number of Games} = \\frac{\\text{Remaining Amount}}{6} \\]\n\nLet's calculate this."",
    response=0.8333333333333334
)",False
"Example({'response': 5, 'question': "" Paige's team won their dodgeball game and scored 41 points total. If Paige scored 11 of the points and everyone else scored 6 points each, how many players were on her team? ""}) (input_keys={'question'})","Prediction(
    reasoning=""To find out how many players were on Paige's team, we need to subtract the points scored by Paige from the total and divide that number by the points scored by everyone else. Then add 1 for Paige herself. The formula is: (total_points - paige_points) / points_per_other_player + 1 = total_players. Let's calculate this using the given values."",
    response=7.0
)",False
"Example({'response': 9, 'question': ' Oliver is at the library helping put away books. There are 46 book to put away total but a librarian takes 10 of them and leaves Oliver with the rest. If he can fit 4 books on a shelf, how many shelves will he need? '}) (input_keys={'question'})","Prediction(
    reasoning='To determine how many shelves Oliver will need, we first need to find out how many books he has left after the librarian takes 10 of them. The total number of books is 46, and a librarian took 10 of those books, leaving Oliver with \\(46 - 10 = 36\\) books. Since each shelf can hold 4 books, we need to divide the remaining books by the capacity of each shelf.\n\nWe will calculate how many shelves are needed for these 36 books and determine if there is any remainder that would require an additional shelf.',
    response=5.0
)",False
"Example({'response': 3, 'question': ' Emily was planting vegetables in her garden. She started with 41 seeds and planted 29 of them in the big garden and in each of her small gardens put 4 seeds each. How many small gardens did Emily have? '}) (input_keys={'question'})","Prediction(
    reasoning='Emily started with 41 seeds. She planted 29 of them in the big garden, so she had 41 - 29 = 12 seeds left to plant in small gardens. Each small garden got 4 seeds, so the number of small gardens is 12 / 4.',
    response=3.0
)",True
"Example({'response': 8, 'question': ' Edward made 37 dollars mowing lawns over the summer. If he spent 21 dollars buying new mower blades, how many 2 dollar games could he buy with the money he had left? '}) (input_keys={'question'})","Prediction(
    reasoning='First, calculate the total amount Edward has after buying new mower blades. Then, determine how much money he has left to spend on games. Finally, divide the remaining money by the cost of one game to find out how many games he can buy.',
    response=8.0
)",True
"Example({'response': 5, 'question': ' A pet store had 81 puppies. In one day they sold 41 of them and put the rest into cages with 8 in each cage. How many cages did they use? '}) (input_keys={'question'})","Prediction(
    reasoning='To determine how many cages were used, we first need to find out how many puppies are left after selling 41 of them. The total number of puppies is 81, so the remaining puppies are \\(81 - 41 = 40\\). These remaining puppies are placed into cages with 8 in each cage. To find the number of cages used, we divide the number of remaining puppies by the number of puppies per cage: \\(\\frac{40}{8}\\).',
    response=2.5
)",False
"Example({'response': 6, 'question': "" There are 65 students trying out for the school's trivia teams. If 17 of them didn't get picked for the team and the rest were put into 8 groups, how many students would be in each group? ""}) (input_keys={'question'})","Prediction(
    reasoning=""To determine how many students would be in each group, we first need to find out how many students were picked for the trivia teams. This can be calculated by subtracting the number of students who didn't get picked from the total number of students trying out: 65 - 17 = 48 students. The remaining students are then divided into 8 groups, so we divide 48 by 8 to find the number of students per group."",
    response=3.0
)",False
"Example({'response': 2, 'question': ' Tom had 57 dollars. If he spent 49 bucks on a new game, how many 4 dollar toys could he buy with the money he had left? '}) (input_keys={'question'})","Prediction(
    reasoning='First, calculate how much money Tom has left after buying the game. Then, determine how many 4 dollar toys he can buy with that remaining amount.',
    response=2.0
)",True
"Example({'response': 7, 'question': ' Isabel picked 66 flowers for her friend’s wedding. She was making bouquets with 8 flowers in each one. If 10 of the flowers wilted before the wedding, how many bouquets could she still make? '}) (input_keys={'question'})","Prediction(
    reasoning=""To determine how many bouquets Isabel can still make, we need to follow these steps:\n\n1. Subtract the wilted flowers from the total number of flowers.\n2. Divide the remaining flowers by the number of flowers per bouquet.\n\nLet's calculate this step-by-step.\n\nFirst, subtract the 10 wilted flowers from the initial 66 flowers:\n\\[ \\text{Remaining flowers} = 66 - 10 \\]\n\nThen divide the remaining flowers by the number of flowers per bouquet (8):\n\\[ \\text{Number of bouquets} = \\frac{\\text{Remaining flowers}}{8} \\]\n\nWe can now calculate this using Python code."",
    response=2.75
)",False
"Example({'response': 8, 'question': ' For Halloween Sarah received 108 pieces of candy. She ate 36 pieces then placed the rest into piles with 9 in each pile. How many piles could she make? '}) (input_keys={'question'})","Prediction(
    reasoning='Sarah initially had 108 pieces of candy. She ate 36 pieces, so she had \\(108 - 36 = 72\\) pieces left. If she placed these remaining candies into piles with 9 in each pile, the number of piles she could make is \\( \\frac{72}{9} \\).',
    response=7.0
)",False
"Example({'response': 7, 'question': ' Nancy had 80 files on her computer. She deleted 31 of them and put the rest into folders with 7 files in each one. How many folders did Nancy end up with? '}) (input_keys={'question'})","Prediction(
    reasoning='To determine how many folders Nancy ended up with, we first need to calculate how many files she has left after deleting 31 of them. This is done by subtracting 31 from the initial 80 files. After that, since each folder contains 7 files, we divide the remaining number of files by 7 to find out how many folders Nancy created.',
    response=4.0
)",False
"Example({'response': 9, 'question': "" There are 36 students trying out for the school's trivia teams. If 9 of them didn't get picked for the team and the rest were put into 3 groups, how many students would be in each group? ""}) (input_keys={'question'})","Prediction(
    reasoning=""First, we need to find out how many students got picked for the teams. There are 36 students trying out and 9 didn't get picked. So, 36 - 9 = 27 students were picked. These 27 students were then divided into 3 groups. To find out how many students would be in each group, we divide 27 by 3."",
    response=9.0
)",True
"Example({'response': 9, 'question': ' The cafeteria had 96 apples. For lunch they handed out 42 to students and decided to use the rest to make pies. If each pie takes 6 apples, how many pies could they make? '}) (input_keys={'question'})","Prediction(
    reasoning=""To determine how many pies can be made from the remaining apples, we first need to find out how many apples are left after handing out 42 to students. The total number of apples initially is 96. After giving away 42 apples, the cafeteria has \\(96 - 42\\) apples left. Each pie requires 6 apples. Therefore, the number of pies that can be made from the remaining apples is \\(\\frac{96 - 42}{6}\\).\n\nLet's calculate this."",
    response=3.0
)",False
"Example({'response': 9, 'question': ' A pet store had 64 puppies. In one day they sold 28 of them and put the rest into cages with 4 in each cage. How many cages did they use? '}) (input_keys={'question'})","Prediction(
    reasoning='To determine how many cages were used, we first need to find out how many puppies are left after selling 28 of them. The total number of puppies is 64, so subtracting the sold puppies (28) from the total gives us the remaining puppies. Then, since each cage holds 4 puppies, dividing the number of remaining puppies by 4 will give us the number of cages used.',
    response=3.0
)",False
"Example({'response': 2, 'question': ' Edward was selling his old games. He started out with 35 but sold 19 of them. He packed the rest up putting 8 games into each box. How many boxes did he have to use? '}) (input_keys={'question'})","Prediction(
    reasoning='To find out how many boxes Edward had to use, we first need to determine how many games he has left after selling. He started with 35 games and sold 19 of them. So the number of games remaining is 35 - 19. After that, since each box can hold 8 games, we divide the number of remaining games by 8 to find out the number of boxes needed.',
    response=2.0
)",True
"Example({'response': 4, 'question': ' Frank made 19 dollars mowing lawns over the summer. If he spent 11 dollars buying new mower blades, how many 2 dollar games could he buy with the money he had left? '}) (input_keys={'question'})","Prediction(
    reasoning=""To determine how many 2 dollar games Frank could buy, we first need to calculate how much money he had left after buying new mower blades. He initially made $19 from mowing lawns and spent $11 on new mower blades. Therefore, the amount of money he has left is \\(19 - 11\\). After that, we can find out how many games costing $2 each he could buy with the remaining money.\n\nLet's calculate this step by step."",
    response=6.0
)",False
"Example({'response': 7, 'question': ' Megan had 40 homework problems. She finished 26 of them but still had 2 pages of problems to do. If each page has the same number of problems on it, how many problems are on each page? '}) (input_keys={'question'})","Prediction(
    reasoning='To solve this problem, we first need to determine how many homework problems Megan has left to do. She had 40 problems initially and finished 26 of them. Therefore, she has \\(40 - 26 = 14\\) problems remaining. Since these 14 problems are spread across 2 pages, we can find out the number of problems per page by dividing the total number of remaining problems by the number of pages.',
    response=3.0
)",False
"Example({'response': 7, 'question': ' Wendy picked 103 flowers for her friend’s wedding. She was making bouquets with 8 flowers in each one. If 47 of the flowers wilted before the wedding, how many bouquets could she still make? '}) (input_keys={'question'})","Prediction(
    reasoning='Wendy initially picked 103 flowers. Out of these, 47 wilted before the wedding. Therefore, the number of flowers available to make bouquets is \\(103 - 47\\). She plans to use 8 flowers in each bouquet. The maximum number of bouquets she can still make will be \\(\\left\\lfloor \\frac{103-47}{8} \\right\\rfloor\\).',
    response=2.0
)",False
"Example({'response': 4, 'question': ' Kaleb had 39 pieces of clothing to wash. He put 19 of them in one load, but decided to split the rest into 5 equal loads. How many pieces of clothing could go in each of the small loads? '}) (input_keys={'question'})","Prediction(
    reasoning='Kaleb initially had 39 pieces of clothing. He put 19 pieces in one load, leaving him with \\(39 - 19 = 20\\) pieces to be split into 5 equal loads.\n\nTo find out how many pieces can go in each of the small loads, we need to divide the remaining clothes by the number of loads (which is 5).\n\n\\[ \\text{Pieces per load} = \\frac{20}{5} \\]',
    response=2.0
)",False
"Example({'response': 2, 'question': "" A company invited 18 people to a luncheon, but 12 of them didn't show up. If the tables they had held 3 people each, how many tables do they need? ""}) (input_keys={'question'})","Prediction(
    reasoning=""To determine how many tables are needed, we first need to calculate the number of people who did show up. The company invited 18 people, but 12 didn't show up, so \\(18 - 12 = 6\\) people showed up. Since each table can hold 3 people, we divide the number of attendees by the capacity of a single table to find out how many tables are needed.\n\n\\[ \\text{Number of Tables Needed} = \\frac{\\text{Number of Attendees}}{\\text{Table Capacity}} = \\frac{6}{3} = 2 \\]"",
    response=2.0
)",True
"Example({'response': 8, 'question': ' Mike is at the library helping put away books. There are 82 book to put away total but a librarian takes 10 of them and leaves Mike with the rest. If he can fit 9 books on a shelf, how many shelves will he need? '}) (input_keys={'question'})","Prediction(
    reasoning=""First, we need to find out how many books Mike has left after the librarian takes some. Then, we divide this number by the number of books that can fit on one shelf and round up to find out how many shelves he needs since he can't have a fraction of a shelf."",
    response=9.222222222222221
)",False
"Example({'response': 6, 'question': ' A pet store had 78 puppies. In one day they sold 30 of them and put the rest into cages with 8 in each cage. How many cages did they use? '}) (input_keys={'question'})","Prediction(
    reasoning='To determine how many cages were used, we first need to find out how many puppies are left after selling 30 of them. Then, since each cage holds 8 puppies, we divide the remaining number of puppies by 8 to find the number of cages.\n\nFirst, subtract the sold puppies from the total: \\(78 - 30 = 48\\). Next, divide this result by 8 to determine how many cages are needed: \\(48 \\div 8 = 6\\).',
    response=6.0
)",True
"Example({'response': 2, 'question': ' Bianca uploaded 33 pictures to Facebook. She put 27 pics into one album and put the rest into 3 different albums. How many pictures were in each album? '}) (input_keys={'question'})","Prediction(
    reasoning='To determine how many pictures were in each of the 3 different albums, we first need to find out how many pictures Bianca put into the 3 different albums. We know that she uploaded a total of 33 pictures and placed 27 pictures into one album. Therefore, the number of pictures left for the other 3 albums is \\(33 - 27 = 6\\). Since these 6 pictures are divided equally among the 3 different albums, each of these albums will contain \\(\\frac{6}{3} = 2\\) pictures.',
    response=2.0
)",True
"Example({'response': 8, 'question': "" Emily's team won their dodgeball game and scored 39 points total. If Emily scored 23 of the points and everyone else scored 2 points each, how many players were on her team? ""}) (input_keys={'question'})","Prediction(
    reasoning=""To determine the number of players on Emily's team, we need to account for both Emily's points and the points scored by her teammates. Since Emily scored 23 points, the remaining points (39 - 23) were scored by other members of her team. Each teammate contributed 2 points. We can calculate the number of teammates first and then add Emily herself to find the total number of players."",
    response=4.0
)",False
"Example({'response': 8, 'question': "" A company invited 47 people to a luncheon, but 7 of them didn't show up. If the tables they had held 5 people each, how many tables do they need? ""}) (input_keys={'question'})","Prediction(
    reasoning=""To determine how many tables are needed, we first need to calculate the number of people who actually attended the luncheon. The company invited 47 people, but 7 didn't show up, so the number of attendees is \\(47 - 7\\). After finding out the number of attendees, we divide this by the capacity of each table (5 people per table) to find out how many tables are needed. Since the number of tables must be a whole number and cannot have any leftover attendees, if there's any remainder after division, an additional table is required.\n\nLet's calculate it step-by-step:\n\n1. Calculate the number of attendees.\n2. Divide the number of attendees by the capacity of each table to find out how many full tables are needed.\n3. If there's a remainder, add one more table for those remaining people.\n\nWe'll use these steps in our calculation."",
    response=4.8
)",False
"Example({'response': 4, 'question': ' A waiter had 44 customers in his section. If 12 of them left and the rest of his tables had 8 people at each table, how many tables did he have? '}) (input_keys={'question'})","Prediction(
    reasoning='To solve this problem, we first need to determine how many customers are still in the section. This can be calculated by subtracting the number of customers who left from the initial total: 44 - 12 = 32. The remaining customers are evenly distributed among tables with 8 people each. Therefore, the number of tables is given by dividing the number of remaining customers by the number of people per table: 32 / 8.',
    response=3.0
)",False
"Example({'response': 5, 'question': ' A store had 40 coloring books in stock. They ended up putting them on sale and getting rid of 20 of them. The put the ones they still had onto shelves with 4 on each shelf. How many shelves did they use? '}) (input_keys={'question'})","Prediction(
    reasoning='To determine how many shelves were used, we need to follow these steps:\n\n1. Calculate the number of coloring books left after selling 20: \\(40 - 20 = 20\\).\n2. Determine how many shelves are needed if each shelf holds 4 coloring books: \\(\\frac{20}{4} = 5\\).',
    response=5.0
)",True
"Example({'response': 7, 'question': "" There are 64 students trying out for the school's trivia teams. If 36 of them didn't get picked for the team and the rest were put into 4 groups, how many students would be in each group? ""}) (input_keys={'question'})","Prediction(
    reasoning=""To determine how many students would be in each group, we first need to find out how many students were picked for the team. This can be calculated by subtracting the number of students who didn't get picked from the total number of students trying out. After finding this number, we divide it by 4 (the number of groups) to determine the number of students in each group."",
    response=30.0
)",False
"Example({'response': 6, 'question': ' Kaleb was selling his old games. He started out with 76 but sold 46 of them. He packed the rest up putting 5 games into each box. How many boxes did he have to use? '}) (input_keys={'question'})","Prediction(
    reasoning='First, we need to find out how many games Kaleb had left after selling 46 of them. Then, since he put 5 games into each box, we can divide the number of remaining games by 5 to find out how many boxes he used.',
    response=3.0
)",False
"Example({'response': 9, 'question': ' Jerry is at the library helping put away books. There are 34 book to put away total but a librarian takes 7 of them and leaves Jerry with the rest. If he can fit 3 books on a shelf, how many shelves will he need? '}) (input_keys={'question'})","Prediction(
    reasoning='To determine how many shelves Jerry will need, we first need to find out how many books he has left after the librarian takes 7 of them. The total number of books is 34, so after the librarian takes 7, Jerry will have \\(34 - 7 = 27\\) books. Since each shelf can hold 3 books, we divide the remaining number of books by 3 to find out how many shelves are needed.\n\n\\[ \\text{Number of shelves} = \\frac{\\text{Remaining books}}{\\text{Books per shelf}} = \\frac{27}{3} \\]',
    response=4.0
)",False
"Example({'response': 6, 'question': ' Nancy was planting vegetables in her garden. She started with 52 seeds and planted 28 of them in the big garden and in each of her small gardens put 4 seeds each. How many small gardens did Nancy have? '}) (input_keys={'question'})","Prediction(
    reasoning='To solve this problem, we first need to determine how many seeds Nancy planted in her small gardens. We know she started with 52 seeds and planted 28 of them in the big garden. The remaining seeds were distributed equally among her small gardens. After planting 28 seeds in the big garden, Nancy had \\(52 - 28 = 24\\) seeds left for the small gardens.\n\nSince each small garden received 4 seeds, we can find out how many small gardens there are by dividing the number of remaining seeds by the number of seeds per small garden. The total number of small gardens is therefore \\(\\frac{24}{4}\\).',
    response=3.0
)",False
"Example({'response': 9, 'question': ' Will had 83 dollars. If he spent 47 bucks on a new game, how many 4 dollar toys could he buy with the money he had left? '}) (input_keys={'question'})","Prediction(
    reasoning='To determine how many 4 dollar toys Will could buy, we first need to calculate how much money he has left after buying the game. Then, we can divide that amount by 4 to find out how many toys he can purchase.\n\nFirst, subtract the cost of the game from his initial amount:\n83 - 47 = 36 dollars\n\nNext, determine how many 4 dollar toys can be bought with the remaining money:\n36 / 4 = 9 toys',
    response=9.0
)",True
"Example({'response': 6, 'question': ' Bianca was planting vegetables in her garden. She started with 52 seeds and planted 40 of them in the big garden and in each of her small gardens put 2 seeds each. How many small gardens did Bianca have? '}) (input_keys={'question'})","Prediction(
    reasoning=""To determine how many small gardens Bianca had, we need to follow these steps:\n\n1. Calculate the number of seeds planted in the big garden.\n2. Subtract this from the total number of seeds to find out how many seeds were used for the small gardens.\n3. Divide the remaining seeds by the number of seeds per small garden to find the number of small gardens.\n\nLet's break it down:\n- Total seeds: 52\n- Seeds planted in big garden: 40\n- Remaining seeds for small gardens: 52 - 40 = 12\n- Seeds per small garden: 2\n\nNow, we can calculate how many small gardens Bianca had."",
    response=3.0
)",False
"Example({'response': 3, 'question': ' A waiter had 21 customers in his section. If 12 of them left and the rest of his tables had 3 people at each table, how many tables did he have? '}) (input_keys={'question'})","Prediction(
    reasoning='To solve this problem, we first need to determine how many customers remain after 12 of them leave. Then, since each of the remaining tables has 3 people at it, we can divide the number of remaining customers by 3 to find out how many tables there are.\n\nFirst, subtract the number of customers who left from the total number of customers: \\(21 - 12 = 9\\). This means there are 9 customers still in the section. Since each table has 3 people at it, we can divide the remaining number of customers by 3 to find out how many tables there are.\n\n\\[ \\text{Number of tables} = \\frac{\\text{Remaining customers}}{\\text{Customers per table}} = \\frac{9}{3} \\]',
    response=0.0
)",False
"Example({'response': 5, 'question': "" There are 25 students trying out for the school's trivia teams. If 15 of them didn't get picked for the team and the rest were put into 2 groups, how many students would be in each group? ""}) (input_keys={'question'})","Prediction(
    reasoning=""First, we need to find out how many students got picked for the trivia teams. There are 25 students trying out and 15 didn't get picked, so 25 - 15 = 10 students were picked. The remaining students (those not picked) will be divided into 2 groups. So we divide the number of students who didn't get picked by 2 to find how many are in each group: 10 / 2."",
    response=5.0
)",True
"Example({'response': 5, 'question': ' The cafeteria had 47 apples. For lunch they handed out 27 to students and decided to use the rest to make pies. If each pie takes 4 apples, how many pies could they make? '}) (input_keys={'question'})","Prediction(
    reasoning='To determine how many pies can be made from the apples used to make them, we first need to find out how many apples are left after handing out 27 apples. The total number of apples initially is 47. After giving away 27 apples, the remaining apples will be \\(47 - 27\\). Each pie requires 4 apples, so the number of pies that can be made from the remaining apples is \\(\\frac{remaining\\_apples}{4}\\).',
    response=3.0
)",False
"Example({'response': 6, 'question': "" Megan baked 68 cupcakes for her school's bake sale. If her brother, Todd, ate 32 of them how many packages could she make if she put 6 cupcake in each package? ""}) (input_keys={'question'})","Prediction(
    reasoning='To determine how many packages Megan can make, we first need to find out how many cupcakes she has left after Todd ate some. She originally had 68 cupcakes and Todd ate 32 of them. Then, we divide the remaining number of cupcakes by the number per package (6) to get the total number of packages.',
    response=4.0
)",False
"Example({'response': 9, 'question': ' A store had 120 coloring books in stock. They ended up putting them on sale and getting rid of 39 of them. The put the ones they still had onto shelves with 9 on each shelf. How many shelves did they use? '}) (input_keys={'question'})","Prediction(
    reasoning='To determine how many shelves were used, we first need to find out how many coloring books are left after the sale. Initially, there were 120 coloring books in stock. After selling 39 of them, the store has \\(120 - 39 = 81\\) coloring books remaining. These remaining books are then placed on shelves with 9 books per shelf.\n\nTo find out how many shelves were used, we divide the number of remaining books by the number of books per shelf: \\(\\frac{81}{9} = 9\\).',
    response=9.0
)",True
"Example({'response': 3, 'question': ' Isabel uploaded 25 pictures to Facebook. She put 10 pics into one album and put the rest into 5 different albums. How many pictures were in each album? '}) (input_keys={'question'})","Prediction(
    reasoning='To determine how many pictures were in each of the 5 different albums, we first need to calculate how many pictures Isabel put into the 5 different albums. We know that she uploaded a total of 25 pictures and placed 10 pictures into one album. Therefore, the remaining number of pictures is \\(25 - 10 = 15\\). These 15 pictures were distributed evenly among the 5 different albums.\n\nTo find out how many pictures are in each of these 5 albums, we divide the total number of pictures by the number of albums: \\(\\frac{15}{5}\\).',
    response=3.0
)",True
"Example({'response': 8, 'question': ' Sarah had 60 homework problems. She finished 20 of them but still had 5 pages of problems to do. If each page has the same number of problems on it, how many problems are on each page? '}) (input_keys={'question'})","Prediction(
    reasoning='To solve this problem, we first need to determine how many homework problems Sarah has left to complete. She had 60 problems initially and finished 20 of them. So, she has \\(60 - 20 = 40\\) problems remaining. We also know that these 40 problems are spread across 5 pages. Therefore, we can find out how many problems are on each page by dividing the number of remaining problems by the number of pages.',
    response=8.0
)",True
"Example({'response': 4, 'question': ' Mike made 42 dollars mowing lawns over the summer. If he spent 10 dollars buying new mower blades, how many 8 dollar games could he buy with the money he had left? '}) (input_keys={'question'})","Prediction(
    reasoning='To determine how many 8-dollar games Mike could buy, we first need to calculate how much money he had left after buying new mower blades. He initially made $42 from mowing lawns and spent $10 on new mower blades. Therefore, the amount of money he has left is $42 - $10 = $32. Next, we divide this remaining amount by the price of one game ($8) to find out how many games he can buy.',
    response=3.0
)",False
"Example({'response': 3, 'question': ' Will had 59 pieces of clothing to wash. He put 32 of them in one load, but decided to split the rest into 9 equal loads. How many pieces of clothing could go in each of the small loads? '}) (input_keys={'question'})","Prediction(
    reasoning='To determine how many pieces of clothing could go in each of the small loads, we first need to find out how many clothes are left after one load is taken. Will had 59 pieces initially and put 32 into one load. So, the remaining number of clothes is \\(59 - 32\\). The rest will be split equally among 9 smaller loads.',
    response=0.4444444444444444
)",False
"Example({'response': 7, 'question': ' Oliver made 35 dollars mowing lawns over the summer. If he spent 7 dollars buying new mower blades, how many 4 dollar games could he buy with the money he had left? '}) (input_keys={'question'})","Prediction(
    reasoning='To determine how many 4-dollar games Oliver can buy, we first need to calculate how much money he has left after buying new mower blades. He made $35 from mowing lawns and spent $7 on new mower blades. Therefore, the amount of money he has left is $35 - $7 = $28. Now, with this remaining amount, we can find out how many 4-dollar games he can buy by dividing his leftover money by the price of one game.\n\nWe need to calculate: $28 / $4',
    response=2.0
)",False
"Example({'response': 3, 'question': ' Emily was planting vegetables in her garden. She started with 42 seeds and planted 36 of them in the big garden and in each of her small gardens put 2 seeds each. How many small gardens did Emily have? '}) (input_keys={'question'})","Prediction(
    reasoning='Emily started with 42 seeds. She planted 36 of them in the big garden, leaving her with \\(42 - 36 = 6\\) seeds to plant in small gardens. Each small garden gets 2 seeds, so the number of small gardens can be calculated by dividing the remaining seeds by the number of seeds per small garden.\n\n\\[ \\text{Number of small gardens} = \\frac{\\text{Remaining seeds}}{\\text{Seeds per small garden}} = \\frac{6}{2} \\]',
    response=0.0
)",False
"Example({'response': 4, 'question': "" There are 17 students trying out for the school's trivia teams. If 5 of them didn't get picked for the team and the rest were put into 3 groups, how many students would be in each group? ""}) (input_keys={'question'})","Prediction(
    reasoning=""To determine how many students would be in each group, we first need to find out how many students got picked for the trivia teams. There were 17 students trying out, and 5 of them didn't get picked. So, the number of students who got picked is \\(17 - 5\\). The rest of the students (those who got picked) are then divided into 3 groups."",
    response=4.0
)",True
"Example({'response': 2, 'question': "" Katie's team won their dodgeball game and scored 12 points total. If Katie scored 4 of the points and everyone else scored 4 points each, how many players were on her team? ""}) (input_keys={'question'})","Prediction(
    reasoning=""To find out how many players were on Katie's team, we need to subtract the points scored by Katie from the total and divide the remaining points by the number of points each other player scored. The result will give us the number of other players. Adding one for Katie herself gives us the total number of players."",
    response=2.0
)",True
"Example({'response': 4, 'question': "" Megan baked 71 cupcakes for her school's bake sale. If her brother, Todd, ate 43 of them how many packages could she make if she put 7 cupcake in each package? ""}) (input_keys={'question'})","Prediction(
    reasoning='First, we need to find out how many cupcakes Megan has left after Todd ate some. Then, we divide the remaining number of cupcakes by the number per package to find out how many packages she can make.',
    response=4.0
)",True
"Example({'response': 2, 'question': ' Wendy uploaded 45 pictures to Facebook. She put 27 pics into one album and put the rest into 9 different albums. How many pictures were in each album? '}) (input_keys={'question'})","Prediction(
    reasoning='To determine how many pictures were in each of the 9 different albums, we first need to find out how many pictures Wendy put into the 9 albums. We know that she uploaded a total of 45 pictures and placed 27 pictures into one album. Therefore, the number of pictures left for the other 9 albums is \\(45 - 27\\). Then, dividing this number by 9 will give us the number of pictures per album.',
    response=3.0
)",False
"Example({'response': 7, 'question': ' A store had 86 coloring books in stock. They ended up putting them on sale and getting rid of 37 of them. The put the ones they still had onto shelves with 7 on each shelf. How many shelves did they use? '}) (input_keys={'question'})","Prediction(
    reasoning=""To determine how many shelves were used, we first need to find out how many coloring books are left after selling 37 of them. The store initially had 86 coloring books in stock. After selling 37 of them, the number of coloring books remaining is \\(86 - 37\\). Then, these remaining books are placed on shelves with 7 books per shelf.\n\nThe total number of shelves used can be calculated by dividing the number of remaining books by the number of books per shelf and taking into account that if there are any leftover books (i.e., not divisible evenly by 7), an additional shelf is needed for those. \n\nLet's calculate this step-by-step."",
    response=2.0
)",False
"Example({'response': 9, 'question': ' The cafeteria had 50 apples. For lunch they handed out 5 to students and decided to use the rest to make pies. If each pie takes 5 apples, how many pies could they make? '}) (input_keys={'question'})","Prediction(
    reasoning='To determine how many pies can be made from the apples used to make them, we first need to find out how many apples are left after handing out 5 to students. The cafeteria started with 50 apples and handed out 5, so there are \\(50 - 5 = 45\\) apples remaining. Each pie requires 5 apples, so the number of pies that can be made is \\( \\frac{45}{5} \\).',
    response=2.75
)",False
"Example({'response': 9, 'question': ' Nancy had 101 homework problems. She finished 47 of them but still had 6 pages of problems to do. If each page has the same number of problems on it, how many problems are on each page? '}) (input_keys={'question'})","Prediction(
    reasoning='To solve this problem, we first need to determine how many problems Nancy has left to do. She had 101 problems in total and finished 47 of them. So she has \\(101 - 47 = 54\\) problems remaining. Since these 54 problems are spread across 6 pages, each page must contain an equal number of problems.\n\nTo find out how many problems are on each page, we divide the total number of remaining problems by the number of pages: \\( \\frac{54}{6} \\).',
    response=0.8
)",False
"Example({'response': 3, 'question': ' Paige had 27 files on her computer. She deleted 9 of them and put the rest into folders with 6 files in each one. How many folders did Paige end up with? '}) (input_keys={'question'})","Prediction(
    reasoning='To determine how many folders Paige ended up with, we first need to calculate how many files she has left after deleting 9 of them. She originally had 27 files, so after deleting 9, she has \\(27 - 9 = 18\\) files remaining. These 18 files are then put into folders with 6 files in each one. To find out the number of folders, we divide the total number of remaining files by the number of files per folder.\n\n\\[ \\text{Number of folders} = \\frac{\\text{Total number of remaining files}}{\\text{Files per folder}} = \\frac{18}{6} \\]',
    response=3.0
)",True
"Example({'response': 6, 'question': ' For Halloween Bianca received 78 pieces of candy. She ate 30 pieces then placed the rest into piles with 8 in each pile. How many piles could she make? '}) (input_keys={'question'})","Prediction(
    reasoning='First, we need to find out how many pieces of candy Bianca has left after eating 30 pieces. Then, we divide the remaining candies by 8 to find out how many full piles she can make with 8 pieces each. The number of full piles is given by the integer division of total remaining candies divided by 8.',
    response=6.75
)",False
"Example({'response': 5, 'question': "" A company invited 45 people to a luncheon, but 35 of them didn't show up. If the tables they had held 2 people each, how many tables do they need? ""}) (input_keys={'question'})","Prediction(
    reasoning=""To determine how many tables are needed, we first need to calculate the number of people who did show up. The company invited 45 people, but only 35 didn't show up, so the number of attendees is \\(45 - 35 = 10\\). Since each table can hold 2 people, we divide the number of attendees by the capacity of a single table to find out how many tables are needed. If there's any remainder, an additional table will be required."",
    response=6.0
)",False
"Example({'response': 8, 'question': ' Haley uploaded 65 pictures to Facebook. She put 17 pics into one album and put the rest into 6 different albums. How many pictures were in each album? '}) (input_keys={'question'})","Prediction(
    reasoning='Haley uploaded 65 pictures in total. She put 17 pictures into one album, which leaves us with \\(65 - 17 = 48\\) pictures to be distributed among the remaining 6 albums.\n\nTo find out how many pictures were in each of these 6 albums, we need to divide the remaining pictures by the number of albums. So, \\( \\frac{48}{6} \\).',
    response=3.0
)",False
"Example({'response': 9, 'question': ' A pet store had 102 puppies. In one day they sold 21 of them and put the rest into cages with 9 in each cage. How many cages did they use? '}) (input_keys={'question'})","Prediction(
    reasoning='To determine how many cages were used, we first need to find out how many puppies are left after selling 21 of them. The total number of puppies is 102, so the remaining puppies are \\(102 - 21 = 81\\). Since each cage holds 9 puppies, the number of cages needed will be \\(\\frac{81}{9}\\).',
    response=3.0
)",False
"Example({'response': 8, 'question': ' Roger had 120 pieces of clothing to wash. He put 48 of them in one load, but decided to split the rest into 9 equal loads. How many pieces of clothing could go in each of the small loads? '}) (input_keys={'question'})","Prediction(
    reasoning='To determine how many pieces of clothing could go in each of the small loads, we first need to calculate the number of clothes left after one load. Roger initially had 120 pieces of clothing and put 48 into one load. Therefore, the remaining pieces are \\(120 - 48\\). The rest is then divided equally among 9 smaller loads.',
    response=3.0
)",False
"Example({'response': 2, 'question': ' Wendy picked 45 flowers for her friend’s wedding. She was making bouquets with 5 flowers in each one. If 35 of the flowers wilted before the wedding, how many bouquets could she still make? '}) (input_keys={'question'})","Prediction(
    reasoning='First, we need to find out how many flowers Wendy has left after 35 wilted. Then, we can determine how many bouquets she could make with the remaining flowers by dividing the number of remaining flowers by the number of flowers per bouquet (5).',
    response=6.0
)",False
"Example({'response': 6, 'question': "" Isabel baked 39 cupcakes for her school's bake sale. If her brother, Todd, ate 21 of them how many packages could she make if she put 3 cupcake in each package? ""}) (input_keys={'question'})","Prediction(
    reasoning='First, calculate the total number of cupcakes left after Todd ate some. Then, divide this by the number of cupcakes per package to find out how many packages Isabel can make.',
    response=7.0
)",False
"Example({'response': 7, 'question': ' Sarah had 55 homework problems. She finished 6 of them but still had 7 pages of problems to do. If each page has the same number of problems on it, how many problems are on each page? '}) (input_keys={'question'})","Prediction(
    reasoning='To determine how many problems are on each page, we first need to find out how many pages of homework Sarah still has left. She had 55 problems in total and finished 6 of them, so she has \\(55 - 6 = 49\\) problems left. Since these remaining problems amount to 7 pages, the number of problems per page can be found by dividing the total number of remaining problems by the number of pages.',
    response=2.0
)",False
"Example({'response': 6, 'question': "" There are 58 students trying out for the school's trivia teams. If 10 of them didn't get picked for the team and the rest were put into 8 groups, how many students would be in each group? ""}) (input_keys={'question'})","Prediction(
    reasoning=""To determine how many students would be in each group, we first need to find out how many students got picked for the trivia teams. This can be calculated by subtracting the number of students who didn't get picked from the total number of students trying out. After finding this number, we divide it by the number of groups (8) to determine the size of each group."",
    response=3.25
)",False
"Example({'response': 5, 'question': ' Paige picked 53 flowers for her friend’s wedding. She was making bouquets with 7 flowers in each one. If 18 of the flowers wilted before the wedding, how many bouquets could she still make? '}) (input_keys={'question'})","Prediction(
    reasoning='To determine how many bouquets Paige can still make, we first need to calculate the total number of flowers she has after 18 wilted. She originally picked 53 flowers, so the remaining number of flowers is \\(53 - 18\\). After that, we divide this number by 7 (since each bouquet contains 7 flowers) to find out how many bouquets she can make.',
    response=2.0
)",False
"Example({'response': 2, 'question': ' A waiter had 22 customers in his section. If 14 of them left and the rest of his tables had 4 people at each table, how many tables did he have? '}) (input_keys={'question'})","Prediction(
    reasoning='To solve this problem, we first need to determine how many customers remain after 14 of them leave. Then, since each of the remaining tables has 4 people at it, we can divide the number of remaining customers by 4 to find out how many tables there are.\n\nFirst, subtract the number of customers who left from the total number of customers: \\(22 - 14 = 8\\). This means there are 8 customers still in the section. Since each table has 4 people at it, we can divide the remaining customers by 4 to find out how many tables there are.\n\n\\[ \\text{Number of tables} = \\frac{\\text{Remaining customers}}{\\text{People per table}} = \\frac{8}{4} = 2 \\]',
    response=2.0
)",True
"Example({'response': 5, 'question': ' Luke was selling his old games. He started out with 39 but sold 19 of them. He packed the rest up putting 4 games into each box. How many boxes did he have to use? '}) (input_keys={'question'})","Prediction(
    reasoning='Luke started with 39 games and sold 19 of them. The number of games he had left after selling is \\(39 - 19 = 20\\). He packed these remaining games into boxes, each containing 4 games. To find out how many boxes he needed, we divide the total number of leftover games by the number of games per box: \\(\\frac{20}{4} = 5\\) boxes.',
    response=5.0
)",True
"Example({'response': 3, 'question': "" Haley baked 20 cupcakes for her school's bake sale. If her brother, Todd, ate 11 of them how many packages could she make if she put 3 cupcake in each package? ""}) (input_keys={'question'})","Prediction(
    reasoning='First, calculate the total number of cupcakes left after Todd ate some. Then, divide this by the number of cupcakes per package to find out how many packages can be made.',
    response=5.0
)",False
"Example({'response': 3, 'question': ' A pet store had 13 puppies. In one day they sold 7 of them and put the rest into cages with 2 in each cage. How many cages did they use? '}) (input_keys={'question'})","Prediction(
    reasoning='To determine how many cages were used, we first need to find out how many puppies are left after selling 7 of them. Initially, there were 13 puppies. So, the number of puppies remaining is \\(13 - 7 = 6\\). These remaining puppies are placed into cages with 2 in each cage.\n\nTo calculate the number of cages used, we divide the number of remaining puppies by the number of puppies per cage: \\(\\frac{6}{2} = 3\\) cages.',
    response=3.0
)",True
"Example({'response': 3, 'question': ' A store had 27 coloring books in stock. They ended up putting them on sale and getting rid of 6 of them. The put the ones they still had onto shelves with 7 on each shelf. How many shelves did they use? '}) (input_keys={'question'})","Prediction(
    reasoning='To determine how many shelves were used, we first need to find out how many coloring books are left after selling 6 of them. Initially, there were 27 coloring books in stock. After selling 6, the store has \\(27 - 6 = 21\\) coloring books remaining. These 21 coloring books are then placed on shelves with 7 books per shelf.\n\nTo find out how many shelves were used, we divide the number of remaining coloring books by the number of books per shelf: \\(\\frac{21}{7} = 3\\).',
    response=3.0
)",True
"Example({'response': 9, 'question': ' Wendy had 82 files on her computer. She deleted 37 of them and put the rest into folders with 5 files in each one. How many folders did Wendy end up with? '}) (input_keys={'question'})","Prediction(
    reasoning=""To determine how many folders Wendy ended up with, we first need to calculate how many files she had left after deleting 37 of them. This is done by subtracting 37 from the initial 82 files. After finding out how many files are left, we divide this number by 5 (since each folder contains 5 files) to find out how many folders Wendy created.\n\nLet's do these calculations:\n\n1. Files remaining after deletion: \\( 82 - 37 \\)\n2. Number of folders: \\( \\frac{\\text{Files remaining}}{5} \\)\n\nWe'll perform the calculation for the number of folders."",
    response=4.0
)",False
"Example({'response': 2, 'question': ' Kaleb had 12 dollars. If he spent 8 bucks on a new game, how many 2 dollar toys could he buy with the money he had left? '}) (input_keys={'question'})","Prediction(
    reasoning='First, calculate how much money Kaleb has left after buying the game. Then, determine how many 2 dollar toys he can buy with that remaining amount.',
    response=1.0
)",False
"Example({'response': 3, 'question': ' Sarah was planting vegetables in her garden. She started with 21 seeds and planted 12 of them in the big garden and in each of her small gardens put 3 seeds each. How many small gardens did Sarah have? '}) (input_keys={'question'})","Prediction(
    reasoning='Sarah planted 12 seeds in the big garden. She had 21 - 12 = 9 seeds left to plant in small gardens. Since she put 3 seeds in each of her small gardens, she could have as many as 9 / 3 = 3 small gardens.',
    response=3.0
)",True
"Example({'response': 5, 'question': ' Nancy uploaded 51 pictures to Facebook. She put 11 pics into one album and put the rest into 8 different albums. How many pictures were in each album? '}) (input_keys={'question'})","Prediction(
    reasoning='To determine how many pictures were in each of the 8 different albums, we first need to subtract the number of pictures in one album from the total number of pictures. Nancy uploaded a total of 51 pictures and put 11 into one album. The remaining pictures are divided equally among the other 8 albums.',
    response=20.0
)",False
"Example({'response': 2, 'question': "" A company invited 24 people to a luncheon, but 10 of them didn't show up. If the tables they had held 7 people each, how many tables do they need? ""}) (input_keys={'question'})","Prediction(
    reasoning=""To determine how many tables are needed, we first need to calculate the number of people who actually attended the luncheon. The company invited 24 people, but 10 didn't show up, so the number of attendees is \\(24 - 10 = 14\\). Each table can hold 7 people. Therefore, the number of tables required will be \\(\\lceil \\frac{14}{7} \\rceil\\), where \\(\\lceil x \\rceil\\) denotes the ceiling function (rounding up to the nearest whole number).\n\nLet's calculate this."",
    response=2.0
)",True
"Example({'response': 5, 'question': "" Bianca's team won their dodgeball game and scored 75 points total. If Bianca scored 45 of the points and everyone else scored 6 points each, how many players were on her team? ""}) (input_keys={'question'})","Prediction(
    reasoning=""To determine how many players were on Bianca's team, we need to account for both Bianca's points and the points scored by her teammates. We know that Bianca scored 45 points out of a total of 75 points. The remaining points (75 - 45) were scored by her teammates, with each teammate scoring 6 points.\n\nFirst, we calculate how many teammates there are:\n- Total points scored by teammates = Total team points - Bianca's points\n- Number of teammates = Total points scored by teammates / Points per teammate\n\nThen, we add Bianca to the number of teammates to get the total number of players on her team. Let's do these calculations."",
    response=4.0
)",False
"Example({'response': 3, 'question': ' For Halloween Emily received 54 pieces of candy. She ate 33 pieces then placed the rest into piles with 7 in each pile. How many piles could she make? '}) (input_keys={'question'})","Prediction(
    reasoning='First, we need to find out how many pieces of candy Emily has left after eating 33 pieces. Then, we divide the remaining number of candies by 7 to find out how many full piles she can make.',
    response=4.0
)",False
"Example({'response': 7, 'question': ' Haley was planting vegetables in her garden. She started with 56 seeds and planted 35 of them in the big garden and in each of her small gardens put 3 seeds each. How many small gardens did Haley have? '}) (input_keys={'question'})","Prediction(
    reasoning='Haley started with 56 seeds. She planted 35 of them in the big garden, leaving her with 56 - 35 = 21 seeds to plant in small gardens. Each small garden gets 3 seeds, so the number of small gardens is 21 / 3.',
    response=2.0
)",False
"Example({'response': 2, 'question': ' A store had 48 coloring books in stock. They ended up putting them on sale and getting rid of 38 of them. The put the ones they still had onto shelves with 5 on each shelf. How many shelves did they use? '}) (input_keys={'question'})","Prediction(
    reasoning='To determine how many shelves were used, we first need to find out how many coloring books are left after the sale. Initially, there were 48 coloring books in stock. After selling 38 of them, the store has \\(48 - 38 = 10\\) coloring books remaining. These 10 coloring books are then placed on shelves with 5 books per shelf.\n\nTo find out how many shelves were used, we divide the number of remaining books by the number of books per shelf: \\(\\frac{10}{5} = 2\\).',
    response=2.0
)",True
"Example({'response': 4, 'question': ' Roger is at the library helping put away books. There are 14 book to put away total but a librarian takes 2 of them and leaves Roger with the rest. If he can fit 3 books on a shelf, how many shelves will he need? '}) (input_keys={'question'})","Prediction(
    reasoning='To determine how many shelves Roger will need, we first need to find out how many books he has left after the librarian takes 2. Since there are initially 14 books and the librarian took 2, Roger is left with \\(14 - 2 = 12\\) books. Given that each shelf can hold 3 books, we divide the number of remaining books by the capacity of a single shelf to find out how many shelves are needed.\n\n\\[ \\text{Number of shelves} = \\frac{\\text{Number of books left}}{\\text{Books per shelf}} = \\frac{12}{3} \\]\n\nWe then need to determine if there is any remainder, which would require an additional shelf. Since 12 divided by 3 results in a whole number without any remainder, Roger will only need as many shelves as the quotient.\n\n\\[ \\text{Number of shelves needed} = \\frac{12}{3} \\]',
    response=4.0
)",True
"Example({'response': 8, 'question': ' A pet store had 56 puppies. In one day they sold 24 of them and put the rest into cages with 4 in each cage. How many cages did they use? '}) (input_keys={'question'})","Prediction(
    reasoning='To determine how many cages were used, we first need to find out how many puppies are left after selling 24 of them. The total number of puppies is 56, so the remaining puppies are \\(56 - 24\\). After that, since each cage holds 4 puppies, we divide the remaining number of puppies by 4 to find the number of cages used.',
    response=3.0
)",False
"Example({'response': 7, 'question': ' The cafeteria had 86 apples. For lunch they handed out 30 to students and decided to use the rest to make pies. If each pie takes 8 apples, how many pies could they make? '}) (input_keys={'question'})","Prediction(
    reasoning='To determine how many pies can be made from the remaining apples, we first need to find out how many apples are left after handing out 30 to students. The cafeteria started with 86 apples and handed out 30, so there are \\(86 - 30 = 56\\) apples left. Each pie requires 8 apples, so the number of pies that can be made is calculated by dividing the remaining apples by 8.',
    response=4.0
)",False
"Example({'response': 4, 'question': ' Jerry had 60 pieces of clothing to wash. He put 40 of them in one load, but decided to split the rest into 5 equal loads. How many pieces of clothing could go in each of the small loads? '}) (input_keys={'question'})","Prediction(
    reasoning='To determine how many pieces of clothing can go in each of the small loads, we first need to find out how many clothes are left after one load is taken. Jerry initially had 60 pieces of clothing and put 40 into one load. Therefore, he has \\(60 - 40 = 20\\) pieces remaining. These 20 pieces are then split equally among the 5 small loads.',
    response=2.0
)",False
"Example({'response': 9, 'question': ' Mike made 69 dollars mowing lawns over the summer. If he spent 24 dollars buying new mower blades, how many 5 dollar games could he buy with the money he had left? '}) (input_keys={'question'})","Prediction(
    reasoning='To determine how many 5 dollar games Mike could buy, we first need to calculate how much money he had left after buying new mower blades. He made $69 from mowing lawns and spent $24 on new mower blades. Therefore, the amount of money he has left is $69 - $24. After finding out how much money he has left, we can then determine how many 5 dollar games he could buy by dividing the remaining money by 5.',
    response=13.0
)",False
"Example({'response': 7, 'question': ' Will made 104 dollars mowing lawns over the summer. If he spent 41 dollars buying new mower blades, how many 9 dollar games could he buy with the money he had left? '}) (input_keys={'question'})","Prediction(
    reasoning='Made after buying mower blades, made = 104 - 41 = $63. The number of games that can be bought is given by the integer division of total money left by cost per game: 63 // 9.',
    response=6.0
)",False
"Example({'response': 4, 'question': ' For Halloween Bianca received 32 pieces of candy. She ate 12 pieces then placed the rest into piles with 5 in each pile. How many piles could she make? '}) (input_keys={'question'})","Prediction(
    reasoning='Bianca started with 32 pieces of candy. She ate 12 pieces, so she had \\(32 - 12 = 20\\) pieces left. These remaining candies were placed into piles with 5 in each pile. To find out how many such piles she could make, we divide the number of remaining candies by the number per pile: \\(20 \\div 5\\).',
    response=2.0
)",False
"Example({'response': 9, 'question': ' Luke was selling his old games. He started out with 57 but sold 39 of them. He packed the rest up putting 2 games into each box. How many boxes did he have to use? '}) (input_keys={'question'})","Prediction(
    reasoning='First, we need to find out how many games Luke has left after selling 39 of his initial 57 games. Then, since he puts 2 games into each box, the number of boxes needed will be the total number of games divided by 2 (rounding up if there are any leftover games).',
    response=4.0
)",False
"Example({'response': 9, 'question': ' A pet store had 88 puppies. In one day they sold 34 of them and put the rest into cages with 6 in each cage. How many cages did they use? '}) (input_keys={'question'})","Prediction(
    reasoning='To determine how many cages were used, we first need to find out how many puppies are left after selling 34 of them. The total number of puppies is 88, so the remaining puppies are \\(88 - 34\\). After that, since each cage holds 6 puppies, we divide the remaining number of puppies by 6 to find out the number of cages used.',
    response=20.0
)",False
"Example({'response': 9, 'question': ' Katie had 85 files on her computer. She deleted 40 of them and put the rest into folders with 5 files in each one. How many folders did Katie end up with? '}) (input_keys={'question'})","Prediction(
    reasoning='Katie started with 85 files. After deleting 40 of them, she had 85 - 40 = 45 files left. She put these remaining files into folders with 5 files in each one. Therefore, the number of folders is 45 / 5.',
    response=7.0
)",False
"Example({'response': 3, 'question': ' Roger had 68 dollars. If he spent 47 bucks on a new game, how many 7 dollar toys could he buy with the money he had left? '}) (input_keys={'question'})","Prediction(
    reasoning='First, we need to calculate how much money Roger has left after buying the game. Then, we will determine how many 7 dollar toys he can buy with that remaining amount.',
    response=4.0
)",False
"Example({'response': 3, 'question': "" Tom bought 40 tickets at the state fair. He spent 28 tickets at the 'dunk a clown' booth and decided to use the rest on rides. If each ride cost 4 tickets, how many rides could he go on? ""}) (input_keys={'question'})","Prediction(
    reasoning=""To determine how many rides Tom could go on, we first need to calculate how many tickets he has left after spending 28 tickets at the 'dunk a clown' booth. Then, we can divide the remaining number of tickets by the cost per ride (4 tickets) to find out how many rides he can afford."",
    response=17.0
)",False
"Example({'response': 7, 'question': ' The cafeteria had 75 apples. For lunch they handed out 19 to students and decided to use the rest to make pies. If each pie takes 8 apples, how many pies could they make? '}) (input_keys={'question'})","Prediction(
    reasoning='To determine how many pies can be made from the remaining apples, we first need to find out how many apples are left after handing out 19 to students. The total number of apples initially is 75. After giving away 19 apples, the cafeteria has \\(75 - 19\\) apples left. Each pie requires 8 apples. Therefore, the number of pies that can be made from the remaining apples is \\(\\frac{75 - 19}{8}\\).',
    response=3.0
)",False
"Example({'response': 3, 'question': "" Sarah baked 38 cupcakes for her school's bake sale. If her brother, Todd, ate 14 of them how many packages could she make if she put 8 cupcake in each package? ""}) (input_keys={'question'})","Prediction(
    reasoning='To determine how many packages Sarah can make, we first need to find out how many cupcakes she has left after Todd ate some. She originally had 38 cupcakes and Todd ate 14 of them, so we subtract the number eaten from the total: \\(38 - 14 = 24\\) cupcakes remaining. Next, we divide the remaining cupcakes by the number per package (8) to find out how many full packages she can make.\n\n\\[ \\text{Number of packages} = \\frac{\\text{Remaining cupcakes}}{\\text{Cupcakes per package}} = \\frac{24}{8} = 3 \\]\n\nWe need to provide a single float value for the response, so we round down since partial packages are not possible.',
    response=3.0
)",True
"Example({'response': 2, 'question': ' Nancy uploaded 41 pictures to Facebook. She put 37 pics into one album and put the rest into 2 different albums. How many pictures were in each album? '}) (input_keys={'question'})","Prediction(
    reasoning='To determine how many pictures were in each of the 2 different albums, we first need to find out how many pictures Nancy put into the 2 different albums. We know that she uploaded a total of 41 pictures and placed 37 pictures into one album. Therefore, the number of pictures placed into the other two albums is \\(41 - 37 = 4\\). Since these 4 pictures are divided equally between the 2 different albums, each album contains \\(4 / 2 = 2\\) pictures.',
    response=2.0
)",True
