0,1,2
"Example({'label': 'A', 'question': 'A revolving door is convenient for two direction travel, but it also serves as a security measure at a what?', 'choices': 'A) bank, B) library, C) department store, D) mall, E) new york'}) (input_keys={'choices', 'question'})","Prediction(
    answer='C) Department store'
)",False
"Example({'label': 'A', 'question': 'What do people aim to do at work?', 'choices': 'A) complete job, B) learn from each other, C) kill animals, D) wear hats, E) talk to each other'}) (input_keys={'choices', 'question'})","Prediction(
    answer='A) complete job,\nB) learn from each other,'
)",False
"Example({'label': 'B', 'question': 'Where would you find magazines along side many other printed works?', 'choices': 'A) doctor, B) bookstore, C) market, D) train station, E) mortuary'}) (input_keys={'choices', 'question'})","Prediction(
    answer='bookstore'
)",False
"Example({'label': 'A', 'question': 'Where are  you likely to find a hamburger?', 'choices': 'A) fast food restaurant, B) pizza, C) ground up dead cows, D) mouth, E) cow carcus'}) (input_keys={'choices', 'question'})","Prediction(
    answer='A) fast food restaurant'
)",True
"Example({'label': 'A', 'question': 'James was looking for a good place to buy farmland.  Where might he look?', 'choices': 'A) midwest, B) countryside, C) estate, D) farming areas, E) illinois'}) (input_keys={'choices', 'question'})","Prediction(
    answer='D) farming areas'
)",False
"Example({'label': 'C', 'question': 'What island country is ferret popular?', 'choices': 'A) own home, B) north carolina, C) great britain, D) hutch, E) outdoors'}) (input_keys={'choices', 'question'})","Prediction(
    answer='C)\ngreat britain'
)",True
"Example({'label': 'B', 'question': 'In what Spanish speaking North American country can you get a great cup of coffee?', 'choices': ""A) mildred's coffee shop, B) mexico, C) diner, D) kitchen, E) canteen""}) (input_keys={'choices', 'question'})","Prediction(
    answer=""mildred's coffee shop""
)",False
"Example({'label': 'D', 'question': 'What do animals do when an enemy is approaching?', 'choices': 'A) feel pleasure, B) procreate, C) pass water, D) listen to each other, E) sing'}) (input_keys={'choices', 'question'})","Prediction(
    answer='B) procreate, D) listen to each other'
)",True
"Example({'label': 'A', 'question': 'Reading newspaper one of many ways to practice your what?', 'choices': 'A) literacy, B) knowing how to read, C) money, D) buying, E) money bank'}) (input_keys={'choices', 'question'})","Prediction(
    answer='A) literacy'
)",True
"Example({'label': 'C', 'question': 'What do people typically do while playing guitar?', 'choices': 'A) cry, B) hear sounds, C) singing, D) arthritis, E) making music'}) (input_keys={'choices', 'question'})","Prediction(
    answer='B) hear sounds, C) singing, E) making music'
)",False
"Example({'label': 'E', 'question': 'What would vinyl be an odd thing to replace?', 'choices': 'A) pants, B) record albums, C) record store, D) cheese, E) wallpaper'}) (input_keys={'choices', 'question'})","Prediction(
    answer='B) record albums'
)",False
"Example({'label': 'D', 'question': 'If you want harmony, what is something you should try to do with the world?', 'choices': 'A) take time, B) make noise, C) make war, D) make peace, E) make haste'}) (input_keys={'choices', 'question'})","Prediction(
    answer='D) make peace'
)",True
"Example({'label': 'A', 'question': ""Where does a heifer's master live?"", 'choices': 'A) farm house, B) barnyard, C) stockyard, D) slaughter house, E) eat cake'}) (input_keys={'choices', 'question'})","Prediction(
    answer='A) Farm house'
)",True
"Example({'label': 'D', 'question': 'Aside from water and nourishment what does your dog need?', 'choices': 'A) bone, B) charm, C) petted, D) lots of attention, E) walked'}) (input_keys={'choices', 'question'})","Prediction(
    answer='A) bone'
)",False
"Example({'label': 'C', 'question': 'Janet was watching the film because she liked what?', 'choices': 'A) erection, B) laughter, C) being entertained, D) fear, E) bordem'}) (input_keys={'choices', 'question'})","Prediction(
    answer='C) being entertained'
)",True
"Example({'label': 'D', 'question': ""What are you waiting alongside with when you're in a reception area?"", 'choices': 'A) motel, B) chair, C) hospital, D) people, E) hotels'}) (input_keys={'choices', 'question'})","Prediction(
    answer='D) people'
)",True
"Example({'label': 'D', 'question': 'When drinking booze what can you do to stay busy?', 'choices': 'A) reach tentative agreement, B) stay in bed, C) stop bicycle, D) examine thing, E) suicide'}) (input_keys={'choices', 'question'})","Prediction(
    answer='B'
)",False
"Example({'label': 'E', 'question': 'A fencing thrust with a sharp sword towards a person would result in what?', 'choices': 'A) injury, B) small cuts, C) fever, D) competition, E) puncture wound'}) (input_keys={'choices', 'question'})","Prediction(
    answer='E) puncture wound'
)",True
"Example({'label': 'E', 'question': 'Unlike a spider and his many sight seers, people only have what?', 'choices': 'A) tongues, B) names, C) brains, D) feelings, E) two eyes'}) (input_keys={'choices', 'question'})","Prediction(
    answer='A) Names, B) Feelings, C) Brains'
)",False
"Example({'label': 'D', 'question': 'Where do adults use glue sticks?', 'choices': 'A) classroom, B) desk drawer, C) at school, D) office, E) kitchen drawer'}) (input_keys={'choices', 'question'})","Prediction(
    answer='B) desk drawer, C) at school, D) office, E) kitchen drawer'
)",False
"Example({'label': 'D', 'question': 'What could go on top of wood?', 'choices': 'A) lumberyard, B) synagogue, C) floor, D) carpet, E) hardware store'}) (input_keys={'choices', 'question'})","Prediction(
    answer='A) lumberyard, B) synagogue, C) floor, D) carpet, E) hardware store'
)",False
"Example({'label': 'C', 'question': 'The artist was sitting quietly pondering, then suddenly he began to paint when what struck him?', 'choices': 'A) sadness, B) anxiety, C) inspiration, D) discomfort, E) insights'}) (input_keys={'choices', 'question'})","Prediction(
    answer='C) inspiration'
)",True
"Example({'label': 'D', 'question': ""Though the thin film seemed fragile, for it's intended purpose it was actually nearly what?"", 'choices': 'A) indestructible, B) durable, C) undestroyable, D) indestructible, E) unbreakable'}) (input_keys={'choices', 'question'})","Prediction(
    answer='C) undestroyable'
)",False
"Example({'label': 'D', 'question': 'Where could you find a toilet that only friends can use?', 'choices': 'A) rest area, B) school, C) stadium, D) apartment, E) hospital'}) (input_keys={'choices', 'question'})","Prediction(
    answer='D) Apartment'
)",True
"Example({'label': 'E', 'question': ""What is someone who isn't clever, bright, or competent called?"", 'choices': 'A) clumsy, B) ineffectual, C) dull, D) clumsy, E) stupid'}) (input_keys={'choices', 'question'})","Prediction(
    answer='E) stupid'
)",True
"Example({'label': 'D', 'question': 'When wildlife reproduce we often refer to what comes out as what?', 'choices': 'A) raise children, B) have children, C) photo copy, D) offspring, E) accidently got pregnant somehow'}) (input_keys={'choices', 'question'})","Prediction(
    answer='B) have children'
)",False
"Example({'label': 'B', 'question': 'The weasel was becoming a problem, it kept getting into the chicken eggs kept in the what?', 'choices': 'A) forrest, B) barn, C) public office, D) out of doors, E) freezer'}) (input_keys={'choices', 'question'})","Prediction(
    answer='A) forrest\nB) barn\nD) out of doors'
)",False
"Example({'label': 'A', 'question': 'Blue read material outside of his comfort zone because he wanted to gain what?', 'choices': 'A) new perspective, B) entertained, C) understanding, D) hunger, E) tired eyes'}) (input_keys={'choices', 'question'})","Prediction(
    answer='A) new perspective'
)",True
"Example({'label': 'B', 'question': 'After he got hired he hoped for success at his what?', 'choices': 'A) vocation, B) new job, C) michigan, D) working hard, E) manual'}) (input_keys={'choices', 'question'})","Prediction(
    answer='A) vocation'
)",False
"Example({'label': 'B', 'question': 'Committing perjury is a serious what?', 'choices': 'A) indictment, B) crime, C) violence, D) lie, E) go to jail'}) (input_keys={'choices', 'question'})","Prediction(
    answer=''
)",False
"Example({'label': 'B', 'question': 'If you are prone to postpone work what will you have to do in order to finish on time?', 'choices': 'A) eat, B) hasten, C) antedate, D) bring forward, E) advance'}) (input_keys={'choices', 'question'})","Prediction(
    answer='A) eat, B) hasten, C) antedate, D) bring forward, E) advance'
)",False
"Example({'label': 'A', 'question': 'James wanted to find an old underground map from the 50s.  Where might he look for one?', 'choices': ""A) library, B) subway station, C) county engineer's office, D) super market, E) home""}) (input_keys={'choices', 'question'})","Prediction(
    answer='A) library, B) subway station'
)",False
"Example({'label': 'E', 'question': 'Sean was in a rush to get home, but the light turned yellow and he was forced to do what?', 'choices': 'A) take time, B) dawdle, C) go slowly, D) ocean, E) slow down'}) (input_keys={'choices', 'question'})","Prediction(
    answer='C) go slowly'
)",False
"Example({'label': 'D', 'question': 'Where would a person be doing when having to wait their turn?', 'choices': 'A) have patience, B) get in line, C) sing, D) stand in line, E) turn left'}) (input_keys={'choices', 'question'})","Prediction(
    answer='A'
)",False
"Example({'label': 'E', 'question': 'She was always helping at the senior center, it brought her what?', 'choices': 'A) satisfaction, B) heart, C) feel better, D) pay, E) happiness'}) (input_keys={'choices', 'question'})","Prediction(
    answer='A) satisfaction'
)",False
"Example({'label': 'C', 'question': 'The lock kept the steering wheel from moving, but the thief still took his chances and began to work on the what?', 'choices': 'A) keep cloesd, B) train, C) ignition switch, D) drawer, E) firearm'}) (input_keys={'choices', 'question'})","Prediction(
    answer='E)\nfirearm'
)",False
"Example({'label': 'C', 'question': 'Who is a police officer likely to work for?', 'choices': 'A) beat, B) direct traffic, C) city, D) street, E) president'}) (input_keys={'choices', 'question'})","Prediction(
    answer='A) beat, B) direct traffic, C) city, D) street, E) president'
)",False
"Example({'label': 'B', 'question': 'If you have leftover cake, where would you put it?', 'choices': 'A) quandry, B) refrigerator, C) oven, D) night stand, E) bakery'}) (input_keys={'choices', 'question'})","Prediction(
    answer='B) refrigerator'
)",True
"Example({'label': 'A', 'question': 'A human wants to submerge himself in water, what should he use?', 'choices': 'A) whirlpool bath, B) coffee cup, C) cup, D) soft drink, E) puddle'}) (input_keys={'choices', 'question'})","Prediction(
    answer='There is no correct answer among the provided choices as none of them relate to a method for submerging oneself in water.'
)",False
"Example({'label': 'B', 'question': 'Where is a doormat likely to be in front of?', 'choices': 'A) facade, B) front door, C) doorway, D) entrance porch, E) hallway'}) (input_keys={'choices', 'question'})","Prediction(
    answer='A) facade'
)",False
"Example({'label': 'B', 'question': 'Bob the lizard lives in a warm place with lots of water.  Where does he probably live?', 'choices': 'A) rock, B) tropical rainforest, C) jazz club, D) new mexico, E) rocky places'}) (input_keys={'choices', 'question'})","Prediction(
    answer='B) tropical rainforest'
)",True
"Example({'label': 'B', 'question': ""August needed  money because he was afraid that he'd be kicked out of his house.  What did he need money to do?"", 'choices': 'A) control people, B) pay bills, C) hurt people, D) buy food, E) get things'}) (input_keys={'choices', 'question'})","Prediction(
    answer='buy food'
)",False
"Example({'label': 'E', 'question': 'He needed more information to fix it, so he consulted the what?', 'choices': 'A) chickens, B) google, C) newspaper, D) online, E) manual'}) (input_keys={'choices', 'question'})","Prediction(
    answer='D) online'
)",False
"Example({'label': 'E', 'question': ""Where can you put a picture frame when it's not hung vertically?"", 'choices': 'A) art show, B) wall, C) newspaper, D) car, E) table'}) (input_keys={'choices', 'question'})","Prediction(
    answer='B) wall'
)",False
"Example({'label': 'D', 'question': ""James knew that he shouldn't have been buying beer for minors.  He didn't even get paid for it.  Why was this bad?"", 'choices': 'A) lose money, B) fun, C) have no money, D) broken law, E) relaxation'}) (input_keys={'choices', 'question'})","Prediction(
    answer='A) lose money, B) broken law, C) have no money, D) relaxed'
)",True
"Example({'label': 'E', 'question': 'What is the result of applying for  job?', 'choices': 'A) anxiety and fear, B) increased workload, C) praise, D) less sleep, E) being employed'}) (input_keys={'choices', 'question'})","Prediction(
    answer='E) being employed'
)",True
"Example({'label': 'A', 'question': 'What must someone do before they shop?', 'choices': 'A) get money, B) have money, C) bring cash, D) go to market, E) bring cash'}) (input_keys={'choices', 'question'})","Prediction(
    answer='A) get money'
)",True
"Example({'label': 'E', 'question': 'Because John was first violin, he had to bring something important to work ever day. What did he need to bring to work?', 'choices': 'A) music store, B) obesity, C) symphony orchestra, D) ochestra, E) violin case'}) (input_keys={'choices', 'question'})","Prediction(
    answer='E) ochestra'
)",True
"Example({'label': 'E', 'question': 'What is a place that usually does not have an elevator and that sometimes has a telephone book?', 'choices': 'A) at hotel, B) kitchen, C) library, D) telephone booth, E) house'}) (input_keys={'choices', 'question'})","Prediction(
    answer='E) house'
)",True
"Example({'label': 'C', 'question': 'Who is likely to be excited about a crab?', 'choices': 'A) fish market, B) pet shop, C) fishmongers, D) intertidal zone, E) obesity'}) (input_keys={'choices', 'question'})","Prediction(
    answer='A) fish market'
)",False
"Example({'label': 'C', 'question': ""Where can a human find clothes that aren't pants?"", 'choices': 'A) pants shop, B) on planet earth, C) dress shop, D) school, E) train wreck'}) (input_keys={'choices', 'question'})","Prediction(
    answer='C) dress shop'
)",True
"Example({'label': 'B', 'question': ""If I was getting drunk, and people couldn't understand me, what might I be having?"", 'choices': 'A) a seizure, B) slurred speech, C) death, D) forgetfulness, E) pass out'}) (input_keys={'choices', 'question'})","Prediction(
    answer='B) slurred speech'
)",True
"Example({'label': 'D', 'question': 'When a person is beginning work, what are they building?', 'choices': 'A) time, B) accomplishing, C) working, D) momentum, E) tiredness'}) (input_keys={'choices', 'question'})","Prediction(
    answer='tiredness'
)",False
"Example({'label': 'C', 'question': 'A child wants to play, what would they likely want?', 'choices': 'A) fall down, B) breathe, C) play tag, D) be dismembered by a chainsaw, E) become adult'}) (input_keys={'choices', 'question'})","Prediction(
    answer='C) play tag'
)",True
"Example({'label': 'D', 'question': 'Talking to the same person about the same thing over and over again is something someone can what?', 'choices': 'A) social life, B) friendship, C) eye contact, D) get tired of, E) learn lessons from'}) (input_keys={'choices', 'question'})","Prediction(
    answer='A) social life'
)",False
"Example({'label': 'E', 'question': ""The teacher doesn't tolerate noise during a test in their what?"", 'choices': 'A) movie theatre, B) bowling alley, C) factory, D) store, E) classroom'}) (input_keys={'choices', 'question'})","Prediction(
    answer='C) factory'
)",False
"Example({'label': 'B', 'question': 'The freeway had no traffic and few buildings, where is it?', 'choices': 'A) california, B) countryside, C) big town, D) florida, E) america'}) (input_keys={'choices', 'question'})","Prediction(
    answer='countryside'
)",False
"Example({'label': 'D', 'question': 'Where would you go if you wanted to have fun with a few people?', 'choices': ""A) watching television, B) good, C) cinema, D) friend's house, E) fairgrounds""}) (input_keys={'choices', 'question'})","Prediction(
    answer='C) cinema'
)",False
"Example({'label': 'B', 'question': 'If there is a place that is hot and arid, what could it be?', 'choices': 'A) bland, B) lifeless, C) sandy, D) neutral, E) freezing'}) (input_keys={'choices', 'question'})","Prediction(
    answer='C) sandy'
)",False
"Example({'label': 'A', 'question': ""What is likely to satisfy someone's curiosity?"", 'choices': 'A) hear news, B) read book, C) see favorite show, D) comedy show, E) go somewhere'}) (input_keys={'choices', 'question'})","Prediction(
    answer='A) hear news'
)",True
"Example({'label': 'B', 'question': 'If you are in a bar in a glove shaped state where are you?', 'choices': 'A) in my pocket, B) michigan, C) new york city, D) restaurant, E) public house'}) (input_keys={'choices', 'question'})","Prediction(
    answer='A) in my pocket'
)",False
"Example({'label': 'E', 'question': 'Where would a computer user be using their own computer?', 'choices': 'A) hell, B) school, C) indoors, D) internet cafe, E) house'}) (input_keys={'choices', 'question'})","Prediction(
    answer='indoors'
)",False
"Example({'label': 'C', 'question': 'Crabs live in what sort of environment?', 'choices': 'A) maritime, B) bodies of water, C) saltwater, D) galapagos, E) fish market'}) (input_keys={'choices', 'question'})","Prediction(
    answer='C) saltwater'
)",True
"Example({'label': 'D', 'question': 'Where can you find a snake in tall grass?', 'choices': 'A) tree, B) in a jar, C) pet shops, D) feild, E) tropical forest'}) (input_keys={'choices', 'question'})","Prediction(
    answer='A) tree'
)",False
"Example({'label': 'A', 'question': 'What is a place that has a bench nestled in trees?', 'choices': 'A) state park, B) bus stop, C) bus depot, D) statue, E) train station'}) (input_keys={'choices', 'question'})","Prediction(
    answer='A) state park'
)",True
"Example({'label': 'A', 'question': 'Where is a human likely to go as a result of being hungry?', 'choices': 'A) eat in restaurant, B) make bread, C) have lunch, D) cook dinner, E) friends house'}) (input_keys={'choices', 'question'})","Prediction(
    answer='B) make bread, C) have lunch'
)",False
"Example({'label': 'D', 'question': 'He was beginning to regret taking the fight when he saw how what his opponent was?', 'choices': 'A) fun, B) joy, C) satisfaction, D) confident, E) pride'}) (input_keys={'choices', 'question'})","Prediction(
    answer='E) Rome'
)",False
"Example({'label': 'A', 'question': 'Where would you find a single shower curtain being used?', 'choices': 'A) bathtub, B) washing area, C) hotel, D) shower stall, E) department store'}) (input_keys={'choices', 'question'})","Prediction(
    answer='A) bathtub'
)",True
"Example({'label': 'C', 'question': 'Where is a good idea but not required to have a fire extinguisher?', 'choices': 'A) school bus, B) boat, C) house, D) hospital, E) school'}) (input_keys={'choices', 'question'})","Prediction(
    answer='C) house\nE) school'
)",False
"Example({'label': 'D', 'question': 'What continent has the most castles?', 'choices': 'A) fairy tale, B) edinburgh, C) germany, D) europe, E) antarctica'}) (input_keys={'choices', 'question'})","Prediction(
    answer='Europe'
)",False
"Example({'label': 'E', 'question': 'If you have to read a book that is very dry and long you may become what?', 'choices': 'A) have time, B) boring, C) learn new, D) enjoyable, E) bored'}) (input_keys={'choices', 'question'})","Prediction(
    answer='A) have time'
)",False
"Example({'label': 'E', 'question': 'Sally used a clipboard to hold her papers while she read off names at the beginning of the day.  Where might she work?', 'choices': 'A) desk, B) windows 95, C) office supply store, D) see work, E) school'}) (input_keys={'choices', 'question'})","Prediction(
    answer='A) desk'
)",False
"Example({'label': 'D', 'question': ""The kids didn't clean up after they had done what?"", 'choices': 'A) learn things, B) play games, C) disneyland, D) play with toys, E) talking'}) (input_keys={'choices', 'question'})","Prediction(
    answer='E) talking'
)",False
"Example({'label': 'A', 'question': 'Despite the name a pawn can be quite versatile, all the parts are important in a what?', 'choices': 'A) chess game, B) scheme, C) chess set, D) checkers, E) north carolina'}) (input_keys={'choices', 'question'})","Prediction(
    answer='A) chess game'
)",True
"Example({'label': 'C', 'question': 'What would not be true about a basketball if it had a hole in it but it did not lose its general shape?', 'choices': 'A) punctured, B) popular in america, C) full of air, D) gone, E) round'}) (input_keys={'choices', 'question'})","Prediction(
    answer='C) full of air'
)",True
"Example({'label': 'B', 'question': 'If you are awaking multiple times throughout the night because a lot is on your mind, what is a likely cause?', 'choices': 'A) irritability, B) depression, C) getting out of bed, D) happiness, E) discomfort'}) (input_keys={'choices', 'question'})","Prediction(
    answer='A) irritability'
)",False
"Example({'label': 'C', 'question': 'Where does a wild bird usually live?', 'choices': 'A) cage, B) sky, C) countryside, D) desert, E) windowsill'}) (input_keys={'choices', 'question'})","Prediction(
    answer='B) sky'
)",False
"Example({'label': 'E', 'question': 'Where would you expect to find white mice?', 'choices': 'A) bell cat, B) bush, C) attic, D) countryside, E) laboratory'}) (input_keys={'choices', 'question'})","Prediction(
    answer='D) countryside, E) laboratory'
)",True
"Example({'label': 'B', 'question': 'John felt that his actions were fate.   Harry said that he could have always made a different what?', 'choices': 'A) free will, B) choice, C) will, D) alcohol, E) freedom'}) (input_keys={'choices', 'question'})","Prediction(
    answer='choice'
)",False
"Example({'label': 'C', 'question': 'What could committing murder prevent someone from doing?', 'choices': 'A) go to jail, B) cry, C) find god, D) guilty conscience, E) problems'}) (input_keys={'choices', 'question'})","Prediction(
    answer='D) guilty conscience'
)",False
"Example({'label': 'B', 'question': ""George didn't have a car, but he still had his two feet.   His socks were smelly and his soles were blistered, but that didn't matter.  He could still do what?"", 'choices': 'A) michigan, B) walk, C) stay still, D) stink, E) hands'}) (input_keys={'choices', 'question'})","Prediction(
    answer='B) walk'
)",True
"Example({'label': 'D', 'question': 'A crane uses many a steel cable when working a what?', 'choices': 'A) abaft, B) ship, C) winch, D) construction site, E) building'}) (input_keys={'choices', 'question'})","Prediction(
    answer='C) winch'
)",False
"Example({'label': 'E', 'question': 'What is the main purpose of farmers?', 'choices': 'A) raise cattle, B) grow corn, C) farm land, D) drive tractors, E) supply food'}) (input_keys={'choices', 'question'})","Prediction(
    answer='C) Farm land'
)",False
"Example({'label': 'A', 'question': 'Where can I put this penny to save for later?', 'choices': 'A) piggy bank, B) wallet, C) toy, D) ground, E) pocket'}) (input_keys={'choices', 'question'})","Prediction(
    answer='A) piggy bank, B) wallet'
)",False
"Example({'label': 'E', 'question': 'Where would you put uncooked crab meat?', 'choices': ""A) wharf, B) red lobster, C) tidepools, D) boss's office, E) stew pot""}) (input_keys={'choices', 'question'})","Prediction(
    answer='E) stew pot'
)",True
"Example({'label': 'A', 'question': 'The man had a fear of illness, so he never visited friends who were a what?', 'choices': ""A) sick person, B) hospital, C) elderly person, D) graveyard, E) doctor's office""}) (input_keys={'choices', 'question'})","Prediction(
    answer='C) elderly person'
)",False
"Example({'label': 'D', 'question': 'Where would you put pans if you want to bring them with you?', 'choices': 'A) cooking, B) cook food, C) kitchen, D) backpack, E) drawer'}) (input_keys={'choices', 'question'})","Prediction(
    answer='A) cooking'
)",False
"Example({'label': 'B', 'question': ""If you're remembering something, it's because of your what of it to begin with?"", 'choices': 'A) knowledge, B) knowing, C) forgetful, D) pleasure, E) depression'}) (input_keys={'choices', 'question'})","Prediction(
    answer='E) depression'
)",False
"Example({'label': 'E', 'question': 'Which large land mass is home to the most monkeys?', 'choices': ""A) amazon basin, B) friend's house, C) lift number 3, D) research laboratory, E) african continent""}) (input_keys={'choices', 'question'})","Prediction(
    answer='A) amazon basin'
)",False
"Example({'label': 'C', 'question': ""Friday was James's 5th Anniversary.  They planned on going to bed early so that they could spend a long time doing what?"", 'choices': 'A) rest, B) insomnia, C) making love, D) sleeping in, E) texting'}) (input_keys={'choices', 'question'})","Prediction(
    answer='D) sleeping in'
)",False
"Example({'label': 'C', 'question': 'The teens were trying to hide that they get drink, but when they walked in the door their what gave it away?', 'choices': 'A) health, B) fall down, C) stagger, D) get arrested, E) vomit'}) (input_keys={'choices', 'question'})","Prediction(
    answer='B) fall down'
)",False
"Example({'label': 'C', 'question': ""You'll find a landing at the top of what?"", 'choices': 'A) ocean, B) apartment building, C) stairwell, D) airport, E) room'}) (input_keys={'choices', 'question'})","Prediction(
    answer=''
)",False
"Example({'label': 'D', 'question': 'Anybody could be hired in the kitchen, what was needed of them?', 'choices': 'A) forget, B) oil squeaky hinge, C) question authority, D) wash dishes, E) oik squeaky hinge'}) (input_keys={'choices', 'question'})","Prediction(
    answer='C) question authority'
)",False
"Example({'label': 'E', 'question': 'Where can you find a number of wind instruments together in public?', 'choices': 'A) music store, B) create music, C) zoo, D) music room, E) symphony'}) (input_keys={'choices', 'question'})","Prediction(
    answer='A) music store'
)",False
"Example({'label': 'E', 'question': 'A mountie got off at a subway stop.  What city might he be in?', 'choices': 'A) urban area, B) metropolis, C) chicago, D) new york city, E) toronto'}) (input_keys={'choices', 'question'})","Prediction(
    answer=''
)",False
"Example({'label': 'E', 'question': 'What do you want someone to do when you illustrate point?', 'choices': 'A) did not understand, B) accepting, C) make clear, D) understood, E) understanding'}) (input_keys={'choices', 'question'})","Prediction(
    answer='C) make clear'
)",False
"Example({'label': 'B', 'question': 'Billy set aside a block of time for having fun after work. Why might he do this?', 'choices': 'A) happiness, B) stress relief, C) pleasure, D) ocean, E) may laugh'}) (input_keys={'choices', 'question'})","Prediction(
    answer='C) pleasure'
)",False
"Example({'label': 'D', 'question': 'The man in the white suit was very lazy.  He did nothing useful.  Meanwhile, the ban in the blue had put in effort and was very what?', 'choices': 'A) restless, B) active, C) lazybutt, D) productive, E) hard work'}) (input_keys={'choices', 'question'})","Prediction(
    answer='B) active'
)",False
"Example({'label': 'B', 'question': 'What would you be unable to do if you have too much greed?', 'choices': 'A) keep things, B) make friends, C) play poker, D) conquer opponent, E) lie'}) (input_keys={'choices', 'question'})","Prediction(
    answer='C) Play poker, D) Conquer opponent, E) Lie'
)",False
"Example({'label': 'E', 'question': 'It was a long trip from the farm, so he stayed in a hotel when he arrived at the what?', 'choices': 'A) bed away from home, B) wwii bunker, C) resort, D) las vegas, E) city'}) (input_keys={'choices', 'question'})","Prediction(
    answer='A) bed away from home'
)",False
"Example({'label': 'B', 'question': 'I did not need a servant.  I was not a what?', 'choices': 'A) freedom, B) rich person, C) hired help, D) in charge, E) busy'}) (input_keys={'choices', 'question'})","Prediction(
    answer='D) in charge'
)",False
"Example({'label': 'D', 'question': 'How would you get from one side of a canal to another?', 'choices': 'A) michigan, B) amsterdam, C) venice, D) bridge, E) barges to travel on'}) (input_keys={'choices', 'question'})","Prediction(
    answer='E) barges to travel on'
)",False
"Example({'label': 'D', 'question': 'When learning about the world and different cultures, what is important if you are committed to eliminating preconceived notions', 'choices': 'A) newness, B) loss of innocence, C) enlightenment, D) open mind, E) smartness'}) (input_keys={'choices', 'question'})","Prediction(
    answer='A) newness'
)",False
"Example({'label': 'E', 'question': 'An underrated thing about computers is how they manage workflow, at one time it was a big deal when they could first do what?', 'choices': 'A) share files, B) do arithmetic, C) turn on, D) cost money, E) multitask'}) (input_keys={'choices', 'question'})","Prediction(
    answer='E) multitask'
)",True
"Example({'label': 'D', 'question': 'Obstructing justice is sometimes an excuse used for police brutality which causes what in people?', 'choices': 'A) committing perjury, B) prosecution, C) attack, D) getting hurt, E) riot'}) (input_keys={'choices', 'question'})","Prediction(
    answer='A) committing perjury'
)",False
"Example({'label': 'D', 'question': 'While washing clothes they became what when caught on the sharp object?', 'choices': 'A) damaged, B) wet clothes, C) wear out, D) torn, E) have fun'}) (input_keys={'choices', 'question'})","Prediction(
    answer='A) damaged'
)",False
"Example({'label': 'E', 'question': 'Seafood restaurants are used to draw tourists where?', 'choices': 'A) maine, B) shoe shop, C) city, D) boston, E) coastal cities'}) (input_keys={'choices', 'question'})","Prediction(
    answer='E) coastal cities'
)",True
"Example({'label': 'A', 'question': ""James's nice asked him about her grandfather. She was interested in learning about what?"", 'choices': ""A) family tree, B) family reunion, C) babysitting, D) brother's house, E) heirlooms""}) (input_keys={'choices', 'question'})","Prediction(
    answer='A) family tree'
)",True
"Example({'label': 'A', 'question': 'James looked up and saw the start twinkling in the black yonder.  He marveled the sheer number of them and the size of what?', 'choices': 'A) universe, B) orbit, C) night sky, D) outer space, E) his wallet'}) (input_keys={'choices', 'question'})","Prediction(
    answer='D) outer space'
)",False
"Example({'label': 'E', 'question': 'What would encourage someone to continue playing tennis?', 'choices': 'A) becoming tired, B) tennis elbow, C) exercise, D) hunger, E) victory'}) (input_keys={'choices', 'question'})","Prediction(
    answer='C) exercise'
)",False
"Example({'label': 'C', 'question': 'James found the sound relaxing.   It was so relaxing he almost did what despite his efforts?', 'choices': 'A) deep breathing, B) worried, C) fall asleep, D) invigorating, E) feeling good'}) (input_keys={'choices', 'question'})","Prediction(
    answer='D) invigorating'
)",False
"Example({'label': 'C', 'question': 'What regions of a town would you have found a dime store?', 'choices': 'A) commercial building, B) old movie, C) small neighborhood, D) past, E) mall'}) (input_keys={'choices', 'question'})","Prediction(
    answer='A) commercial building, C) small neighborhood, E) mall'
)",False
"Example({'label': 'E', 'question': 'Where might an unused chess set be stored?', 'choices': 'A) toy store, B) michigan, C) living room, D) attic, E) cupboard'}) (input_keys={'choices', 'question'})","Prediction(
    answer='attic'
)",False
"Example({'label': 'D', 'question': ""james told his son to settle down and be careful.  There were many frogs mating in the area, and James didn't want his son to do what to them?"", 'choices': 'A) wander, B) migrate, C) scare, D) disturb, E) agitate'}) (input_keys={'choices', 'question'})","Prediction(
    answer='migrate'
)",False
"Example({'label': 'B', 'question': 'A man wants air conditioning while we watches the game on Saturday, where will it likely be installed?', 'choices': 'A) car, B) house, C) offices, D) park, E) movie theatre'}) (input_keys={'choices', 'question'})","Prediction(
    answer='B) house'
)",True
"Example({'label': 'B', 'question': 'What could be playing a balailaika?', 'choices': 'A) movie dr, B) orchestra, C) music store, D) cat, E) symphony'}) (input_keys={'choices', 'question'})","Prediction(
    answer='A) movie dr'
)",False
"Example({'label': 'E', 'question': 'Sailors drive many different types of boats, what type of boat involves their namesake.', 'choices': 'A) coming home, B) row boat, C) board ship, D) inflatable raft, E) sail boat'}) (input_keys={'choices', 'question'})","Prediction(
    answer='E) sail boat'
)",True
"Example({'label': 'C', 'question': 'Where could a person avoid the rain?', 'choices': 'A) bus stop, B) tunnel, C) synagogue, D) fairy tale, E) street corner'}) (input_keys={'choices', 'question'})","Prediction(
    answer='street corner'
)",False
"Example({'label': 'E', 'question': 'Why would a person like to have a large house?', 'choices': 'A) have choice, B) mentally challenged, C) own house, D) obesity, E) lots of space'}) (input_keys={'choices', 'question'})","Prediction(
    answer='A) Have enough room for family and friends, B) Reduced stress due to isolation, C) Independence from others, D) More space for activities, E) Work-life balance improvements, F) Access to amenities, G) Security or safety.'
)",False
"Example({'label': 'C', 'question': 'Where will a cheap book be found?', 'choices': 'A) bookstore, B) classroom, C) discount store, D) school room, E) bedside table'}) (input_keys={'choices', 'question'})","Prediction(
    answer='A) bookstore'
)",False
"Example({'label': 'B', 'question': 'John and James are idiots. They bought two tickets to the Falcons vs the Jets even though neither wanted to see the what?', 'choices': 'A) internet cafe, B) sporting event, C) pressing wrong buttons, D) obesity, E) hockey game'}) (input_keys={'choices', 'question'})","Prediction(
    answer='E) hockey game\nE) hockey game'
)",False
"Example({'label': 'C', 'question': 'James noticed that his penis was bigger. .  How might he act toward his plastic surgeon?', 'choices': 'A) accidental, B) detestable, C) effusive, D) enabled, E) apathetic'}) (input_keys={'choices', 'question'})","Prediction(
    answer='C) effusive'
)",True
"Example({'label': 'D', 'question': 'Who do professors work with?', 'choices': 'A) methods of facts, B) teach courses, C) wear wrinkled tweed jackets, D) school students, E) state facts'}) (input_keys={'choices', 'question'})","Prediction(
    answer='B) teach courses'
)",False
"Example({'label': 'D', 'question': 'Colorful anemone look somewhat like what object you find on window sills?', 'choices': 'A) intertidal zone, B) coral sea, C) under water, D) flower bed, E) florida keys'}) (input_keys={'choices', 'question'})","Prediction(
    answer='C) under water'
)",False
"Example({'label': 'A', 'question': 'From where do aliens arrive?', 'choices': 'A) outer space, B) weekly world news, C) roswell, D) universe, E) mars'}) (input_keys={'choices', 'question'})","Prediction(
    answer='A) outer space'
)",True
"Example({'label': 'B', 'question': 'The hikers stopped to have a drink, simply put they what?', 'choices': 'A) had a party, B) were thirsty, C) refreshment, D) getting drunk, E) celebrating'}) (input_keys={'choices', 'question'})","Prediction(
    answer='B) were thirsty'
)",True
"Example({'label': 'D', 'question': 'When you get up in the morning before you begin work you should do what?', 'choices': 'A) apply for job, B) sleep, C) concentrate, D) shower, E) just do'}) (input_keys={'choices', 'question'})","Prediction(
    answer='B) sleep'
)",False
"Example({'label': 'B', 'question': ""The kitten had nothing to dig it's claws into, so when it tried to stop it slid across what?"", 'choices': 'A) living room, B) floor, C) warm place, D) carpet, E) farmhouse'}) (input_keys={'choices', 'question'})","Prediction(
    answer='A) living room'
)",False
"Example({'label': 'E', 'question': 'If a person is trying to keep something in their hand what should they do?', 'choices': 'A) complete collection, B) own house, C) procrastinate, D) explode, E) have to hold'}) (input_keys={'choices', 'question'})","Prediction(
    answer='E) have to hold'
)",True
"Example({'label': 'D', 'question': 'Where could you find hundreds of thousands of home?', 'choices': 'A) field, B) neighborhood, C) star can, D) city or town, E) apartment building'}) (input_keys={'choices', 'question'})","Prediction(
    answer='B) neighborhood'
)",False
"Example({'label': 'D', 'question': 'Playing baseball is a lot like any other sport, there is always a risk of what?', 'choices': 'A) sore muscles, B) errors, C) happiness, D) injury, E) fun'}) (input_keys={'choices', 'question'})","Prediction(
    answer='E) fun'
)",False
"Example({'label': 'C', 'question': 'If I want to watch a movie without leaving my home what might I use?', 'choices': 'A) drive in movie, B) drive in movie, C) television, D) video store, E) show'}) (input_keys={'choices', 'question'})","Prediction(
    answer='A) drive in movie'
)",False
"Example({'label': 'A', 'question': 'The victim was to take stand today, they were going to do what?', 'choices': 'A) testify, B) runaway, C) witness, D) tell truth, E) go home'}) (input_keys={'choices', 'question'})","Prediction(
    answer='A) testify'
)",True
"Example({'label': 'D', 'question': 'What does a successful dog grooming session likely to make a owner feel?', 'choices': 'A) cleanliness, B) mistakes, C) growth, D) satisfaction, E) late'}) (input_keys={'choices', 'question'})","Prediction(
    answer='D) satisfaction, [[ ## completed ## ]]'
)",True
"Example({'label': 'D', 'question': 'The runner was in third place, but he pushed harder and thought he might be able to reach second.  What was beginning to do?', 'choices': 'A) near finish line, B) finish, C) get tired, D) gain ground, E) trip over'}) (input_keys={'choices', 'question'})","Prediction(
    answer='A) near finish line'
)",False
"Example({'label': 'B', 'question': 'The tourist entered Mammoth cave, what state were they in?', 'choices': 'A) west virginia, B) kentucky, C) rocky hills, D) scotland, E) canyon'}) (input_keys={'choices', 'question'})","Prediction(
    answer='A) west virginia'
)",False
"Example({'label': 'B', 'question': 'What does someone typically feel when applying for a job?', 'choices': 'A) horror, B) anxiety and fear, C) rejection, D) increased workload, E) being employed'}) (input_keys={'choices', 'question'})","Prediction(
    answer='C) rejection'
)",False
"Example({'label': 'E', 'question': 'He was on trial for obstructing justice, during which he made a questionable comment and was also found guilty of what?', 'choices': 'A) prosecution, B) getting hurt, C) sweat, D) steam, E) committing perjury'}) (input_keys={'choices', 'question'})","Prediction(
    answer='E) committing perjury'
)",True
"Example({'label': 'E', 'question': 'What kind of feelings does buying presents for others create?', 'choices': 'A) tears, B) please, C) like, D) thank, E) make happy'}) (input_keys={'choices', 'question'})","Prediction(
    answer='A'
)",False
"Example({'label': 'A', 'question': 'What green area is a marmot likely to be found in?', 'choices': 'A) countryside, B) great plains, C) encyclopedia, D) jungle, E) north america'}) (input_keys={'choices', 'question'})","Prediction(
    answer='B) great plains'
)",False
"Example({'label': 'D', 'question': 'Jan tested the current, and noticed that it was high.  He thought that the wires might have too much what?', 'choices': 'A) later, B) updated, C) still, D) resistance, E) now'}) (input_keys={'choices', 'question'})","Prediction(
    answer='B) updated'
)",False
"Example({'label': 'E', 'question': 'What does a kindergarten teacher do before nap time?', 'choices': 'A) lower expectations, B) encourage, C) fear, D) time test, E) tell story'}) (input_keys={'choices', 'question'})","Prediction(
    answer='A) story time'
)",False
"Example({'label': 'B', 'question': 'Sam was a stranger.  Even so, Mark treated him like what?', 'choices': 'A) friend, B) family, C) known person, D) park, E) outsider'}) (input_keys={'choices', 'question'})","Prediction(
    answer='C) known person'
)",False
"Example({'label': 'A', 'question': ""Bob's only light source was a small bulb.  There were four walls, if there was a door he couldn't see it.  What was Bob in?"", 'choices': 'A) closed room, B) sky, C) dard, D) his grave, E) house'}) (input_keys={'choices', 'question'})","Prediction(
    answer='E) house'
)",False
"Example({'label': 'D', 'question': 'James thought of criminal justice like a computer program.  It need to work right.   What ideas might James not like?', 'choices': 'A) manual, B) process information, C) power down, D) control model, E) reason exists'}) (input_keys={'choices', 'question'})","Prediction(
    answer='A) manual, B) process information, C) power down, D) control model, E) reason exists'
)",False
"Example({'label': 'E', 'question': 'With the card slot lit up he knew how to get started finding his balance with what?', 'choices': 'A) slot machine, B) ticket machine, C) bank machine, D) telephone, E) automated teller'}) (input_keys={'choices', 'question'})","Prediction(
    answer='A) slot machine'
)",False
"Example({'label': 'C', 'question': 'To play sports professionally you must do what very often?', 'choices': 'A) wash your clothes, B) get in shape, C) practice, D) take off uniform, E) stretch'}) (input_keys={'choices', 'question'})","Prediction(
    answer='C) practice'
)",True
"Example({'label': 'C', 'question': 'Some people prefer releasing energy through work while others prefer to release it through what?', 'choices': 'A) motion, B) stretch, C) exercise, D) movement, E) muscles'}) (input_keys={'choices', 'question'})","Prediction(
    answer='B) stretch'
)",False
"Example({'label': 'C', 'question': 'What will a person going for a jog likely be wearing?', 'choices': 'A) grope, B) acknowledgment, C) comfortable clothes, D) ipod, E) passionate kisses'}) (input_keys={'choices', 'question'})","Prediction(
    answer='C) comfortable clothes'
)",True
"Example({'label': 'E', 'question': ""The child pretended he was reading newspaper, he couldn't actually do it without what?"", 'choices': 'A) patience, B) falling down, C) literacy, D) buying, E) knowing how to read'}) (input_keys={'choices', 'question'})","Prediction(
    answer='E) knowing how to read'
)",True
"Example({'label': 'A', 'question': 'Jenny enjoyed helping people.  It brought her a great deal of what?', 'choices': 'A) satisfaction, B) complications, C) train, D) feel good about yourself, E) enjoyment'}) (input_keys={'choices', 'question'})","Prediction(
    answer='A) satisfaction'
)",True
"Example({'label': 'B', 'question': 'What might someone believe in if they are cleaning clothes?', 'choices': 'A) feminism, B) sanitation, C) ruined, D) wrinkles, E) buttons to fall off'}) (input_keys={'choices', 'question'})","Prediction(
    answer='B) sanitation'
)",True
"Example({'label': 'D', 'question': 'Where would you find a basement that can be accessed with an elevator?', 'choices': 'A) eat cake, B) closet, C) church, D) office building, E) own house'}) (input_keys={'choices', 'question'})","Prediction(
    answer='E) own house'
)",False
"Example({'label': 'D', 'question': 'In order to learn to program from another person you can do what?', 'choices': 'A) learn how to, B) have a friend, C) knowledge, D) take class, E) have computer'}) (input_keys={'choices', 'question'})","Prediction(
    answer='E) have computer'
)",False
"Example({'label': 'E', 'question': 'He was at the gym trying to build muscle, what is it called that he is trying to build muscle on?', 'choices': 'A) body of animal, B) arm, C) bodybuilder, D) body of dog, E) human body'}) (input_keys={'choices', 'question'})","Prediction(
    answer='C) bodybuilder'
)",False
"Example({'label': 'D', 'question': 'What part of plants is pretty?', 'choices': 'A) dirt, B) no neurons in, C) millions of cells, D) flowers on, E) roots'}) (input_keys={'choices', 'question'})","Prediction(
    answer='E) roots'
)",False
"Example({'label': 'B', 'question': 'The man was going fishing instead of work, what is he seeking?', 'choices': 'A) food, B) relaxation, C) killing, D) missing morning cartoons, E) boredom'}) (input_keys={'choices', 'question'})","Prediction(
    answer='B) relaxation'
)",True
"Example({'label': 'E', 'question': 'What could you get an unsmooth pit from?', 'choices': 'A) backyard, B) rock, C) mine, D) cherry, E) peach'}) (input_keys={'choices', 'question'})","Prediction(
    answer='C) mine'
)",False
"Example({'label': 'A', 'question': ""The man tried to reply to the woman, but he had difficulty keeping track of conversations that he didn't do what to?"", 'choices': 'A) initiate, B) ignore, C) question, D) answer, E) ask'}) (input_keys={'choices', 'question'})","Prediction(
    answer='ask'
)",False
"Example({'label': 'E', 'question': ""I couldn't find anybody who recalled the event, what were they adroit at doing?"", 'choices': 'A) question authority, B) act fool, C) wash dishes, D) act innocent, E) forget'}) (input_keys={'choices', 'question'})","Prediction(
    answer='A) question authority'
)",False
"Example({'label': 'A', 'question': 'Where would you find a large dining room containing a fancy chandelier?', 'choices': 'A) mansion, B) every house, C) own home, D) table, E) restaurant'}) (input_keys={'choices', 'question'})","Prediction(
    answer='D) own home'
)",False
"Example({'label': 'D', 'question': 'The extremely large cargo plane could only land at a specialized runway, these were only located at a what?', 'choices': 'A) back yard, B) bowling alley, C) city, D) military base, E) fashion show'}) (input_keys={'choices', 'question'})","Prediction(
    answer='D) military base'
)",True
"Example({'label': 'C', 'question': 'The carpet was smelly and discouraged the league from playing there, where was this smelly carpet installed?', 'choices': 'A) bedroom, B) movie theater, C) bowling alley, D) church, E) office'}) (input_keys={'choices', 'question'})","Prediction(
    answer='B) movie theater'
)",False
"Example({'label': 'B', 'question': 'How can someone be let into a brownstone?', 'choices': 'A) brooklyn, B) ring, C) subdivision, D) bricks, E) new york city'}) (input_keys={'choices', 'question'})","Prediction(
    answer='A) brooklyn'
)",False
"Example({'label': 'C', 'question': 'Where would someone purchase an upright piano?', 'choices': 'A) music class, B) college, C) music store, D) music room, E) music band'}) (input_keys={'choices', 'question'})","Prediction(
    answer='A) music class, B) college, C) music store, D) music room, E) music band'
)",False
"Example({'label': 'A', 'question': 'Where would you keep an ottoman near your front door?', 'choices': 'A) living room, B) parlor, C) furniture store, D) basement, E) kitchen'}) (input_keys={'choices', 'question'})","Prediction(
    answer='E) kitchen'
)",False
"Example({'label': 'E', 'question': 'Diving into backyard pools can be very dangerous and can lead to serious head and what?', 'choices': 'A) going somewhere, B) splats, C) cancer, D) getting wet, E) spinal injuries'}) (input_keys={'choices', 'question'})","Prediction(
    answer='E) getting spinal injuries'
)",True
"Example({'label': 'D', 'question': 'Where would one find a snake in a cage?', 'choices': 'A) tropical forest, B) oregon, C) woods, D) pet store, E) louisiana'}) (input_keys={'choices', 'question'})","Prediction(
    answer='B) oregon'
)",False
"Example({'label': 'A', 'question': 'Where are people likely to become impatient?', 'choices': ""A) end of line, B) buildings, C) apartment, D) neighbor's house, E) address""}) (input_keys={'choices', 'question'})","Prediction(
    answer=""A) end of line\nB) buildings\nC) apartment\nD) neighbor's house\nE) address""
)",False
"Example({'label': 'C', 'question': 'When you fail to finish something, you failed at doing what to it', 'choices': 'A) winning, B) passing, C) completing, D) do well, E) succeeding'}) (input_keys={'choices', 'question'})","Prediction(
    answer=''
)",False
"Example({'label': 'C', 'question': ""John didn't care about style.  He felt that form was less important than what?"", 'choices': 'A) shapeless, B) quality, C) function, D) change shape, E) chaos'}) (input_keys={'choices', 'question'})","Prediction(
    answer='B) quality'
)",False
"Example({'label': 'D', 'question': 'When you get together with friends to watch film, you might do plenty of this?', 'choices': 'A) see what happens, B) enjoy stories, C) pass time, D) have fun, E) interesting'}) (input_keys={'choices', 'question'})","Prediction(
    answer='A) see what happens, B) enjoy stories, C) pass time, D) have fun, E) interesting'
)",False
"Example({'label': 'A', 'question': 'A supermarket is uncommon in what type of collection of shops?', 'choices': 'A) strip mall, B) city or town, C) shoppingcentre, D) boutique, E) vermont'}) (input_keys={'choices', 'question'})","Prediction(
    answer='A) strip mall'
)",True
"Example({'label': 'D', 'question': 'Bill puts meat on the scale, where does Bill work?', 'choices': 'A) music store, B) assay office, C) tidal wave, D) butcher shop, E) bathroom'}) (input_keys={'choices', 'question'})","Prediction(
    answer='D) butcher shop'
)",True
"Example({'label': 'E', 'question': ""I'm having some food at my party, what will I need to serve it?"", 'choices': 'A) zoo, B) pan, C) bowl, D) kitchen, E) spoon'}) (input_keys={'choices', 'question'})","Prediction(
    answer='B) pan, C) bowl'
)",False
"Example({'label': 'E', 'question': 'Before racers start to run they must do what at the starting line?', 'choices': 'A) learn to walk, B) walking, C) walk slowly, D) breathe, E) stand still'}) (input_keys={'choices', 'question'})","Prediction(
    answer='E) stand still'
)",True
"Example({'label': 'B', 'question': 'What does an actor do when they are bored of their roles?', 'choices': 'A) mask, B) branch out, C) wear costume, D) pretend, E) sing songs'}) (input_keys={'choices', 'question'})","Prediction(
    answer='B) branch out'
)",True
"Example({'label': 'E', 'question': ""What is a person called who doesn't have immortality?"", 'choices': 'A) mortal, B) dying, C) death, D) dead, E) mortal'}) (input_keys={'choices', 'question'})","Prediction(
    answer='C) death'
)",False
"Example({'label': 'C', 'question': 'Why would you be watching tv instead of doing something else?', 'choices': 'A) headache, B) laughter, C) laziness, D) erections, E) wasting time'}) (input_keys={'choices', 'question'})","Prediction(
    answer=''
)",False
"Example({'label': 'B', 'question': 'If chewing food is difficult for you, what is a possible reason?', 'choices': 'A) broken jaw, B) sore mouth, C) eating, D) good digestion, E) avoiding choking'}) (input_keys={'choices', 'question'})","Prediction(
    answer='E) Avoiding choking'
)",False
"Example({'label': 'D', 'question': 'He had to wear a tuxedo while playing the keyboard instrument, so did the other hundred members of the what?', 'choices': 'A) music store, B) band, C) medium, D) orchestra, E) piano store'}) (input_keys={'choices', 'question'})","Prediction(
    answer='B) band'
)",False
"Example({'label': 'C', 'question': 'Where do you find the most amount of leafs?', 'choices': 'A) floral arrangement, B) ground, C) forrest, D) field, E) compost pile'}) (input_keys={'choices', 'question'})","Prediction(
    answer='C) forrest'
)",True
"Example({'label': 'E', 'question': 'Where can children play with animals?', 'choices': 'A) meadow, B) play room, C) surface of earth, D) zoos, E) fairgrounds'}) (input_keys={'choices', 'question'})","Prediction(
    answer='A) meadow'
)",False
"Example({'label': 'E', 'question': 'What kind of tale might feature a talking weasel?', 'choices': ""A) mulberry bush, B) animated film, C) chicken coop, D) history book, E) children's story""}) (input_keys={'choices', 'question'})","Prediction(
    answer='B) animated film'
)",False
"Example({'label': 'C', 'question': 'What kind of status is the bald eagle given?', 'choices': 'A) outside, B) world, C) protection, D) colorado, E) america'}) (input_keys={'choices', 'question'})","Prediction(
    answer=''
)",False
"Example({'label': 'C', 'question': 'Why do most people take a quick rest during the day?', 'choices': 'A) need to, B) hungry, C) feel more energetic, D) weak, E) regenerate'}) (input_keys={'choices', 'question'})","Prediction(
    answer='E) regenerate'
)",False
"Example({'label': 'B', 'question': 'What could suddenly stop someone when he or she is running?', 'choices': 'A) mushroom, B) falling down, C) sweating, D) exhaustion, E) getting tired'}) (input_keys={'choices', 'question'})","Prediction(
    answer='C) sweating'
)",False
"Example({'label': 'E', 'question': 'Where would you find a monkey in the wild?', 'choices': 'A) zoo, B) barrel, C) research laboratory, D) captivity, E) thailand'}) (input_keys={'choices', 'question'})","Prediction(
    answer='A) Zoo'
)",False
"Example({'label': 'A', 'question': 'Where could a sloth live?', 'choices': 'A) tropical jungle, B) manual, C) work, D) transit, E) countryside'}) (input_keys={'choices', 'question'})","Prediction(
    answer='A) tropical jungle'
)",True
"Example({'label': 'A', 'question': 'A gentleman is carrying equipment for golf, what is he likely to have?', 'choices': 'A) club, B) assembly hall, C) meditation center, D) meeting, E) church'}) (input_keys={'choices', 'question'})","Prediction(
    answer='A'
)",True
"Example({'label': 'A', 'question': ""If you have a home with a courtyard, what's one thing you probably don't have to care for any longer?"", 'choices': 'A) lawn, B) kids, C) asshole, D) spain, E) office complex'}) (input_keys={'choices', 'question'})","Prediction(
    answer='B) kids'
)",False
"Example({'label': 'E', 'question': 'The computer was difficult for he to understand at the store, so what did she sign up for to learn more?', 'choices': 'A) classroom, B) facebook, C) school, D) apartment, E) demonstration'}) (input_keys={'choices', 'question'})","Prediction(
    answer='A) classroom'
)",False
"Example({'label': 'E', 'question': 'If you take the risk buying a used car, you still hope it can what?', 'choices': 'A) go fast, B) start running, C) going too fast, D) look good, E) last several years'}) (input_keys={'choices', 'question'})","Prediction(
    answer='E) last several years'
)",True
"Example({'label': 'E', 'question': 'Dan was ditting quietly on the couch with a book in his hand.  Laurie thought that he was just focused on what he was doing, but he actually did what?', 'choices': 'A) eat, B) think, C) reading, D) meditate, E) fall asleep'}) (input_keys={'choices', 'question'})","Prediction(
    answer='E) fall asleep'
)",True
"Example({'label': 'C', 'question': 'What is the primary purpose of cars?', 'choices': 'A) cost money, B) slow down, C) move people, D) turn right, E) get girls'}) (input_keys={'choices', 'question'})","Prediction(
    answer='C) move people'
)",True
"Example({'label': 'A', 'question': 'Alabama is full of different people, but they are all citizens of what?', 'choices': 'A) united states, B) deep south, C) floribama, D) gulf states, E) florabama'}) (input_keys={'choices', 'question'})","Prediction(
    answer='B) deep south'
)",False
"Example({'label': 'E', 'question': 'They were hoping their campaign would create a rise in awareness of the problem and hopefully do what to its effect?', 'choices': 'A) set, B) fall, C) park, D) descend, E) reduce'}) (input_keys={'choices', 'question'})","Prediction(
    answer='E) reduce'
)",True
"Example({'label': 'A', 'question': 'What do airplanes do as they are arriving at the gate?', 'choices': 'A) slow down, B) crash, C) speed up, D) land, E) carry people'}) (input_keys={'choices', 'question'})","Prediction(
    answer='D) land'
)",False
"Example({'label': 'C', 'question': 'If a person with mental illness stops treatment what will likely happen?', 'choices': 'A) managed, B) dancing, C) recur, D) effectively treated, E) cause suffering'}) (input_keys={'choices', 'question'})","Prediction(
    answer='E) cause suffering'
)",False
"Example({'label': 'E', 'question': 'The gimmicky low brow TV show was about animals when they what?', 'choices': 'A) sick, B) mammals, C) males, D) bite, E) attack'}) (input_keys={'choices', 'question'})","Prediction(
    answer='E) attack'
)",True
"Example({'label': 'E', 'question': 'A loud machine is irritating, but many are expected where?', 'choices': 'A) museum, B) house, C) laboratory, D) library, E) industrial area'}) (input_keys={'choices', 'question'})","Prediction(
    answer=''
)",False
"Example({'label': 'A', 'question': 'What part of a table would you put a ruler in?', 'choices': 'A) drawer, B) desk, C) the backside, D) office, E) measure distance'}) (input_keys={'choices', 'question'})","Prediction(
    answer='desk'
)",False
"Example({'label': 'C', 'question': 'What happens if someone kisses too long?', 'choices': 'A) strong feelings, B) herpes, C) shortness of breath, D) excitement, E) arousal'}) (input_keys={'choices', 'question'})","Prediction(
    answer='A) strong feelings'
)",False
"Example({'label': 'C', 'question': 'If I have a modern light source in my living room, what is it likely to be?', 'choices': 'A) sky, B) house, C) lamp, D) match, E) candle'}) (input_keys={'choices', 'question'})","Prediction(
    answer='C) lamp'
)",True
"Example({'label': 'E', 'question': 'The person saw the mess his children made, what was his following reaction?', 'choices': 'A) smell smoke, B) cross street, C) cry, D) bank savings, E) look angry'}) (input_keys={'choices', 'question'})","Prediction(
    answer='E) look angry'
)",True
"Example({'label': 'A', 'question': 'Who might wear dark glasses indoors?', 'choices': 'A) blind person, B) glove box, C) movie studio, D) ray charles, E) glove compartment'}) (input_keys={'choices', 'question'})","Prediction(
    answer='D) ray charles'
)",False
"Example({'label': 'B', 'question': 'Where would stones not be arranged in a path?', 'choices': 'A) quarries, B) field, C) park, D) bridge, E) made from rocks'}) (input_keys={'choices', 'question'})","Prediction(
    answer='field'
)",False
"Example({'label': 'D', 'question': 'A bald eagle is likely to be found on what kind of work?', 'choices': 'A) rural area, B) book, C) canada, D) painting, E) aviary'}) (input_keys={'choices', 'question'})","Prediction(
    answer=''
)",False
"Example({'label': 'C', 'question': 'The hostess was good at her job, she always had a smile when she would what?', 'choices': 'A) group people, B) ready parlor for guests, C) welcome guests, D) work room, E) park'}) (input_keys={'choices', 'question'})","Prediction(
    answer='A) group people'
)",False
"Example({'label': 'C', 'question': 'What is likely to happen to someone who is learning?', 'choices': 'A) overconfidence, B) effectiveness, C) knowing more, D) head grows larger, E) growth'}) (input_keys={'choices', 'question'})","Prediction(
    answer='B) effectiveness'
)",False
"Example({'label': 'A', 'question': 'The inspector was agreeing with the factory protocols, what was the status of the factory?', 'choices': 'A) compliance, B) eligible, C) contract, D) harmony, E) friendship'}) (input_keys={'choices', 'question'})","Prediction(
    answer='A) compliance'
)",True
"Example({'label': 'C', 'question': 'After standing up I had to sit right back down, why would I feel like this?', 'choices': 'A) train, B) effort, C) balance, D) feet, E) muscles'}) (input_keys={'choices', 'question'})","Prediction(
    answer='B) effort'
)",False
"Example({'label': 'C', 'question': 'Where do you go on a night out before going to the bar?', 'choices': 'A) new york city, B) las vegas, C) restaurant, D) nightclub, E) park'}) (input_keys={'choices', 'question'})","Prediction(
    answer='New York City'
)",False
"Example({'label': 'D', 'question': 'The dad wanted to protect his house, where did he put his gun?', 'choices': 'A) police station, B) crime scene, C) restroom, D) drawer, E) holster'}) (input_keys={'choices', 'question'})","Prediction(
    answer='A) police station'
)",False
"Example({'label': 'E', 'question': 'What instrument can be played with an air of happiness?', 'choices': 'A) jump up and down, B) jump up and down, C) sing, D) play games, E) fiddle'}) (input_keys={'choices', 'question'})","Prediction(
    answer='C) sing'
)",False
"Example({'label': 'E', 'question': 'What to kids do for boredom on a ramp?', 'choices': 'A) watch film, B) fire game, C) hang out at bar, D) go skiing, E) skateboard'}) (input_keys={'choices', 'question'})","Prediction(
    answer='A) watch film'
)",False
"Example({'label': 'E', 'question': 'What animal has quills all over it?', 'choices': 'A) feather, B) chicken, C) calligraphy, D) porcupine, E) hedgehog'}) (input_keys={'choices', 'question'})","Prediction(
    answer='D) porcupine'
)",False
"Example({'label': 'A', 'question': 'Why would you go to an office?', 'choices': 'A) work, B) school building, C) paper, D) city, E) habit'}) (input_keys={'choices', 'question'})","Prediction(
    answer='A) work'
)",True
"Example({'label': 'B', 'question': 'When is the worst time for having food?', 'choices': 'A) digesting, B) not hungry, C) gas, D) weight gain, E) feeling of fullness'}) (input_keys={'choices', 'question'})","Prediction(
    answer='E) feeling of fullness'
)",False
"Example({'label': 'E', 'question': 'If you spend all your time buying and not saving what is is likely to happen?', 'choices': 'A) using money, B) feel better, C) ocean, D) losing money, E) go broke'}) (input_keys={'choices', 'question'})","Prediction(
    answer='D) losing money'
)",False
"Example({'label': 'C', 'question': 'Though a mouse might prefer your house, you might also see him where?', 'choices': 'A) tin, B) department store, C) garden, D) small hole, E) cupboard'}) (input_keys={'choices', 'question'})","Prediction(
    answer='E) cupboard'
)",False
"Example({'label': 'B', 'question': 'What is performing a type of?', 'choices': 'A) singing, B) act, C) feat, D) smile, E) acting'}) (input_keys={'choices', 'question'})","Prediction(
    answer='D) sing'
)",False
"Example({'label': 'A', 'question': 'The car was going from Alabama to New York, what was its goal?', 'choices': 'A) head north, B) speed up, C) heading north, D) go fast, E) headed south'}) (input_keys={'choices', 'question'})","Prediction(
    answer='C) heading north'
)",False
"Example({'label': 'E', 'question': 'What do they call the trash in Australia?', 'choices': 'A) dirt, B) subway, C) state park, D) container, E) dustbin'}) (input_keys={'choices', 'question'})","Prediction(
    answer='D) container'
)",False
"Example({'label': 'A', 'question': 'Joan wants to cook a potato, where should she place it?', 'choices': 'A) boiling water, B) paper bag, C) restaurants, D) underground, E) cupboard'}) (input_keys={'choices', 'question'})","Prediction(
    answer='E) cupboard'
)",False
"Example({'label': 'D', 'question': 'Writers with a great what can amass a large fortune?', 'choices': 'A) cookie, B) bank, C) real estate, D) imagination, E) bank roll'}) (input_keys={'choices', 'question'})","Prediction(
    answer='E) bank roll'
)",False
"Example({'label': 'C', 'question': 'Where do all animals live?', 'choices': 'A) the moon, B) fairgrounds, C) surface of earth, D) meadow, E) zoos'}) (input_keys={'choices', 'question'})","Prediction(
    answer='C) surface of earth'
)",True
"Example({'label': 'A', 'question': 'How are the conditions for someone who is living in a homeless shelter?', 'choices': 'A) sometimes bad, B) happy, C) respiration, D) growing older, E) death'}) (input_keys={'choices', 'question'})","Prediction(
    answer='A) sometimes bad'
)",True
"Example({'label': 'A', 'question': 'You can do knitting to get the feeling of what?', 'choices': 'A) relaxation, B) arthritis, C) adrenaline, D) your, E) sweater may produced'}) (input_keys={'choices', 'question'})","Prediction(
    
)",0.0
"Example({'label': 'B', 'question': 'What might a very large table be?', 'choices': 'A) dining room, B) conference, C) kitchen, D) in a lake, E) demonstration'}) (input_keys={'choices', 'question'})","Prediction(
    answer='| A dining room | B conference | C kitchen | D lake | E demonstration |\n|---|---|---|---|---|\n| Number of people | Attendance numbers | Ingredients used | Water levels | Setup details |'
)",False
"Example({'label': 'C', 'question': 'John got his tax refund back.  He treated it like it was what?', 'choices': 'A) candy, B) death and, C) free money, D) discount, E) credit'}) (input_keys={'choices', 'question'})","Prediction(
    answer='C) free money'
)",True
"Example({'label': 'E', 'question': 'A person with an allergy might be doing what if they awake suddenly?', 'choices': 'A) have fun, B) enjoy with friends, C) stretch, D) yawn, E) sneezing'}) (input_keys={'choices', 'question'})","Prediction(
    answer='A) have fun, B) enjoy with friends, C) stretch, D) yawn, E) sneezing'
)",True
"Example({'label': 'A', 'question': 'Where is a ferret unlikely to be?', 'choices': 'A) classroom, B) outdoors, C) aquarium, D) north carolina, E) great britain'}) (input_keys={'choices', 'question'})","Prediction(
    answer='north carolina'
)",False
"Example({'label': 'B', 'question': 'If you jump in any of the oceans you will get?', 'choices': 'A) tanned, B) wet, C) wide, D) very deep, E) fish'}) (input_keys={'choices', 'question'})","Prediction(
    answer='B) wet'
)",True
"Example({'label': 'B', 'question': ""Immediately after peeing, a person's bladder is what?"", 'choices': 'A) collapsed, B) empty, C) full, D) filled, E) stretchable'}) (input_keys={'choices', 'question'})","Prediction(
    answer='B'
)",True
"Example({'label': 'D', 'question': 'The lady would eat and eat, and because of mental issues would then make herself what?', 'choices': 'A) wash dishes, B) throwing up, C) drinking, D) throw up, E) turn inside out'}) (input_keys={'choices', 'question'})","Prediction(
    answer='B) throwing up'
)",False
"Example({'label': 'A', 'question': 'A car was hailed to chauffeur someone to the opera house, where was it heading?', 'choices': 'A) go downtown, B) appear suddenly, C) go fast, D) bottom out, E) east'}) (input_keys={'choices', 'question'})","Prediction(
    answer='A) go downtown'
)",True
"Example({'label': 'B', 'question': 'What do you go to see for live entertainment?', 'choices': 'A) movie, B) show, C) concert venue, D) casino, E) theatre'}) (input_keys={'choices', 'question'})","Prediction(
    answer='show'
)",False
"Example({'label': 'C', 'question': ""The teacher thought that a ferret can be very mischievous and probably wouldn't make a great pet for the entire what?"", 'choices': 'A) bad mood, B) hutch, C) classroom, D) pair of trousers, E) year'}) (input_keys={'choices', 'question'})","Prediction(
    answer='A) bad mood'
)",False
"Example({'label': 'B', 'question': 'A creek is a body of water found in what low land?', 'choices': 'A) forest, B) valley, C) outdoors, D) countryside, E) woods'}) (input_keys={'choices', 'question'})","Prediction(
    answer='D) countryside'
)",False
"Example({'label': 'E', 'question': 'If I have a pet bird, what does it likely live in?', 'choices': 'A) forest, B) bathroom, C) windowsill, D) countryside, E) cage'}) (input_keys={'choices', 'question'})","Prediction(
    answer='The likely living environment for your pet bird is:'
)",False
"Example({'label': 'B', 'question': 'Joe and Mac were playing basketball. They did it every day in their back yard.  Why were they playing basketball?', 'choices': 'A) study, B) have fun, C) pain, D) cheers, E) knee injury'}) (input_keys={'choices', 'question'})","Prediction(
    answer='cheers'
)",False
"Example({'label': 'C', 'question': 'What makes someone a nomad?', 'choices': 'A) unpleasant things, B) hangnail, C) have no home, D) have no car, E) schizophrenia'}) (input_keys={'choices', 'question'})","Prediction(
    answer='C) have no home'
)",True
"Example({'label': 'D', 'question': 'What is a treat that you dog will enjoy?', 'choices': 'A) salad, B) petted, C) affection, D) bone, E) lots of attention'}) (input_keys={'choices', 'question'})","Prediction(
    answer='B) petted'
)",False
"Example({'label': 'B', 'question': ""Women used to be expected to wear a dress but it's now acceptable for them to wear what?"", 'choices': 'A) man suit, B) pants, C) naked, D) action, E) long skirt'}) (input_keys={'choices', 'question'})","Prediction(
    answer='B) pants'
)",True
"Example({'label': 'A', 'question': 'The fact that Joe was able to memorize the list in spite of his apparent  state proved that part of his brain was what?', 'choices': 'A) awake, B) repeat, C) sleeping, D) concentrate, E) read aloud'}) (input_keys={'choices', 'question'})","Prediction(
    answer='D) concentrate'
)",False
"Example({'label': 'C', 'question': 'What is a wet person likely to do?', 'choices': 'A) gain weight, B) thank god, C) catch cold, D) suicide, E) cross street'}) (input_keys={'choices', 'question'})","Prediction(
    answer='C) catch cold'
)",True
"Example({'label': 'A', 'question': 'After recovering from the disease, what did the doctor call the patient?', 'choices': 'A) healthy, B) passing around, C) cure, D) wellness, E) healthy'}) (input_keys={'choices', 'question'})","Prediction(
    answer='A) healthy'
)",True
"Example({'label': 'E', 'question': 'The painter started to edge the room with tape, he always took extra care to make the lines clean and crisp when working with an what?', 'choices': 'A) triangle, B) middle, C) corner, D) center, E) interior'}) (input_keys={'choices', 'question'})","Prediction(
    answer='[answer]'
)",False
"Example({'label': 'D', 'question': 'After high tide, where on the coast can you look to find a sea anemone?', 'choices': 'A) nursery, B) museum, C) gulf of mexico, D) tide pool, E) intertidal zone'}) (input_keys={'choices', 'question'})","Prediction(
    answer='E) intertidal zone'
)",False
"Example({'label': 'B', 'question': 'What could a driving car do to a pedestrian?', 'choices': 'A) say hello, B) wreak, C) pollution, D) smoke, E) relaxation'}) (input_keys={'choices', 'question'})","Prediction(
    answer='E) Relaxation'
)",False
"Example({'label': 'D', 'question': ""People do many things to alleviate boredom.  If you can't get out of the house you might decide to do what?"", 'choices': 'A) play cards, B) skateboard, C) meet interesting people, D) listen to music, E) go to a concert'}) (input_keys={'choices', 'question'})","Prediction(
    answer='B) skateboard'
)",False
"Example({'label': 'D', 'question': 'At a grocery store they sell individual potatoes, where does the grocery clerk likely put the potato?', 'choices': 'A) boiling water, B) root cellar, C) rocket ship, D) paper bag, E) underground'}) (input_keys={'choices', 'question'})","Prediction(
    answer='E) underground'
)",False
"Example({'label': 'E', 'question': 'What room is a rubber bath mat usually kept?', 'choices': 'A) doorway, B) living room, C) sand, D) floors, E) bathroom'}) (input_keys={'choices', 'question'})","Prediction(
    answer='E) bathroom'
)",True
"Example({'label': 'E', 'question': 'What would you put meat on top of to cook it?', 'choices': 'A) oil, B) freezer, C) ham sandwich, D) oven, E) frying pan'}) (input_keys={'choices', 'question'})","Prediction(
    answer='A'
)",False
"Example({'label': 'A', 'question': 'Minerals can be obtained in what way for a person who avoids leafy greens?', 'choices': 'A) multivitamin, B) farm, C) michigan, D) earth, E) ore'}) (input_keys={'choices', 'question'})","Prediction(
    answer='A) multivitamin, B) farm'
)",False
"Example({'label': 'A', 'question': 'What could you be a few hours after you finish cashing in due to your cash?', 'choices': 'A) happy, B) receiving money, C) getting paid, D) spending money, E) selling out'}) (input_keys={'choices', 'question'})","Prediction(
    answer='B) receiving money'
)",False
"Example({'label': 'C', 'question': 'The smelly man was having a bath, but what is he pursuing?', 'choices': 'A) hydration, B) being clear, C) personal cleanliness, D) will drown, E) use of water'}) (input_keys={'choices', 'question'})","Prediction(
    answer='C) personal cleanliness'
)",True
"Example({'label': 'E', 'question': 'What might a couple have a lot of when they are deciding on stopping being married to each other?', 'choices': 'A) pleasure, B) detachment, C) exercise, D) bankruptcy, E) fights'}) (input_keys={'choices', 'question'})","Prediction(
    answer='A) pleasure, B) detachement, C) exercise'
)",False
"Example({'label': 'A', 'question': 'If a person is working a lot, what are they likely trying to earn?', 'choices': 'A) much money, B) own house, C) creativity, D) new car, E) caregiver'}) (input_keys={'choices', 'question'})","Prediction(
    answer='A) much money, B) own house, C) creativity, D) new car, E) caregiver'
)",False
"Example({'label': 'C', 'question': 'The traveling business man was glad his credit card had perks, it offset the high prices for travel from a what?', 'choices': 'A) car, B) theatre, C) airport, D) hotel, E) disneyland'}) (input_keys={'choices', 'question'})","Prediction(
    answer='A) car'
)",False
"Example({'label': 'D', 'question': ""Billy hated using other people's toilets. He was only comfortable on his own.  So whenever he needed to poop, he would go back to his what?"", 'choices': 'A) bathroom, B) motel room, C) nearest public restroom, D) house, E) apartment'}) (input_keys={'choices', 'question'})","Prediction(
    answer='A) bathroom'
)",False
"Example({'label': 'D', 'question': 'The forest experienced a cold winter, where is it located?', 'choices': 'A) earth, B) south america, C) amazon basin, D) temperate zone, E) national park'}) (input_keys={'choices', 'question'})","Prediction(
    answer='C) amazon basin'
)",False
"Example({'label': 'D', 'question': 'How can you let someone know about your anger without hurting him or her?', 'choices': 'A) release energy, B) destroy enemy, C) punch, D) write letter, E) lose your temper'}) (input_keys={'choices', 'question'})","Prediction(
    answer='A) release energy'
)",False
"Example({'label': 'A', 'question': 'Where is one likely to find a brownstone?', 'choices': 'A) new york city, B) subdivision, C) ring, D) hazleton, E) live in'}) (input_keys={'choices', 'question'})","Prediction(
    answer='B) subdivision, C) ring'
)",False
"Example({'label': 'C', 'question': 'What may I place the telephone on?', 'choices': ""A) bar, B) friend's house, C) desktop, D) party, E) office""}) (input_keys={'choices', 'question'})","Prediction(
    answer='C) desktop'
)",True
"Example({'label': 'B', 'question': 'What language type is someone from Iran likely to use?', 'choices': 'A) books, B) dard, C) sky, D) closed room, E) television'}) (input_keys={'choices', 'question'})","Prediction(
    answer='A'
)",False
"Example({'label': 'E', 'question': ""John went to a party that lasted all night.  Because of this, he didn't have time for what?"", 'choices': 'A) meeting, B) blowing off steam, C) stay home, D) partying hard, E) studying'}) (input_keys={'choices', 'question'})","Prediction(
    answer='C) stay home'
)",False
"Example({'label': 'A', 'question': ""The child wasn't allowed in the kitchen but still wanted to help, what could it do to help in the dining room?"", 'choices': 'A) set table, B) form opinions, C) make honey, D) become adult, E) gather flowers'}) (input_keys={'choices', 'question'})","Prediction(
    answer='A) set table'
)",True
"Example({'label': 'C', 'question': 'He was having a hard time expressing himself in a healthy way, the psychologist said he was mentally what?', 'choices': 'A) slow, B) understood, C) suffering, D) embarrassment, E) fun'}) (input_keys={'choices', 'question'})","Prediction(
    answer='C) suffering'
)",True
"Example({'label': 'E', 'question': 'When someone is physically competing what does their body do?', 'choices': 'A) tension, B) perform better, C) releases heat, D) winning or losing, E) sweat'}) (input_keys={'choices', 'question'})","Prediction(
    answer='Tension, releases heat, sweat'
)",False
"Example({'label': 'C', 'question': 'How would you express information to a deaf person?', 'choices': 'A) summarize main points, B) close mouth, C) write down, D) may disagree, E) talk'}) (input_keys={'choices', 'question'})","Prediction(
    answer='A) summarize main points'
)",False
"Example({'label': 'B', 'question': 'Printing on a printer can get expensive because it does what?', 'choices': 'A) explode, B) use paper, C) store information, D) queue, E) noise'}) (input_keys={'choices', 'question'})","Prediction(
    answer='A) Exploding'
)",False
"Example({'label': 'B', 'question': 'What will god never do according to religion?', 'choices': 'A) anything, B) judge people, C) work miracles, D) judge men, E) everywhere'}) (input_keys={'choices', 'question'})","Prediction(
    answer='B) judge people'
)",True
"Example({'label': 'D', 'question': 'One of the potential hazards of attending school is what?', 'choices': 'A) cooties, B) get smart, C) boredom, D) colds and flu, E) taking tests'}) (input_keys={'choices', 'question'})","Prediction(
    answer='D) colds and flu'
)",True
"Example({'label': 'A', 'question': 'What has a surface with many sides?', 'choices': 'A) tetrahedron, B) object, C) geometry problem, D) lake, E) triangle'}) (input_keys={'choices', 'question'})","Prediction(
    answer='A) tetrahedron'
)",True
"Example({'label': 'C', 'question': 'What could bring a container from one place to another?', 'choices': 'A) food, B) refrigerator, C) cargo ship, D) port, E) fuel'}) (input_keys={'choices', 'question'})","Prediction(
    answer='C) cargo ship'
)",True
"Example({'label': 'C', 'question': 'The old style pop ups literally let you see the story when you did what?', 'choices': 'A) giggle, B) visualize, C) open book, D) reading, E) go to movies'}) (input_keys={'choices', 'question'})","Prediction(
    answer='E) go to movies'
)",False
"Example({'label': 'A', 'question': 'What is it called when you are talking to someone?', 'choices': 'A) communication, B) quiet, C) boredom, D) persuaded, E) learn'}) (input_keys={'choices', 'question'})","Prediction(
    answer='A) communication'
)",True
"Example({'label': 'B', 'question': ""The family finished dinner, the child's chore was to load the dirty dishes where?"", 'choices': ""A) restaurant kitchen, B) dishwasher, C) son's room, D) cabinet, E) party""}) (input_keys={'choices', 'question'})","Prediction(
    answer='A) restaurant kitchen'
)",False
"Example({'label': 'E', 'question': 'Where could you find a bureau as well as many politicians?', 'choices': 'A) each city, B) office building, C) a zoo, D) french government, E) washington dc'}) (input_keys={'choices', 'question'})","Prediction(
    answer='E) washington dc'
)",True
"Example({'label': 'B', 'question': 'Dad wanted to hide the check in his office, where did he put it?', 'choices': 'A) cash register, B) desk drawer, C) fish tank, D) bank, E) pay envelope'}) (input_keys={'choices', 'question'})","Prediction(
    answer='A) desk drawer'
)",False
"Example({'label': 'A', 'question': 'For some reason she was devoid of regular emotions, buying products was the only way she could feel what?', 'choices': 'A) pleasure, B) owning, C) debt, D) spending money, E) smart'}) (input_keys={'choices', 'question'})","Prediction(
    answer='B) owning'
)",False
"Example({'label': 'B', 'question': 'Where are horses judged on appearance?', 'choices': 'A) race track, B) fair, C) raised by humans, D) in a field, E) countryside'}) (input_keys={'choices', 'question'})","Prediction(
    answer='C) raised by humans'
)",False
"Example({'label': 'C', 'question': 'Why do people read non fiction?', 'choices': ""A) having fun, B) it's more relatable, C) learn new things, D) becoming absorbed, E) falling asleep""}) (input_keys={'choices', 'question'})","Prediction(
    answer='Personal connection, absorbing information in a structured way, and stimulating cognitive processes like attention and memory.'
)",False
"Example({'label': 'A', 'question': 'While knitting you can do what using a radio?', 'choices': 'A) listen to music, B) watch television, C) making blankets, D) eat, E) watching tv'}) (input_keys={'choices', 'question'})","Prediction(
    answer='A) listen to music  \nC) make blankets'
)",False
"Example({'label': 'A', 'question': 'Where are you likely to set papers while working on them?', 'choices': 'A) table, B) meeting, C) drawer, D) toilet, E) garage'}) (input_keys={'choices', 'question'})","Prediction(
    answer='A) table\nB) meeting'
)",False
"Example({'label': 'C', 'question': ""John had a massive debt to 50 million dollars.  Compared to that, Leo's 2000 dollar debt seemed what?"", 'choices': 'A) dwarf, B) inconsequential, C) insubstantial, D) lame, E) tiny'}) (input_keys={'choices', 'question'})","Prediction(
    answer='C) Insubstantial'
)",True
"Example({'label': 'C', 'question': 'The man flew his airplane over the city and saw pollution visibly in the sky, what was polluted?', 'choices': 'A) forest, B) street, C) air, D) caused by humans, E) car show'}) (input_keys={'choices', 'question'})","Prediction(
    answer='C) air'
)",True
"Example({'label': 'E', 'question': 'What is a very unlikely side effect of becoming inebriated?', 'choices': 'A) fights, B) drunkenness, C) staggering, D) puke, E) paralysis'}) (input_keys={'choices', 'question'})","Prediction(
    answer='C) staggering'
)",False
"Example({'label': 'B', 'question': 'when communicating with my boss what should i do', 'choices': 'A) misunderstandings, B) transfer of information, C) learning, D) confusion, E) silence'}) (input_keys={'choices', 'question'})","Prediction(
    answer='B) transfer of information'
)",True
"Example({'label': 'C', 'question': 'If not in a stream but in a market where will you find fish?', 'choices': 'A) stream, B) aquarium, C) refrigerator, D) boat ride, E) market'}) (input_keys={'choices', 'question'})","Prediction(
    answer='B) aquarium'
)",False
"Example({'label': 'E', 'question': 'What are people likely to want to do with their friends?', 'choices': 'A) own land, B) own home, C) talk to each other, D) believe in god, E) spend time'}) (input_keys={'choices', 'question'})","Prediction(
    answer='C) talk to each other, E) spend time, A) own land, B) own home, D) believe in god'
)",False
"Example({'label': 'E', 'question': 'During a shark filled tornado where should you not be?', 'choices': 'A) marine museum, B) pool hall, C) noodle house, D) bad movie, E) outside'}) (input_keys={'choices', 'question'})","Prediction(
    answer='D) bad movie, E) outside'
)",True
"Example({'label': 'E', 'question': 'What is the likely result of buying products in excess?', 'choices': 'A) running out of money, B) spending money, C) poverty, D) comparison shopping, E) overstocking'}) (input_keys={'choices', 'question'})","Prediction(
    answer='E) overstocking'
)",True
"Example({'label': 'B', 'question': 'What is a person trying to accomplish when taking analgesics?', 'choices': 'A) acceptance, B) avoid pain, C) acknowledgment, D) passing grade, E) intellectual challenge'}) (input_keys={'choices', 'question'})","Prediction(
    answer='B) avoid pain'
)",True
"Example({'label': 'D', 'question': 'Where would you put a glass after drinking from it?', 'choices': 'A) ocean, B) water cooler, C) cabinet, D) dishwasher, E) dining room'}) (input_keys={'choices', 'question'})","Prediction(
    answer='B) water cooler'
)",False
"Example({'label': 'B', 'question': 'Where would you buy food?', 'choices': 'A) freezer, B) store, C) home, D) hatred, E) kitchen'}) (input_keys={'choices', 'question'})","Prediction(
    answer='C) home'
)",False
"Example({'label': 'E', 'question': 'When a person admits his mistakes, what are they doing?', 'choices': 'A) accident, B) learn to swim, C) thank god, D) feel relieved, E) act responsibly'}) (input_keys={'choices', 'question'})","Prediction(
    answer='E) act responsibly'
)",True
"Example({'label': 'A', 'question': 'Where do play a game for money?', 'choices': 'A) casino, B) football ground, C) ballpark, D) family room, E) toy store'}) (input_keys={'choices', 'question'})","Prediction(
    answer='A) casino, B) football ground, C) ballpark, E) toy store'
)",False
"Example({'label': 'E', 'question': 'When you travel you should what in case of unexpected costs?', 'choices': 'A) go somewhere, B) energy, C) spend frivilously, D) fly in airplane, E) have money'}) (input_keys={'choices', 'question'})","Prediction(
    answer='E) have money'
)",True
"Example({'label': 'E', 'question': 'Donald is a prominent figure for the federal government, so in what city does he likely spend a lot of time?', 'choices': 'A) everything, B) capitol building, C) tourist sites, D) canada, E) washington d.c'}) (input_keys={'choices', 'question'})","Prediction(
    answer='E) washington d.c'
)",True
"Example({'label': 'C', 'question': 'There was more than one bum asking for change or a ticket, it was the cheapest way to travel so it was no surprise sight at the what?', 'choices': 'A) train station, B) beach, C) bus depot, D) bridge, E) stumblebum'}) (input_keys={'choices', 'question'})","Prediction(
    
)",0.0
"Example({'label': 'D', 'question': 'John and Joe like planning games but Joe  was hit by a ball and fell down. What might have happened to Joe.', 'choices': 'A) anger, B) good natured ribbing., C) enjoying, D) injury, E) enjoyment'}) (input_keys={'choices', 'question'})","Prediction(
    answer='E) enjoyment'
)",False
"Example({'label': 'B', 'question': 'Where can you buy jeans at one of may indoor merchants?', 'choices': 'A) gap, B) shopping mall, C) bedroom, D) laundromat, E) bathroom'}) (input_keys={'choices', 'question'})","Prediction(
    answer='B) Shopping mall'
)",True
"Example({'label': 'D', 'question': 'What do you write letter in in America?', 'choices': 'A) syllable, B) post office, C) envelope, D) english alphabet, E) word'}) (input_keys={'choices', 'question'})","Prediction(
    answer='D) english alphabet'
)",True
"Example({'label': 'E', 'question': 'Joe owned back taxes as well as what other type of taxes?', 'choices': 'A) anterior, B) front, C) main, D) front, E) current'}) (input_keys={'choices', 'question'})","Prediction(
    answer='E) current'
)",True
"Example({'label': 'C', 'question': 'Where is a broadcast studio likely to be heard?', 'choices': 'A) microphone, B) arena, C) radio station, D) trees, E) town'}) (input_keys={'choices', 'question'})","Prediction(
    answer='A) microphone, B) arena, C) radio station'
)",True
"Example({'label': 'B', 'question': 'Kramer wrote a self-referential book.  What might that book be about?', 'choices': 'A) counter, B) coffee table, C) school room, D) backpack, E) bedside table'}) (input_keys={'choices', 'question'})","Prediction(
    answer='E) bedside table'
)",False
"Example({'label': 'E', 'question': 'Of all the sports, Billy enjoys football, but what does his concerned mother think of the sport?', 'choices': 'A) very entertaining, B) fun, C) slow, D) competitive, E) violent'}) (input_keys={'choices', 'question'})","Prediction(
    answer='B) fun'
)",False
"Example({'label': 'A', 'question': 'What city will likely have many parking structures?', 'choices': 'A) chicago, B) big city, C) large city building, D) environment, E) college campus'}) (input_keys={'choices', 'question'})","Prediction(
    answer='Chicago'
)",False
"Example({'label': 'D', 'question': 'Sally was afraid of danger and always double checked what?', 'choices': 'A) fight enemy, B) secure, C) being safe, D) safety, E) vicinity'}) (input_keys={'choices', 'question'})","Prediction(
    answer='C) being safe'
)",False
"Example({'label': 'E', 'question': 'What is the habitat of the fox?', 'choices': 'A) hen house, B) burrow, C) california, D) england, E) mountains'}) (input_keys={'choices', 'question'})","Prediction(
    answer='B) burrow'
)",False
"Example({'label': 'B', 'question': ""People are very much like the animals, but one thing has secured or dominance over the planet.  We're better at doing what?"", 'choices': 'A) eat eggs, B) make tools, C) eat dosa, D) talk to each other, E) smoke pot'}) (input_keys={'choices', 'question'})","Prediction(
    answer='B) make tools'
)",True
"Example({'label': 'B', 'question': 'They children loved having a back yard, and the parents loved that it was a safe what?', 'choices': 'A) suburb, B) neighborhood, C) back of house, D) roundabout, E) property'}) (input_keys={'choices', 'question'})","Prediction(
    answer='B) neighborhood'
)",True
"Example({'label': 'D', 'question': ""While people just throw coins down them now, what originally had a pail to be lowered for it's intended use?"", 'choices': 'A) garage, B) utility room, C) slide, D) wishing well, E) garden'}) (input_keys={'choices', 'question'})","Prediction(
    answer='D) Wishing well'
)",True
"Example({'label': 'D', 'question': ""Joe was thrown from his boat into the water.  The water was cold because it was the middle of winter and he cried out to his crew for help.  They couldn't hear him over the sound of the what?"", 'choices': 'A) surface of earth, B) teardrops, C) snowflake, D) typhoon, E) motor'}) (input_keys={'choices', 'question'})","Prediction(
    answer='B) teardrops'
)",False
"Example({'label': 'D', 'question': 'When a human is earning money, where are they often found?', 'choices': ""A) deep thought, B) park, C) friend's house, D) place of work, E) school""}) (input_keys={'choices', 'question'})","Prediction(
    answer='D) place of work'
)",True
"Example({'label': 'B', 'question': 'They passed a apple tree on their way to the racetrack, the were going to watch the biggest motorsport spectacle in the world where?', 'choices': 'A) maryland, B) indiana, C) on tv, D) park, E) new jersey'}) (input_keys={'choices', 'question'})","Prediction(
    answer='maryland'
)",False
"Example({'label': 'B', 'question': 'Why do people play chess on the weekends?', 'choices': 'A) satisfaction, B) have fun, C) thrilling, D) made, E) smart'}) (input_keys={'choices', 'question'})","Prediction(
    answer=''
)",False
"Example({'label': 'D', 'question': 'What do you need energy to do in gym class?', 'choices': 'A) work, B) tacos, C) mass, D) play sports, E) wrestle'}) (input_keys={'choices', 'question'})","Prediction(
    answer='A) work\nD) play sports'
)",True
"Example({'label': 'A', 'question': 'Sarah dropped the marble because she wanted to do what?', 'choices': 'A) game, B) pouch, C) home, D) store, E) jar'}) (input_keys={'choices', 'question'})","Prediction(
    answer='C) home'
)",False
"Example({'label': 'E', 'question': 'We are all human, and we all what?', 'choices': 'A) write, B) eat cake, C) smile, D) think critically, E) die'}) (input_keys={'choices', 'question'})","Prediction(
    answer='D'
)",False
"Example({'label': 'D', 'question': 'If a person were going to bed, what would be their goal?', 'choices': 'A) lazy, B) insomnia, C) rest, D) falling asleep, E) dreaming of'}) (input_keys={'choices', 'question'})","Prediction(
    answer='C) rest'
)",False
"Example({'label': 'E', 'question': 'What are candles good for eliminating?', 'choices': 'A) shelf, B) board, C) church, D) table, E) dark'}) (input_keys={'choices', 'question'})","Prediction(
    answer='None'
)",False
"Example({'label': 'B', 'question': 'WHat leads to an early death?', 'choices': 'A) poisonous gas, B) homicide, C) cinder, D) nuclear weapons, E) cyanide'}) (input_keys={'choices', 'question'})","Prediction(
    answer='poison gas'
)",False
"Example({'label': 'A', 'question': 'What room would you find many bookcases and is used for contemplation?', 'choices': 'A) study, B) house, C) homw, D) kitchen, E) den'}) (input_keys={'choices', 'question'})","Prediction(
    answer='A'
)",True
"Example({'label': 'C', 'question': 'Where do you head to travel to a star?', 'choices': 'A) night sky, B) galaxy, C) outer space, D) hollywood, E) eat cake'}) (input_keys={'choices', 'question'})","Prediction(
    answer='A) night sky'
)",False
"Example({'label': 'C', 'question': 'The player lifted his cornet and walked in rhythm, what was the player a member of?', 'choices': 'A) museum, B) high school band, C) marching band, D) orchestra, E) band'}) (input_keys={'choices', 'question'})","Prediction(
    answer='D'
)",False
"Example({'label': 'B', 'question': 'What happens at soon as a living being is born?', 'choices': 'A) expiration, B) growing older, C) sometimes bad, D) death, E) start reproduction'}) (input_keys={'choices', 'question'})","Prediction(
    answer='E) start reproduction'
)",False
"Example({'label': 'B', 'question': 'When someone is talking and you missed something, what can you do to get them to repeat it?', 'choices': 'A) walking, B) ask question, C) think, D) write question in crayon, E) sneeze'}) (input_keys={'choices', 'question'})","Prediction(
    answer='B) ask question'
)",True
"Example({'label': 'A', 'question': 'Where does one store fabric in their own home?', 'choices': 'A) sewing room, B) clothing store, C) tailor shop, D) clothes store, E) cotton mill'}) (input_keys={'choices', 'question'})","Prediction(
    answer='B) clothing store'
)",False
"Example({'label': 'A', 'question': 'What do most companies not want to have relative to demand?', 'choices': 'A) oversupply, B) plentitude, C) stockpile, D) superabundance, E) busy'}) (input_keys={'choices', 'question'})","Prediction(
    answer='A) oversupply'
)",True
"Example({'label': 'A', 'question': ""What is happening while he's playing basketball for such a long time?"", 'choices': 'A) sweating, B) pain, C) having fun, D) medium, E) knee injury'}) (input_keys={'choices', 'question'})","Prediction(
    answer='E) knee injury'
)",False
"Example({'label': 'A', 'question': 'A traveler laments the fact that mass transit is limited in his city when his groceries get soaked by the rain as he waits where?', 'choices': 'A) bus stop, B) library, C) motel, D) airport, E) subway'}) (input_keys={'choices', 'question'})","Prediction(
    answer='E) subway'
)",False
"Example({'label': 'C', 'question': 'The person was in physical distress, where should he go?', 'choices': 'A) synagogue, B) for help, C) hospital, D) bus stop, E) building'}) (input_keys={'choices', 'question'})","Prediction(
    answer='B) for help\nE) building'
)",False
"Example({'label': 'B', 'question': 'The cancer patient was expecting to die, so he made out his what?', 'choices': 'A) not to live, B) write will, C) never want, D) seek help, E) go to hell'}) (input_keys={'choices', 'question'})","Prediction(
    answer='B) write will'
)",True
"Example({'label': 'B', 'question': 'There was a toll road that meandered from Maine to New Hampshire, where was it?', 'choices': 'A) massachusetts, B) new england, C) my house, D) new jersey, E) connecticut'}) (input_keys={'choices', 'question'})","Prediction(
    answer='A) Massachusetts'
)",False
"Example({'label': 'A', 'question': 'If you partied all night you could find yourself already what, even when just beginning work?', 'choices': 'A) getting tired, B) working, C) procrastination, D) jumping, E) sitting down'}) (input_keys={'choices', 'question'})","Prediction(
    answer='A) getting tired'
)",True
"Example({'label': 'A', 'question': 'The cat carefully navigated the area, they do everything they can to avoid what?', 'choices': 'A) get wet, B) eat vegetables, C) falling, D) wool sweater, E) sharp claws'}) (input_keys={'choices', 'question'})","Prediction(
    answer='B) eat vegetables'
)",False
"Example({'label': 'A', 'question': 'What is someone usually doing if someone else is talking to him or her?', 'choices': 'A) listening, B) language, C) looking at eyes, D) planning the perfect murder, E) voice'}) (input_keys={'choices', 'question'})","Prediction(
    answer='A) listening'
)",True
"Example({'label': 'E', 'question': 'What does the sky do before a rain?', 'choices': 'A) appear beautiful, B) appear blue, C) shows a rainbow, D) rain water, E) cloud over'}) (input_keys={'choices', 'question'})","Prediction(
    answer='C) shows a rainbow'
)",False
"Example({'label': 'B', 'question': 'Pens, computers, text books and paper clips can all be found where?', 'choices': 'A) desktop, B) university, C) drawer, D) table, E) work'}) (input_keys={'choices', 'question'})","Prediction(
    answer='A, B, C, A'
)",False
"Example({'label': 'B', 'question': 'What geographic area is a lizard likely to be?', 'choices': 'A) ball stopped, B) west texas, C) arid regions, D) garden, E) warm place'}) (input_keys={'choices', 'question'})","Prediction(
    answer='C) arid regions'
)",False
"Example({'label': 'E', 'question': 'What do you use to carry your briefcase?', 'choices': 'A) office building, B) school, C) courtroom, D) airport, E) hand'}) (input_keys={'choices', 'question'})","Prediction(
    answer='E) hand'
)",True
"Example({'label': 'E', 'question': 'He picked up his pace to a run, he wanted to do what?', 'choices': 'A) learn to walk, B) frightened, C) get away from, D) exercise, E) go faster'}) (input_keys={'choices', 'question'})","Prediction(
    answer='D) exercise'
)",False
"Example({'label': 'D', 'question': 'What would a person do if they do not have any friends?', 'choices': 'A) talk to people, B) try again, C) fall asleep, D) stand alone, E) thank god'}) (input_keys={'choices', 'question'})","Prediction(
    answer='D) stand alone'
)",True
"Example({'label': 'D', 'question': 'As a result of dying, what happens to organic material?', 'choices': 'A) change of color, B) stop breathing, C) wake up, D) death and decay, E) getting cold'}) (input_keys={'choices', 'question'})","Prediction(
    answer='D) death and decay'
)",True
"Example({'label': 'A', 'question': 'What does everyone have in relation to other people?', 'choices': 'A) feelings, B) food, C) unique personality, D) different standards, E) values'}) (input_keys={'choices', 'question'})","Prediction(
    answer='Values'
)",False
"Example({'label': 'D', 'question': 'What do you ask a child to do when you first meet her?', 'choices': 'A) ask questions, B) count to ten, C) costume, D) state name, E) dress herself'}) (input_keys={'choices', 'question'})","Prediction(
    answer='A) ask questions'
)",False
"Example({'label': 'E', 'question': 'Where can you buy a clock, clothing and wrenches?', 'choices': 'A) counter, B) train station, C) school room, D) desk, E) department store'}) (input_keys={'choices', 'question'})","Prediction(
    answer='E) department store'
)",True
"Example({'label': 'B', 'question': ""What do you do when you're in a new place and want to see new things?"", 'choices': 'A) interesting, B) look around, C) take pictures, D) change of surroundings, E) new experience'}) (input_keys={'choices', 'question'})","Prediction(
    answer='B)'
)",True
"Example({'label': 'B', 'question': 'What happens when to ice when it is in the sun?', 'choices': 'A) carved, B) melted, C) ice cream, D) antarctica, E) sculptured'}) (input_keys={'choices', 'question'})","Prediction(
    answer='B) melted'
)",True
"Example({'label': 'B', 'question': 'Where can you store your dishes in your dwelling?', 'choices': 'A) drawer, B) shelf, C) pantry, D) apartment, E) cabinet'}) (input_keys={'choices', 'question'})","Prediction(
    answer='pantry'
)",False
"Example({'label': 'B', 'question': 'The man laid on the soft moss and looked up at the trees, where was the man?', 'choices': 'A) niagra falls, B) forest, C) waterfall, D) ground, E) tree'}) (input_keys={'choices', 'question'})","Prediction(
    answer='B) forest'
)",True
"Example({'label': 'A', 'question': 'What is someone doing if he or she is sitting quietly and his or her eyes are moving?', 'choices': 'A) reading, B) meditate, C) fall asleep, D) bunk, E) think'}) (input_keys={'choices', 'question'})","Prediction(
    answer='Meditating'
)",False
"Example({'label': 'B', 'question': 'Where can I find a stapler in many places?', 'choices': 'A) desk drawer, B) office building, C) manual, D) office supply store, E) desktop'}) (input_keys={'choices', 'question'})","Prediction(
    answer='A) desk drawer, B) office building, C) manual, D) office supply store, E) desktop'
)",False
"Example({'label': 'B', 'question': 'A man takes a seat at a museum outside of Barcelona, where is he likely?', 'choices': 'A) in cinema, B) martorell, C) falling down, D) show, E) airplane'}) (input_keys={'choices', 'question'})","Prediction(
    answer='B) martorell'
)",True
"Example({'label': 'C', 'question': 'Where would you find a toy soldier that is being played with?', 'choices': ""A) toy box, B) movies, C) child's hand, D) toybos, E) child park""}) (input_keys={'choices', 'question'})","Prediction(
    answer='A) toy box'
)",False
"Example({'label': 'C', 'question': ""Where are you when you're about to use your plane ticket?"", 'choices': 'A) pocket, B) terrorists hands, C) airport, D) sea ship, E) briefcase'}) (input_keys={'choices', 'question'})","Prediction(
    answer='B) terrorists hands'
)",False
"Example({'label': 'B', 'question': 'Flowers make a good center focal point, just one of many arrangements that look good on a what?', 'choices': 'A) market, B) table, C) countryside, D) anthology, E) vase'}) (input_keys={'choices', 'question'})","Prediction(
    answer='C) countryside'
)",False
"Example({'label': 'D', 'question': 'How can a human cross a river and not mess up their hair?', 'choices': 'A) wisconsin, B) waterfall, C) hatred, D) bridge, E) valley'}) (input_keys={'choices', 'question'})","Prediction(
    answer='no choice'
)",False
"Example({'label': 'D', 'question': 'Batman bought beer.  There were no bottles available.  He had to settle for what?.', 'choices': 'A) shelf, B) soccer game, C) keg, D) can, E) refrigerator'}) (input_keys={'choices', 'question'})","Prediction(
    answer='C) keg'
)",False
"Example({'label': 'E', 'question': 'You can find a monkey in what West African region on the Gulf of Guinea', 'choices': 'A) south american country, B) rain forest, C) pay debts, D) works, E) nigeria'}) (input_keys={'choices', 'question'})","Prediction(
    answer='E) nigeria'
)",True
"Example({'label': 'B', 'question': 'Surprising an angry person could lead to what?', 'choices': 'A) humor, B) fight, C) jocose, D) laughter, E) accidents'}) (input_keys={'choices', 'question'})","Prediction(
    answer='A) humor'
)",False
"Example({'label': 'B', 'question': 'Where is a dining area likely to be small?', 'choices': 'A) cruise ship, B) home, C) mall, D) restaurant, E) dark cave'}) (input_keys={'choices', 'question'})","Prediction(
    answer='B) home'
)",True
"Example({'label': 'C', 'question': 'Killing people should not cause what emotion?', 'choices': 'A) vengeance, B) going to prison, C) joy, D) afraid, E) terrible'}) (input_keys={'choices', 'question'})","Prediction(
    answer='A) vengeance'
)",False
"Example({'label': 'C', 'question': 'James slamed into someone playing football, and not for the first time.  He was concerned about the consequences of many what?', 'choices': 'A) exhilaration, B) interactions, C) head injuries, D) death, E) having fun'}) (input_keys={'choices', 'question'})","Prediction(
    answer='D) death'
)",False
"Example({'label': 'A', 'question': ""More people should lower the guard and just have fun, we don't got long just what?"", 'choices': 'A) enjoy living, B) happy, C) enjoyable, D) get laid, E) do enjoy'}) (input_keys={'choices', 'question'})","Prediction(
    answer='D) get laid'
)",False
"Example({'label': 'C', 'question': 'Where can you get a lizard to keep in your home?', 'choices': 'A) desert country, B) dessert, C) pet shop, D) tropical areas, E) zoo'}) (input_keys={'choices', 'question'})","Prediction(
    answer='E) zoo'
)",False
"Example({'label': 'C', 'question': 'What would use a musical instrument?', 'choices': 'A) guitar, B) music room, C) orchestra, D) case, E) movie'}) (input_keys={'choices', 'question'})","Prediction(
    answer='A'
)",False
"Example({'label': 'B', 'question': 'She was in an affair, what did that end upon discovery by her husband?', 'choices': 'A) relationship, B) marriage, C) fidelity, D) love, E) divorce'}) (input_keys={'choices', 'question'})","Prediction(
    answer='E) divorce'
)",False
"Example({'label': 'B', 'question': 'What is the most famous constellation out of earth?', 'choices': ""A) one moon, B) milky way, C) god's creation, D) stars, E) universe""}) (input_keys={'choices', 'question'})","Prediction(
    answer=''
)",False
"Example({'label': 'C', 'question': 'If a reception is held with hotel guests walking by, what is the likely venue?', 'choices': 'A) room service, B) church basement, C) lobby, D) large room, E) country club'}) (input_keys={'choices', 'question'})","Prediction(
    answer='C) lobby'
)",True
"Example({'label': 'B', 'question': 'What is a place that is far away from your house and where you could consume beer?', 'choices': ""A) refrigerator, B) friend's house, C) keg, D) neighbor's house, E) kitchen""}) (input_keys={'choices', 'question'})","Prediction(
    answer=""neighbor's house""
)",False
"Example({'label': 'A', 'question': 'If a court case is dismissed after hearing testimony, what would be a likely cause?', 'choices': 'A) change of heart, B) anguish, C) anger, D) boredom, E) anxiety'}) (input_keys={'choices', 'question'})","Prediction(
    answer='A) change of heart'
)",True
"Example({'label': 'A', 'question': 'Sitting down quickly after eating beans could lead to what?', 'choices': 'A) flatulence, B) happiness, C) laziness, D) fall asleep, E) comfort'}) (input_keys={'choices', 'question'})","Prediction(
    answer='A) flatulence'
)",True
"Example({'label': 'B', 'question': 'John was my neighbor, it was easy to talk to him. He was never what?', 'choices': 'A) away, B) distant, C) remote person, D) bore, E) foe'}) (input_keys={'choices', 'question'})","Prediction(
    answer='C) remote person'
)",False
"Example({'label': 'B', 'question': 'Where do people want to have a lot of coffee?', 'choices': 'A) table, B) office, C) desk, D) kitchen, E) ocean'}) (input_keys={'choices', 'question'})","Prediction(
    answer='C) desk'
)",False
"Example({'label': 'E', 'question': 'You stop and have food all around you, what are you?', 'choices': 'A) stay alive, B) wanted to survive, C) nutrition, D) grew, E) full'}) (input_keys={'choices', 'question'})","Prediction(
    answer='A) stay alive\nB) wanted to survive'
)",False
"Example({'label': 'A', 'question': ""James was meeting a friend.  They had planed a slow day. They didn't want to do much.  They just wanted what?"", 'choices': 'A) relaxation, B) panic, C) alarm, D) joy, E) cheer'}) (input_keys={'choices', 'question'})","Prediction(
    answer='A'
)",True
"Example({'label': 'D', 'question': ""The car's steering seem quite loose, but he still considered purchasing it because he needed something small and what?"", 'choices': 'A) sturdy, B) faithful, C) bound, D) compact, E) packaged'}) (input_keys={'choices', 'question'})","Prediction(
    answer='D) compact'
)",True
"Example({'label': 'C', 'question': ""Dan was a farmer with just one heifer.  But that was okay, he only kept her for milk, and he didn't think he'd find good farmland in a place as cold as where?"", 'choices': 'A) arizona, B) farm yard, C) michigan, D) german field, E) dairy farm'}) (input_keys={'choices', 'question'})","Prediction(
    answer='A) arizona'
)",False
"Example({'label': 'B', 'question': ""It's Friday night and Alice puts off going to bed because she plans on doing what Saturday?"", 'choices': 'A) hatred, B) sleeping in, C) rest, D) making love, E) insomnia'}) (input_keys={'choices', 'question'})","Prediction(
    answer='D) making love'
)",False
"Example({'label': 'C', 'question': ""His phone was dead and they couldn't find the expressway, he opened up the glove compartment and handed his passenger the what to navigate?"", 'choices': 'A) eastern united states, B) michigan, C) map, D) choppers, E) american city'}) (input_keys={'choices', 'question'})","Prediction(
    answer='A) eastern united states'
)",False
"Example({'label': 'C', 'question': 'What would someone use a personal key for?', 'choices': 'A) car stand, B) at hotel, C) own home, D) front door, E) bus depot'}) (input_keys={'choices', 'question'})","Prediction(
    answer='C) own home'
)",True
"Example({'label': 'C', 'question': ""The cat kept pestering it's owner, it was that time of the day and it was what?"", 'choices': 'A) litter tray, B) whiskers, C) hungry, D) feline, E) thirsty'}) (input_keys={'choices', 'question'})","Prediction(
    answer=''
)",False
"Example({'label': 'C', 'question': 'Her voice lent her to the alto section, what group did she join?', 'choices': 'A) symphony, B) concerto, C) choir, D) theater troupe, E) marching band'}) (input_keys={'choices', 'question'})","Prediction(
    answer='A'
)",False
"Example({'label': 'A', 'question': 'Where are you likely to find a Japanese restaurant not run by people from Japan?', 'choices': 'A) california, B) downtown, C) large town, D) tokio, E) china town'}) (input_keys={'choices', 'question'})","Prediction(
    answer='B) downtown'
)",False
"Example({'label': 'C', 'question': ""Animals who have hair and don't lay eggs are what?"", 'choices': 'A) reproduce asexually, B) males, C) mammals, D) attack, E) ocean'}) (input_keys={'choices', 'question'})","Prediction(
    answer='C) mammals'
)",True
"Example({'label': 'B', 'question': 'John was an aristocratic fox hunter.  Where might he live?', 'choices': 'A) england, B) new hampshire, C) street, D) arkansas, E) north dakota'}) (input_keys={'choices', 'question'})","Prediction(
    answer='B) New Hampshire'
)",True
"Example({'label': 'E', 'question': 'Where is a grape likely to be being fed to someone else?', 'choices': 'A) field, B) bathroom, C) michigan, D) minnesota, E) painting'}) (input_keys={'choices', 'question'})","Prediction(
    answer='A) field'
)",False
"Example({'label': 'D', 'question': 'Some food can be stored at room temperature until you open it, then you should keep it in what?', 'choices': 'A) shop, B) bookcase, C) shelf, D) refrigerators, E) kitchen'}) (input_keys={'choices', 'question'})","Prediction(
    answer='C) shelf'
)",False
"Example({'label': 'E', 'question': ""Sam couldn't get back to sleep because of a dream he had.  It was a what?"", 'choices': 'A) awake, B) horror, C) dreamworker, D) reality, E) nightmare'}) (input_keys={'choices', 'question'})","Prediction(
    answer=''
)",False
"Example({'label': 'B', 'question': ""If you're going to a party in a new town what are you hoping to make?"", 'choices': 'A) getting drunk, B) making new friends, C) new contacts, D) doing drugs, E) set home'}) (input_keys={'choices', 'question'})","Prediction(
    answer='B) making new friends'
)",True
"Example({'label': 'E', 'question': 'How is riding a bike getting it to move?', 'choices': 'A) practice, B) sense of balance, C) driving, D) good balance, E) pedalling'}) (input_keys={'choices', 'question'})","Prediction(
    answer='E) Pedalling, B) Sense of Balance, D) Good Balance, A) Practice'
)",False
"Example({'label': 'D', 'question': 'Where does one usually keep literature?', 'choices': 'A) books and magazines, B) own home, C) kitchen, D) shelf, E) meeting'}) (input_keys={'choices', 'question'})","Prediction(
    answer='B) own home'
)",False
"Example({'label': 'E', 'question': 'WHat type of keyboard is made up of one or more pipe divisions?', 'choices': 'A) killing, B) typewriter, C) office, D) terminal, E) organ'}) (input_keys={'choices', 'question'})","Prediction(
    answer='C'
)",False
"Example({'label': 'C', 'question': 'The bell rang, and the congregation began to what in to the church?', 'choices': 'A) run away, B) wind instrument, C) funnel, D) blunderbuss, E) associated with telephones'}) (input_keys={'choices', 'question'})","Prediction(
    answer='A) run away'
)",False
"Example({'label': 'A', 'question': 'James needed smooth sandpaper, but instead he got what type?', 'choices': 'A) rough, B) non smooth, C) uneven, D) plastic, E) bumpy'}) (input_keys={'choices', 'question'})","Prediction(
    answer='B) non smooth'
)",False
"Example({'label': 'B', 'question': 'Where would you borrow furniture if you do not have any?', 'choices': ""A) sewer, B) neighbor's house, C) apartment, D) room, E) floor""}) (input_keys={'choices', 'question'})","Prediction(
    answer='E) floor'
)",False
"Example({'label': 'C', 'question': ""What must happen for an animal to and it's offspring to continue livng?"", 'choices': 'A) death, B) flying, C) reproducing, D) food consumed, E) eventually die'}) (input_keys={'choices', 'question'})","Prediction(
    answer='C) reproducing'
)",True
"Example({'label': 'E', 'question': 'I want my wine stored in darkness, where should it go?', 'choices': 'A) movies, B) bed, C) moon, D) vault, E) cellar'}) (input_keys={'choices', 'question'})","Prediction(
    answer='B) bed\nE) cellar'
)",True
"Example({'label': 'E', 'question': 'If I want to open a steakhouse, what should I get first?', 'choices': 'A) michigan, B) florida, C) wine, D) texas, E) building'}) (input_keys={'choices', 'question'})","Prediction(
    answer='A)'
)",False
"Example({'label': 'C', 'question': ""Sarah didn't like to play but she didn't want to be sedentary and bored, either, so she took up what?"", 'choices': 'A) serious, B) longplay, C) musical, D) eat cake, E) doing nothing'}) (input_keys={'choices', 'question'})","Prediction(
    answer='longplay'
)",False
"Example({'label': 'D', 'question': 'Joe found spiders while checking something outside.  What might that be?', 'choices': 'A) cupboard, B) closet, C) storage bag, D) mail box, E) garage'}) (input_keys={'choices', 'question'})","Prediction(
    answer=''
)",False
"Example({'label': 'A', 'question': 'What would you do if your date does not show up?', 'choices': 'A) wait for, B) bathe, C) go for haircut, D) plan revenge, E) dress nice'}) (input_keys={'choices', 'question'})","Prediction(
    answer='A) wait for'
)",True
"Example({'label': 'B', 'question': 'What did the adult do before the job interview?', 'choices': 'A) work, B) dress himself, C) marry, D) dress herself, E) drive train'}) (input_keys={'choices', 'question'})","Prediction(
    answer='A) work'
)",False
"Example({'label': 'A', 'question': 'Most items in retail stores are what even when they are on sale?', 'choices': 'A) overpriced, B) purchase, C) expensive, D) park, E) buying'}) (input_keys={'choices', 'question'})","Prediction(
    answer='E) buying'
)",False
"Example({'label': 'D', 'question': 'John farms anemone in what type of facility?', 'choices': 'A) michigan, B) swimming pool, C) atlantic ocean, D) nursery, E) gulf of mexico'}) (input_keys={'choices', 'question'})","Prediction(
    answer=''
)",False
"Example({'label': 'C', 'question': 'Brawn opened the curtains so that the sun could do what?', 'choices': 'A) dry clothes, B) warm house, C) warm room, D) shine brightly, E) get dark'}) (input_keys={'choices', 'question'})","Prediction(
    answer='E) get dark'
)",False
"Example({'label': 'B', 'question': 'How might releasing energy that has built up feel?', 'choices': 'A) damage, B) wonderful, C) exhaustion, D) orgasm, E) lazy'}) (input_keys={'choices', 'question'})","Prediction(
    answer=''
)",False
"Example({'label': 'B', 'question': 'What would you do if you have curiosity but are blind and paralyzed?', 'choices': 'A) hear news, B) analyse, C) go somewhere, D) examine thing, E) see favorite show'}) (input_keys={'choices', 'question'})","Prediction(
    answer='E) see favorite show'
)",False
"Example({'label': 'B', 'question': 'Where might it be hard to get furniture to?', 'choices': 'A) apartment, B) loft, C) store, D) rug, E) stairs'}) (input_keys={'choices', 'question'})","Prediction(
    answer='Apartment'
)",False
"Example({'label': 'D', 'question': 'A great teacher can be what when you are attending school?', 'choices': 'A) detention, B) graduate, C) follower, D) inspiration, E) boredom'}) (input_keys={'choices', 'question'})","Prediction(
    answer='D)\ninspiration'
)",True
"Example({'label': 'D', 'question': 'Where would you get jeans and other wearable items to take home with you?', 'choices': 'A) shopping mall, B) museum, C) laundromat, D) clothing store, E) bedroom'}) (input_keys={'choices', 'question'})","Prediction(
    answer='D) clothing store'
)",True
"Example({'label': 'C', 'question': 'In what substance do clouds float?', 'choices': 'A) sky, B) top of mountain, C) air, D) ground level, E) outer space'}) (input_keys={'choices', 'question'})","Prediction(
    answer='A) air'
)",False
"Example({'label': 'E', 'question': 'Where is the large area location of the empire state building?', 'choices': 'A) manhattan, B) office, C) the city, D) fifth avenue, E) new york city'}) (input_keys={'choices', 'question'})","Prediction(
    answer='D) fifth avenue'
)",False
"Example({'label': 'E', 'question': 'Where do most people make coffee?', 'choices': 'A) coffee shop, B) office, C) table, D) washing, E) kitchen'}) (input_keys={'choices', 'question'})","Prediction(
    answer='A) coffee shop\nC) table'
)",False
"Example({'label': 'D', 'question': ""What kind of service is my body a part of when I'm no longer here?"", 'choices': 'A) bodycam, B) home, C) coffin, D) funeral, E) graveyard'}) (input_keys={'choices', 'question'})","Prediction(
    answer='D) funeral'
)",True
"Example({'label': 'D', 'question': 'Many people wanted to leave their country estates for row houses, what did they need to move to?', 'choices': 'A) living less expensively, B) england, C) prison, D) city, E) town'}) (input_keys={'choices', 'question'})","Prediction(
    answer='B) england'
)",False
"Example({'label': 'A', 'question': 'Where can someone get a new saw?', 'choices': 'A) hardware store, B) toolbox, C) logging camp, D) tool kit, E) auger'}) (input_keys={'choices', 'question'})","Prediction(
    answer='A) hardware store'
)",True
"Example({'label': 'E', 'question': 'What would you do to a crime scene before asking a question?', 'choices': 'A) express information, B) touch everything, C) think, D) give clue, E) analyse'}) (input_keys={'choices', 'question'})","Prediction(
    answer='A) express information\nE) analyse'
)",True
"Example({'label': 'B', 'question': ""The man didn't do great in college, all his best memories were late night with his brothers at the what?"", 'choices': 'A) big city, B) fraternity house, C) school, D) building, E) big town'}) (input_keys={'choices', 'question'})","Prediction(
    answer='[answer]'
)",False
"Example({'label': 'C', 'question': 'In a horror movie victims usually trip when the run in order to do what in regards to the killer?', 'choices': 'A) frightened, B) run up stairs, C) get away from, D) go quickly, E) go faster'}) (input_keys={'choices', 'question'})","Prediction(
    answer='E) go faster'
)",False
"Example({'label': 'B', 'question': ""The coach decided to make a lineup change, the team's effort was suffering from what?"", 'choices': 'A) stagnant, B) stagnation, C) tradition, D) hunger, E) paper money'}) (input_keys={'choices', 'question'})","Prediction(
    answer='A) stagnant\nB) stagnation'
)",True
"Example({'label': 'A', 'question': 'Where would you go if you want to buy some clothes?', 'choices': 'A) mall, B) grocery store, C) grocery store, D) shop, E) supermarket'}) (input_keys={'choices', 'question'})","Prediction(
    answer='B) grocery store'
)",False
"Example({'label': 'B', 'question': 'Where is food likely to stay dry?', 'choices': 'A) etna, B) cupboard, C) oven, D) stomach, E) fridge'}) (input_keys={'choices', 'question'})","Prediction(
    answer='B) cupboard'
)",True
"Example({'label': 'A', 'question': 'What is it called when a person with mental illness is able to lead a relatively normal life?', 'choices': 'A) managed, B) effectively treated, C) recur, D) cause delusion, E) illusion'}) (input_keys={'choices', 'question'})","Prediction(
    answer='A) managed'
)",True
"Example({'label': 'C', 'question': ""Where do you keep musical instrument so it doesn't get scratched?"", 'choices': 'A) bank, B) orchestra, C) case, D) music room, E) movie'}) (input_keys={'choices', 'question'})","Prediction(
    answer='C) case'
)",True
"Example({'label': 'E', 'question': 'The woman is watching television and trying to forget her day, what is her goal?', 'choices': 'A) entertainment, B) falling asleep, C) getting fat, D) crying, E) relaxation'}) (input_keys={'choices', 'question'})","Prediction(
    answer='E) relaxation'
)",True
"Example({'label': 'E', 'question': ""While John Candy and Dan Aykroyd didn't run into a gazelle, you'd have to go where to see one?"", 'choices': 'A) eastern hemisphere, B) the city, C) open plain, D) television program, E) great outdoors'}) (input_keys={'choices', 'question'})","Prediction(
    answer='E) great outdoors'
)",True
"Example({'label': 'D', 'question': 'When we are running what are we doing?', 'choices': 'A) stretches, B) running from police, C) learn to walk, D) go quickly, E) get out of bed'}) (input_keys={'choices', 'question'})","Prediction(
    answer='C) learn to walk'
)",False
"Example({'label': 'C', 'question': ""It's dangerous to let pet birds free so it's better to keep them what?"", 'choices': 'A) slavery, B) caught, C) caged in, D) topfree, E) prisoner'}) (input_keys={'choices', 'question'})","Prediction(
    answer='B) caught'
)",False
"Example({'label': 'C', 'question': 'A beaver is know for building prowess, their supplies come from where?', 'choices': 'A) british columbia, B) body of water, C) wooded area, D) pay debts, E) zoo'}) (input_keys={'choices', 'question'})","Prediction(
    answer='A) british columbia'
)",False
"Example({'label': 'D', 'question': ""Zane doesn't like answering questions.  He's not good at it because he suffers from what?"", 'choices': 'A) panic, B) discussion, C) attention, D) confusion, E) satisfaction'}) (input_keys={'choices', 'question'})","Prediction(
    answer='C) confusion'
)",False
"Example({'label': 'A', 'question': 'Going public about a common problem can gain what for a celebrity?', 'choices': 'A) wide acceptance, B) a degree, C) pain, D) getting high, E) press coverage'}) (input_keys={'choices', 'question'})","Prediction(
    answer='A) wide acceptance, C) pain'
)",False
"Example({'label': 'A', 'question': 'The electricity went out and everyone was shrouded in darkness.  They all remained in their seats, because it would have been dangerous to try to find there way out.  Where mihgt they have been?', 'choices': 'A) opera, B) concert, C) basement, D) bedroom, E) grand canyon'}) (input_keys={'choices', 'question'})","Prediction(
    answer='C) basement'
)",False
"Example({'label': 'D', 'question': 'Where could you find hundreds of beauty salon?', 'choices': 'A) clerk, B) mall, C) strip mall, D) city, E) neighborhood'}) (input_keys={'choices', 'question'})","Prediction(
    answer='B) mall'
)",False
"Example({'label': 'A', 'question': 'If it is Chrismas time what came most recently before?', 'choices': 'A) halloween, B) summer, C) easter, D) kwaanza, E) give gift'}) (input_keys={'choices', 'question'})","Prediction(
    answer='Kwaanza'
)",False
"Example({'label': 'D', 'question': 'If someone found out their brother was having a daughter, they would have to add a niece limb to the what?', 'choices': ""A) family picture book, B) family reunion, C) brother's house, D) family tree, E) baby shower""}) (input_keys={'choices', 'question'})","Prediction(
    answer='E) baby shower'
)",False
"Example({'label': 'E', 'question': 'The criminal insisted he must do the crime to the bank teller, but she tried to convince him there were other ways in life and this was what?', 'choices': 'A) willing, B) optional, C) should not, D) have to, E) unnecessary'}) (input_keys={'choices', 'question'})","Prediction(
    answer='D) have to'
)",False
"Example({'label': 'B', 'question': 'what do you fill with ink to write?', 'choices': 'A) squid, B) fountain pen, C) pencil case, D) newspaper, E) printer'}) (input_keys={'choices', 'question'})","Prediction(
    answer='B) fountain pen'
)",True
"Example({'label': 'E', 'question': 'He walked into the room and had a great shock, his friends had what him?', 'choices': 'A) expected, B) wanting, C) calm, D) thundershock, E) surprised'}) (input_keys={'choices', 'question'})","Prediction(
    answer='A'
)",False
"Example({'label': 'E', 'question': ""He wasn't the hugging type, even when he meet friend he'd just do what?"", 'choices': 'A) have sex, B) smile, C) hug each other, D) conversation, E) handshake'}) (input_keys={'choices', 'question'})","Prediction(
    answer='C) hug each other'
)",False
"Example({'label': 'E', 'question': 'If you were lost you might need a map, the best place to find one on the road is at any what?', 'choices': 'A) truck stop, B) amusement park, C) atlas, D) mall, E) gas station'}) (input_keys={'choices', 'question'})","Prediction(
    answer='C) Atlas'
)",False
"Example({'label': 'D', 'question': 'Where would you put a net if you wanted to use it?', 'choices': 'A) sports, B) fishing gear, C) soccer game, D) fishing boat, E) badminton'}) (input_keys={'choices', 'question'})","Prediction(
    answer='B) fishing gear'
)",False
"Example({'label': 'A', 'question': 'Sage loved communicating  He liked doing what with his peers?', 'choices': 'A) exchanging ideas, B) confusion, C) peer pressure, D) response, E) learning'}) (input_keys={'choices', 'question'})","Prediction(
    answer='A) exchanging ideas'
)",True
"Example({'label': 'D', 'question': 'Where would a cat snuggle up with their human?', 'choices': 'A) floor, B) humane society, C) bed, D) comfortable chair, E) window sill'}) (input_keys={'choices', 'question'})","Prediction(
    answer='A) floor'
)",False
"Example({'label': 'D', 'question': 'What is a place that has large cable hanging overhead?', 'choices': 'A) radio shack, B) electrical device, C) shower, D) substation, E) television'}) (input_keys={'choices', 'question'})","Prediction(
    answer='A) radio shack'
)",False
"Example({'label': 'C', 'question': 'Where do cars usually travel at very high speeds?', 'choices': 'A) freeway, B) road, C) race track, D) alley, E) parking lot'}) (input_keys={'choices', 'question'})","Prediction(
    answer='A) freeway'
)",False
"Example({'label': 'B', 'question': 'What might a person be watching if they see a man with a suitcase full of money?', 'choices': 'A) baggage compartment, B) movie, C) subway, D) airplane, E) cargo hold'}) (input_keys={'choices', 'question'})","Prediction(
    answer='E) cargo hold'
)",False
"Example({'label': 'C', 'question': 'Eating breakfast in bed while seeing a homeless person shivering outside your window may cause you to what?', 'choices': 'A) mess, B) hungry, C) feel guilty, D) indigestion, E) spills'}) (input_keys={'choices', 'question'})","Prediction(
    answer='C) feel guilty'
)",True
"Example({'label': 'C', 'question': 'If I put in my key and open a hinged door, where am I likely entering?', 'choices': 'A) kitchen, B) safe, C) own house, D) building, E) pantry'}) (input_keys={'choices', 'question'})","Prediction(
    answer='C) own house, D) building'
)",False
"Example({'label': 'C', 'question': 'If somebody is working at a reception desk, they are located at the front entrance of the what?', 'choices': 'A) motel, B) hostel, C) building, D) lobby, E) office park'}) (input_keys={'choices', 'question'})","Prediction(
    answer='D) lobby'
)",False
"Example({'label': 'A', 'question': ""If you're reading a newspaper from another country what are you doing?"", 'choices': 'A) learning about world, B) education, C) get angry, D) concern, E) eat cake'}) (input_keys={'choices', 'question'})","Prediction(
    answer='A) learning about world'
)",True
"Example({'label': 'A', 'question': 'They wanted to recognize his accomplishment, where should they put his name?', 'choices': 'A) certificate, B) directory, C) phone book, D) lineup, E) roster'}) (input_keys={'choices', 'question'})","Prediction(
    answer='A) certificate'
)",True
"Example({'label': 'A', 'question': 'What is it called when a person tends to leave things to the last minute?', 'choices': 'A) procrastinate, B) complete collection, C) headache, D) good time management, E) have to hold'}) (input_keys={'choices', 'question'})","Prediction(
    answer='A) procrastinate'
)",True
"Example({'label': 'C', 'question': 'What will you do if you do not want to settle in one place?', 'choices': 'A) walk, B) agitate, C) wander, D) remove, E) disturb'}) (input_keys={'choices', 'question'})","Prediction(
    answer='C) wander'
)",True
"Example({'label': 'C', 'question': ""Where would a person live that isn't in the metro area but still has good schools?"", 'choices': 'A) woods, B) bed, C) suburbs, D) rural, E) neighborhood'}) (input_keys={'choices', 'question'})","Prediction(
    answer='A) woods, B) neighborhood, C) rural'
)",True
"Example({'label': 'A', 'question': 'Jane works for the government as a senator, where does she spend a lot of time?', 'choices': 'A) capitol building, B) everything, C) washington d.c, D) russia, E) canada'}) (input_keys={'choices', 'question'})","Prediction(
    answer='A) capitol building'
)",True
"Example({'label': 'B', 'question': 'What is it called when two people in love have children?', 'choices': 'A) take oath, B) procreate, C) matrimony, D) please parents, E) live life'}) (input_keys={'choices', 'question'})","Prediction(
    answer='C) matrimony'
)",False
"Example({'label': 'E', 'question': 'What did the policemen do when they heard a cry from a distance?', 'choices': 'A) run away, B) hurry along, C) fine motorists, D) direct traffic, E) help'}) (input_keys={'choices', 'question'})","Prediction(
    answer='E) help'
)",True
"Example({'label': 'B', 'question': 'It takes ambition to complete a job, but the first step is to what?', 'choices': 'A) take care of proposals, B) begin work, C) in charge of project, D) eat cake, E) go to school'}) (input_keys={'choices', 'question'})","Prediction(
    answer='B) begin work'
)",True
"Example({'label': 'A', 'question': 'Where would I not want a fox?', 'choices': 'A) hen house, B) english hunt, C) mountains, D) outside bedroom window, E) england'}) (input_keys={'choices', 'question'})","Prediction(
    answer='A) hen house, B) english hunt, C) mountains, D) outside bedroom window, E) england'
)",False
"Example({'label': 'C', 'question': 'What type of building has the most top floor?', 'choices': 'A) go down, B) apartment building, C) tall building, D) office building, E) cabin'}) (input_keys={'choices', 'question'})","Prediction(
    answer='C) tall building'
)",True
"Example({'label': 'B', 'question': 'What do humans do to other humans after death?', 'choices': 'A) celebrate, B) burial, C) life, D) rebirth, E) decomposition'}) (input_keys={'choices', 'question'})","Prediction(
    answer='E) decomposition'
)",False
"Example({'label': 'A', 'question': ""Where can you find a restaurant's phone number?"", 'choices': 'A) yellow pages, B) town, C) business sector, D) town, E) at hotel'}) (input_keys={'choices', 'question'})","Prediction(
    answer='A) yellow pages'
)",True
"Example({'label': 'B', 'question': 'What would you put coins into to make it work?', 'choices': 'A) stove, B) water fountain, C) desk, D) purse, E) jar'}) (input_keys={'choices', 'question'})","Prediction(
    answer='Stove with lever'
)",False
"Example({'label': 'E', 'question': 'A patriotic guy with a camera is looking for a bald eagle, what is he likely to do with the eagle if he finds one?', 'choices': 'A) city, B) canada, C) minnesota, D) thermal, E) photograph'}) (input_keys={'choices', 'question'})","Prediction(
    answer='B) canada'
)",False
"Example({'label': 'C', 'question': ""Where can you go to use a piano in your neighborhood if you don't have one?"", 'choices': ""A) music school, B) music store, C) neighbor's house, D) lunch, E) drawing room""}) (input_keys={'choices', 'question'})","Prediction(
    answer=""C) neighbor's house""
)",True
"Example({'label': 'A', 'question': 'Where would you get a shower curtain if you do not have one?', 'choices': 'A) department store, B) restaurant, C) hotel, D) dime store, E) bathtub'}) (input_keys={'choices', 'question'})","Prediction(
    answer='E) bathtub'
)",False
"Example({'label': 'B', 'question': 'Kissing is normally an activity reserved for your romantic what?', 'choices': 'A) anus, B) partner, C) arousal, D) trust, E) cooperation'}) (input_keys={'choices', 'question'})","Prediction(
    answer='B) partner'
)",True
"Example({'label': 'C', 'question': 'What does a child learn to do before school?', 'choices': 'A) count to ten, B) state name, C) dress herself, D) clean room, E) socialize'}) (input_keys={'choices', 'question'})","Prediction(
    answer='A) count to ten\nE) socialize\nC) dress herself\nB) state name\nD) clean room'
)",False
"Example({'label': 'C', 'question': 'He was getting advice for the job interview, they told him when talking to the interviewer always make what?', 'choices': 'A) get tired of, B) small talk, C) eye contact, D) friendship, E) social life'}) (input_keys={'choices', 'question'})","Prediction(
    answer='B) small talk'
)",False
"Example({'label': 'A', 'question': 'According to what book did an apple tree lead to the downfall of man?', 'choices': 'A) bible, B) spain, C) harry potter, D) new york, E) woods'}) (input_keys={'choices', 'question'})","Prediction(
    answer='A) Bible'
)",True
"Example({'label': 'E', 'question': 'The neighborhood had a great sense of community, there was always a crowd at the landing of the what?', 'choices': 'A) stairwell, B) arena, C) ocean, D) airport, E) apartment building'}) (input_keys={'choices', 'question'})","Prediction(
    answer='E) apartment building'
)",True
"Example({'label': 'C', 'question': 'What might a kind person do?', 'choices': 'A) cross street, B) talk to themselves, C) open doors, D) throw away, E) study greek'}) (input_keys={'choices', 'question'})","Prediction(
    answer='B) talk to yourself, C) open doors'
)",True
"Example({'label': 'C', 'question': 'What will a person do at work?', 'choices': 'A) cross street, B) draw attention to themselves, C) make money, D) falling down, E) come home'}) (input_keys={'choices', 'question'})","Prediction(
    answer='E) come home'
)",False
"Example({'label': 'B', 'question': 'John saw a fox running along the beach and was glad to be on the east coast.  Where might he have been?', 'choices': 'A) tennessee, B) south carolina, C) louisiana, D) oklahoma, E) mountains'}) (input_keys={'choices', 'question'})","Prediction(
    answer='John did not be on the east coast as all provided choices do not fall within that region.'
)",False
"Example({'label': 'B', 'question': 'Name a location where you would not want to find mice.', 'choices': 'A) loft, B) attic, C) bell cat, D) countryside, E) laboratory'}) (input_keys={'choices', 'question'})","Prediction(
    answer='attic'
)",False
"Example({'label': 'B', 'question': 'The man started to learn jogging, what was he hoping to do?', 'choices': 'A) exhaustion, B) getting in shape, C) fitness, D) injure himself, E) fatigue'}) (input_keys={'choices', 'question'})","Prediction(
    answer='C) fitness'
)",False
"Example({'label': 'D', 'question': 'Where do most people turn to get information on their phones?', 'choices': 'A) internet, B) book, C) online, D) google, E) manual'}) (input_keys={'choices', 'question'})","Prediction(
    answer='C) online'
)",False
"Example({'label': 'D', 'question': 'What happens to a body after death?', 'choices': 'A) rebirth, B) human experience, C) sadness, D) decomposition, E) obesity'}) (input_keys={'choices', 'question'})","Prediction(
    answer='D) decomposition'
)",True
"Example({'label': 'C', 'question': 'What type of non-vegetarian soup is one likely to find a potato?', 'choices': 'A) beef stew, B) own kitchen, C) clam chowder, D) kitchen cabinet, E) pantry'}) (input_keys={'choices', 'question'})","Prediction(
    answer='C) clam chowder'
)",True
"Example({'label': 'E', 'question': 'Though she had a disability, what did her encouraging and positive coach see in her?', 'choices': 'A) qualification, B) strength, C) pity, D) competence, E) potential'}) (input_keys={'choices', 'question'})","Prediction(
    answer='A) qualification, B) strength, D) competence, E) potential'
)",True
"Example({'label': 'B', 'question': 'They had a theory of what they could do in t he big game, so over and over they would what?', 'choices': 'A) park, B) practice, C) fact, D) practical, E) practise'}) (input_keys={'choices', 'question'})","Prediction(
    answer='E) Practise'
)",False
"Example({'label': 'D', 'question': 'When you see something rise, you are where in relation to it?', 'choices': 'A) sun set, B) near, C) fall, D) below, E) lower'}) (input_keys={'choices', 'question'})","Prediction(
    answer='B) near\nE) lower'
)",False
"Example({'label': 'D', 'question': 'They were getting ready for a really long hike, he put the food can in his what?', 'choices': 'A) cabinet, B) house, C) recycling center, D) backpack, E) make person sick'}) (input_keys={'choices', 'question'})","Prediction(
    answer='house'
)",False
"Example({'label': 'D', 'question': 'Where would you keep a rug near your front door?', 'choices': 'A) persia, B) desk, C) table, D) living room, E) hall'}) (input_keys={'choices', 'question'})","Prediction(
    answer='persia'
)",False
"Example({'label': 'B', 'question': 'When you slip from a ladder propped on anything what will you do?', 'choices': 'A) obesity, B) fall down, C) matter to, D) whatever, E) surprise'}) (input_keys={'choices', 'question'})","Prediction(
    answer='B) fall down'
)",True
"Example({'label': 'E', 'question': 'What do you do when you need to get food?', 'choices': 'A) table, B) disneyland, C) refrigerators, D) pantry, E) shop'}) (input_keys={'choices', 'question'})","Prediction(
    answer='E) shop'
)",True
"Example({'label': 'C', 'question': 'Brad tried to arise from bed but he could not.  Instead, he just continued to do what?', 'choices': 'A) go down, B) fall down, C) lie down, D) lie to himself, E) sit down'}) (input_keys={'choices', 'question'})","Prediction(
    answer='E) sit down'
)",False
"Example({'label': 'C', 'question': 'If a heifer is really high quality, you might take her where?', 'choices': 'A) home, B) dairy farm, C) cattle show, D) dairy barn, E) corral'}) (input_keys={'choices', 'question'})","Prediction(
    answer='A) home'
)",False
"Example({'label': 'B', 'question': 'What do people want to acquire from opening business?', 'choices': 'A) home, B) wealth, C) bankruptcy, D) lose money, E) get rich'}) (input_keys={'choices', 'question'})","Prediction(
    answer='B) wealth'
)",True
"Example({'label': 'A', 'question': 'What has someone who had finished their undergraduate done?', 'choices': 'A) graduated, B) masters, C) postgraduate, D) phd, E) professor'}) (input_keys={'choices', 'question'})","Prediction(
    answer='A) graduated'
)",True
"Example({'label': 'D', 'question': 'Where are bus stops more common in what parts?', 'choices': 'A) ocean, B) getting off of bus, C) airport, D) urban area, E) towns'}) (input_keys={'choices', 'question'})","Prediction(
    answer='E) towns, D) urban area'
)",True
"Example({'label': 'D', 'question': 'Bill wanted to pick up a stranger, preferably a responsible one with kids.  Where might he look for one?', 'choices': 'A) bus station, B) paradise, C) train station, D) park, E) sea'}) (input_keys={'choices', 'question'})","Prediction(
    answer='D) park, B) paradise'
)",False
"Example({'label': 'C', 'question': 'Where might a lemur frolic in the market?', 'choices': 'A) desert, B) hole, C) india, D) cage, E) rain forest'}) (input_keys={'choices', 'question'})","Prediction(
    answer='A) desert'
)",False
"Example({'label': 'A', 'question': 'What might I place under the furniture?', 'choices': ""A) rug, B) room, C) toy, D) friend's house, E) building""}) (input_keys={'choices', 'question'})","Prediction(
    answer='B) room'
)",False
"Example({'label': 'D', 'question': 'Everybody began performing once their director stated what?', 'choices': 'A) fear, B) injury, C) happiness, D) action, E) cut'}) (input_keys={'choices', 'question'})","Prediction(
    answer='D) action'
)",True
"Example({'label': 'C', 'question': 'By learning about the world, many poor college students gain what?', 'choices': 'A) pleasure, B) greater mobility, C) desire to travel, D) global warming, E) increased security'}) (input_keys={'choices', 'question'})","Prediction(
    answer='A) pleasure'
)",False
"Example({'label': 'B', 'question': 'Where are required to carry books all day?', 'choices': ""A) friend's house, B) university, C) large city, D) storage, E) table""}) (input_keys={'choices', 'question'})","Prediction(
    answer='B) university'
)",True
"Example({'label': 'C', 'question': 'where is seaweed from?', 'choices': 'A) beach, B) sea, C) ocean, D) water, E) sea plant'}) (input_keys={'choices', 'question'})","Prediction(
    answer='C) ocean'
)",True
"Example({'label': 'B', 'question': 'how can i store cooked steak?', 'choices': 'A) oven, B) freezer, C) plate, D) tupperware, E) grill'}) (input_keys={'choices', 'question'})","Prediction(
    answer='A) oven, B) freezer'
)",True
"Example({'label': 'D', 'question': 'John wanted to clean all of the dust out of his place before settling down to watch his favorite shows.  What might he hardest do dust?', 'choices': 'A) closet, B) under the bed, C) television, D) attic, E) most buildings'}) (input_keys={'choices', 'question'})","Prediction(
    answer='D) attic, B) under the bed, A) closet, C) television, E) most buildings'
)",False
"Example({'label': 'B', 'question': 'Something had the nerve to break into the garbage last night, what did it?', 'choices': 'A) eyes, B) animal, C) fingertips, D) brainstem, E) human body'}) (input_keys={'choices', 'question'})","Prediction(
    answer='E) human body'
)",False
"Example({'label': 'A', 'question': 'Where would you go to get some pamphlets if you want to own them?', 'choices': 'A) bookstore, B) drawer, C) health department, D) mail box, E) library'}) (input_keys={'choices', 'question'})","Prediction(
    answer='A) bookstore\nE) library'
)",False
"Example({'label': 'B', 'question': 'The audience cheered when a goal was scored, what were they spectating?', 'choices': 'A) school, B) sporting event, C) concert hall, D) show, E) television'}) (input_keys={'choices', 'question'})","Prediction(
    answer='B) sporting event'
)",True
"Example({'label': 'D', 'question': 'What western state has thousands of miles of shore?', 'choices': 'A) picture of sea side, B) seaside town, C) beach, D) california, E) see side picture'}) (input_keys={'choices', 'question'})","Prediction(
    answer='California'
)",False
"Example({'label': 'D', 'question': 'Everybody seemed to be crying at the holy site, the tour guide explained that this was what?', 'choices': 'A) profane, B) halibut, C) damaged, D) common, E) halibut'}) (input_keys={'choices', 'question'})","Prediction(
    answer='A) profane'
)",False
"Example({'label': 'C', 'question': 'The smile gave away that the what was one of happiness?', 'choices': 'A) manual, B) rainbow, C) cry, D) frown, E) make others happy too'}) (input_keys={'choices', 'question'})","Prediction(
    answer='E) make others happy too'
)",False
"Example({'label': 'A', 'question': 'Where is a public monument likely to be erected by a city?', 'choices': 'A) municipal park, B) office, C) state park, D) cemetary, E) public gardens'}) (input_keys={'choices', 'question'})","Prediction(
    answer='C) state park'
)",False
"Example({'label': 'D', 'question': 'Where would a person live if they wanted no neighbors?', 'choices': 'A) housing estate, B) neighborhood, C) mars, D) woods, E) suburbs'}) (input_keys={'choices', 'question'})","Prediction(
    answer='A) housing estate'
)",False
"Example({'label': 'E', 'question': 'Where is the control room that controls a PWR located?', 'choices': 'A) building, B) factory, C) window, D) prison, E) nuclear power plant'}) (input_keys={'choices', 'question'})","Prediction(
    answer='E) nuclear power plant'
)",True
"Example({'label': 'A', 'question': 'What happens to a dog before someone puts up posters of them?', 'choices': 'A) get lost, B) require water, C) trained, D) bark, E) roll over'}) (input_keys={'choices', 'question'})","Prediction(
    answer='E) roll over'
)",False
"Example({'label': 'A', 'question': 'Where are the most famous BBQ steakhouses in america?', 'choices': 'A) texas, B) building, C) kansas city, D) maine, E) falling down'}) (input_keys={'choices', 'question'})","Prediction(
    answer='Texas, Kansas City, Maine'
)",False
"Example({'label': 'B', 'question': 'He kept plugging away in his cubicle, it seemed he was the only person not called into the what?', 'choices': 'A) building, B) conference, C) assessment, D) demonstration, E) garage'}) (input_keys={'choices', 'question'})","Prediction(
    answer='D) demonstration'
)",False
"Example({'label': 'A', 'question': ""If you're attending school and are falling asleep you're likely experiencing what?"", 'choices': 'A) boredom, B) malaria, C) graduate, D) inspiration, E) detention'}) (input_keys={'choices', 'question'})","Prediction(
    answer='A) boredom'
)",True
"Example({'label': 'E', 'question': 'I want to buy a gong, where should I look for one?', 'choices': 'A) orchestra, B) church, C) chinese temple, D) chinatown, E) music store'}) (input_keys={'choices', 'question'})","Prediction(
    answer='E) music store'
)",True
"Example({'label': 'B', 'question': ""What would friends do if they need each others' help?"", 'choices': 'A) call each other, B) group together, C) understand each other, D) meet for lunch, E) part company'}) (input_keys={'choices', 'question'})","Prediction(
    answer='B) group together'
)",True
"Example({'label': 'C', 'question': 'When people are playing a game, what is their motivation to play?', 'choices': 'A) believe in god, B) dance, C) desire to win, D) destroy each other, E) run amok'}) (input_keys={'choices', 'question'})","Prediction(
    answer='A) believe in god'
)",False
"Example({'label': 'A', 'question': 'Where could there be a battle that involves words?', 'choices': 'A) court room, B) war, C) video game, D) iraq, E) church'}) (input_keys={'choices', 'question'})","Prediction(
    answer='B) war'
)",False
"Example({'label': 'B', 'question': ""John didn't mind getting in line.  It was what game after that he hated.  The time, the sore feet. He did not like doing what?"", 'choices': 'A) have to wait for, B) standing in line, C) eat cake, D) less confusion, E) being ordered'}) (input_keys={'choices', 'question'})","Prediction(
    answer='B) standing in line'
)",True
"Example({'label': 'D', 'question': 'What is the process of going somewhere?', 'choices': 'A) fire, B) energy, C) car, D) transporting, E) staying in place'}) (input_keys={'choices', 'question'})","Prediction(
    answer='B) energy'
)",False
"Example({'label': 'E', 'question': 'The old man needed to have rest multiple times a day, he would do what on the couch and catnap?', 'choices': 'A) lay in bed, B) lay in bed, C) go to bed, D) relax, E) lie down'}) (input_keys={'choices', 'question'})","Prediction(
    answer='D) relax'
)",False
"Example({'label': 'C', 'question': 'The end of the barrel of what primitive firearm is bell shaped?', 'choices': 'A) barbell, B) funnel, C) blunderbuss, D) wind instrument, E) kettlebell'}) (input_keys={'choices', 'question'})","Prediction(
    answer='E) kettlebell'
)",False
"Example({'label': 'D', 'question': 'Where is a good place to store pamphlets in your home or office?', 'choices': 'A) library, B) health department, C) mail box, D) drawer, E) bookstore'}) (input_keys={'choices', 'question'})","Prediction(
    answer='A) library, E) bookstore'
)",False
"Example({'label': 'D', 'question': 'Many humans enjoy fishing and enjoy another relaxing activity at the same time, what activity is it?', 'choices': 'A) getting tied up lure., B) looking for information, C) get wet, D) drink beer, E) sit quietly'}) (input_keys={'choices', 'question'})","Prediction(
    answer='C) get wet'
)",False
"Example({'label': 'D', 'question': 'Where would you get some maps that you own?', 'choices': 'A) bookstore, B) library, C) electrical circuit, D) cabinet, E) important when traveling'}) (input_keys={'choices', 'question'})","Prediction(
    answer='B) library'
)",False
"Example({'label': 'C', 'question': 'Where is a good place to put a hamburger?', 'choices': 'A) resturant, B) fast food restaurant, C) mouth, D) kitchen, E) pizza'}) (input_keys={'choices', 'question'})","Prediction(
    answer='resturant'
)",False
"Example({'label': 'B', 'question': 'Where is a handy place to store a steel pen in your office?', 'choices': 'A) car shop, B) desk drawer, C) car., D) warehouse, E) hand'}) (input_keys={'choices', 'question'})","Prediction(
    answer='B) desk drawer'
)",True
"Example({'label': 'D', 'question': 'A story about World War II would be set when?', 'choices': 'A) book or library, B) book or magazine, C) newspaper, D) past, E) future'}) (input_keys={'choices', 'question'})","Prediction(
    answer=''
)",False
"Example({'label': 'A', 'question': 'What type of geographic area will you find a marmot?', 'choices': 'A) mountainous area, B) wood pile, C) jungle, D) petting zoo, E) animals'}) (input_keys={'choices', 'question'})","Prediction(
    answer='A) mountainous area'
)",True
"Example({'label': 'B', 'question': 'Most people make stupid assumptions that are based on their prejudices.  What might they do instead to achieve better outcomes?', 'choices': 'A) set table, B) think, C) read books, D) play games, E) lie'}) (input_keys={'choices', 'question'})","Prediction(
    answer='C) read books'
)",False
"Example({'label': 'A', 'question': 'What is something children can do while traveling in a car?', 'choices': 'A) listen to music, B) watch television, C) play chess, D) walk, E) play basketball'}) (input_keys={'choices', 'question'})","Prediction(
    answer='C) play chess'
)",False
"Example({'label': 'C', 'question': 'Where would you hear a trumpet along with other instruments made from the same material?', 'choices': 'A) music store, B) bass, C) brass band, D) orchestra, E) marching band'}) (input_keys={'choices', 'question'})","Prediction(
    answer='A) music store'
)",False
"Example({'label': 'A', 'question': 'The audience listened to the orchestra play, where were they watching the performance?', 'choices': 'A) concert hall, B) museum, C) school, D) hockey game, E) sporting event'}) (input_keys={'choices', 'question'})","Prediction(
    answer='A) concert hall'
)",True
"Example({'label': 'B', 'question': 'Stabbing to death of a person is what sort of way to die?', 'choices': 'A) pool of blood, B) gruesome, C) charming, D) being arrested, E) killing'}) (input_keys={'choices', 'question'})","Prediction(
    answer='B) gruesome'
)",True
"Example({'label': 'B', 'question': 'What are you getting from you boss at the end of the week?', 'choices': 'A) asking for, B) money, C) food, D) work, E) energy'}) (input_keys={'choices', 'question'})","Prediction(
    answer='B) money'
)",True
"Example({'label': 'C', 'question': 'If you have a ticket and you are planning to eat hot dogs, where would you go?', 'choices': ""A) lottery, B) person's hand, C) baseball stadium, D) movie, E) kitchen""}) (input_keys={'choices', 'question'})","Prediction(
    answer='C) baseball stadium'
)",True
"Example({'label': 'E', 'question': 'Where is a great place to buy fresh fruit?', 'choices': 'A) san francisco, B) refrigerator, C) big box retailer, D) tree, E) market'}) (input_keys={'choices', 'question'})","Prediction(
    answer='E) market'
)",True
"Example({'label': 'B', 'question': 'The man took paperwork to other people to consult over it, where was he heading?', 'choices': 'A) desk, B) meeting, C) office, D) table, E) work'}) (input_keys={'choices', 'question'})","Prediction(
    answer='A) office'
)",False
"Example({'label': 'B', 'question': ""Stark was just having fun, and he wasn't hurting anyone.  What might have he been doing?"", 'choices': 'A) painting his nails, B) playing marbles, C) constructing, D) need for rest, E) wild ride'}) (input_keys={'choices', 'question'})","Prediction(
    answer='A) painting his nails\nB) playing marbles'
)",True
"Example({'label': 'D', 'question': 'The church was giving assistance, what were they hoping to accomplish?', 'choices': 'A) exhilliration, B) hardship, C) risk taking, D) helping others, E) happiness'}) (input_keys={'choices', 'question'})","Prediction(
    answer='D) helping others'
)",True
"Example({'label': 'A', 'question': 'I you believe in god, where will you go when you die?', 'choices': 'A) heaven, B) church, C) imagination, D) synagogue, E) monastery'}) (input_keys={'choices', 'question'})","Prediction(
    answer='A) heaven'
)",True
"Example({'label': 'D', 'question': 'What can eating hamburger cause immediately after eating it?', 'choices': 'A) tasty, B) health problems, C) eat cake, D) indigestion, E) gain weight'}) (input_keys={'choices', 'question'})","Prediction(
    answer='B) health problems'
)",False
"Example({'label': 'C', 'question': 'Where is a shelf likely to be hidden behind a door?', 'choices': 'A) refrigerator, B) bookstore, C) cupboard, D) school building, E) wardrobe'}) (input_keys={'choices', 'question'})","Prediction(
    answer=""The shelf is likely hidden behind a door in the school building's wardrobe.""
)",False
"Example({'label': 'A', 'question': 'The man got a pail to catch the draining motor oil, where was he likely doing this at home?', 'choices': 'A) garage, B) hardware store, C) utility room, D) wishing well, E) laundry'}) (input_keys={'choices', 'question'})","Prediction(
    answer='A) garage'
)",True
"Example({'label': 'E', 'question': 'What kind of cold storage could you find in your house?', 'choices': 'A) ice pack, B) freezer, C) laboratory, D) warehouse, E) refrigerator'}) (input_keys={'choices', 'question'})","Prediction(
    answer='E) refrigerator'
)",True
"Example({'label': 'A', 'question': 'Where could you go to between 1000 and 10000 restaurant?', 'choices': 'A) big city, B) town, C) small town, D) canada, E) yellow pages'}) (input_keys={'choices', 'question'})","Prediction(
    answer='B) town'
)",False
"Example({'label': 'E', 'question': 'The pitcher stepped on the mound ready to throw, where was he located specifically?', 'choices': 'A) hell, B) baseball stadium, C) golf course, D) africa, E) baseball diamond'}) (input_keys={'choices', 'question'})","Prediction(
    answer='B) baseball stadium'
)",False
"Example({'label': 'D', 'question': 'Where is a statute found on a platform?', 'choices': 'A) below, B) arena, C) concert hall, D) museum, E) building'}) (input_keys={'choices', 'question'})","Prediction(
    answer='B) arena\nC) concert hall'
)",False
"Example({'label': 'C', 'question': ""If it's not used for hair a round brush is an example of what?"", 'choices': 'A) hair brush, B) ladies bathroom, C) art supplies, D) shower, E) hair salon'}) (input_keys={'choices', 'question'})","Prediction(
    answer='A) hair brush'
)",False
"Example({'label': 'C', 'question': 'His parents thought he was suffering from boredom, but the teen loved to lay in bed and just do what?', 'choices': 'A) meet interesting people, B) lift weights, C) listen to music, D) play chess, E) entertain'}) (input_keys={'choices', 'question'})","Prediction(
    answer='E) entertain'
)",False
"Example({'label': 'D', 'question': 'At the picnic she was stuck eating hamburger, she was worried because she forgot her chewables to prevent what?', 'choices': 'A) eat cake, B) have fun, C) food poisoning, D) heartburn, E) gain weight'}) (input_keys={'choices', 'question'})","Prediction(
    answer='D) heartburn'
)",True
"Example({'label': 'A', 'question': ""The electrode wouldn't spark, it turned out that the what hadn't been connected?"", 'choices': 'A) battery, B) electronic equipment, C) electrolytic cell, D) charge, E) tube'}) (input_keys={'choices', 'question'})","Prediction(
    answer='C) electrolytic cell'
)",False
"Example({'label': 'A', 'question': 'For what entity should the government work?', 'choices': 'A) country, B) democracy, C) canada, D) civilization, E) tax office'}) (input_keys={'choices', 'question'})","Prediction(
    answer='B) democracy'
)",False
"Example({'label': 'C', 'question': 'What must a student in engineering do?', 'choices': 'A) answer question, B) learn language, C) do mathematics, D) be able to count, E) begin to study'}) (input_keys={'choices', 'question'})","Prediction(
    answer='C) do mathematics'
)",True
"Example({'label': 'A', 'question': 'The teacher knew her students understood division, what was she hoping they would learn next?', 'choices': 'A) multiplication, B) multiply, C) putting together, D) unity, E) pay debts'}) (input_keys={'choices', 'question'})","Prediction(
    answer='A) multiplication'
)",True
"Example({'label': 'B', 'question': 'There were times where kids wanted to know a definition, so there was a nice big dictionary in the what?', 'choices': 'A) pocket, B) classroom, C) table, D) library, E) shelf'}) (input_keys={'choices', 'question'})","Prediction(
    answer='D) library'
)",False
"Example({'label': 'B', 'question': 'Riding a bike for a long time can cause what?', 'choices': 'A) enjoyment, B) fatigue, C) falling down, D) getting lost, E) thirst'}) (input_keys={'choices', 'question'})","Prediction(
    answer='B) fatigue'
)",True
"Example({'label': 'B', 'question': 'What could happen to a cat other than wanting food?', 'choices': 'A) feline, B) thirsty, C) sharp claws, D) pussycat, E) hungry'}) (input_keys={'choices', 'question'})","Prediction(
    answer='B) Thirsty'
)",True
"Example({'label': 'A', 'question': 'If you turn off the music in a room with no other noise that room would be what?', 'choices': 'A) silent, B) opera, C) silence, D) television, E) elevator'}) (input_keys={'choices', 'question'})","Prediction(
    answer='A) silent\nC) silence\nE) elevator'
)",False
"Example({'label': 'D', 'question': 'In what country are the most fast food restaurants?', 'choices': 'A) new york, B) blocks of flats, C) center of town, D) america, E) big cities'}) (input_keys={'choices', 'question'})","Prediction(
    answer='New York, America'
)",False
"Example({'label': 'A', 'question': 'I want to use string to keep something from moving, how should I do it?', 'choices': 'A) tie around, B) wind around, C) weave, D) stringbed, E) ball up'}) (input_keys={'choices', 'question'})","Prediction(
    answer='A) tie around, C) weave'
)",False
"Example({'label': 'D', 'question': 'Where would walk through a central passage to catch an elevator?', 'choices': 'A) tomb, B) arena, C) access rooms, D) public building, E) house'}) (input_keys={'choices', 'question'})","Prediction(
    answer='C) access rooms'
)",False
"Example({'label': 'D', 'question': 'A potato is kept in the cellar, where is likely to be stored?', 'choices': ""A) farmer's market, B) grocery bag, C) pantry, D) bushel basket, E) fridge""}) (input_keys={'choices', 'question'})","Prediction(
    answer='C) pantry'
)",False
"Example({'label': 'A', 'question': 'What do people do when networking?', 'choices': 'A) build trust, B) hurry home, C) ignore people, D) believe in god, E) jump to conclusions'}) (input_keys={'choices', 'question'})","Prediction(
    answer='A) build trust'
)",True
"Example({'label': 'D', 'question': 'Where can you store you spare linens near your socks?', 'choices': 'A) hospital, B) chest, C) home, D) dresser drawers, E) cabinet'}) (input_keys={'choices', 'question'})","Prediction(
    answer='home'
)",False
"Example({'label': 'A', 'question': 'What do people do when they think too quickly?', 'choices': 'A) jump to conclusions, B) hurry home, C) build trust, D) pay bills, E) sing'}) (input_keys={'choices', 'question'})","Prediction(
    answer='A) jump to conclusions'
)",True
"Example({'label': 'D', 'question': 'What is someone likely to want as a result of sex?', 'choices': 'A) sexploiter, B) chicken, C) reproductive cycle, D) procreation, E) human experience'}) (input_keys={'choices', 'question'})","Prediction(
    answer='E) human experience'
)",False
"Example({'label': 'B', 'question': 'What might someone do after they finish creating art?', 'choices': 'A) frustration, B) relax, C) eat, D) enlightenment, E) communication'}) (input_keys={'choices', 'question'})","Prediction(
    answer='A) frustration'
)",False
"Example({'label': 'D', 'question': 'To get clean clothes you to what to them?', 'choices': 'A) get dirty, B) writing, C) use water, D) launder, E) soap'}) (input_keys={'choices', 'question'})","Prediction(
    answer='D) launder'
)",True
"Example({'label': 'C', 'question': 'The person tried to reduce his weight with a shrink ray, but he got it backwards and only did what?', 'choices': 'A) grow, B) gain weight, C) make larger, D) augment, E) get bigger'}) (input_keys={'choices', 'question'})","Prediction(
    answer='E) get bigger'
)",False
"Example({'label': 'A', 'question': ""Christine couldn't be having a baby at her age, she thought to herself. What was Christine?"", 'choices': 'A) old person, B) begin to talk, C) adult, D) old man, E) girl'}) (input_keys={'choices', 'question'})","Prediction(
    answer='A) old person'
)",True
"Example({'label': 'D', 'question': 'Joe plays a percussion instrument in something.  What might be play in?', 'choices': 'A) own home, B) music store, C) marching band, D) orchestra, E) party'}) (input_keys={'choices', 'question'})","Prediction(
    answer='A) own home'
)",False
"Example({'label': 'C', 'question': ""If I'm playing ball, I'm mostly trying to do what?"", 'choices': 'A) losing, B) competition, C) having fun, D) win, E) injury'}) (input_keys={'choices', 'question'})","Prediction(
    answer='A'
)",False
"Example({'label': 'B', 'question': 'What do the terms need to be in order to compete against someone?', 'choices': 'A) cheat, B) fair, C) in competition, D) practice, E) sabotage'}) (input_keys={'choices', 'question'})","Prediction(
    answer='C) in competition'
)",False
"Example({'label': 'D', 'question': 'If you wanted to show off silk, what item could it be on?', 'choices': 'A) jean, B) mulberry tree, C) garments, D) expensive clothing, E) parachutes'}) (input_keys={'choices', 'question'})","Prediction(
    answer='C) garments'
)",False
"Example({'label': 'D', 'question': 'Where is known to be a wealth of information?', 'choices': 'A) park, B) internet, C) meeting, D) library, E) book'}) (input_keys={'choices', 'question'})","Prediction(
    
)",0.0
"Example({'label': 'D', 'question': 'I saw the receptionist carelessly toss my resume into the drawer, where did I want it to end up?', 'choices': 'A) file cabinet, B) nightstand, C) kitchen cabinet, D) office desk, E) the floor'}) (input_keys={'choices', 'question'})","Prediction(
    answer='C) kitchen cabinet'
)",False
"Example({'label': 'B', 'question': 'What will happen if you inject water into yourself?', 'choices': 'A) dilute, B) thin blood, C) take several forms, D) wet clothes, E) move mountains'}) (input_keys={'choices', 'question'})","Prediction(
    answer='A) dilute'
)",False
"Example({'label': 'E', 'question': 'Athletes soak in hot tubs to relieve what after playing baseball?', 'choices': 'A) fame, B) errors, C) pain, D) strikes, E) sore muscles'}) (input_keys={'choices', 'question'})","Prediction(
    answer='E) sore muscles'
)",True
"Example({'label': 'C', 'question': 'What does a gambler do that causes him or her to be unhappy?', 'choices': 'A) play cards, B) double winnings, C) lose money, D) play poker, E) to win the prize'}) (input_keys={'choices', 'question'})","Prediction(
    answer='C) lose money'
)",True
"Example({'label': 'B', 'question': ""There's one obvious reason to eat vegetables, they're plain what you?"", 'choices': 'A) lose weight, B) good for, C) bland, D) chewing, E) fibre'}) (input_keys={'choices', 'question'})","Prediction(
    answer='C) bland'
)",False
"Example({'label': 'C', 'question': 'John was a bit think in the head, but he knew that he never saw the lady before.  They were what?', 'choices': 'A) pay debts, B) slender, C) unacquainted, D) free flowing, E) sparse'}) (input_keys={'choices', 'question'})","Prediction(
    answer='C) unacquainted'
)",True
"Example({'label': 'C', 'question': 'Where would you hear a violin along side many string and wind instruments?', 'choices': 'A) school, B) string quartet, C) orchestra, D) kitchen, E) music room'}) (input_keys={'choices', 'question'})","Prediction(
    answer='C) orchestra'
)",True
"Example({'label': 'D', 'question': 'What is the sun ultimately responsible for?', 'choices': 'A) earth warming, B) sun tan, C) light, D) life on earth, E) heat'}) (input_keys={'choices', 'question'})","Prediction(
    answer='D) life on earth'
)",True
"Example({'label': 'D', 'question': 'Mandy lived in a train station.  She longed to see distant places. Where might she imagine going?', 'choices': 'A) downtown area, B) centre of town, C) bedroom, D) europe, E) big city'}) (input_keys={'choices', 'question'})","Prediction(
    answer='A) downtown area\nB) centre of town'
)",False
"Example({'label': 'C', 'question': 'Joe is a  squirrel, which is an animal. He probably lives in what sort of place.', 'choices': 'A) pet store, B) outside, C) woodland, D) ocean, E) cafe'}) (input_keys={'choices', 'question'})","Prediction(
    answer='C) woodland'
)",True
"Example({'label': 'C', 'question': 'Where could a personal ficus live?', 'choices': 'A) cabin in the woods, B) california, C) front yard, D) conservatory, E) tropical forest'}) (input_keys={'choices', 'question'})","Prediction(
    answer='A) cabin in the woods\nB) california\nC) front yard\nD) conservatory\nE) tropical forest'
)",False
"Example({'label': 'A', 'question': 'The shark actually counted as evidence, so where did the legal team bring it?', 'choices': 'A) court room, B) shallow waters, C) poker game, D) sea world, E) pond arena'}) (input_keys={'choices', 'question'})","Prediction(
    answer='The answer is [[ ## answer ## ]]B[[ ## completed ## ]] because ""shallow waters"" (option B) are logical choices in a legal context where evidence might be found there.'
)",False
"Example({'label': 'E', 'question': 'If the president wanted to ban snakes, where would he issue such a decree?', 'choices': 'A) street, B) tropical forest, C) garden of eden, D) new mexico, E) white house'}) (input_keys={'choices', 'question'})","Prediction(
    answer='new mexico'
)",False
"Example({'label': 'A', 'question': 'They were searching for rocks, so they missed the birds overhead as they stared at the what?', 'choices': 'A) ground, B) drawer, C) surface of earth, D) pizza, E) waterfall'}) (input_keys={'choices', 'question'})","Prediction(
    answer='A) ground'
)",True
"Example({'label': 'E', 'question': 'Her son scraped his knee, she fetched a bottle of peroxide from the what?', 'choices': 'A) supermarket, B) diaper bag, C) liquor store, D) hollow log, E) medicine cabinet'}) (input_keys={'choices', 'question'})","Prediction(
    answer='A) supermarket'
)",False
"Example({'label': 'E', 'question': 'Where would you expect to find a dictionary along side other writings you can borrow?', 'choices': 'A) classroom, B) shelf, C) explain meaning of words, D) table, E) library'}) (input_keys={'choices', 'question'})","Prediction(
    answer='C) explain meaning of words'
)",False
"Example({'label': 'B', 'question': 'What would be necessary for getting in shape?', 'choices': 'A) good health, B) exercise, C) muscle tone, D) sweat, E) feel better'}) (input_keys={'choices', 'question'})","Prediction(
    answer='A) good health, B) exercise, C) muscle tone'
)",False
"Example({'label': 'A', 'question': 'A statue that shoots liquid is called a what?', 'choices': 'A) water fountain, B) large city, C) museum, D) pool, E) central park'}) (input_keys={'choices', 'question'})","Prediction(
    answer='A) water fountain'
)",True
"Example({'label': 'B', 'question': 'If you have a child who gets in trouble for being hyperactive you may need to teach them how to what down?', 'choices': 'A) park, B) calm, C) being good, D) good behavior, E) safe'}) (input_keys={'choices', 'question'})","Prediction(
    answer='B) calm'
)",True
"Example({'label': 'B', 'question': 'John loved to paint houses.  How did he usually do it?', 'choices': 'A) clothes get stained, B) with brush, C) wallpaper, D) electrical circuit, E) draw'}) (input_keys={'choices', 'question'})","Prediction(
    answer='with brush, wallpaper'
)",False
"Example({'label': 'C', 'question': 'When you wipe you feet on the door mat and walk through the door where do you enter?', 'choices': 'A) a chair, B) school, C) living room, D) doorway, E) bathroom'}) (input_keys={'choices', 'question'})","Prediction(
    answer='C) living room'
)",True
"Example({'label': 'D', 'question': 'What can you use to store a book while traveling?', 'choices': 'A) library of congress, B) pocket, C) backpack, D) suitcase, E) synagogue'}) (input_keys={'choices', 'question'})","Prediction(
    answer='B) pocket'
)",False
"Example({'label': 'E', 'question': 'Where would you find gazelle under a G?', 'choices': 'A) open field, B) ivory coast, C) dictionary, D) steppe, E) encyclopedia'}) (input_keys={'choices', 'question'})","Prediction(
    answer='A) open field'
)",False
"Example({'label': 'D', 'question': 'Competing can lead to great highs, and also great lows when suffering what?', 'choices': 'A) winning or losing, B) aggression, C) gain, D) defeat, E) sweat'}) (input_keys={'choices', 'question'})","Prediction(
    answer='E) sweat'
)",False
"Example({'label': 'E', 'question': 'What blocks sunshine?', 'choices': 'A) summer, B) park, C) desktop, D) sea, E) moon'}) (input_keys={'choices', 'question'})","Prediction(
    answer=''
)",False
"Example({'label': 'E', 'question': 'When you feel too much heat in your home you can turn on what?', 'choices': 'A) coolness, B) fan, C) get wet, D) coldness, E) air conditioning'}) (input_keys={'choices', 'question'})","Prediction(
    answer=""The correct answer is E) air conditioning, as it effectively removes heat from the body, addressing the user's concern of feeling too hot.""
)",True
"Example({'label': 'D', 'question': 'Where would you store a pillow case that is not in use?', 'choices': 'A) kitchen cupboard, B) bedding store, C) england, D) drawer, E) bedroom'}) (input_keys={'choices', 'question'})","Prediction(
    answer='A) kitchen cupboard'
)",False
"Example({'label': 'D', 'question': ""If the kitten was going to grow up to be a mouser like it's mother, where should it spend most of it's time?"", 'choices': 'A) shelter, B) floor, C) warm place, D) farmhouse, E) living room'}) (input_keys={'choices', 'question'})","Prediction(
    answer='A) shelter'
)",False
"Example({'label': 'C', 'question': 'Where is that man buying silk from?', 'choices': 'A) space shuttle, B) theater, C) china, D) indian resteraunt, E) bar'}) (input_keys={'choices', 'question'})","Prediction(
    answer='C) china'
)",True
"Example({'label': 'D', 'question': 'Where is a teacher likely to keep her clavichord?', 'choices': 'A) living room, B) parlor, C) music hall, D) music room, E) museum'}) (input_keys={'choices', 'question'})","Prediction(
    answer='A) living room'
)",False
"Example({'label': 'C', 'question': 'Where are you if your bieifcase is going through an x-ray machine?', 'choices': 'A) luggage store, B) courtroom, C) airport, D) office building, E) hand'}) (input_keys={'choices', 'question'})","Prediction(
    answer='Hand'
)",False
"Example({'label': 'B', 'question': 'They were kissing each other good bye, they had no worries because their relationship had a strong foundation of what?', 'choices': 'A) partner, B) trust, C) cooperation, D) bricks, E) herpes'}) (input_keys={'choices', 'question'})","Prediction(
    answer='B) trust'
)",True
"Example({'label': 'A', 'question': 'Why would you take a bus to work?', 'choices': 'A) commute, B) flying, C) get somewhere, D) travel, E) go home'}) (input_keys={'choices', 'question'})","Prediction(
    answer='A) commute'
)",True
"Example({'label': 'C', 'question': 'If you are hungry and going fishing, why would you be going fishing?', 'choices': 'A) to see the fish, B) have fun, C) catching fish, D) wet clothes, E) killing'}) (input_keys={'choices', 'question'})","Prediction(
    answer='C) catching fish'
)",True
"Example({'label': 'D', 'question': 'Dogs are very loyal if they have a good owner, they will always what them?', 'choices': 'A) fleas, B) eat cake, C) attack, D) defend, E) run fast'}) (input_keys={'choices', 'question'})","Prediction(
    answer='D) defend'
)",True
"Example({'label': 'D', 'question': 'What does a farmer need to do to make  a maze on his farm in the fall?', 'choices': 'A) seed plants, B) plant seeds, C) garden, D) grow corn, E) produce food'}) (input_keys={'choices', 'question'})","Prediction(
    answer='C) garden'
)",False
"Example({'label': 'C', 'question': 'For many males hair is a concern as they get older, it begins to what, causing a receding hairline?', 'choices': 'A) thin out, B) grow in ear, C) fall out, D) bulge, E) composted'}) (input_keys={'choices', 'question'})","Prediction(
    answer='C) fall out'
)",True
"Example({'label': 'E', 'question': 'What happens someone who is bad play poker?', 'choices': 'A) think, B) ante up, C) drink, D) win money, E) losing money'}) (input_keys={'choices', 'question'})","Prediction(
    answer='E) losing money'
)",True
"Example({'label': 'C', 'question': 'John loved his snake.  It was the only ting he loved. He hated everyone else and was abrasive to most people, but he loved his snake.   How might you describe the snake?', 'choices': 'A) sun itself, B) tropical forest, C) pet, D) rude, E) sharp'}) (input_keys={'choices', 'question'})","Prediction(
    answer='C) pet'
)",True
"Example({'label': 'A', 'question': ""The fresh herbs, flowers, and vegetables will shrivel up if people don't do this?"", 'choices': 'A) water plants, B) believe in god, C) drive to the nearest pool, D) speaking english, E) raise children'}) (input_keys={'choices', 'question'})","Prediction(
    answer='D) speaking english'
)",False
"Example({'label': 'C', 'question': 'I picked from an apple tree outside of Fort Wayne, where am I?', 'choices': 'A) woods, B) illinois, C) indiana, D) washington state, E) tampa'}) (input_keys={'choices', 'question'})","Prediction(
    answer='A) woods'
)",False
"Example({'label': 'A', 'question': 'The janitor never had much to clean after services, but there was still always a paper or two to pick up where?', 'choices': 'A) synagogue, B) front porch, C) classroom, D) obesity, E) grocery store'}) (input_keys={'choices', 'question'})","Prediction(
    answer='B) front porch'
)",False
"Example({'label': 'D', 'question': ""If you're celebrating with too many cocktails what may you have in the morning?"", 'choices': 'A) drunkenness, B) have fun, C) headache, D) hang over, E) intimacy'}) (input_keys={'choices', 'question'})","Prediction(
    answer='B) have fun'
)",False
"Example({'label': 'D', 'question': 'Danny found an old film in a sealed what?', 'choices': 'A) clingfilm, B) disneyland, C) cave, D) cabinet, E) movie'}) (input_keys={'choices', 'question'})","Prediction(
    answer='C) cave'
)",False
"Example({'label': 'D', 'question': 'Where are you likely to find much more than a drop of blood on the floor?', 'choices': 'A) crime scene, B) vein, C) blood bank, D) slaughter house, E) needle'}) (input_keys={'choices', 'question'})","Prediction(
    answer='C) blood bank'
)",False
"Example({'label': 'C', 'question': 'Where is the first place someone leaving the planet ends up?', 'choices': 'A) pay debts, B) galaxy, C) outer space, D) orbit, E) universe'}) (input_keys={'choices', 'question'})","Prediction(
    answer='C) outer space'
)",True
"Example({'label': 'B', 'question': 'The town house went right to the curb, a slot effectively made a mailbox of the what?', 'choices': 'A) apartment building, B) front door, C) back door, D) street corner, E) porch'}) (input_keys={'choices', 'question'})","Prediction(
    answer='E) street corner'
)",False
"Example({'label': 'E', 'question': 'The architect thought that a mezzanine would look good, but the planning committee rejected it.  They told the architect that they felt it was a potential hazard given the ages of the people who would be using it.  What might they be designing?', 'choices': 'A) actors, B) theater, C) concert hall, D) floors, E) school'}) (input_keys={'choices', 'question'})","Prediction(
    answer='B) theater'
)",False
"Example({'label': 'E', 'question': ""The person wasn't bothered by the weather, she had remembered to bring her what?"", 'choices': 'A) read book, B) own house, C) apartment, D) more rice, E) warm coat'}) (input_keys={'choices', 'question'})","Prediction(
    answer='E) warm coat'
)",True
"Example({'label': 'A', 'question': 'If you want to learn about the world and understand the real reasons behind cultural norms and mores, you have achieved a sense of what?', 'choices': 'A) enlightenment, B) open mind, C) confusion, D) smartness, E) anger'}) (input_keys={'choices', 'question'})","Prediction(
    answer='A) enlightenment'
)",True
"Example({'label': 'B', 'question': 'What is the hopeful result of going to see a play?', 'choices': 'A) sit, B) being entertained, C) jobless, D) meet, E) laugh'}) (input_keys={'choices', 'question'})","Prediction(
    answer='B'
)",True
"Example({'label': 'D', 'question': 'A person would join a trade school for finding information related to what?', 'choices': 'A) ulcers, B) degree, C) understanding of, D) gaining knowledge, E) happiness'}) (input_keys={'choices', 'question'})","Prediction(
    answer='B) degree'
)",False
"Example({'label': 'E', 'question': ""Joan was a baby, so there were many things she couldn't do, which caused problems for her parents.  Name one thing that makes raising a baby difficult."", 'choices': 'A) arrive early, B) learn to walk, C) boy or girl, D) bring joy, E) talk nonsense'}) (input_keys={'choices', 'question'})","Prediction(
    answer='B) learn to walk'
)",False
"Example({'label': 'B', 'question': 'Where would you put some ham if you want to cook it?', 'choices': 'A) hamshackle, B) pizza, C) fridge, D) refrigerator, E) part of meal'}) (input_keys={'choices', 'question'})","Prediction(
    answer='A) hamshackle'
)",False
"Example({'label': 'C', 'question': 'Running errands with screaming kids will likely cause what?', 'choices': 'A) efficiency, B) insanity, C) aggravation, D) tiredness, E) stress'}) (input_keys={'choices', 'question'})","Prediction(
    answer='D) tiredness'
)",False
"Example({'label': 'B', 'question': ""Sam wasn't lying, but he left out important details. He was being what?"", 'choices': 'A) dishonesty, B) deceitful, C) imagination, D) deceptive, E) poker face'}) (input_keys={'choices', 'question'})","Prediction(
    answer='deceptive'
)",False
"Example({'label': 'A', 'question': 'what does someone have that causes them committing murder?', 'choices': 'A) problems, B) distress, C) fear, D) go to jail, E) killer'}) (input_keys={'choices', 'question'})","Prediction(
    answer='C) fear'
)",False
"Example({'label': 'D', 'question': 'What kind of place has a leader?', 'choices': 'A) army, B) battle, C) wildlife, D) country, E) organization'}) (input_keys={'choices', 'question'})","Prediction(
    answer='D) country'
)",True
"Example({'label': 'A', 'question': 'How is a person likely to communicatewith others?', 'choices': 'A) say words, B) meet friends, C) open mouth, D) thank god, E) die of cancer'}) (input_keys={'choices', 'question'})","Prediction(
    answer='A) say words'
)",True
"Example({'label': 'E', 'question': ""Where may you be if you're buying pork chops at a corner shop?"", 'choices': 'A) england, B) town, C) desert, D) kentucky, E) iowa'}) (input_keys={'choices', 'question'})","Prediction(
    answer='B) town, D) Kentucky, E) Iowa'
)",True
"Example({'label': 'A', 'question': 'Where is a well used toy car likely to be found?', 'choices': ""A) child's room, B) boy's bedroom, C) own home, D) toy store, E) house""}) (input_keys={'choices', 'question'})","Prediction(
    answer=""A) child's room, B) boy's bedroom, C) own home, D) toy store, E) house""
)",False
"Example({'label': 'C', 'question': 'Where can fisherman store their rods when on a fishing trip?', 'choices': 'A) hardware store, B) engine, C) fishing camp, D) lake, E) sporting goods store'}) (input_keys={'choices', 'question'})","Prediction(
    answer='D) lake'
)",False
"Example({'label': 'C', 'question': ""Danny is having fun just dancing and singing with his friends. He wasn't concerned with things that weren't fun. For him having fun is the same as what?"", 'choices': 'A) injuries, B) smiling, C) being happy, D) glee, E) jump'}) (input_keys={'choices', 'question'})","Prediction(
    answer='C) being happy'
)",True
"Example({'label': 'A', 'question': 'Where would you find an office worker gossiping with their colleagues?', 'choices': 'A) water cooler, B) space shuttle, C) baby shower, D) bus stop, E) family'}) (input_keys={'choices', 'question'})","Prediction(
    answer='E) family'
)",False
"Example({'label': 'C', 'question': 'Where would you put nails if they are already packaged?', 'choices': 'A) pocket, B) container, C) cabinet, D) jar, E) store'}) (input_keys={'choices', 'question'})","Prediction(
    answer='A) pocket'
)",False
"Example({'label': 'C', 'question': 'What is a person who is good at sports considered?', 'choices': 'A) lazy, B) own house, C) talented, D) affluent, E) reproduce'}) (input_keys={'choices', 'question'})","Prediction(
    answer='C) talented'
)",True
"Example({'label': 'C', 'question': 'The man acted ridiculous at the funeral, what attitude should he have taken?', 'choices': 'A) straightforward, B) serious, C) solemn, D) somber, E) funny'}) (input_keys={'choices', 'question'})","Prediction(
    answer='D) somber'
)",False
"Example({'label': 'B', 'question': 'The pencil sharpener was broken in the classroom, where did the teacher recommend the student go?', 'choices': 'A) home, B) library, C) stationery store, D) cabinet, E) desk drawer'}) (input_keys={'choices', 'question'})","Prediction(
    answer='E) desk drawer'
)",False
"Example({'label': 'B', 'question': 'Where does a child likely sit at a desk?', 'choices': 'A) furniture store, B) schoolroom, C) patio, D) office building, E) library'}) (input_keys={'choices', 'question'})","Prediction(
    answer='B) schoolroom'
)",True
"Example({'label': 'D', 'question': 'He was trying to procreate with many individuals, this led to a what?', 'choices': 'A) moaning, B) die, C) kiss, D) std, E) sanity'}) (input_keys={'choices', 'question'})","Prediction(
    answer='B) die'
)",False
"Example({'label': 'A', 'question': 'What does playing soccer and winning lead to?', 'choices': 'A) excitement, B) getting tired, C) overtime, D) anger, E) fights'}) (input_keys={'choices', 'question'})","Prediction(
    answer='A) excitement'
)",True
"Example({'label': 'A', 'question': 'What attraction is sometimes so large that you need a map to find your way around?', 'choices': 'A) amusement park, B) truck stop, C) mcdonalds, D) backpack, E) classroom'}) (input_keys={'choices', 'question'})","Prediction(
    answer='B) truck stop'
)",False
"Example({'label': 'B', 'question': 'If my husband never helps me doing housework, what might that lead to?', 'choices': 'A) boredom, B) arguments, C) headache, D) exhaustion, E) park'}) (input_keys={'choices', 'question'})","Prediction(
    answer='A) 焦躁, B) 争执, C) 颧痛 (可能是打字错误，应为“ headache”），D) 振腹（可能是指“ exhaustion”）。[[ ## completed ## ]]'
)",False
"Example({'label': 'A', 'question': 'The advertisement came in the form of a pop-up, where did it appear?', 'choices': 'A) web page, B) store, C) la ville, D) bus, E) email'}) (input_keys={'choices', 'question'})","Prediction(
    answer='C) laville'
)",False
"Example({'label': 'E', 'question': 'WHere do people live?', 'choices': 'A) apartment, B) eat cake, C) bus depot, D) football stadium, E) surface of earth'}) (input_keys={'choices', 'question'})","Prediction(
    answer='A) apartment\nD) football stadium'
)",False
"Example({'label': 'B', 'question': ""People are what when you're a stranger?"", 'choices': 'A) train, B) strange, C) human, D) stupid, E) dangerous'}) (input_keys={'choices', 'question'})","Prediction(
    answer='A) train\nE) dangerous'
)",False
"Example({'label': 'B', 'question': 'The juror was quite bored and zoning out but wanted to convey he was hearing testimony, so he just sat there doing what?', 'choices': 'A) take notes, B) nodding, C) change of heart, D) writing down, E) listening'}) (input_keys={'choices', 'question'})","Prediction(
    answer='B) nodding'
)",True
"Example({'label': 'E', 'question': 'They wanted to try blowfish, so they went to get some where?', 'choices': 'A) atlantic ocean, B) books, C) france, D) aquarium, E) fish market'}) (input_keys={'choices', 'question'})","Prediction(
    answer=''
)",False
"Example({'label': 'D', 'question': 'When a main artery is used to expedite travel what would it be referred to as?', 'choices': 'A) neck, B) busy city, C) own brain, D) thruway, E) food'}) (input_keys={'choices', 'question'})","Prediction(
    answer='E) food'
)",False
"Example({'label': 'C', 'question': 'If someone rules the universe of what are they in charge?', 'choices': 'A) classroom, B) football game, C) everything, D) text book, E) lawbook'}) (input_keys={'choices', 'question'})","Prediction(
    answer='C) Everything'
)",True
"Example({'label': 'B', 'question': ""The butt was bare, and Sam couldn't stop staring at it.  It was very what?"", 'choices': 'A) full, B) ample, C) covered, D) bareword, E) ample'}) (input_keys={'choices', 'question'})","Prediction(
    answer='C) covered'
)",False
"Example({'label': 'B', 'question': 'Where can many stores with clothing be found?', 'choices': 'A) shop, B) mall, C) department store, D) drawer, E) library'}) (input_keys={'choices', 'question'})","Prediction(
    answer='C) department store'
)",False
"Example({'label': 'E', 'question': 'After working on the car, what did it end up doing?', 'choices': 'A) going too fast, B) last several years, C) honk the horn, D) go fast, E) start running'}) (input_keys={'choices', 'question'})","Prediction(
    answer='B) last several years'
)",False
"Example({'label': 'C', 'question': 'When an elderly person needs help performing daily tasks, who might they call?', 'choices': 'A) creativity, B) hatred, C) caregiver, D) own house, E) much money'}) (input_keys={'choices', 'question'})","Prediction(
    answer='C) caregiver'
)",True
"Example({'label': 'C', 'question': 'Where is beer drank by people watching sticks and pucks?', 'choices': 'A) bottle, B) refrigerator, C) hockey game, D) casino, E) bar'}) (input_keys={'choices', 'question'})","Prediction(
    answer='A'
)",False
"Example({'label': 'A', 'question': 'Where is there a telephone book in almost every room?', 'choices': 'A) at hotel, B) house, C) library, D) bedsit, E) closet'}) (input_keys={'choices', 'question'})","Prediction(
    answer='C) library'
)",False
"Example({'label': 'D', 'question': 'Where might you see a green field while driving?', 'choices': 'A) kansas, B) meadow, C) farmland, D) countryside, E) rural area'}) (input_keys={'choices', 'question'})","Prediction(
    answer='Kansas'
)",False
"Example({'label': 'B', 'question': 'Some people got escorted out of the library, they were probably what?', 'choices': 'A) state facts, B) talking loudly, C) making money, D) amount to nothing, E) believe in god'}) (input_keys={'choices', 'question'})","Prediction(
    answer='C) making money'
)",False
"Example({'label': 'C', 'question': 'If there is a pond with trees around it, where it it likely located?', 'choices': 'A) ground, B) bathroom, C) forest, D) countryside, E) rural area'}) (input_keys={'choices', 'question'})","Prediction(
    answer='E) rural area'
)",False
"Example({'label': 'A', 'question': 'Blowfish require what specific thing to live?', 'choices': 'A) sea water, B) hatred, C) fish market, D) body of water, E) jungle'}) (input_keys={'choices', 'question'})","Prediction(
    answer='D) body of water'
)",False
"Example({'label': 'B', 'question': 'What is the least likely immediate side effect of eating hamburger?', 'choices': 'A) nausea, B) death, C) illness, D) health problems, E) gain weight'}) (input_keys={'choices', 'question'})","Prediction(
    answer='A) nausea'
)",False
"Example({'label': 'A', 'question': 'What would I be doing while going to work and walking?', 'choices': 'A) listen to radio, B) solve problems, C) driving, D) walk, E) being late'}) (input_keys={'choices', 'question'})","Prediction(
    answer='C) driving, D) walk, E) being late'
)",False
"Example({'label': 'A', 'question': 'A showroom feature washers and refrigerators, where is this showroom located?', 'choices': 'A) appliance store, B) vegas, C) electronics store, D) car dealership, E) kitchen'}) (input_keys={'choices', 'question'})","Prediction(
    answer='E) kitchen'
)",False
"Example({'label': 'E', 'question': 'The man often made smart remarks, like that any restaurant is a mexican restaurant where?', 'choices': 'A) city, B) mexica, C) san diego, D) spain, E) mexico'}) (input_keys={'choices', 'question'})","Prediction(
    answer='mexico'
)",False
"Example({'label': 'B', 'question': 'I am looking for honey right from the source, where should I look?', 'choices': ""A) last all night, B) beehive, C) farmer's market, D) jar, E) honeyful""}) (input_keys={'choices', 'question'})","Prediction(
    answer=""C) farmer's market\nE) honeyful""
)",False
"Example({'label': 'C', 'question': 'Where are there likely to be a variety of flats to choose from?', 'choices': 'A) london, B) apartment building, C) city, D) falling down, E) town'}) (input_keys={'choices', 'question'})","Prediction(
    answer='A) london, C) city'
)",True
"Example({'label': 'E', 'question': 'A weasel has a thin body and short legs to easier burrow after prey in a what?', 'choices': 'A) tree, B) mulberry bush, C) chicken coop, D) viking ship, E) rabbit warren'}) (input_keys={'choices', 'question'})","Prediction(
    answer='A) tree'
)",False
"Example({'label': 'C', 'question': 'What can disease destroy?', 'choices': 'A) rug, B) third world country, C) human body, D) hospital, E) building'}) (input_keys={'choices', 'question'})","Prediction(
    answer='C) human body'
)",True
"Example({'label': 'C', 'question': 'What does a person from Avalon live in?', 'choices': 'A) pain, B) meaningful work, C) english house, D) cotton candy, E) headache'}) (input_keys={'choices', 'question'})","Prediction(
    answer='B) meaningful work'
)",False
"Example({'label': 'A', 'question': 'Where is one likely to find a fan for their stove?', 'choices': 'A) appliance store, B) sports stadium, C) dress emporium, D) hot room, E) football stadium'}) (input_keys={'choices', 'question'})","Prediction(
    answer='A) appliance store, D) hot room'
)",False
"Example({'label': 'C', 'question': ""Jodie felt a tightness in her chest. She was worried but didn't want to go to the hospital. Where might she go instead?"", 'choices': 'A) istanbul, B) concert, C) bedroom, D) antique shop, E) human being'}) (input_keys={'choices', 'question'})","Prediction(
    answer='C) bedroom'
)",True
"Example({'label': 'B', 'question': ""If you're buying beer for a float trip what are you preparing to do?"", 'choices': 'A) get arrested, B) have fun, C) get sick, D) spend money, E) stupidity'}) (input_keys={'choices', 'question'})","Prediction(
    answer='B) have fun'
)",True
"Example({'label': 'C', 'question': 'Piece of land in Canada where you can find marmot?', 'choices': 'A) north america, B) united states, C) vancouver island, D) american, E) cage'}) (input_keys={'choices', 'question'})","Prediction(
    answer='C) Vancouver Island'
)",True
"Example({'label': 'C', 'question': ""The surgeon's clients had begun to reduce, it seemed girls no longer want to what?"", 'choices': 'A) reduction, B) make larger, C) augment, D) gain weight, E) expand'}) (input_keys={'choices', 'question'})","Prediction(
    answer='B) make larger'
)",False
"Example({'label': 'A', 'question': 'While waiting for this appointment, people often read magazines.', 'choices': 'A) doctor, B) train station, C) newsagent, D) market, E) table'}) (input_keys={'choices', 'question'})","Prediction(
    answer='E) table'
)",False
"Example({'label': 'A', 'question': 'Where would you find a fox that is made up?', 'choices': 'A) storybook, B) woods, C) hen house, D) natural habitat, E) back yard'}) (input_keys={'choices', 'question'})","Prediction(
    answer='B) woods'
)",False
"Example({'label': 'B', 'question': 'In basic training they build you up only to do what, all in hopes of building you up even stronger the next time?', 'choices': 'A) destroying, B) tear down, C) raze, D) mutilate, E) demolition'}) (input_keys={'choices', 'question'})","Prediction(
    answer='C) raze'
)",False
"Example({'label': 'B', 'question': ""Billy saw a dog running from him and did his best to get away from it.  The leaped up to where the dog couldn't reach and was stuck.  Where might he have been trapped?"", 'choices': 'A) kennel, B) table, C) porch, D) backyard, E) park'}) (input_keys={'choices', 'question'})","Prediction(
    answer='A) kennel'
)",False
"Example({'label': 'B', 'question': ""John and Judy were parents.  They had two wonderful kids who weren't always well behaved.  They were light tough, though.  They felt it was a parent's job to do what?"", 'choices': 'A) control children, B) guide children, C) speak freely, D) cry, E) understand children'}) (input_keys={'choices', 'question'})","Prediction(
    answer='E) understand children'
)",False
"Example({'label': 'A', 'question': ""What are you playing if you're fiddling on a violin?"", 'choices': 'A) bluegrass music, B) make music, C) drop, D) string instrument, E) troubles'}) (input_keys={'choices', 'question'})","Prediction(
    answer='D) string instrument'
)",False
"Example({'label': 'C', 'question': 'If somebody buys something and gives it to me as a free gift, what is the cost status of the gift?', 'choices': 'A) deadly, B) imprisoned, C) paid for, D) expensive, E) in prison'}) (input_keys={'choices', 'question'})","Prediction(
    answer='E) in prison'
)",False
"Example({'label': 'D', 'question': 'Why does someone flirt with many people at once?', 'choices': 'A) have sex, B) get laid, C) were lonely, D) attract attention, E) dance'}) (input_keys={'choices', 'question'})","Prediction(
    answer='A) have sex, B) get laid, C) attract attention, D) dance'
)",True
"Example({'label': 'D', 'question': 'James tore the antenna off of his boat due to bad reception as he was crossing the channel from France.  Where was he going?', 'choices': 'A) river, B) television, C) india, D) england, E) europe'}) (input_keys={'choices', 'question'})","Prediction(
    answer='A) river'
)",False
"Example({'label': 'A', 'question': 'Why would a band be performing when there are no people nearby?', 'choices': 'A) record album, B) play music, C) hold concert, D) blaring, E) practice'}) (input_keys={'choices', 'question'})","Prediction(
    answer='C) hold concert'
)",False
"Example({'label': 'E', 'question': 'The dogs were protecting their own when they decided to what the bad man?', 'choices': 'A) bad breath, B) defend, C) run fast, D) ocean, E) attack'}) (input_keys={'choices', 'question'})","Prediction(
    answer='B) defend'
)",False
"Example({'label': 'E', 'question': 'What is used to grind wheat for bread?', 'choices': ""A) farmer's field, B) countryside, C) cereal packets, D) bread, E) mill""}) (input_keys={'choices', 'question'})","Prediction(
    answer='E) mill'
)",True
"Example({'label': 'B', 'question': ""If you have a large satchel with you when you fly you'll be asked to store it where?"", 'choices': 'A) airport, B) luggage compartment, C) with the pilot, D) room, E) clothing store'}) (input_keys={'choices', 'question'})","Prediction(
    answer='B) luggage compartment'
)",True
"Example({'label': 'E', 'question': 'Where would someone keep their nylon leggings?', 'choices': 'A) stockings, B) rope, C) car, D) clothing, E) drawer'}) (input_keys={'choices', 'question'})","Prediction(
    answer='D) clothing'
)",False
"Example({'label': 'E', 'question': 'If you spend a long time running after a ball how are you likely to feel?', 'choices': 'A) laughter, B) sweating, C) embarrassed, D) breathing heavily, E) tiredness'}) (input_keys={'choices', 'question'})","Prediction(
    answer='B) sweating'
)",False
"Example({'label': 'E', 'question': ""When you need to rest it's often because you have been doing what?"", 'choices': 'A) action, B) sleep, C) sleeping, D) in motion, E) using energy'}) (input_keys={'choices', 'question'})","Prediction(
    answer='B) sleep'
)",False
"Example({'label': 'E', 'question': 'Boredom and hunger led to a wandering waste of time and a cart full of unhealthy snacks during her trip to where?', 'choices': 'A) new moon, B) play cards, C) read book, D) see art, E) grocery shop'}) (input_keys={'choices', 'question'})","Prediction(
    answer='E) grocery shop'
)",True
"Example({'label': 'D', 'question': ""He was beginning to worry they wouldn't get on the ride before closing, they had been standing in queue for a long what?"", 'choices': 'A) frustration, B) waiting, C) hair, D) time, E) patience'}) (input_keys={'choices', 'question'})","Prediction(
    answer='B) waiting'
)",False
"Example({'label': 'B', 'question': 'This is an unavoidable physiological consequence of running.  What is it?', 'choices': 'A) breathlessness, B) increased heart rate, C) falling down, D) muscle bulk, E) calluses'}) (input_keys={'choices', 'question'})","Prediction(
    answer='D) muscle bulk'
)",False
"Example({'label': 'E', 'question': 'Sometimes a person has a fear of water or a dislike of being wet, it is still important to make sure they are having a bath why?', 'choices': 'A) flooding, B) drowning, C) wet skin, D) get wet, E) rash'}) (input_keys={'choices', 'question'})","Prediction(
    answer='E) get wet'
)",True
"Example({'label': 'C', 'question': 'Where would there be an auditorium with only a single person speaking?', 'choices': 'A) lights, B) crowd, C) university campus, D) theater, E) park'}) (input_keys={'choices', 'question'})","Prediction(
    answer='D) theater'
)",False
"Example({'label': 'A', 'question': 'To get out of there the person had to keep on walking, they had to keep on what?', 'choices': 'A) moving forward, B) locomotion, C) blisters, D) rollerskate, E) exercise'}) (input_keys={'choices', 'question'})","Prediction(
    answer='A) Moving forward'
)",True
"Example({'label': 'A', 'question': 'What very large group of western citizens has bees everywhere?', 'choices': 'A) united states, B) space station, C) trash can, D) field of flowers, E) bouquet of flowers'}) (input_keys={'choices', 'question'})","Prediction(
    answer='A) United States'
)",True
"Example({'label': 'A', 'question': ""Miss Grady took a stick from Bob because he was playing with it during class.  She wanted to make sure that he couldn't get to it so she put it where?"", 'choices': 'A) desk drawer, B) kitchen drawer, C) classroom, D) pocket, E) office'}) (input_keys={'choices', 'question'})","Prediction(
    answer='C) classroom drawer'
)",False
"Example({'label': 'B', 'question': 'How does a person begin reproducing?', 'choices': 'A) genetic mutation, B) have sex, C) kiss, D) flirting, E) going on a date'}) (input_keys={'choices', 'question'})","Prediction(
    answer='C) kiss'
)",False
"Example({'label': 'D', 'question': ""Joe and Jill didn't want their children to be sedentary.  They might limit the time they children spend doing what?"", 'choices': 'A) play sports, B) throw things, C) reading, D) watch tv, E) play with toys'}) (input_keys={'choices', 'question'})","Prediction(
    answer='A) play sports'
)",False
"Example({'label': 'A', 'question': 'They were making sauerkraut, the instructor explained the liquid should be above the cabbage in the what?', 'choices': 'A) jar, B) drinking glass, C) pot, D) container, E) can'}) (input_keys={'choices', 'question'})","Prediction(
    answer='A) jar'
)",True
"Example({'label': 'E', 'question': ""From where would you normally take a cup when you're about to get a drink?"", 'choices': 'A) dishwasher, B) water fountain, C) sand box, D) toilet, E) kitchen cabinet'}) (input_keys={'choices', 'question'})","Prediction(
    answer='E) kitchen cabinet'
)",True
"Example({'label': 'B', 'question': 'What are you using if there are speakers strapped on your ears?', 'choices': 'A) take it all in, B) headphones, C) desktop, D) conference, E) concert'}) (input_keys={'choices', 'question'})","Prediction(
    answer='B) headphones'
)",True
"Example({'label': 'D', 'question': ""Because of his anger he couldn't clearly explain or what?"", 'choices': 'A) cool off, B) write letter, C) get mad, D) illustrate point, E) destroy enemy'}) (input_keys={'choices', 'question'})","Prediction(
    answer='A) cool off'
)",False
"Example({'label': 'D', 'question': 'Where is likely to not just have a kosher restaurant?', 'choices': 'A) jerusalem, B) jewish neighborhoods, C) dining in, D) new york city, E) dining'}) (input_keys={'choices', 'question'})","Prediction(
    answer='B) Jewish neighborhoods, E) dining'
)",False
"Example({'label': 'A', 'question': ""The bald eagle flew from Mount St Helen's to the Puget Sound and all over what?"", 'choices': 'A) washington state, B) utah, C) pacific northwest, D) northern california, E) the desert'}) (input_keys={'choices', 'question'})","Prediction(
    answer='C) pacific northwest'
)",False
"Example({'label': 'C', 'question': 'Where could you get some knives if you are planning to bring them outside with you?', 'choices': 'A) sporting goods store, B) backpack, C) kitchen, D) sharp edges, E) dog house'}) (input_keys={'choices', 'question'})","Prediction(
    answer='B) backpack, C) kitchen'
)",True
"Example({'label': 'B', 'question': 'How can people fulfill their own calorie requirements?', 'choices': 'A) compete with each other, B) feed themselves, C) feel lonely, D) talk to each other, E) ask a doctor'}) (input_keys={'choices', 'question'})","Prediction(
    answer='B) feed themselves'
)",True
"Example({'label': 'B', 'question': ""What does a stove do to the place that it's in?"", 'choices': 'A) cool house, B) warm room, C) gas or electric, D) burn child, E) brown meat'}) (input_keys={'choices', 'question'})","Prediction(
    answer='C) gas or electric'
)",False
"Example({'label': 'B', 'question': 'What is the best way to begin going into trance?', 'choices': 'A) religious experience, B) closed eyes, C) loss of control, D) sleep, E) hallucination'}) (input_keys={'choices', 'question'})","Prediction(
    answer='B) closed eyes'
)",True
"Example({'label': 'A', 'question': 'A computer user working on an important work assignment is located in what structure?', 'choices': 'A) office building, B) internet cafe, C) house, D) school, E) internet cafe'}) (input_keys={'choices', 'question'})","Prediction(
    answer='C) house'
)",False
"Example({'label': 'A', 'question': 'The music was festive but why are the horses dancing in circles', 'choices': 'A) carnival, B) night club, C) theatre, D) opera, E) ringmaster'}) (input_keys={'choices', 'question'})","Prediction(
    answer='C) theatre, B) night club, A) carnival, E) ringmaster'
)",False
"Example({'label': 'A', 'question': 'In the building where James worked there was a small mezzanine in the auditorium to make more space for seats.  Where might James work?', 'choices': 'A) theater, B) floors, C) concert hall, D) education, E) school'}) (input_keys={'choices', 'question'})","Prediction(
    answer='A) theater'
)",True
"Example({'label': 'D', 'question': ""If you aren't well rested and it's a rainy day what might you do?"", 'choices': 'A) sleep, B) write, C) make bread, D) stay in bed, E) enjoy film'}) (input_keys={'choices', 'question'})","Prediction(
    answer='A) sleep'
)",False
"Example({'label': 'E', 'question': ""Where would you have a stove if you don't live in a detached dwelling?"", 'choices': ""A) tent, B) car, C) living room, D) friend's house, E) apartment""}) (input_keys={'choices', 'question'})","Prediction(
    answer='C) living room'
)",False
"Example({'label': 'D', 'question': 'What kind of place has a revolving door and has things to buy in it?', 'choices': 'A) new york, B) public place, C) bank, D) mall, E) supermarket door'}) (input_keys={'choices', 'question'})","Prediction(
    answer='Bank'
)",False
"Example({'label': 'C', 'question': 'Where can books be read?', 'choices': 'A) cabinet, B) backpack, C) table, D) shelf, E) sink'}) (input_keys={'choices', 'question'})","Prediction(
    answer='A) cabinet'
)",False
"Example({'label': 'C', 'question': 'Where is seaweed usually found alive?', 'choices': 'A) ocean, B) found in ocean, C) water, D) found in sea, E) beach'}) (input_keys={'choices', 'question'})","Prediction(
    answer='B) found in ocean'
)",False
"Example({'label': 'E', 'question': 'If a lizard is fed by people every day, what has happened to it?', 'choices': 'A) documentary, B) costa rica, C) garden, D) encouragement, E) captivity'}) (input_keys={'choices', 'question'})","Prediction(
    answer='E) captive'
)",True
"Example({'label': 'C', 'question': 'What will happen to someone if his or her spirits cannot elevate?', 'choices': 'A) sadden, B) demote, C) depress, D) drop, E) decrease'}) (input_keys={'choices', 'question'})","Prediction(
    answer='C) depress'
)",True
"Example({'label': 'B', 'question': 'If you wanted a license to catch crabs, what government office would you go to?', 'choices': 'A) most offices, B) fish department, C) fancy restaurant, D) government submarine, E) chesapeake bay'}) (input_keys={'choices', 'question'})","Prediction(
    answer='B) fish department'
)",True
"Example({'label': 'B', 'question': 'What furniture will you normally find near a side chair?', 'choices': 'A) bedroom, B) table, C) wheel barrow, D) building, E) office'}) (input_keys={'choices', 'question'})","Prediction(
    answer='B) table'
)",True
"Example({'label': 'C', 'question': 'Metal is used to make what?', 'choices': 'A) junkyard, B) ore, C) instruments, D) metal fabrication shop, E) bowls'}) (input_keys={'choices', 'question'})","Prediction(
    answer='D) metal fabrication shop'
)",False
"Example({'label': 'D', 'question': 'What is the word added to Manchester that signifies what county it is in?', 'choices': 'A) england, B) united kingdome, C) lancashire, D) greater manchester, E) cheshire'}) (input_keys={'choices', 'question'})","Prediction(
    answer='C) lancashire'
)",False
"Example({'label': 'E', 'question': 'The program kept getting errors, the amateur end user began to what?', 'choices': 'A) get mad, B) compile, C) debug, D) write code, E) get frustrated'}) (input_keys={'choices', 'question'})","Prediction(
    answer='No correct answer selected'
)",False
"Example({'label': 'B', 'question': 'John knew that the sun produced a massive amount of energy in two forms.  If you were on the surface of the sun, what would kill you first?', 'choices': 'A) ocean, B) heat, C) life on earth, D) wrinkles, E) light'}) (input_keys={'choices', 'question'})","Prediction(
    answer='B) heat'
)",True
"Example({'label': 'B', 'question': 'Lawyers often talk in front of an audience where?', 'choices': 'A) work, B) courtroom, C) office building, D) press charges, E) theatre'}) (input_keys={'choices', 'question'})","Prediction(
    answer='C) office building'
)",False
"Example({'label': 'B', 'question': 'James bought a new set of tire chains and put them somewhere he could find them.  Where would he put them?', 'choices': 'A) gear shift, B) garage, C) kitchen, D) jewelry store, E) hardware store'}) (input_keys={'choices', 'question'})","Prediction(
    answer='B) garage'
)",True
"Example({'label': 'A', 'question': 'If I wanted to eat something that is made from plants and needs to be washed, what would it be?', 'choices': 'A) roots, B) millions of cells, C) see work, D) leaves to gather light, E) flowers on'}) (input_keys={'choices', 'question'})","Prediction(
    answer='A) roots'
)",True
"Example({'label': 'A', 'question': 'Ficus can be planted in a yard to make summer more bearable, what sort of areas do they create?', 'choices': 'A) shady places, B) screened porch, C) pots, D) ceramics, E) clay pot'}) (input_keys={'choices', 'question'})","Prediction(
    answer='A) Shady places'
)",True
"Example({'label': 'A', 'question': ""Children's behavior is a direct reflection of their what?"", 'choices': 'A) parents, B) old people, C) play ball, D) many adults, E) grown ups'}) (input_keys={'choices', 'question'})","Prediction(
    answer='C) play ball'
)",False
"Example({'label': 'E', 'question': 'Most people who are family like to greet each other with a what?', 'choices': 'A) apartments, B) listen to music, C) have friends, D) know what ophiolites, E) hug'}) (input_keys={'choices', 'question'})","Prediction(
    answer='E) hug'
)",True
"Example({'label': 'D', 'question': 'John bought a new water hose.  But he found his old one near his car.  Where did he find the old one?', 'choices': 'A) garden shed, B) hardware store, C) greenhouse, D) garage, E) in a van'}) (input_keys={'choices', 'question'})","Prediction(
    answer='D) garage'
)",True
"Example({'label': 'D', 'question': 'Where is a control room needed to prevent wide spread disaster?', 'choices': 'A) airbase, B) prison, C) mill, D) nuclear plant, E) recording studio'}) (input_keys={'choices', 'question'})","Prediction(
    answer='D) NUCLEAR PLANT'
)",True
"Example({'label': 'B', 'question': 'Where do you keep your pizza slice before you eat it?', 'choices': 'A) table, B) plate, C) restaurant, D) oven, E) popular'}) (input_keys={'choices', 'question'})","Prediction(
    answer='A) table'
)",False
"Example({'label': 'A', 'question': 'Everybody was changing into costumes in the dressing room, it was almost time to take the what stage?', 'choices': 'A) theater, B) train, C) bathhouse, D) dwelling, E) actors and actresses'}) (input_keys={'choices', 'question'})","Prediction(
    answer='A) theater'
)",True
"Example({'label': 'D', 'question': 'The homeowner frowned at the price of gas, what did he have to do later?', 'choices': 'A) own home, B) mail property tax payments, C) board windows, D) cut grass, E) receive mail'}) (input_keys={'choices', 'question'})","Prediction(
    answer='C) board windows'
)",False
"Example({'label': 'C', 'question': 'A thoroughfare meandered through fields and woods, where was it passing though?', 'choices': 'A) move about, B) city, C) country, D) town, E) new york city'}) (input_keys={'choices', 'question'})","Prediction(
    answer='E) new york city'
)",False
"Example({'label': 'A', 'question': 'If I want a new ottoman, where should I go?', 'choices': 'A) furniture store, B) parlor, C) turkey, D) living room, E) den'}) (input_keys={'choices', 'question'})","Prediction(
    answer='Living room'
)",False
"Example({'label': 'A', 'question': 'Sean was leaving work and took the roadway that led to his what?', 'choices': 'A) neighborhood, B) city, C) fate, D) countryside, E) maps'}) (input_keys={'choices', 'question'})","Prediction(
    answer='B) city'
)",False
"Example({'label': 'C', 'question': 'What can you use to get a jellyfish?', 'choices': 'A) adriatic sea, B) mediterranean sea, C) hand, D) see, E) atlantic ocean'}) (input_keys={'choices', 'question'})","Prediction(
    answer='None of the choices provided are related to jellyfish. Therefore, it is not possible to obtain a jellyfish using any of the given options.'
)",False
"Example({'label': 'A', 'question': 'What has a shelf that does not allow you to see what is inside of it?', 'choices': 'A) chest of drawers, B) stove, C) hold alcohol, D) bookcase, E) grocery store'}) (input_keys={'choices', 'question'})","Prediction(
    answer='stove'
)",False
"Example({'label': 'B', 'question': 'What will likely happen after stabbing to death a person?', 'choices': 'A) gruesome, B) being arrested, C) pool of blood, D) mess, E) grisly'}) (input_keys={'choices', 'question'})","Prediction(
    answer='E) grisly'
)",False
"Example({'label': 'E', 'question': 'The boat passenger was explaining his fear of blowfish, but the captain figured he meant piranhas since they were on a river in the what?', 'choices': 'A) cuba, B) styx, C) atlantic ocean, D) france, E) jungle'}) (input_keys={'choices', 'question'})","Prediction(
    answer='C) atlantic ocean'
)",False
"Example({'label': 'C', 'question': 'Where could you find only a few office?', 'choices': 'A) skyscraper, B) new york, C) school building, D) city, E) work'}) (input_keys={'choices', 'question'})","Prediction(
    answer='work'
)",False
"Example({'label': 'E', 'question': 'Where can I go to be a religious gentleman?', 'choices': 'A) club, B) restaurant, C) university, D) pub, E) church'}) (input_keys={'choices', 'question'})","Prediction(
    answer='church'
)",False
"Example({'label': 'A', 'question': 'I want to see a prepared slide up close, what would I use to help?', 'choices': 'A) microscope, B) abbreviate, C) glasses, D) camera, E) telescope'}) (input_keys={'choices', 'question'})","Prediction(
    answer='A) magnifying glass\nE) telescope'
)",False
"Example({'label': 'D', 'question': 'Where can you buy a magazine, paper or gum?', 'choices': 'A) bank, B) rack, C) bed, D) newsstand, E) bus depot'}) (input_keys={'choices', 'question'})","Prediction(
    answer='D) newsstand'
)",True
"Example({'label': 'D', 'question': 'Where would you get some wood if you do not have any?', 'choices': 'A) carpet, B) boat, C) river, D) lumberyard, E) synagogue'}) (input_keys={'choices', 'question'})","Prediction(
    answer='D) lumberyard'
)",True
"Example({'label': 'C', 'question': 'The pitcher felt stress and tension on the mound, what did he feel like?', 'choices': 'A) desert, B) baseball field, C) hell, D) baseball diamond, E) baseball stadium'}) (input_keys={'choices', 'question'})","Prediction(
    answer='B) baseball field'
)",False
"Example({'label': 'D', 'question': 'What negative effect can competing in a chess game on a cold day have?', 'choices': 'A) enemies, B) perform better, C) sweat, D) tension, E) frostbite'}) (input_keys={'choices', 'question'})","Prediction(
    answer=''
)",False
"Example({'label': 'E', 'question': 'Why is it hard for a young child to read a long book?', 'choices': 'A) knowledge, B) cover, C) no pictures, D) past, E) many words'}) (input_keys={'choices', 'question'})","Prediction(
    answer='A) The book is too long to process all words at once.  \nB) There are no breaks between sentences or paragraphs, which can confuse the child.  \nC) The text is dense and unclearly structured without separation, making it harder for a young child to follow along.'
)",False
"Example({'label': 'E', 'question': 'On a hot day what can you do to enjoy something cool and sweet?', 'choices': 'A) dive, B) cool off, C) fresh cake, D) go for swim, E) eat ice cream'}) (input_keys={'choices', 'question'})","Prediction(
    answer='B) cool off'
)",False
"Example({'label': 'E', 'question': 'What is likely to be found in a book that is not a foreword?', 'choices': 'A) last word, B) conclusion, C) ikea instructions, D) afterword, E) epilogue'}) (input_keys={'choices', 'question'})","Prediction(
    answer='D) afterword'
)",False
"Example({'label': 'D', 'question': 'How many hours are in a day?', 'choices': 'A) week, B) bright, C) night, D) twenty four, E) year'}) (input_keys={'choices', 'question'})","Prediction(
    answer='D) twenty four'
)",True
"Example({'label': 'E', 'question': 'Why is religion so hard to understand?', 'choices': 'A) both positive and negative, B) unknowable, C) important to people, D) ocean, E) confusing'}) (input_keys={'choices', 'question'})","Prediction(
    answer='The difficulty in understanding religion stems from its abstract nature, cultural context, and the diversity of beliefs within it. Therefore, the answer is:'
)",False
"Example({'label': 'B', 'question': 'The couple explained they were having trouble communicating, it seemed every conversation took great what?', 'choices': 'A) thinking, B) effort, C) laugh, D) force, E) medium'}) (input_keys={'choices', 'question'})","Prediction(
    answer='Thinking, Effort, Laugh, Medium'
)",False
"Example({'label': 'E', 'question': 'What would a person need to do if his or her captain dies at sea?', 'choices': 'A) cross street, B) have a party, C) experience life, D) cross road, E) man crew'}) (input_keys={'choices', 'question'})","Prediction(
    answer='D) cross road'
)",False
"Example({'label': 'A', 'question': 'What do children require to grow up healthy?', 'choices': 'A) need care, B) come home, C) fast food, D) watch television, E) wash dishes'}) (input_keys={'choices', 'question'})","Prediction(
    answer='A) need care'
)",True
"Example({'label': 'B', 'question': 'I house outside the center of a community is said to be where?', 'choices': 'A) city, B) subdivision, C) newspaper, D) residential area, E) street'}) (input_keys={'choices', 'question'})","Prediction(
    answer='B) subdivision'
)",True
"Example({'label': 'C', 'question': 'The field general began to write out a letter to the king, he was told to send what when the enemy was near?', 'choices': 'A) syllable, B) english alphabet, C) word, D) email, E) invitation'}) (input_keys={'choices', 'question'})","Prediction(
    answer='invitation'
)",False
"Example({'label': 'D', 'question': 'What will you put on a pen to prevent it from drying out?', 'choices': 'A) write sentences on paper, B) ink in, C) ink cartridges, D) caps, E) cling film'}) (input_keys={'choices', 'question'})","Prediction(
    answer='B) ink in\nE) cling film'
)",False
"Example({'label': 'E', 'question': 'After climbing the mountains, the explored found the cave, what was the general goegraphy of the region he found it in?', 'choices': 'A) west virginia, B) kentucky, C) desert, D) sea, E) rocky hills'}) (input_keys={'choices', 'question'})","Prediction(
    answer='A) west virginia'
)",False
"Example({'label': 'B', 'question': 'They dealt with combustible mixtures in their experiments, this is why they kept a fire extinguisher where?', 'choices': 'A) hospital, B) chemistry lab, C) most businesses, D) classroom, E) public building'}) (input_keys={'choices', 'question'})","Prediction(
    answer='B) chemistry lab'
)",True
"Example({'label': 'A', 'question': 'If someone mean wanted to insult somebody by calling them a fruit, where is probably not the smartest place to do it?', 'choices': 'A) gay bar, B) market, C) grocery store, D) refrigerator, E) container'}) (input_keys={'choices', 'question'})","Prediction(
    answer='E) container'
)",False
"Example({'label': 'B', 'question': 'Where would you get a toothpick if you do not have any?', 'choices': 'A) box, B) grocery store, C) eyes, D) chewing, E) mouth'}) (input_keys={'choices', 'question'})","Prediction(
    answer='B) grocery store'
)",True
"Example({'label': 'E', 'question': 'What would you be building if you designed a place for an annoying critter to stay?', 'choices': 'A) spread disease, B) swamp, C) fly away, D) cat condo, E) bug campers'}) (input_keys={'choices', 'question'})","Prediction(
    answer='A) spread disease'
)",False
"Example({'label': 'A', 'question': 'The man working in the attic swatted away a bee, but soon the single bee was an entire what?', 'choices': 'A) swarm, B) pack, C) countryside, D) soft drink, E) field of flowers'}) (input_keys={'choices', 'question'})","Prediction(
    answer='A) swarm'
)",True
"Example({'label': 'C', 'question': 'What do you need to wear when hiking?', 'choices': 'A) cast iron stomach, B) physical exertion, C) shin splints, D) adventure, E) fatigue'}) (input_keys={'choices', 'question'})","Prediction(
    answer=""I don't know.""
)",False
"Example({'label': 'D', 'question': 'What type of store would have lots of sports equipment?', 'choices': 'A) mall, B) office supply store, C) school, D) sporting goods store, E) sporting event'}) (input_keys={'choices', 'question'})","Prediction(
    answer='D) sporting goods store'
)",True
"Example({'label': 'B', 'question': 'The business man was promoted recently, to celebrate he went where to buy an expensive wristwatch?', 'choices': 'A) case, B) jewelry store, C) shopping, D) jewelery box, E) hock'}) (input_keys={'choices', 'question'})","Prediction(
    answer='B) jewelry store'
)",True
"Example({'label': 'B', 'question': 'How is a child eager to be going to play likely to get there?', 'choices': 'A) slowly, B) rush, C) being entertained, D) have fun, E) enjoyment'}) (input_keys={'choices', 'question'})","Prediction(
    answer='D) have fun'
)",False
"Example({'label': 'B', 'question': ""There's some new buying products designed to get you money if you have none. The first step is that it will show you how to declare what?"", 'choices': 'A) tax return, B) bankruptcy, C) pleasure, D) debt, E) spending money'}) (input_keys={'choices', 'question'})","Prediction(
    answer='E) Spending money'
)",False
"Example({'label': 'B', 'question': 'Where can you buy a replacement ax handle?', 'choices': 'A) bathroom, B) hardware store, C) water fountain, D) grocery store, E) fridge'}) (input_keys={'choices', 'question'})","Prediction(
    answer='B) hardware store'
)",True
"Example({'label': 'B', 'question': 'Is that person acting as silly as a clown?', 'choices': 'A) make mistakes, B) ridiculous, C) have no home, D) mentally unhinged, E) schizophrenia'}) (input_keys={'choices', 'question'})","Prediction(
    answer='B) ridiculous'
)",True
"Example({'label': 'D', 'question': 'Which group of states is Louisiana part of?', 'choices': ""A) deep south, B) 98 of world's crayfish, C) united states, D) gulf states, E) bible belt""}) (input_keys={'choices', 'question'})","Prediction(
    answer='A) deep south'
)",False
"Example({'label': 'D', 'question': 'Where would you put a plate immediately after eating from it?', 'choices': 'A) kitchen cupboard, B) floor, C) table, D) dishwasher, E) flea market'}) (input_keys={'choices', 'question'})","Prediction(
    answer=''
)",False
"Example({'label': 'D', 'question': ""James couldn't get comfortable.  There was too much dirt.  He needed to clean out what?"", 'choices': 'A) ground, B) subway, C) bank, D) bed, E) street'}) (input_keys={'choices', 'question'})","Prediction(
    answer='B) subway'
)",False
"Example({'label': 'E', 'question': 'The rats were hiding in the house, where were they?', 'choices': 'A) sewers, B) laboratory, C) basement, D) clinic, E) cellar'}) (input_keys={'choices', 'question'})","Prediction(
    answer='C) basement'
)",False
"Example({'label': 'A', 'question': ""What do people do when they don't understand something?"", 'choices': 'A) ask questions, B) experience joy, C) believe in god, D) talk to each other, E) get sick'}) (input_keys={'choices', 'question'})","Prediction(
    answer='D) talk to each other'
)",False
"Example({'label': 'E', 'question': 'James saw a kite flying in the sky.  He traced the string back to its origin and found it.  Where did the string begin?', 'choices': ""A) end of line, B) hobby shop, C) his hand, D) toy store, E) child's hand""}) (input_keys={'choices', 'question'})","Prediction(
    answer=""E) child's hand""
)",True
"Example({'label': 'D', 'question': 'What rubber toy filled with helium will make a child happy?', 'choices': 'A) loved, B) learn, C) eat cake, D) balloon, E) become adult'}) (input_keys={'choices', 'question'})","Prediction(
    answer='A'
)",False
"Example({'label': 'C', 'question': 'Where do people get beer after a bit of gambling?', 'choices': 'A) bottle, B) grocery store, C) casino, D) spaceship, E) hockey game'}) (input_keys={'choices', 'question'})","Prediction(
    answer='None of the choices provided (A) bottle, (B) grocery store, (C) casino, (D) spaceship, (E) hockey game relate to getting beer after gambling. Therefore, none of these options make sense in this context.'
)",False
"Example({'label': 'E', 'question': 'What can happen to you when you are using television and it is not interesting?', 'choices': 'A) turn off, B) functions, C) turning off, D) entertainment, E) fall asleep'}) (input_keys={'choices', 'question'})","Prediction(
    answer='A) turn off'
)",False
"Example({'label': 'E', 'question': 'The business men left the discussion in the dressing room, now they just wanted to relax in the sauna of the what?', 'choices': 'A) brush hair, B) theater, C) house, D) dwelling, E) bathhouse'}) (input_keys={'choices', 'question'})","Prediction(
    answer='E) bathhouse'
)",True
"Example({'label': 'D', 'question': 'Where is a likely place for an ivy plant?', 'choices': 'A) flower pot, B) shelf, C) windowsill, D) outside, E) sill'}) (input_keys={'choices', 'question'})","Prediction(
    answer='C) windowsill'
)",False
"Example({'label': 'A', 'question': 'Where has the newest baseball stadium?', 'choices': 'A) phoenix, B) chicago, C) antarctica, D) san francisco, E) urban areas'}) (input_keys={'choices', 'question'})","Prediction(
    answer='B) chicago'
)",False
"Example({'label': 'A', 'question': 'What type of residence has a ground floor with a stoop?', 'choices': 'A) brownstone, B) hotel, C) condominium, D) entering building, E) office building'}) (input_keys={'choices', 'question'})","Prediction(
    answer='C) condominium'
)",False
"Example({'label': 'B', 'question': 'If the wood texture is not smooth it is what?', 'choices': 'A) gilded, B) porous, C) solid, D) painted, E) less dense than water'}) (input_keys={'choices', 'question'})","Prediction(
    answer='A) gilded\nC) solid'
)",False
"Example({'label': 'D', 'question': 'What might happen if someone is not losing weight?', 'choices': 'A) loose skin, B) beauty, C) miss universe, D) death, E) healthier'}) (input_keys={'choices', 'question'})","Prediction(
    answer='E) healthier'
)",False
"Example({'label': 'A', 'question': 'Billy lived in the capital of his country, then he moved.  Where might he move to?', 'choices': 'A) small town, B) jail, C) lower case, D) contain governmental activities, E) lowercase'}) (input_keys={'choices', 'question'})","Prediction(
    answer='A) small town'
)",True
"Example({'label': 'B', 'question': 'Making a schedule was easy to pick, the major called for knowledge that required a certain what?', 'choices': 'A) color, B) class, C) meeting, D) university, E) encyclopedia'}) (input_keys={'choices', 'question'})","Prediction(
    answer=''
)",False
"Example({'label': 'E', 'question': 'When getting in shape, this is something that does wonders?', 'choices': 'A) eat more, B) starve, C) give up, D) period of recovery, E) jogging'}) (input_keys={'choices', 'question'})","Prediction(
    answer='A)'
)",False
"Example({'label': 'A', 'question': 'What could prevent a driving car from continuing to drive?', 'choices': 'A) automobile accidents, B) backache, C) pollution, D) smoke, E) low fuel tank'}) (input_keys={'choices', 'question'})","Prediction(
    answer='The answer is E) low fuel tank.'
)",False
"Example({'label': 'E', 'question': 'Where do you store a large container?', 'choices': 'A) supermarket, B) factory, C) juice, D) hostel, E) cabinet'}) (input_keys={'choices', 'question'})","Prediction(
    answer='hostel'
)",False
"Example({'label': 'C', 'question': 'What is a person likely to experience after they stop being married to a mean person?', 'choices': 'A) isolation, B) grief, C) happiness, D) relief, E) angry'}) (input_keys={'choices', 'question'})","Prediction(
    answer='A) isolation, B) grief, D) relief, E) angry'
)",False
"Example({'label': 'C', 'question': 'Despite the large crowds, how did the depressed man feel?', 'choices': 'A) small group, B) alone, C) solitary, D) solitude, E) panic'}) (input_keys={'choices', 'question'})","Prediction(
    answer='E) panic'
)",False
"Example({'label': 'D', 'question': 'Where does a maid empty a trash can?', 'choices': 'A) bus stop, B) corner, C) hockey game, D) motel, E) alley'}) (input_keys={'choices', 'question'})","Prediction(
    answer='A) bus stop'
)",False
"Example({'label': 'A', 'question': 'The dog curled up for a nap, it was tuckered out because it had just been what?', 'choices': 'A) walked, B) petted, C) affection, D) go outside, E) scratch'}) (input_keys={'choices', 'question'})","Prediction(
    answer='D) go outside'
)",False
"Example({'label': 'D', 'question': 'He used an umbrella while tanning, where was he likely?', 'choices': 'A) waves, B) seattle, C) suitcase, D) beach, E) jacket closet'}) (input_keys={'choices', 'question'})","Prediction(
    answer=''
)",False
"Example({'label': 'D', 'question': 'What do the feathers look like on birds found in the rainforest?', 'choices': 'A) pretty smart, B) singing, C) dark, D) very colorful, E) light'}) (input_keys={'choices', 'question'})","Prediction(
    answer='dark'
)",False
"Example({'label': 'E', 'question': 'The ancient seafaring Norse tribesman brought pelts of weasel aboard his what?', 'choices': 'A) rabbit warren, B) used car lot, C) chicken coop, D) cruise, E) viking ship'}) (input_keys={'choices', 'question'})","Prediction(
    answer='E) viking ship'
)",True
"Example({'label': 'C', 'question': 'What is the opposite of an area of elevation?', 'choices': 'A) disgust, B) reduction, C) depression, D) demotion, E) diminishment'}) (input_keys={'choices', 'question'})","Prediction(
    answer='C) depression'
)",True
"Example({'label': 'A', 'question': 'What do singers need to do before a show?', 'choices': 'A) warm up, B) use microphones, C) clear throats, D) create music, E) sound beautiful'}) (input_keys={'choices', 'question'})","Prediction(
    answer='A) Warm up, B) Use microphones, C) Clear throats, D) Create music, E) Sound beautiful'
)",False
"Example({'label': 'C', 'question': 'When a person with mental illness receives medication and therapy, what has happened?', 'choices': 'A) cause irrational behaviour, B) recur, C) effectively treated, D) managed, E) cause suffering'}) (input_keys={'choices', 'question'})","Prediction(
    answer='recur'
)",False
"Example({'label': 'E', 'question': 'What type of feeling is performing for the first time likely to produce?', 'choices': 'A) action, B) butterflies, C) happiness, D) a sense of calm, E) anxiety'}) (input_keys={'choices', 'question'})","Prediction(
    answer='A) action'
)",False
"Example({'label': 'B', 'question': 'If someone is found to be committing murder, what did they do to someone?', 'choices': 'A) misery, B) kill, C) distress, D) tickel, E) go to jail'}) (input_keys={'choices', 'question'})","Prediction(
    answer='B) kill'
)",True
"Example({'label': 'E', 'question': 'The computer was hooked up to the internet, what could it do as a result?', 'choices': 'A) process information, B) believe in god, C) make decisions, D) process information, E) receive data'}) (input_keys={'choices', 'question'})","Prediction(
    answer='A) process information, E) receive data'
)",True
"Example({'label': 'B', 'question': 'The planet Mercury is unsuitable for human life or what?', 'choices': 'A) toxic, B) uninhabitable, C) mercury sulphide, D) poisonous, E) jupiter'}) (input_keys={'choices', 'question'})","Prediction(
    answer='C) mercury sulphide'
)",False
"Example({'label': 'B', 'question': 'Seeing idea become reality was a dream of hers for a long time, but as the time came to get on stage she had more what?', 'choices': 'A) build, B) anxiety, C) celebrate, D) very nice, E) ocean'}) (input_keys={'choices', 'question'})","Prediction(
    answer='A) build'
)",False
"Example({'label': 'E', 'question': 'A creek could be located in the opposite for the city which is called what?', 'choices': 'A) meadow, B) stick, C) valley, D) forest, E) countryside'}) (input_keys={'choices', 'question'})","Prediction(
    answer='E) countryside'
)",True
"Example({'label': 'C', 'question': 'Where off the eastern U.S. would you find an anemone?', 'choices': 'A) flower bed, B) tide pool, C) florida keys, D) coral sea, E) aquarium'}) (input_keys={'choices', 'question'})","Prediction(
    answer='C) florida keys'
)",True
"Example({'label': 'A', 'question': 'Where are traveling clothes often kept?', 'choices': 'A) suitcase, B) bedroom, C) closet, D) draws, E) dresser'}) (input_keys={'choices', 'question'})","Prediction(
    answer='C) closet'
)",False
"Example({'label': 'B', 'question': 'If one needed the bathroom they needed a key, to get it they had to also buy something from the what?', 'choices': 'A) school, B) convenience store, C) rest area, D) mall, E) theater'}) (input_keys={'choices', 'question'})","Prediction(
    answer='B) convenience store'
)",True
"Example({'label': 'B', 'question': 'Although the sun did rise, what did the pessimist warn everyone it would do?', 'choices': 'A) lay, B) go down, C) fall, D) below, E) sundown'}) (input_keys={'choices', 'question'})","Prediction(
    answer='C) fall'
)",False
"Example({'label': 'E', 'question': 'The hardcovers were especially tall, so he removed a shelf on the what to make room?', 'choices': 'A) chest of drawers, B) grocery store, C) hold alcohol, D) nightstand, E) bookcase'}) (input_keys={'choices', 'question'})","Prediction(
    answer='The hardcovers were especially tall, so he removed a shelf on the bookcase.'
)",False
"Example({'label': 'D', 'question': ""If you're watching a comedy film what would you expect to hear from the audience?"", 'choices': 'A) park, B) insight, C) being entertained, D) laughter, E) fear'}) (input_keys={'choices', 'question'})","Prediction(
    answer='C) being entertained'
)",False
"Example({'label': 'C', 'question': 'What can eating lunch cause that is painful?', 'choices': 'A) headache, B) bad breath, C) heartburn, D) gain weight, E) farts'}) (input_keys={'choices', 'question'})","Prediction(
    answer='A) headache, B) bad breath, C) heartburn, D) gain weight, E) farts'
)",False
"Example({'label': 'E', 'question': 'The performer was ready to put on a show and stepped onto the launch platform, what was his job?', 'choices': 'A) cape canaveral florida, B) nasa, C) battleship, D) ocean, E) trapeze'}) (input_keys={'choices', 'question'})","Prediction(
    answer='B) nasa'
)",False
"Example({'label': 'E', 'question': ""Eating is part of living, but your body doesn't use it all and the next day you will be doing what?"", 'choices': 'A) reduced, B) getting full, C) becoming full, D) chewing, E) defecating'}) (input_keys={'choices', 'question'})","Prediction(
    answer='D) chewing'
)",False
"Example({'label': 'C', 'question': ""Where are you if you've paid to get a pizza?"", 'choices': 'A) popular, B) baked in oven, C) restaurant, D) oven, E) plate'}) (input_keys={'choices', 'question'})","Prediction(
    answer='C) restaurant'
)",True
"Example({'label': 'B', 'question': 'What would you use to find a place to stay?', 'choices': 'A) mexico, B) phone book, C) town, D) city, E) sun dial'}) (input_keys={'choices', 'question'})","Prediction(
    answer='B) phone book'
)",True
"Example({'label': 'A', 'question': ""If you're seeking a connection for your laptop, what are you trying to hook up with?"", 'choices': 'A) computer network, B) electrical circuit, C) lineage, D) company, E) wall'}) (input_keys={'choices', 'question'})","Prediction(
    answer='B) electrical circuit'
)",False
"Example({'label': 'C', 'question': ""The child didn't know the problems his mother was going through, all he had was what for her?"", 'choices': 'A) care, B) balloon, C) loved, D) become adult, E) learn'}) (input_keys={'choices', 'question'})","Prediction(
    answer='A) Paris'
)",False
"Example({'label': 'B', 'question': 'To see new films you must?', 'choices': 'A) open eyes, B) go to movies, C) kick ball, D) make art, E) look for'}) (input_keys={'choices', 'question'})","Prediction(
    answer='Must be completed by choosing one of the options.'
)",False
"Example({'label': 'A', 'question': 'What can happen when you contemplate alone for a long time?', 'choices': 'A) daydream, B) headache, C) get ideas, D) sleep, E) become distracted'}) (input_keys={'choices', 'question'})","Prediction(
    answer='A) daydream'
)",True
"Example({'label': 'B', 'question': 'The pioneer went to the general store for storage measures, what was he looking for?', 'choices': 'A) checkers, B) barrels, C) baking soda, D) buffalo, E) salt'}) (input_keys={'choices', 'question'})","Prediction(
    answer='E) salt'
)",False
"Example({'label': 'B', 'question': 'I was apprehensive to buy the expensive equipment to play a game with so much walking and swinging around in grass, but now I understand why people what?', 'choices': 'A) care less, B) play golf, C) shake hands, D) believe in god, E) trip over'}) (input_keys={'choices', 'question'})","Prediction(
    answer='B) play golf'
)",True
"Example({'label': 'A', 'question': 'What can a newspaper be used to do to an engagement?', 'choices': 'A) announce, B) communicate, C) educate, D) inform, E) cancel'}) (input_keys={'choices', 'question'})","Prediction(
    answer='A) announce, C) educate, D) inform'
)",False
"Example({'label': 'A', 'question': 'John needed a straight wire.  Unfortunately, this one had endured some abuse and had become what?', 'choices': 'A) bent, B) bent, C) crooked, D) straightforth, E) curved'}) (input_keys={'choices', 'question'})","Prediction(
    answer='A) bent'
)",True
"Example({'label': 'C', 'question': 'Metal is taken from what which is pulled from the ground?', 'choices': 'A) dirt, B) instruments, C) ore, D) car, E) junkyard'}) (input_keys={'choices', 'question'})","Prediction(
    answer='C) ore'
)",True
"Example({'label': 'D', 'question': 'When not in use where on your property would you store you bucket?', 'choices': 'A) utility closet, B) outside, C) well, D) garden shed, E) garage'}) (input_keys={'choices', 'question'})","Prediction(
    answer='A) utility closet'
)",False
"Example({'label': 'D', 'question': 'What does someone do to relax at night?', 'choices': 'A) find time, B) check mail, C) listen to music, D) go to bed, E) stop worrying'}) (input_keys={'choices', 'question'})","Prediction(
    answer='C) listen to music'
)",False
"Example({'label': 'C', 'question': 'Where might the stapler be if I cannot find it?', 'choices': 'A) office building, B) office supply store, C) desk drawer, D) with dwight, E) desktop'}) (input_keys={'choices', 'question'})","Prediction(
    answer='A) office building, B) office supply store, C) desk drawer, D) with dwight, E) desktop'
)",False
"Example({'label': 'B', 'question': 'Many homes in this country are built around a courtyard. Where is it?', 'choices': 'A) candidate, B) spain, C) lawn, D) asshole, E) office complex'}) (input_keys={'choices', 'question'})","Prediction(
    answer='C) lawn'
)",False
"Example({'label': 'C', 'question': ""Sean was a wreck.  He  loved to build houses, but in his current state, he couldn't do what?"", 'choices': 'A) stand up, B) produce, C) construct, D) make, E) build'}) (input_keys={'choices', 'question'})","Prediction(
    answer='construct'
)",False
"Example({'label': 'C', 'question': 'What would be happening if you are pretending to be a police officer?', 'choices': 'A) fighting, B) misunderstanding, C) deception, D) play, E) distrust'}) (input_keys={'choices', 'question'})","Prediction(
    answer='A) fighting'
)",False
"Example({'label': 'C', 'question': 'Where would you buy a finely crafted writing instrument?', 'choices': 'A) nasa, B) classroom, C) stationery store, D) purse, E) office supply store'}) (input_keys={'choices', 'question'})","Prediction(
    answer='E) office supply store'
)",False
"Example({'label': 'C', 'question': 'The detective was finding information from witnesses, why would he do that?', 'choices': 'A) fun, B) ulcers, C) get answers, D) happiness, E) power'}) (input_keys={'choices', 'question'})","Prediction(
    answer='E) power'
)",False
"Example({'label': 'D', 'question': 'Joe found spiders in the place where he keeps his tools.  Where might that be?', 'choices': 'A) cupboard, B) toolbox, C) closet, D) garage, E) mail box'}) (input_keys={'choices', 'question'})","Prediction(
    answer='E) mail box'
)",False
"Example({'label': 'A', 'question': ""While on the fan boat he thought he'd see swamps and gators, but he was surprised to spot a bald eagle in what nature area?"", 'choices': 'A) everglades, B) high places, C) natural habitat, D) new york, E) colorado'}) (input_keys={'choices', 'question'})","Prediction(
    answer='A) everglades'
)",True
"Example({'label': 'B', 'question': 'Where are you likely to find a supermarket?', 'choices': 'A) buy food for family, B) city or town, C) get supplies, D) strip mall, E) vermont'}) (input_keys={'choices', 'question'})","Prediction(
    answer='E) vermont'
)",False
"Example({'label': 'D', 'question': 'Where would you need to use a lantern?', 'choices': 'A) grocery store, B) antique shop, C) house, D) dark place, E) street'}) (input_keys={'choices', 'question'})","Prediction(
    answer='C) house'
)",False
"Example({'label': 'C', 'question': 'What area does a police officer patrol?', 'choices': 'A) direct traffic, B) city, C) beat, D) street, E) park'}) (input_keys={'choices', 'question'})","Prediction(
    answer='D) street'
)",False
"Example({'label': 'A', 'question': 'Why would a woman kill a stranger she met in a dark alley?', 'choices': ""A) being raped, B) get rid of, C) they didn't know the passcode, D) get revenge, E) were evil""}) (input_keys={'choices', 'question'})","Prediction(
    answer='E) being evil'
)",False
"Example({'label': 'B', 'question': 'The baby was cranky, it needed to eat breakfast but refused to what?', 'choices': 'A) buy food, B) open mouth, C) get out of bed, D) cry, E) wake up'}) (input_keys={'choices', 'question'})","Prediction(
    answer='A) buy food'
)",False
"Example({'label': 'B', 'question': 'What is made up of people?', 'choices': 'A) buildings, B) audience, C) apartment, D) classroom, E) falling down'}) (input_keys={'choices', 'question'})","Prediction(
    answer='B) audience'
)",True
"Example({'label': 'E', 'question': 'He was afraid he would die from his cold, so he wisely decided to what?', 'choices': 'A) ocean, B) write will, C) never want, D) were shot, E) seek help'}) (input_keys={'choices', 'question'})","Prediction(
    answer='E) seek help'
)",True
"Example({'label': 'C', 'question': 'Where would you get a pen if you do not have one?', 'choices': ""A) briefcase, B) desk drawer, C) friend's house, D) pocket, E) sidewalk""}) (input_keys={'choices', 'question'})","Prediction(
    answer='A) briefcase'
)",False
"Example({'label': 'C', 'question': ""Why would a small dog pant if it's hot outside?"", 'choices': 'A) outside, B) europe, C) heat, D) wet, E) dog show'}) (input_keys={'choices', 'question'})","Prediction(
    answer='A) outside'
)",False
"Example({'label': 'D', 'question': ""She asked her little boy why, he replied that he didn't know and it was just what?"", 'choices': 'A) case, B) reason, C) how, D) because, E) answer'}) (input_keys={'choices', 'question'})","Prediction(
    answer='B) reason'
)",False
"Example({'label': 'C', 'question': 'Where would you display a picture on a horizontal surface?', 'choices': 'A) microwave, B) desktop, C) shelf, D) art show, E) wall'}) (input_keys={'choices', 'question'})","Prediction(
    answer='A) desktop'
)",False
"Example({'label': 'E', 'question': 'What skill is needed for riding a bike?', 'choices': 'A) wheels, B) feet, C) pedalling, D) practice, E) good balance'}) (input_keys={'choices', 'question'})","Prediction(
    answer='C) pedaling'
)",False
"Example({'label': 'D', 'question': 'He looked at the field of pumps, all slowing churning oil out of the what?', 'choices': 'A) manual, B) street, C) restaurant, D) ground, E) service station'}) (input_keys={'choices', 'question'})","Prediction(
    answer='E) service station'
)",False
"Example({'label': 'C', 'question': 'The department to where vendors deliver goods for sale is called what?', 'choices': 'A) delivered, B) take away, C) receiving, D) pick up, E) keep'}) (input_keys={'choices', 'question'})","Prediction(
    answer='C) receiving'
)",True
"Example({'label': 'D', 'question': 'Where is the worst place to be in a ticket office?', 'choices': 'A) at the top, B) movie theaters, C) train station, D) end of line, E) opera house'}) (input_keys={'choices', 'question'})","Prediction(
    answer='D) end of line'
)",True
"Example({'label': 'A', 'question': 'Exercise is very good for you, for faster recovery you should always do what afterwards?', 'choices': 'A) stretch, B) lower cholesterol, C) weigh, D) track, E) expend energy'}) (input_keys={'choices', 'question'})","Prediction(
    answer='A) stretch'
)",True
"Example({'label': 'D', 'question': 'What happens when you go somewhere and forget something at home?', 'choices': 'A) arriving, B) arrive there, C) turn around, D) go back, E) fart'}) (input_keys={'choices', 'question'})","Prediction(
    answer='D) go back'
)",True
"Example({'label': 'C', 'question': 'Where would you acquire a wind instrument for you own use?', 'choices': 'A) band practice, B) concert, C) music store, D) symphony, E) music room'}) (input_keys={'choices', 'question'})","Prediction(
    answer='C) music store'
)",True
"Example({'label': 'E', 'question': 'Where would a person light alcohol on fire to observe the reaction?', 'choices': 'A) supermarket, B) bar, C) pub, D) restaurants, E) chemistry lab'}) (input_keys={'choices', 'question'})","Prediction(
    answer='E) chemistry lab'
)",True
"Example({'label': 'D', 'question': 'If a storey contained a panoramic view, what kind of structure would it be in?', 'choices': 'A) horizontal room, B) storey book, C) mall, D) tall building, E) book of stories'}) (input_keys={'choices', 'question'})","Prediction(
    answer='E) book of stories'
)",False
"Example({'label': 'B', 'question': 'Where does lettuce arrive by large trucks?', 'choices': ""A) kitchen, B) supermarket, C) farmer's market, D) salad, E) refrigerator""}) (input_keys={'choices', 'question'})","Prediction(
    answer='A) kitchen'
)",False
"Example({'label': 'D', 'question': 'Why do people who are dying receive social security payments?', 'choices': 'A) rejuvenation, B) born again, C) no longer exist, D) unable to work, E) change of color'}) (input_keys={'choices', 'question'})","Prediction(
    answer='D) unable to work'
)",True
"Example({'label': 'E', 'question': 'What should I do with a jumping rope?', 'choices': 'A) fatigue, B) sweating, C) get tired, D) tiredness, E) hopping'}) (input_keys={'choices', 'question'})","Prediction(
    answer='A) fatigue'
)",False
"Example({'label': 'E', 'question': 'What do geese do every fall in fields?', 'choices': 'A) guard house, B) fly, C) eat, D) follow ultralight airplane, E) group together'}) (input_keys={'choices', 'question'})","Prediction(
    answer='E) group together'
)",True
"Example({'label': 'E', 'question': 'I took my seat, the curtains drew back and I enjoyed the what?', 'choices': 'A) airplane, B) movie, C) auditorium, D) theatre, E) show'}) (input_keys={'choices', 'question'})","Prediction(
    answer='E) show'
)",True
"Example({'label': 'C', 'question': ""What should everyone do who doesn't want to fight anymore?"", 'choices': 'A) explicate, B) pay tribute to king, C) hope for peace, D) wear shoes, E) do well'}) (input_keys={'choices', 'question'})","Prediction(
    answer='Explicating'
)",False
"Example({'label': 'E', 'question': 'Where is the ideal location for a post office?', 'choices': 'A) building, B) business district, C) above ground, D) most towns, E) center of town'}) (input_keys={'choices', 'question'})","Prediction(
    answer='E) center of town'
)",True
"Example({'label': 'C', 'question': 'Where outside of a city would a squirrel live?', 'choices': 'A) roof, B) inside home, C) forest, D) yard, E) park'}) (input_keys={'choices', 'question'})","Prediction(
    answer='C) forest'
)",True
"Example({'label': 'D', 'question': 'You should watch out for snakes if floating down what African body of water?', 'choices': 'A) wet grass, B) western texas, C) high grass, D) amazon river, E) tree'}) (input_keys={'choices', 'question'})","Prediction(
    answer='D) amazon river'
)",True
"Example({'label': 'A', 'question': ""At the end of the day as he began to eat he paused and thanked her, it wasn't often she would what?"", 'choices': 'A) cook dinner, B) did chores, C) make food, D) stretch out, E) get food'}) (input_keys={'choices', 'question'})","Prediction(
    answer='E) get food'
)",False
"Example({'label': 'E', 'question': 'To what do trees roots cling?', 'choices': 'A) yard, B) orchard, C) museum, D) countryside, E) surface of earth'}) (input_keys={'choices', 'question'})","Prediction(
    answer='C) museum, D) countryside, E) surface of earth'
)",True
"Example({'label': 'A', 'question': 'What probably has a lot of dust in the back?', 'choices': 'A) closet, B) door, C) corner, D) shelf, E) library'}) (input_keys={'choices', 'question'})","Prediction(
    answer='A) door'
)",True
"Example({'label': 'D', 'question': 'At the new comic store he found himself making friends, it was nice to meet people with what?', 'choices': 'A) smiling, B) smile, C) open mind, D) common interests, E) laughter'}) (input_keys={'choices', 'question'})","Prediction(
    answer='A) smiling, B) smile, C) open mind, D) common interests'
)",True
"Example({'label': 'C', 'question': 'The student explained he had a clue what neuroepithelium was and got really nervous, he then lost his balance because a what issue?', 'choices': 'A) tastebud, B) retina, C) inner ear, D) nasal cavity, E) autistic'}) (input_keys={'choices', 'question'})","Prediction(
    answer='E) Autistic'
)",False
"Example({'label': 'A', 'question': 'What could people do that involves talking?', 'choices': 'A) confession, B) state park, C) sing, D) carnival, E) opera'}) (input_keys={'choices', 'question'})","Prediction(
    answer='The activity related to talking is opera.'
)",False
"Example({'label': 'C', 'question': ""If you're a child answering questions and an adult is asking them that adult is doing what?"", 'choices': 'A) discussion, B) explaning, C) teaching, D) confusion, E) correct'}) (input_keys={'choices', 'question'})","Prediction(
    answer='B) explaining'
)",False
"Example({'label': 'D', 'question': 'He has lactose intolerant, but was eating dinner made of cheese, what followed for him?', 'choices': 'A) digestive, B) feel better, C) sleepiness, D) indigestion, E) illness'}) (input_keys={'choices', 'question'})","Prediction(
    answer='A) digestive'
)",False
"Example({'label': 'A', 'question': 'The teacher played on the upright piano, she was explaining the song to all the students in the what?', 'choices': 'A) music room, B) bathroom, C) house, D) living room, E) music store'}) (input_keys={'choices', 'question'})","Prediction(
    answer='A) music room'
)",True
"Example({'label': 'D', 'question': ""When you get an F, you fail. If you get A's you are?"", 'choices': 'A) passed, B) completing, C) passed, D) passing, E) succeeding'}) (input_keys={'choices', 'question'})","Prediction(
    answer='A) passed'
)",False
"Example({'label': 'A', 'question': 'What is the main purpose of having a bath?', 'choices': 'A) cleanness, B) wetness, C) exfoliation, D) use water, E) hygiene'}) (input_keys={'choices', 'question'})","Prediction(
    answer='B) wetness'
)",False
"Example({'label': 'A', 'question': 'The ball was hit over a boundary and struck an audience member.  What kind of game were they playing?', 'choices': 'A) sporting event, B) sporting, C) basketball, D) society, E) ranch country'}) (input_keys={'choices', 'question'})","Prediction(
    answer='C) basketball'
)",False
"Example({'label': 'D', 'question': 'What is someone operating a vehicle likely to be accused of after becoming inebriated?', 'choices': 'A) punish, B) arrest, C) automobile accidents, D) drunk driving, E) talking nonsense'}) (input_keys={'choices', 'question'})","Prediction(
    answer='D) drunk driving'
)",True
"Example({'label': 'D', 'question': 'Where would you get jewelry if you do not have any?', 'choices': ""A) vault, B) suitcase, C) neighbour's house, D) department store, E) safe deposit box""}) (input_keys={'choices', 'question'})","Prediction(
    answer='A) vault'
)",False
"Example({'label': 'E', 'question': 'What is a philosopher waiting for to eventually gain through his studies?', 'choices': 'A) job, B) boredom, C) anxiety, D) impatience, E) wisdom'}) (input_keys={'choices', 'question'})","Prediction(
    answer='E) wisdom'
)",True
"Example({'label': 'B', 'question': 'What do young boys do on the ice in the winter?', 'choices': 'A) ski, B) play hockey, C) summer, D) knit, E) warm'}) (input_keys={'choices', 'question'})","Prediction(
    answer='E) warm'
)",False
"Example({'label': 'B', 'question': 'She loved spending money at the thrift store on knickknacks, this resulted in a lot of what on every shelf in her house?', 'choices': 'A) poverty, B) clutter, C) getting, D) satisfaction, E) more happiness'}) (input_keys={'choices', 'question'})","Prediction(
    answer='Getting'
)",False
"Example({'label': 'B', 'question': 'I listened to lecture intensely, what is my goal?', 'choices': 'A) gain confidence, B) concentrate, C) get attention, D) pay attention, E) stop talking'}) (input_keys={'choices', 'question'})","Prediction(
    answer='D) pay attention'
)",False
"Example({'label': 'C', 'question': 'If a person is using a computer to talk to their granddaughter, what might the computer cause for them?', 'choices': 'A) program created, B) stress, C) happiness, D) ocean, E) headache'}) (input_keys={'choices', 'question'})","Prediction(
    answer='B) stress'
)",False
"Example({'label': 'C', 'question': 'Joe was there to meet a large number of people.  As he filed though the entrance hall, he saw many strangers who came from far away.  What sort of building is he probably in?', 'choices': 'A) person, B) box, C) convention center, D) public building, E) large building'}) (input_keys={'choices', 'question'})","Prediction(
    answer='E) large building'
)",False
"Example({'label': 'E', 'question': ""John wanted scatter his wife's remains in a lake in the wilderness.  He had to delay before of where he lived.  Where did he live?"", 'choices': 'A) mountains, B) dead body, C) pay debts, D) state park, E) new york'}) (input_keys={'choices', 'question'})","Prediction(
    answer='B) dead body'
)",False
"Example({'label': 'C', 'question': 'Many towns and cities have trash cans where on sidewalks?', 'choices': 'A) hospital, B) park, C) corner, D) motel, E) office'}) (input_keys={'choices', 'question'})","Prediction(
    answer='B) park'
)",False
"Example({'label': 'B', 'question': 'The family wanted to adopt for enviro-ethical reasons, what did they abhor?', 'choices': 'A) orphan, B) biological child, C) give away, D) foster child, E) abandon'}) (input_keys={'choices', 'question'})","Prediction(
    answer='A) orphan'
)",False
"Example({'label': 'D', 'question': 'What happens when airplane engines cut off and are unable to be restarted in flight?', 'choices': 'A) stall, B) start melting, C) taxi, D) crash, E) speed up'}) (input_keys={'choices', 'question'})","Prediction(
    answer='A'
)",False
"Example({'label': 'E', 'question': 'Where would you be concerned about finding a cavity?', 'choices': 'A) solid object, B) molar, C) dentist, D) unbrushed tooth, E) teeth'}) (input_keys={'choices', 'question'})","Prediction(
    answer='E) teeth'
)",True
"Example({'label': 'C', 'question': 'Human beings learn about current events from what print item?', 'choices': 'A) question authority, B) melt, C) read newspapers, D) act, E) dictionary'}) (input_keys={'choices', 'question'})","Prediction(
    answer='C) read newspapers'
)",True
"Example({'label': 'D', 'question': 'In what kind of environment does an anemone live?', 'choices': 'A) nursery, B) south pacific, C) desert, D) sea water, E) atlantic ocean'}) (input_keys={'choices', 'question'})","Prediction(
    answer='B) south pacific'
)",False
"Example({'label': 'B', 'question': 'He wanted lodging in the actual what, so that he was already where he needed to be?', 'choices': 'A) a yurt, B) resort area, C) big city, D) michigan, E) going on vacation'}) (input_keys={'choices', 'question'})","Prediction(
    answer='B) resort area'
)",True
"Example({'label': 'A', 'question': 'If I am suffering from boredom, and I want to see something beautiful, what should I do?', 'choices': 'A) see art, B) see ghost, C) watch film, D) grocery shop, E) do crossword puzzle'}) (input_keys={'choices', 'question'})","Prediction(
    answer='A'
)",True
"Example({'label': 'A', 'question': ""The goal was to hit the target, but a projectile ball can't hit anything if it isn't in what?"", 'choices': 'A) motion, B) ocean, C) flintlock, D) arcade, E) tennis court'}) (input_keys={'choices', 'question'})","Prediction(
    answer='A) motion'
)",True
"Example({'label': 'D', 'question': 'Where is a good place to set a cup of coffee while relaxing?', 'choices': 'A) coffee shop, B) kitchen, C) hand, D) table, E) office'}) (input_keys={'choices', 'question'})","Prediction(
    answer='B) kitchen\nE) office'
)",False
"Example({'label': 'C', 'question': ""If a fried egg was runny and there was no toast to sop it up, after the meal there'd be a messy what?"", 'choices': ""A) henhouse, B) garden, C) plate, D) supermarket, E) bird's nest""}) (input_keys={'choices', 'question'})","Prediction(
    answer='A) henhouse'
)",False
"Example({'label': 'A', 'question': 'If I want to behave with proper aplomb, what manners should I avoid?', 'choices': 'A) inappropriate, B) incomplete, C) impolite, D) none, E) incorrect'}) (input_keys={'choices', 'question'})","Prediction(
    answer='E) incorrect'
)",False
"Example({'label': 'D', 'question': 'Before lifting weights he liked to warm up on the squash court, he really enjoyed the facilities of the what?', 'choices': ""A) swimming pool, B) rich person's house, C) country club, D) fitness center, E) park""}) (input_keys={'choices', 'question'})","Prediction(
    answer='C) country club'
)",False
"Example({'label': 'C', 'question': 'What will happen to animals after eating food?', 'choices': 'A) bite, B) digestion, C) feel pleasure, D) pass water, E) listen to each other'}) (input_keys={'choices', 'question'})","Prediction(
    answer='B) digestion, C) feel pleasure, D) pass water'
)",False
"Example({'label': 'D', 'question': 'If I wanted to grow plants, where could I put a lot of dirt?', 'choices': 'A) corner, B) street, C) closet, D) garden, E) bathtub'}) (input_keys={'choices', 'question'})","Prediction(
    answer='D) garden'
)",True
"Example({'label': 'C', 'question': 'What does a person often feel about someone judging them guilty?', 'choices': 'A) controversy, B) responsibility, C) resentment, D) judge feelings, E) hurt feelings'}) (input_keys={'choices', 'question'})","Prediction(
    answer='C) resentment'
)",True
"Example({'label': 'A', 'question': 'A town between two mountains is located in a what?', 'choices': 'A) valley, B) hospital, C) state, D) train station, E) michigan'}) (input_keys={'choices', 'question'})","Prediction(
    answer='E) michigan'
)",False
"Example({'label': 'A', 'question': 'James need to use a toilet but there were no public ones in sight.  Eventually he broke down and did something very expensive so that he could get a toilet.  Where might he have gone?', 'choices': 'A) motel room, B) apartment, C) bathroom, D) games, E) house'}) (input_keys={'choices', 'question'})","Prediction(
    answer='A) Motel room'
)",True
"Example({'label': 'A', 'question': 'Why did the heavy metal band need electricity at the stadium?', 'choices': 'A) concert, B) bedroom, C) make person sick, D) building, E) church'}) (input_keys={'choices', 'question'})","Prediction(
    answer='A) concert'
)",True
"Example({'label': 'C', 'question': 'What is a person looking for when completing puzzles or riddles?', 'choices': 'A) avoid pain, B) compliments, C) intellectual challenge, D) passing grade, E) attention'}) (input_keys={'choices', 'question'})","Prediction(
    answer='A) avoid pain'
)",False
"Example({'label': 'D', 'question': ""If someone was making breakfast, they'd probably put two slices of bread in the what?"", 'choices': 'A) plastic bag, B) pantry, C) supermarket, D) toaster, E) prison'}) (input_keys={'choices', 'question'})","Prediction(
    answer='B) pantry'
)",False
"Example({'label': 'E', 'question': 'His house was a mess, he began doing housework to get what?', 'choices': 'A) boredom, B) nice home, C) michigan, D) feeling satisfied, E) house clean'}) (input_keys={'choices', 'question'})","Prediction(
    answer='D) feeling satisfied'
)",False
"Example({'label': 'C', 'question': 'Where would a corpse be covered by a blanket?', 'choices': 'A) bath store, B) bedroom, C) hospital, D) flower garden, E) michigan'}) (input_keys={'choices', 'question'})","Prediction(
    answer='B) bedroom'
)",False
"Example({'label': 'A', 'question': 'The man  tried to break the glass in order to make his escape in time, but he could not.  The person in the cat, trying to kill him, did what?', 'choices': 'A) accelerate, B) putting together, C) working, D) construct, E) train'}) (input_keys={'choices', 'question'})","Prediction(
    answer='C) work'
)",False
"Example({'label': 'B', 'question': 'The trucker plopped on the bench with a sense of relief, where did he arrive?', 'choices': 'A) bordello, B) rest area, C) garden, D) bus stop, E) state park'}) (input_keys={'choices', 'question'})","Prediction(
    answer='E) state park'
)",False
"Example({'label': 'A', 'question': 'What is part of a republic like the USA?', 'choices': 'A) state, B) democratic, C) kingdom, D) democracy, E) dictatorship'}) (input_keys={'choices', 'question'})","Prediction(
    answer='E) dictatorship'
)",False
"Example({'label': 'E', 'question': 'Where do you keep extra clothing on a hike?', 'choices': 'A) person, B) hamper, C) closet, D) upstairs, E) backpack'}) (input_keys={'choices', 'question'})","Prediction(
    answer='B) hamper'
)",False
"Example({'label': 'B', 'question': 'What could an apple tree do?', 'choices': 'A) new hampshire, B) bloom, C) washington state, D) sunshine, E) spontaneously combust'}) (input_keys={'choices', 'question'})","Prediction(
    answer='A) new hampshire'
)",False
"Example({'label': 'C', 'question': 'What very cold area in the east can a crab be found?', 'choices': 'A) fish market, B) shallow waters, C) atlantic ocean, D) fresh water, E) shore line'}) (input_keys={'choices', 'question'})","Prediction(
    answer='B) shallow waters'
)",False
"Example({'label': 'C', 'question': 'The chef wanted to perfect his craft, what did he do?', 'choices': 'A) thin potatos, B) prepare food, C) study french cooking, D) drink, E) cook dinner'}) (input_keys={'choices', 'question'})","Prediction(
    answer='E) cook dinner'
)",False
"Example({'label': 'A', 'question': 'She wanted a kitten and puppy so why did she only get the puppy?', 'choices': 'A) one choice for pet, B) cute, C) kennel, D) soft, E) waxy'}) (input_keys={'choices', 'question'})","Prediction(
    answer='D) soft'
)",False
"Example({'label': 'A', 'question': 'There was no shade for Jenny.  She was forced to lie there exposed to what?', 'choices': 'A) full sunlight, B) bright sunshine, C) sunny place, D) eat cake, E) direct sunlight'}) (input_keys={'choices', 'question'})","Prediction(
    answer='C) sunny place'
)",False
"Example({'label': 'D', 'question': 'What could happen to you after you are cleaning house for a long time?', 'choices': 'A) neatness, B) tiredness, C) order, D) exhaustion, E) sneezing'}) (input_keys={'choices', 'question'})","Prediction(
    answer='B) tiredness'
)",False
"Example({'label': 'E', 'question': 'What is someone doing when scheduling when to go to party?', 'choices': 'A) rumpspringa, B) meeting new people, C) having fun, D) meet new people, E) plan'}) (input_keys={'choices', 'question'})","Prediction(
    answer='B) meeting new people, C) having fun, E) plan'
)",True
"Example({'label': 'B', 'question': 'What kind of path do comets tend to have?', 'choices': 'A) ice, B) set orbits, C) universe, D) space, E) solid nucleus'}) (input_keys={'choices', 'question'})","Prediction(
    answer='D) space'
)",False
"Example({'label': 'E', 'question': 'What do people feel after having sex that requires them to shower?', 'choices': 'A) bedroom, B) pleasant, C) obesity, D) painful, E) dirty'}) (input_keys={'choices', 'question'})","Prediction(
    answer='bedroom'
)",False
"Example({'label': 'C', 'question': 'The vet found malignant tumors on the animals, what is their likely fate?', 'choices': 'A) euthanasia, B) pass water, C) die of cancer, D) feel pain, E) feel pleasure'}) (input_keys={'choices', 'question'})","Prediction(
    answer='C) die of cancer'
)",True
"Example({'label': 'E', 'question': 'What is the thing that is agitated in your head when kissing?', 'choices': 'A) sexual stimulation, B) herpes, C) headache, D) catch cold, E) happiness'}) (input_keys={'choices', 'question'})","Prediction(
    answer='A) sexual stimulation'
)",False
"Example({'label': 'A', 'question': 'Billy was reading the newspaper as he commuted to work, but once he got to his destination he balled it up and put it somewhere. Where did it put it?', 'choices': 'A) trash, B) floor, C) subway, D) ground, E) lawn'}) (input_keys={'choices', 'question'})","Prediction(
    answer='A) trash'
)",True
"Example({'label': 'C', 'question': 'Where do you keep a pail in your house?', 'choices': 'A) garage, B) pool, C) utility room, D) hardware store, E) wishing well'}) (input_keys={'choices', 'question'})","Prediction(
    answer='A) garage'
)",False
"Example({'label': 'C', 'question': 'what is printed with ink and distributed daily?', 'choices': 'A) fountain pen, B) squid, C) newspaper, D) book, E) printer'}) (input_keys={'choices', 'question'})","Prediction(
    answer='D) book'
)",False
"Example({'label': 'B', 'question': 'What are people likely to do when an unexpected decent outcome occurs?', 'choices': 'A) kill each other, B) thank god, C) experience pain, D) hatred, E) talk to each other'}) (input_keys={'choices', 'question'})","Prediction(
    answer='C) experience pain'
)",False
"Example({'label': 'A', 'question': 'The terrace had Kanji written on it, indicating that it was made where?', 'choices': 'A) japan, B) rice paddy, C) garden, D) michigan, E) italy'}) (input_keys={'choices', 'question'})","Prediction(
    answer='A) japan'
)",True
"Example({'label': 'A', 'question': 'The company sent off many purchases, they used recycled cardboard as their what?', 'choices': 'A) packaging materials, B) recycle bin, C) box factory, D) warehouse, E) bowler hats'}) (input_keys={'choices', 'question'})","Prediction(
    answer='A) packaging materials'
)",True
"Example({'label': 'B', 'question': 'Why might a person be known as a liar?', 'choices': 'A) have no home, B) false information, C) hungry, D) made fun of, E) brain tumor'}) (input_keys={'choices', 'question'})","Prediction(
    answer='B) false information'
)",True
"Example({'label': 'E', 'question': 'The child was politely waiting for dessert, he was eventually rewarded for his what?', 'choices': 'A) timing, B) expenditure of time, C) getting bored, D) anger, E) patience'}) (input_keys={'choices', 'question'})","Prediction(
    answer='B) expenditure of time'
)",False
"Example({'label': 'D', 'question': 'The man was giving assistance to a pan handler in the streets, how did he give assistance?', 'choices': 'A) feeling good, B) killing, C) law suits, D) out of pocket, E) feel loved'}) (input_keys={'choices', 'question'})","Prediction(
    answer='A) feeling good'
)",False
"Example({'label': 'E', 'question': 'What do you call the caretakers of a child?', 'choices': 'A) principal, B) birth, C) loving couple, D) act of sex, E) parents'}) (input_keys={'choices', 'question'})","Prediction(
    answer='E) parents'
)",True
"Example({'label': 'A', 'question': 'Where would you run in to a niece you only see every one and a while?', 'choices': ""A) family reunion, B) brother's house, C) family picture book, D) family tree, E) party""}) (input_keys={'choices', 'question'})","Prediction(
    answer='A) family reunion'
)",True
"Example({'label': 'B', 'question': 'Working on the elaborate task was taxing, it require extreme what?', 'choices': 'A) holding, B) concentration, C) energy, D) job, E) energh'}) (input_keys={'choices', 'question'})","Prediction(
    answer='concentration'
)",False
"Example({'label': 'D', 'question': 'What may you have after awaking after a night of heavy drinking?', 'choices': 'A) get up, B) discomfort, C) discomfort, D) headache, E) shock'}) (input_keys={'choices', 'question'})","Prediction(
    answer=""{'A)': 'Get up', 'B)': 'discomfort', 'C)': 'discomfort', 'D)': 'headache', 'E)': 'shock'}""
)",False
"Example({'label': 'E', 'question': 'What uses a ribbon to put words on paper?', 'choices': ""A) wrapping paper, B) girl's hair, C) bath, D) floral arrangement, E) typewriter""}) (input_keys={'choices', 'question'})","Prediction(
    answer='E) typewriter'
)",True
"Example({'label': 'D', 'question': 'Where are sheep likely to live?', 'choices': 'A) school, B) meadow, C) lamb, D) farm, E) fairgrounds'}) (input_keys={'choices', 'question'})","Prediction(
    answer='B) meadow'
)",False
"Example({'label': 'B', 'question': 'If I was watching TV on the couch and the air was stuffy, I might turn the fan on to make the what more comfortable?', 'choices': 'A) hockey game, B) living room, C) bathroom, D) football stadium, E) hot room'}) (input_keys={'choices', 'question'})","Prediction(
    answer='B) living room'
)",True
"Example({'label': 'E', 'question': 'While walking the student needed to store his writing insturment away, where did he put it?', 'choices': 'A) desk drawer, B) cabinet, C) purse, D) classroom, E) pocket'}) (input_keys={'choices', 'question'})","Prediction(
    answer='A) desk drawer'
)",False
"Example({'label': 'B', 'question': 'Who watches a play in an auditorium?', 'choices': 'A) building, B) crowd, C) city, D) group, E) high school'}) (input_keys={'choices', 'question'})","Prediction(
    answer='B) crowd'
)",True
"Example({'label': 'D', 'question': 'What is a possible outcome for committing murder?', 'choices': 'A) problems, B) incarceration, C) trial, D) imprisonment, E) prosecution'}) (input_keys={'choices', 'question'})","Prediction(
    answer='D) imprisonment'
)",True
"Example({'label': 'A', 'question': 'where is a good place to obtain new soap?', 'choices': 'A) supermarket, B) washing, C) cabinet, D) own home, E) sink'}) (input_keys={'choices', 'question'})","Prediction(
    answer='C) cabinet'
)",False
"Example({'label': 'D', 'question': 'What do people do for food?', 'choices': 'A) talk to each other, B) complete job, C) wear hats, D) kill animals, E) believe in god'}) (input_keys={'choices', 'question'})","Prediction(
    answer='A) talk to each other'
)",False
"Example({'label': 'D', 'question': 'There was many a bottle to choose from behind the cashier where?', 'choices': 'A) grocery store, B) diaper bag, C) gas station, D) liquor store, E) medicine cabinet'}) (input_keys={'choices', 'question'})","Prediction(
    answer='B) Diaper bag'
)",False
"Example({'label': 'B', 'question': 'They had to know where to go, they got on the national highway after consulting the what?', 'choices': 'A) canada, B) atlas, C) united states, D) major cities, E) book'}) (input_keys={'choices', 'question'})","Prediction(
    answer='A) canada'
)",False
"Example({'label': 'E', 'question': 'What do professors primarily do?', 'choices': 'A) master physics, B) state facts, C) wear wrinkled tweed jackets, D) school students, E) teach courses'}) (input_keys={'choices', 'question'})","Prediction(
    answer='E) teach courses'
)",True
"Example({'label': 'A', 'question': 'Where do you throw a ball at pins?', 'choices': 'A) bowling alley, B) football stadium, C) soccer field, D) sporting event, E) sporting goods store'}) (input_keys={'choices', 'question'})","Prediction(
    answer='A'
)",True
"Example({'label': 'E', 'question': 'What might you need to do cleaning?', 'choices': 'A) sing a song, B) neatness, C) allergies, D) healthy living, E) using water'}) (input_keys={'choices', 'question'})","Prediction(
    answer='B) neatness'
)",False
"Example({'label': 'B', 'question': 'If i were to spit a lot without noticing i may have extra what?', 'choices': 'A) phlegm, B) saliva nd mouth, C) disease, D) germs, E) spittle'}) (input_keys={'choices', 'question'})","Prediction(
    answer='B) saliva nd mouth'
)",True
"Example({'label': 'C', 'question': 'If student got a list of supplies from class like paper and pencils, their parent would have to go where?', 'choices': 'A) classroom, B) parking garage, C) store, D) backpack, E) cabinet'}) (input_keys={'choices', 'question'})","Prediction(
    answer='C) store'
)",True
"Example({'label': 'C', 'question': 'Why do young people swallow semen ?', 'choices': ""A) you're into, B) prostitute, C) you're curious, D) curiosity, E) heterosexual woman in love""}) (input_keys={'choices', 'question'})","Prediction(
    answer='E) Heterosexual woman in love'
)",False
"Example({'label': 'A', 'question': 'Sally was standing in queue.  The line was very, very slow.  What was she feeling?', 'choices': 'A) frustration, B) delays, C) being annoyed, D) moving forward, E) progress'}) (input_keys={'choices', 'question'})","Prediction(
    answer='A) frustration'
)",True
"Example({'label': 'B', 'question': 'What is the animal trying to accomplish?', 'choices': 'A) sand trap, B) live long, C) leave home, D) feel pain, E) eating'}) (input_keys={'choices', 'question'})","Prediction(
    answer='eating'
)",False
"Example({'label': 'B', 'question': 'James and Holly went dancing together. As they danced, he  pressed himself against her what?', 'choices': 'A) euphoria, B) moving body, C) rhythmic movement, D) happiness, E) fatigue'}) (input_keys={'choices', 'question'})","Prediction(
    answer='A) euphoria'
)",False
"Example({'label': 'B', 'question': 'If a house has a subscription, what likely shows up in the driveway every morning?', 'choices': 'A) subdivision, B) newspaper, C) street, D) laundry mat, E) surface of earth'}) (input_keys={'choices', 'question'})","Prediction(
    answer='B) newspaper'
)",True
"Example({'label': 'C', 'question': 'What does a person do when they feel dirty?', 'choices': 'A) feel lucky, B) cross street, C) wash themselves, D) eat, E) wonder what happened'}) (input_keys={'choices', 'question'})","Prediction(
    answer='C) wash themselves'
)",True
"Example({'label': 'B', 'question': 'After the weight cut he was worried about his energy levels, but this was part of participating in a what?', 'choices': 'A) work, B) wrestle, C) play sports, D) matter, E) sleep'}) (input_keys={'choices', 'question'})","Prediction(
    answer='play sports'
)",False
"Example({'label': 'B', 'question': 'what does a person do to stay healthy?', 'choices': 'A) fever, B) eat every day, C) excited, D) headache, E) expressive'}) (input_keys={'choices', 'question'})","Prediction(
    answer='B) eat every day'
)",True
"Example({'label': 'D', 'question': 'Who is the guard here for?', 'choices': 'A) man post, B) attack, C) intimidation, D) prisoner, E) unprotected'}) (input_keys={'choices', 'question'})","Prediction(
    answer='A) man post'
)",False
"Example({'label': 'A', 'question': ""If a person stutters when he experiences anxiety or excitement, he'll have difficult doing what?"", 'choices': 'A) express information, B) dance, C) library, D) go somewhere, E) study'}) (input_keys={'choices', 'question'})","Prediction(
    answer='E) study'
)",False
"Example({'label': 'C', 'question': 'Where can you keep letter opener when it likely to be needed soon?', 'choices': ""A) office supply store, B) stationery store, C) dek, D) martyr's chest, E) refrigerator""}) (input_keys={'choices', 'question'})","Prediction(
    answer='A) office supply store'
)",False
"Example({'label': 'E', 'question': ""Danny found that the carpet did not ,match the drapes, which was disappointing, because this place was expensive.  But it was the only place in town that wasn't booked solid for the week and he needed it while he was in town, so he couldn't complain.   Where might this place be?"", 'choices': 'A) brothel, B) restaurant, C) building, D) bowling alley, E) at hotel'}) (input_keys={'choices', 'question'})","Prediction(
    answer='E) at hotel'
)",True
"Example({'label': 'A', 'question': 'What do people need to do to change their lives?', 'choices': 'A) face problems, B) better themselves, C) pay bills, D) become disillusioned, E) eat chicken'}) (input_keys={'choices', 'question'})","Prediction(
    answer='B) better themselves'
)",False
"Example({'label': 'B', 'question': 'Humans need shelter to survive.  They usually find shelter where?', 'choices': 'A) underpass, B) homes, C) workplace, D) school, E) space shuttle'}) (input_keys={'choices', 'question'})","Prediction(
    answer='B) homes'
)",True
"Example({'label': 'A', 'question': 'Someone who had a very bad flight might be given a trip in this to make up for it?', 'choices': 'A) first class, B) propitious, C) reputable, D) one, E) sufficient'}) (input_keys={'choices', 'question'})","Prediction(
    answer='A) first class, B) propitious, C) reputable, D) one, E) sufficient'
)",False
"Example({'label': 'B', 'question': 'Nature can be good and bad for the person who walks, what are some things?', 'choices': 'A) seeing bear, B) see beautiful views, C) get wet, D) getting lost, E) murdered by a landshark'}) (input_keys={'choices', 'question'})","Prediction(
    answer='B) see beautiful views\nA) seeing a bird or animal\nC) get wet\nD) getting lost\nE) murdered by a landshark'
)",False
"Example({'label': 'A', 'question': ""Jim decided to lose weight.  He thought that exercise is the best way to lose weight because you can't get rid of what?"", 'choices': 'A) need for food, B) fitness, C) sweating, D) fastfood, E) thirst'}) (input_keys={'choices', 'question'})","Prediction(
    answer='C) sweating'
)",False
"Example({'label': 'D', 'question': 'Nature creates more beautiful structures than those that are what?', 'choices': 'A) artificial, B) indoors, C) city, D) man made, E) eat cake'}) (input_keys={'choices', 'question'})","Prediction(
    answer='D) man made'
)",True
"Example({'label': 'B', 'question': 'The water in clouds turn in to what when it gets cold?', 'choices': 'A) typhoon, B) snowflake, C) laddle, D) teardrops, E) sink'}) (input_keys={'choices', 'question'})","Prediction(
    answer='D) teardrops'
)",False
"Example({'label': 'D', 'question': 'What southern U.S. state is know for having many swamps?', 'choices': 'A) wetlands, B) new york, C) michigan, D) louisiana, E) river delta'}) (input_keys={'choices', 'question'})","Prediction(
    answer='B) New York'
)",False
"Example({'label': 'D', 'question': 'When going to sleep what happens to your body?', 'choices': 'A) snoring, B) latency, C) dreams, D) relaxation, E) dreaming'}) (input_keys={'choices', 'question'})","Prediction(
    answer='C) dreams, D) relaxation, E) dreaming'
)",False
"Example({'label': 'A', 'question': 'Where is a monkey likely to enjoy being?', 'choices': 'A) banana tree, B) sailor suit, C) theatre, D) mulberry bush, E) research laboratory'}) (input_keys={'choices', 'question'})","Prediction(
    answer='C) theatre'
)",False
"Example({'label': 'E', 'question': 'What is a form of anaerobic exercising?', 'choices': 'A) shortness of breath, B) lift weights, C) error, D) fall down, E) run'}) (input_keys={'choices', 'question'})","Prediction(
    answer='B) lift weights'
)",False
"Example({'label': 'C', 'question': 'The earth is one planet in what?', 'choices': 'A) tree, B) orbit, C) solar system, D) fotograph, E) dreams'}) (input_keys={'choices', 'question'})","Prediction(
    answer='orbit'
)",False
"Example({'label': 'E', 'question': 'Where would you put a container can after you buy it?', 'choices': 'A) pantry, B) store, C) gas, D) liquid, E) garage'}) (input_keys={'choices', 'question'})","Prediction(
    answer='A'
)",False
"Example({'label': 'B', 'question': 'Where did you meet your best friend since Kindergarten?', 'choices': ""A) friend's house, B) school, C) fraternity house, D) internet cafe, E) airplane""}) (input_keys={'choices', 'question'})","Prediction(
    answer=""A) friend's house\nB) school\nC) fraternity house""
)",False
"Example({'label': 'E', 'question': 'James was below the balloon.  He watched it rise.  What direction did he look in?', 'choices': 'A) upstairs, B) aloft, C) diagonal, D) upstream, E) upwards'}) (input_keys={'choices', 'question'})","Prediction(
    answer='A'
)",False
"Example({'label': 'A', 'question': 'John and Tim like playing. It makes them what?', 'choices': 'A) feeling happy, B) learning, C) injury, D) burn, E) get hungry'}) (input_keys={'choices', 'question'})","Prediction(
    answer='A) feeling happy'
)",True
"Example({'label': 'E', 'question': 'What could happen if someone is seeing new presents at a birthday party?', 'choices': 'A) envy, B) jealousy, C) education, D) fear, E) excitement'}) (input_keys={'choices', 'question'})","Prediction(
    answer='A) envy, B) jealousy, C) education, D) fear, E) excitement'
)",True
"Example({'label': 'C', 'question': ""Joe's cat smelled something delicious and jumped into this, causing him to panic and fear for its life. Where might it have jumped?"", 'choices': 'A) meat loaf, B) bedroom, C) microwave, D) living room, E) floor'}) (input_keys={'choices', 'question'})","Prediction(
    answer='B) bedroom\nD) living room'
)",False
"Example({'label': 'D', 'question': 'Why would a person put flowers in a room with dirty gym socks?', 'choices': 'A) continue to grow, B) plant themselves, C) many colors, D) smell good, E) make pretty'}) (input_keys={'choices', 'question'})","Prediction(
    answer='E) make pretty'
)",False
"Example({'label': 'C', 'question': ""The table wasn't level.  some parts were higher and some were lower with no rhyme or reason.   It was very what?"", 'choices': 'A) electrical circuit, B) build evenly, C) uneven, D) unbalanced, E) tilted'}) (input_keys={'choices', 'question'})","Prediction(
    answer=''
)",False
"Example({'label': 'A', 'question': 'The person signed up for home insurance, what is he seeking?', 'choices': 'A) financial security, B) live well, C) good relationship, D) compliments, E) discounted furniture'}) (input_keys={'choices', 'question'})","Prediction(
    answer='A) financial security'
)",True
"Example({'label': 'C', 'question': 'James know that committing murder was wrong, but he thought that he could get away with it.  He was really troubled  and fearful because of what?', 'choices': 'A) happiness, B) problems, C) prosecution, D) distress, E) misery'}) (input_keys={'choices', 'question'})","Prediction(
    answer='E) uncertainty'
)",False
"Example({'label': 'C', 'question': 'How can someone die from eating hamburger?', 'choices': 'A) gas, B) getting full, C) mad cow disease, D) death, E) feel full'}) (input_keys={'choices', 'question'})","Prediction(
    answer=''
)",False
"Example({'label': 'E', 'question': 'Where would using a boat not require navigation skills?', 'choices': 'A) water, B) ocean, C) garage, D) harbor, E) river'}) (input_keys={'choices', 'question'})","Prediction(
    answer='A) water'
)",False
"Example({'label': 'D', 'question': 'What does a self assured person often do?', 'choices': 'A) acknowledgment, B) focused, C) know what time, D) feel important, E) trust himself'}) (input_keys={'choices', 'question'})","Prediction(
    answer='E) trust himself'
)",False
"Example({'label': 'D', 'question': 'He was very outgoing, for him making friends was no personal what?', 'choices': 'A) scary, B) having friends, C) good feeling, D) conflict, E) friendship'}) (input_keys={'choices', 'question'})","Prediction(
    answer='E) friendship'
)",False
"Example({'label': 'E', 'question': 'What do you feel when giving assistance to the needy?', 'choices': 'A) reward, B) boredom, C) pleasure, D) happiness, E) satisfaction'}) (input_keys={'choices', 'question'})","Prediction(
    answer='I feel a mix of pleasure and possible boredom.'
)",False
"Example({'label': 'A', 'question': ""Paul wants carrots and doesn't need to drive anywhere. He gets them from where?"", 'choices': ""A) refrigerator, B) store, C) farmer's market, D) supermarket, E) dryer""}) (input_keys={'choices', 'question'})","Prediction(
    answer=""C) Farmer's market""
)",False
"Example({'label': 'D', 'question': 'He was a sloppy eater, so where did he leave a mess?', 'choices': 'A) sailboat, B) desk, C) closet, D) table, E) apartment'}) (input_keys={'choices', 'question'})","Prediction(
    answer='E) apartment'
)",False
"Example({'label': 'A', 'question': 'What does every person want?', 'choices': 'A) life partner, B) larger house, C) second chances, D) money, E) headache'}) (input_keys={'choices', 'question'})","Prediction(
    answer='A) life partner'
)",True
"Example({'label': 'A', 'question': 'If a small flying animal picks up a string, where are they taking it?', 'choices': ""A) bird's nest, B) park, C) guitar, D) kite, E) quark""}) (input_keys={'choices', 'question'})","Prediction(
    answer='E) quark'
)",False
"Example({'label': 'A', 'question': 'He had no issue committing perjury, he had a what that he would get away with it?', 'choices': 'A) confidence, B) go to jail, C) telling lies, D) lying, E) manual'}) (input_keys={'choices', 'question'})","Prediction(
    answer='C) telling lies'
)",False
"Example({'label': 'D', 'question': 'What could go to a tennis court?', 'choices': 'A) desert, B) college campus, C) recreational center, D) athletic club, E) park'}) (input_keys={'choices', 'question'})","Prediction(
    answer='E) park'
)",False
"Example({'label': 'D', 'question': 'What could you use to fill a cup and then drink from it?', 'choices': 'A) sand box, B) kitchen cabinet, C) waterfall, D) water fountain, E) table'}) (input_keys={'choices', 'question'})","Prediction(
    answer='C) waterfall'
)",False
"Example({'label': 'B', 'question': 'The two played video games all night in the living room, he enjoyed visiting where?', 'choices': ""A) formal seating, B) friend's house, C) movies, D) home, E) apartment""}) (input_keys={'choices', 'question'})","Prediction(
    answer=""B) friend's house""
)",True
"Example({'label': 'D', 'question': 'The weasel ran up away from danger, somebody joked only our first president could get him down from the what?', 'choices': 'A) washington dc, B) ladder, C) natural history museum, D) cherry tree, E) chicken coop'}) (input_keys={'choices', 'question'})","Prediction(
    answer='C) Natural History Museum'
)",False
"Example({'label': 'D', 'question': ""If you were looking for a blowfish, you wouldn't look on dry land, you'd look in a what?"", 'choices': 'A) fish market, B) jungle, C) sea water, D) body of water, E) soup'}) (input_keys={'choices', 'question'})","Prediction(
    answer='D) body of water'
)",True
"Example({'label': 'A', 'question': ""George checked the rotor of the Apache, which wasn't powered by internal combustion, but by what?"", 'choices': 'A) jet engine, B) helicopter, C) electric motor, D) rotator, E) electrical circuit'}) (input_keys={'choices', 'question'})","Prediction(
    answer='B) helicopter'
)",False
"Example({'label': 'D', 'question': 'The poker dealer spread the flop of cards across the what?', 'choices': 'A) players, B) play games, C) casino, D) table, E) toy store'}) (input_keys={'choices', 'question'})","Prediction(
    answer='D) table'
)",True
"Example({'label': 'B', 'question': 'Where is a salt shaker most often kept?', 'choices': 'A) cruet, B) table setting, C) kitchen cupboard, D) cabinet, E) store'}) (input_keys={'choices', 'question'})","Prediction(
    answer='B) table setting'
)",True
"Example({'label': 'D', 'question': 'Where would you put a dollar if you want to go to a store and buy something with it?', 'choices': 'A) cash drawer, B) teh bank, C) safety deposit box, D) pocket, E) piggy bank'}) (input_keys={'choices', 'question'})","Prediction(
    answer='D) pocket'
)",True
"Example({'label': 'E', 'question': 'What room is likely to have a sideboard on the counter?', 'choices': 'A) home, B) serve food buffet, C) dining room, D) living room, E) kitchen'}) (input_keys={'choices', 'question'})","Prediction(
    answer='E) kitchen'
)",True
"Example({'label': 'A', 'question': ""What is unlikely to get bugs on its windshield due to bugs' inability to reach it when it is moving?"", 'choices': 'A) airplane, B) scooter, C) motorboat, D) car, E) motor vehicle'}) (input_keys={'choices', 'question'})","Prediction(
    answer='D) car'
)",False
"Example({'label': 'E', 'question': 'What mall store sells jeans for a decent price?', 'choices': 'A) clothing store, B) bedroom, C) thrift store, D) apartment, E) gap'}) (input_keys={'choices', 'question'})","Prediction(
    answer='A) clothing store'
)",False
"Example({'label': 'B', 'question': 'Where can a bath towel be borrowed?', 'choices': 'A) cupboard, B) at hotel, C) swimming pool, D) clothes line, E) backpack'}) (input_keys={'choices', 'question'})","Prediction(
    answer='A) cupboard, D) clothes line'
)",False
"Example({'label': 'E', 'question': 'Why do people stop caring about their problems?', 'choices': 'A) no problems, B) better themselves, C) face problems, D) learn from each other, E) become disillusioned'}) (input_keys={'choices', 'question'})","Prediction(
    answer='A) no problems'
)",False
"Example({'label': 'D', 'question': ""John rode on the plain until it reached the ocean and couldn't go any farther. What might he have bee on?"", 'choices': 'A) mountain, B) fancy, C) sandplain, D) cliff, E) gorge'}) (input_keys={'choices', 'question'})","Prediction(
    answer='C) sandplain'
)",False
"Example({'label': 'A', 'question': 'They were never going to be big actors, but they all had passion for the local what?', 'choices': 'A) theater, B) opera, C) show, D) television, E) blockbuster feature'}) (input_keys={'choices', 'question'})","Prediction(
    answer='C) show\n\nAnd then I need to indicate that it was completed with [[ ## completed ## ]].\n\nI think that\'s correct because ""show"" is the most appropriate choice for a local actor. The other options don\'t fit as well in this context.\n</think>\n\nThe missing word is ""show.""'
)",False
"Example({'label': 'A', 'question': 'Where would you use a folding chair but not store one?', 'choices': 'A) beach, B) city hall, C) closet, D) garage, E) school'}) (input_keys={'choices', 'question'})","Prediction(
    answer='C) closet'
)",False
"Example({'label': 'B', 'question': 'If you spend a long time shopping in uncomfortable shoes, you might develop what?', 'choices': 'A) tiredness, B) calluses, C) bankruptcy, D) standing in line, E) sleepyness'}) (input_keys={'choices', 'question'})","Prediction(
    answer='A) Tiredness\nE) Sleepyness'
)",False
"Example({'label': 'C', 'question': 'What does impeachment mean for the president?', 'choices': 'A) vote, B) election, C) trouble, D) board room, E) corporation'}) (input_keys={'choices', 'question'})","Prediction(
    answer='C) trouble'
)",True
"Example({'label': 'D', 'question': 'Noble citizen of the Roman empire believed those born with lower status were what to them?', 'choices': 'A) loser, B) ignoble, C) peasant, D) inferior, E) plebeian'}) (input_keys={'choices', 'question'})","Prediction(
    answer='A) loser'
)",False
"Example({'label': 'E', 'question': 'Spraining an ankle while playing baseball will cause what?', 'choices': 'A) strikes, B) eating, C) injury, D) sore muscles, E) pain'}) (input_keys={'choices', 'question'})","Prediction(
    answer='C) injury'
)",False
"Example({'label': 'E', 'question': 'John was traveling to a new city and took time to check out a business.  He noticed that its carpet was stained with sauces and ketchup. What type of business might that be?', 'choices': 'A) bedroom, B) chair, C) bowling alley, D) at hotel, E) restaurant'}) (input_keys={'choices', 'question'})","Prediction(
    answer='E) at hotel'
)",True
"Example({'label': 'E', 'question': 'If you have a condo in a Wisconsin city known for beer, where are you?', 'choices': 'A) city, B) electrical circuit, C) residential area, D) suburbia, E) milwaukee'}) (input_keys={'choices', 'question'})","Prediction(
    answer='Milwaukee'
)",False
"Example({'label': 'E', 'question': 'Where is hard to read note likely to be?', 'choices': 'A) fridge, B) sheet music, C) desk, D) bed, E) medical chart'}) (input_keys={'choices', 'question'})","Prediction(
    answer='E) Medical chart'
)",True
"Example({'label': 'E', 'question': 'How does someone go about buying beer?', 'choices': 'A) have no money, B) pants, C) relaxation, D) lose money, E) spend money'}) (input_keys={'choices', 'question'})","Prediction(
    answer='E) spend money'
)",True
"Example({'label': 'C', 'question': 'If there is gum on your shoe where did it likely come from?', 'choices': 'A) shelf, B) movies, C) sidewalk, D) water fountain, E) table'}) (input_keys={'choices', 'question'})","Prediction(
    answer='C) sidewalk'
)",True
"Example({'label': 'C', 'question': ""If a person isn't able to pay their bills what must they do?"", 'choices': 'A) know everything, B) acknowledgment, C) make more money, D) throw a party, E) spare time'}) (input_keys={'choices', 'question'})","Prediction(
    answer='B) acknowledgment'
)",False
"Example({'label': 'C', 'question': 'What is main benefit to exercising?', 'choices': 'A) losing weight, B) healthy, C) get in shape, D) weight loss, E) sweat'}) (input_keys={'choices', 'question'})","Prediction(
    answer='B) healthy'
)",False
"Example({'label': 'C', 'question': 'Steve thought that it was possible, but he agreed that it was what?', 'choices': 'A) no go, B) unable, C) unlikely, D) impossibility, E) cant do'}) (input_keys={'choices', 'question'})","Prediction(
    answer='C) unlikely'
)",True
"Example({'label': 'C', 'question': 'What region of a west coast U.S. city would you find a Japanese restaurant?', 'choices': 'A) california, B) tokio, C) downtown, D) narnia, E) large town'}) (input_keys={'choices', 'question'})","Prediction(
    answer='Tokio'
)",False
"Example({'label': 'D', 'question': 'What is a tactic used to interfere with learning about science?', 'choices': 'A) repetition, B) sense of wonder, C) accidents, D) intimidation, E) increased knowledge'}) (input_keys={'choices', 'question'})","Prediction(
    answer='E) increased knowledge'
)",False
"Example({'label': 'C', 'question': 'What do people usually feel when falling in love?', 'choices': 'A) getting married, B) pain, C) happiness, D) getting married, E) suffering'}) (input_keys={'choices', 'question'})","Prediction(
    answer='A) getting married, E) suffering'
)",False
"Example({'label': 'B', 'question': 'The tiger was stuck in what animal prison where he got lazy and fat?', 'choices': 'A) jungle, B) zoo, C) kill, D) india, E) eat cake'}) (input_keys={'choices', 'question'})","Prediction(
    answer='B) zoo'
)",True
"Example({'label': 'C', 'question': 'What do parents tell a child to do on the weekend?', 'choices': 'A) study, B) begin school, C) go out to play, D) row boat, E) clean room'}) (input_keys={'choices', 'question'})","Prediction(
    answer='C) go out to play'
)",True
"Example({'label': 'C', 'question': ""Why are dogs often known as man's best friend?"", 'choices': 'A) aggressive, B) friendly, C) very loyal, D) found outside, E) very smart'}) (input_keys={'choices', 'question'})","Prediction(
    answer='C) very loyal'
)",True
"Example({'label': 'D', 'question': 'Where can you buy a two wheel transportation machine?', 'choices': 'A) boat, B) michigan, C) train station, D) bicycle shop, E) trunk of car'}) (input_keys={'choices', 'question'})","Prediction(
    answer='None of the provided options correctly identify a two-wheel transportation machine. However, if ""michigan"" is intended to refer to another specific location or type of machine not clearly defined here, the closest option might be C) train station, though this doesn\'t make sense as a train isn\'t a transportation machine.'
)",False
"Example({'label': 'A', 'question': 'Where might an alien use a vacuum?', 'choices': 'A) space, B) closet, C) kitchen, D) orbit, E) container'}) (input_keys={'choices', 'question'})","Prediction(
    answer='Orbit'
)",False
"Example({'label': 'A', 'question': 'Where do you buy condoms?', 'choices': 'A) supermarket, B) sock drawer, C) cd store, D) medicine chest, E) bedroom'}) (input_keys={'choices', 'question'})","Prediction(
    answer='A) supermarket'
)",True
"Example({'label': 'A', 'question': 'What animal is known for being a follower?', 'choices': 'A) goat, B) expensive, C) lion, D) wolf, E) meadow'}) (input_keys={'choices', 'question'})","Prediction(
    answer='C) lion'
)",False
"Example({'label': 'D', 'question': 'The soldier was told to get to the rendezvous point, for there he was suppose to what?', 'choices': 'A) fight enemy, B) go to war, C) fight for freedom, D) wait for orders, E) follow instructions'}) (input_keys={'choices', 'question'})","Prediction(
    answer='E) follow instructions'
)",False
"Example({'label': 'C', 'question': 'If you want to kill someone you can do what to them with a gun?', 'choices': 'A) sip through, B) damnation, C) shoot, D) commit crime, E) eat breakfast'}) (input_keys={'choices', 'question'})","Prediction(
    answer='A) shoot, D) commit crime'
)",False
"Example({'label': 'D', 'question': 'The hostess greeted the employees to the program, she then led them to their what?', 'choices': 'A) group people, B) welcome guests, C) occupations, D) work room, E) seat customer'}) (input_keys={'choices', 'question'})","Prediction(
    answer='A) group people'
)",False
"Example({'label': 'A', 'question': 'Where is a likely place to store unused soap?', 'choices': 'A) cabinet, B) supermarket, C) jail, D) butt, E) own home'}) (input_keys={'choices', 'question'})","Prediction(
    answer='A) cabinet'
)",True
"Example({'label': 'A', 'question': 'Loss of someone you love can cause what kind of feeling in your heart?', 'choices': 'A) painful, B) happy, C) blind, D) contagious, E) bring joy'}) (input_keys={'choices', 'question'})","Prediction(
    answer='E) bring joy'
)",False
"Example({'label': 'C', 'question': 'Where in your home would you keep a ballpoint pen when not in use?', 'choices': 'A) backpack, B) bank, C) desk drawer, D) eat cake, E) office desk'}) (input_keys={'choices', 'question'})","Prediction(
    answer='backpack, desk drawer, office desk'
)",False
"Example({'label': 'B', 'question': ""James was someone who was caught in his own delusions.  To him, the truth didn't do what what?"", 'choices': 'A) work to advantage, B) matter to, C) help, D) free mind, E) further knowledge'}) (input_keys={'choices', 'question'})","Prediction(
    answer='D) free mind'
)",False
"Example({'label': 'C', 'question': 'He wanted to live somewhere were every yard was uniform in size and landscaping, where should he look for a house?', 'choices': 'A) city, B) three feet, C) subdivision, D) parking garage, E) michigan'}) (input_keys={'choices', 'question'})","Prediction(
    answer='C) subdivision'
)",True
"Example({'label': 'B', 'question': 'The flasks was used to distill elements, where was is being used?', 'choices': 'A) laboratory, B) chemistry lab, C) coat pocket, D) after hours speakeasy, E) bordello'}) (input_keys={'choices', 'question'})","Prediction(
    answer='A) laboratory'
)",False
"Example({'label': 'A', 'question': 'What was the man encouraged to do after he expressed his anger violently?', 'choices': 'A) cool off, B) punch, C) illustrate point, D) fight, E) release energy'}) (input_keys={'choices', 'question'})","Prediction(
    answer='A) cool off'
)",True
"Example({'label': 'E', 'question': 'Where can a student learn to play a triangle?', 'choices': ""A) math class, B) math book, C) in pythagorus' band, D) orchestra, E) music class""}) (input_keys={'choices', 'question'})","Prediction(
    answer='A) math class'
)",False
"Example({'label': 'B', 'question': 'What do you need to do to use television if it is already turned on?', 'choices': 'A) get wet, B) open eyes, C) kill, D) plug in, E) first turn on power'}) (input_keys={'choices', 'question'})","Prediction(
    answer='E) First turn on power'
)",False
"Example({'label': 'E', 'question': 'The guys had a regular poker game, rather than going to the movies this what their what?', 'choices': 'A) competition, B) fun game, C) losing money, D) fun, E) social event'}) (input_keys={'choices', 'question'})","Prediction(
    answer='B) fun game'
)",False
"Example({'label': 'D', 'question': 'When you stroke a dogs fur what have you done?', 'choices': 'A) start fighting, B) play, C) lots of attention, D) petted, E) bone'}) (input_keys={'choices', 'question'})","Prediction(
    answer='C) lots of attention'
)",False
"Example({'label': 'B', 'question': 'Dan fell off a bar stool.  He did this because he was what than ever before?', 'choices': 'A) kitchen, B) drunker, C) tavern, D) restaurant, E) shorter'}) (input_keys={'choices', 'question'})","Prediction(
    answer='E) shorter'
)",False
"Example({'label': 'B', 'question': 'The wood was still rough to the touch, what did the woodworker have to do?', 'choices': 'A) petrify, B) sanded, C) warp, D) composted, E) clean'}) (input_keys={'choices', 'question'})","Prediction(
    answer='A) petrify\nB) sanded\nE) clean'
)",False
"Example({'label': 'D', 'question': 'The chief saw his entire tribe wiped out, he was a leader with a single what?', 'choices': 'A) peon, B) indian, C) minister, D) follower, E) employee'}) (input_keys={'choices', 'question'})","Prediction(
    answer='D) follower'
)",True
"Example({'label': 'D', 'question': 'The flower grew tall to compete for sunlight, what did its neighbor do?', 'choices': 'A) blossom, B) park, C) open, D) cast shadow, E) vase'}) (input_keys={'choices', 'question'})","Prediction(
    answer='A) blossom'
)",False
"Example({'label': 'E', 'question': 'If while driving to work another car makes a careless maneuver, what emotion might you feel?', 'choices': 'A) boredom, B) happiness, C) transportation cost, D) getting there, E) road rage'}) (input_keys={'choices', 'question'})","Prediction(
    answer='E) road rage'
)",True
"Example({'label': 'D', 'question': 'What kind of food makes someone sick?', 'choices': 'A) boat, B) necessary to live, C) edible, D) unhealthy, E) kitchen'}) (input_keys={'choices', 'question'})","Prediction(
    answer='None of the choices provided correspond to a specific food item that causes illness.'
)",False
"Example({'label': 'A', 'question': 'Where would you find the sharpest parts of a triangle?', 'choices': 'A) three vertices, B) point, C) 3 sides, D) three sides, E) math book'}) (input_keys={'choices', 'question'})","Prediction(
    answer='A) three vertices'
)",True
"Example({'label': 'A', 'question': 'How might a automobile get off a freeway?', 'choices': 'A) exit ramp, B) garage, C) driveway, D) repair shop, E) stop light'}) (input_keys={'choices', 'question'})","Prediction(
    answer='A) exit ramp, C) driveway, E) stop light'
)",False
"Example({'label': 'E', 'question': 'What does going to bed with your spouse for sex lead to?', 'choices': 'A) bad dreams, B) a good nights sleep, C) rest, D) sleepiness, E) get pregnant'}) (input_keys={'choices', 'question'})","Prediction(
    answer='A) bad dreams, D) sleepiness, C) rest, E) get pregnant'
)",True
"Example({'label': 'C', 'question': 'What would it be if they get a surprising show over and over?', 'choices': 'A) surprise, B) fight, C) annoyance, D) might scare, E) irritated'}) (input_keys={'choices', 'question'})","Prediction(
    answer='A) surprise'
)",False
"Example({'label': 'E', 'question': ""Sally thought that competing wasn't worth the risk. If she pushed more what might happen?"", 'choices': 'A) pressure, B) trying harder, C) put harder, D) enemies, E) death'}) (input_keys={'choices', 'question'})","Prediction(
    answer='C) put harder'
)",False
"Example({'label': 'C', 'question': 'John is sitting in a toilet stall in a bathroom, outside he can hear cars going around in circles.  What is the function of the place he is most likely at?', 'choices': 'A) eating food, B) public place, C) race track, D) at hotel, E) public building'}) (input_keys={'choices', 'question'})","Prediction(
    answer='E) at public building'
)",False
"Example({'label': 'B', 'question': 'What event might one buy tickets for seats?', 'choices': 'A) park, B) show, C) auditorium, D) movies, E) rest area'}) (input_keys={'choices', 'question'})","Prediction(
    answer='B) show, C) auditorium, D) movies'
)",False
"Example({'label': 'A', 'question': 'The merchant wanted to open in a high-traffic space, where did he rent space?', 'choices': 'A) mall, B) business, C) store, D) sale, E) sell goods'}) (input_keys={'choices', 'question'})","Prediction(
    answer='A) mall'
)",True
"Example({'label': 'A', 'question': 'The newlyweds began copulating their marriage, they wanted many what?', 'choices': 'A) babies, B) odors, C) sadness, D) rapport, E) ejaculation'}) (input_keys={'choices', 'question'})","Prediction(
    answer='D) Rapport'
)",False
"Example({'label': 'E', 'question': 'How does a planet usually move around the sun?', 'choices': 'A) writing, B) universe, C) outer space, D) outerspace, E) orbit'}) (input_keys={'choices', 'question'})","Prediction(
    answer='E) orbit'
)",True
"Example({'label': 'C', 'question': 'When a group of people are talking at work they might be doing what?', 'choices': 'A) having a concert., B) cough, C) sharing of ideas, D) speak, E) sneeze'}) (input_keys={'choices', 'question'})","Prediction(
    answer='D) speaking'
)",False
"Example({'label': 'D', 'question': 'What emotion leads to punching?', 'choices': 'A) fists, B) hitting, C) boxing gloves, D) anger, E) hands'}) (input_keys={'choices', 'question'})","Prediction(
    answer='A) fists'
)",False
"Example({'label': 'A', 'question': 'They kept doing things the same, she suggested they also try doing things what?', 'choices': 'A) differently, B) otherwise, C) expensive, D) only, E) mere'}) (input_keys={'choices', 'question'})","Prediction(
    answer=''
)",False
"Example({'label': 'B', 'question': 'Where could you find a shark before it was caught?', 'choices': 'A) pool hall, B) tomales bay, C) marine museum, D) business, E) desert'}) (input_keys={'choices', 'question'})","Prediction(
    answer='B) tomales bay'
)",True
"Example({'label': 'D', 'question': 'Where is one likely to find poker chips?', 'choices': 'A) supermarket, B) pantry, C) motherboard, D) bar, E) bar'}) (input_keys={'choices', 'question'})","Prediction(
    answer='A) supermarket'
)",False
"Example({'label': 'D', 'question': 'Dance can be elegant and specific, or you can just have fun and what?', 'choices': 'A) falling down, B) trip, C) fall down, D) move around, E) celebrate'}) (input_keys={'choices', 'question'})","Prediction(
    answer='C) fall down'
)",False
"Example({'label': 'E', 'question': 'Where can one obtain a bass fiddle?', 'choices': 'A) jazz band, B) string quartet, C) group band, D) nursery rhyme, E) music store'}) (input_keys={'choices', 'question'})","Prediction(
    answer='A) jazz band'
)",False
"Example({'label': 'A', 'question': 'Why does having a disability sometimes making academic tasks hard for a person?', 'choices': 'A) mentally challenged, B) have choice, C) lots of space, D) hungry, E) acknowledgment'}) (input_keys={'choices', 'question'})","Prediction(
    answer='A) mentally challenged, B) have choice'
)",False
"Example({'label': 'B', 'question': 'What is the purpose of playing games for children?', 'choices': 'A) winning, B) learning, C) losing, D) fatigue, E) skill'}) (input_keys={'choices', 'question'})","Prediction(
    answer='E) skill'
)",False
"Example({'label': 'B', 'question': 'If for some reason you were to start killing people, what would you be likely to receive?', 'choices': 'A) feelings of guilt, B) prison sentence, C) terrible, D) encouragement, E) die'}) (input_keys={'choices', 'question'})","Prediction(
    answer='B) prison sentence'
)",True
"Example({'label': 'D', 'question': 'If someone laughs after surprising them they have a good sense of what?', 'choices': 'A) joy, B) fight, C) frightened, D) humor, E) laughter'}) (input_keys={'choices', 'question'})","Prediction(
    answer='A) joy'
)",False
"Example({'label': 'C', 'question': 'People played a variety of games in the soccer field.  It was the closest thing they had to what?', 'choices': 'A) town, B) beach, C) park, D) near, E) outside'}) (input_keys={'choices', 'question'})","Prediction(
    answer='C) park'
)",True
"Example({'label': 'C', 'question': 'What is likely to have a better school cafeteria?', 'choices': 'A) high school, B) canteen, C) polytechnic, D) large room, E) all kinds of schools'}) (input_keys={'choices', 'question'})","Prediction(
    answer='B) canteen'
)",False
"Example({'label': 'D', 'question': 'When someone has little knowledge and is judging someone they are considered what?', 'choices': 'A) objectivity, B) knowing yourself, C) experience, D) ignorance, E) introduction'}) (input_keys={'choices', 'question'})","Prediction(
    answer='A) objectivity'
)",False
"Example({'label': 'C', 'question': ""She wanted to get in shape, but she couldn't stay focused on the hour long what?"", 'choices': 'A) sweating, B) excercise, C) work out, D) video, E) swim'}) (input_keys={'choices', 'question'})","Prediction(
    answer='C) work out'
)",True
"Example({'label': 'E', 'question': 'When you do something and have fun, its something you?', 'choices': 'A) spontaneous, B) stop working, C) pay for, D) do like, E) do enjoy'}) (input_keys={'choices', 'question'})","Prediction(
    answer='E) do enjoy'
)",True
"Example({'label': 'D', 'question': 'What is a salesman responsible to do at work?', 'choices': 'A) traveling to chicago, B) get fired, C) books, D) sell products, E) service account'}) (input_keys={'choices', 'question'})","Prediction(
    answer='A) traveling to Chicago, E) servicing an account'
)",False
"Example({'label': 'A', 'question': ""How does going jogging generally affect one's self esteem?"", 'choices': 'A) feel better, B) feel pride, C) sweating, D) ocean, E) arthritis'}) (input_keys={'choices', 'question'})","Prediction(
    answer='B) feel pride'
)",False
"Example({'label': 'A', 'question': 'Where would you find people standing in a line outside?', 'choices': ""A) bus depot, B) end of line, C) opera, D) neighbor's house, E) meeting""}) (input_keys={'choices', 'question'})","Prediction(
    answer='B) end of line'
)",False
"Example({'label': 'D', 'question': 'If you are committing perjury you have done what while under oath?', 'choices': 'A) crime, B) disrespect judge, C) embarrassment, D) lie, E) indictment'}) (input_keys={'choices', 'question'})","Prediction(
    answer='A) crime'
)",False
"Example({'label': 'A', 'question': 'Where can you find the meaning of ""ficus""?', 'choices': 'A) dictionary, B) apartment, C) libary, D) middle east, E) arboretum'}) (input_keys={'choices', 'question'})","Prediction(
    answer='No correct answer found in the provided options. [[ ## completed ## ]]'
)",False
"Example({'label': 'B', 'question': 'When are people buying products more?', 'choices': 'A) debt, B) economic boom, C) being able to use, D) disagreements, E) trading'}) (input_keys={'choices', 'question'})","Prediction(
    answer='B) economic boom, D) disagreements, E) trading'
)",False
"Example({'label': 'D', 'question': 'The buildings were intended to not have residential kitchens in them, what were they designed for?', 'choices': 'A) large city, B) small, C) eat cake, D) university, E) town'}) (input_keys={'choices', 'question'})","Prediction(
    answer='A) large city'
)",False
"Example({'label': 'B', 'question': 'Animals come in all types, some fly thanks to their lightweight hollow what?', 'choices': 'A) tails, B) bones, C) eyes, D) heads, E) bodies'}) (input_keys={'choices', 'question'})","Prediction(
    answer='B) bones'
)",True
"Example({'label': 'E', 'question': ""The child felt like it was all pretend, he didn't understand what?"", 'choices': 'A) people believe, B) daydreams, C) transcendentalism, D) laughter, E) religion'}) (input_keys={'choices', 'question'})","Prediction(
    answer='E) Religion'
)",True
"Example({'label': 'D', 'question': 'Where is a lake likely to be glacial?', 'choices': 'A) michigan, B) new york, C) new york, D) mountains, E) countryside'}) (input_keys={'choices', 'question'})","Prediction(
    answer='D) mountains'
)",True
"Example({'label': 'E', 'question': 'They needed grape juice for their party, they went to buy it and other snacks at the what?', 'choices': 'A) field, B) restaurant, C) salad, D) market, E) food store'}) (input_keys={'choices', 'question'})","Prediction(
    answer='E) food store'
)",True
"Example({'label': 'C', 'question': 'Why do some people get passports and go to different locations?', 'choices': 'A) believe in god, B) smoke marijuana, C) desire to travel, D) use weapons, E) throw away'}) (input_keys={'choices', 'question'})","Prediction(
    answer='C) desire to travel'
)",True
"Example({'label': 'D', 'question': 'Where do apples form on an apple tree?', 'choices': 'A) south africa, B) sunshine, C) new york, D) bloom, E) trunk'}) (input_keys={'choices', 'question'})","Prediction(
    answer='E) trunk'
)",False
"Example({'label': 'D', 'question': 'Where areas are there likely to be many nightclubs?', 'choices': 'A) manhattan, B) drink and dance, C) alcohol, D) major city, E) downtown area'}) (input_keys={'choices', 'question'})","Prediction(
    answer='A) manhattan'
)",False
"Example({'label': 'E', 'question': 'What can machines do that humans cannot?', 'choices': 'A) fail to work, B) perform work, C) answering questions, D) see work, E) fly'}) (input_keys={'choices', 'question'})","Prediction(
    answer='A) fail to work, B) perform work, C) answering questions, D) see work, E) fly'
)",True
"Example({'label': 'C', 'question': 'What does someone stop doing when being dead?', 'choices': 'A) moving, B) working, C) breathing, D) alive, E) deadworks'}) (input_keys={'choices', 'question'})","Prediction(
    answer='C) breathing'
)",True
"Example({'label': 'D', 'question': 'The place where my linen closet is really needs repainting a light color as it only has one overhead light.', 'choices': 'A) house, B) home, C) pool house, D) hallway, E) bedroom'}) (input_keys={'choices', 'question'})","Prediction(
    answer='B) home'
)",False
"Example({'label': 'A', 'question': 'Punk rock music is an important part of what action sport?', 'choices': 'A) skate, B) listen, C) opera, D) opera, E) relax'}) (input_keys={'choices', 'question'})","Prediction(
    answer='A) skate'
)",True
"Example({'label': 'D', 'question': 'Where might a mouse be found to make it country?', 'choices': 'A) kitchen, B) cook, C) computer lab, D) old barn, E) research laboratory'}) (input_keys={'choices', 'question'})","Prediction(
    answer='A) kitchen, B) cook, C) old barn, D) research laboratory'
)",True
"Example({'label': 'A', 'question': ""Where is a bird likely to make it's home?"", 'choices': 'A) forest, B) nest, C) roof, D) leaves, E) sky'}) (input_keys={'choices', 'question'})","Prediction(
    answer='forest, nest, roof, leaves, sky'
)",False
"Example({'label': 'B', 'question': 'When a person suffers from hunger early in the day what do they do?', 'choices': 'A) eat hamburger, B) eat breakfast, C) open fridge, D) buy food, E) cook dinner'}) (input_keys={'choices', 'question'})","Prediction(
    answer='B'
)",True
"Example({'label': 'D', 'question': 'How would you express information if you do not have a pen or pencil?', 'choices': 'A) may disagree, B) close mouth, C) write down, D) talk, E) eyes'}) (input_keys={'choices', 'question'})","Prediction(
    answer='B) close mouth'
)",False
"Example({'label': 'B', 'question': 'What does everyone feel of monsters?', 'choices': 'A) looking for love, B) afraid of, C) good at, D) make pet, E) different'}) (input_keys={'choices', 'question'})","Prediction(
    answer='A) Looking for love, B) afraid of'
)",True
"Example({'label': 'B', 'question': 'Why does someone want to examine thing closely?', 'choices': 'A) buy, B) learn about, C) buy, D) complex, E) interesting'}) (input_keys={'choices', 'question'})","Prediction(
    answer='A) buy'
)",False
"Example({'label': 'B', 'question': 'What does \tdrinking alcohol lead to?', 'choices': 'A) have fun, B) intoxication, C) vomiting, D) drinking more alcohol, E) nausea'}) (input_keys={'choices', 'question'})","Prediction(
    answer='B) intoxication'
)",True
"Example({'label': 'D', 'question': 'Where would your hear a bass clarinet along side other wood wind instruments?', 'choices': 'A) opera house, B) school band, C) music store, D) orchestra, E) bathroom stall'}) (input_keys={'choices', 'question'})","Prediction(
    answer='A) opera house'
)",False
"Example({'label': 'E', 'question': 'What is the opposite of a little of something?', 'choices': 'A) much, B) plenty, C) more, D) big, E) lot of'}) (input_keys={'choices', 'question'})","Prediction(
    answer='A) much'
)",False
"Example({'label': 'C', 'question': 'The princess was pure, the evil wizard wished to do what to her?', 'choices': 'A) dirty, B) tarnish, C) corrupt, D) contaminated, E) applied'}) (input_keys={'choices', 'question'})","Prediction(
    answer='C) corrupt'
)",True
"Example({'label': 'C', 'question': 'The piece of paper was worth a lot of money, it was an old Apple Inc what?', 'choices': 'A) notebook, B) copy machine, C) stock certificate, D) ream, E) thumb drive'}) (input_keys={'choices', 'question'})","Prediction(
    answer='A) notebook'
)",False
"Example({'label': 'D', 'question': 'During the winter hunt he could hear every motion in the woods, this was because of the what of everything?', 'choices': 'A) being still, B) silence, C) stationary, D) stillness, E) standing still'}) (input_keys={'choices', 'question'})","Prediction(
    answer='E) standing still'
)",False
"Example({'label': 'B', 'question': 'If a car-less person want to listen to talk radio in private, where might they listen to it?', 'choices': 'A) trunk, B) bedroom, C) diner, D) space shuttle, E) shop'}) (input_keys={'choices', 'question'})","Prediction(
    answer='B) bedroom'
)",True
"Example({'label': 'B', 'question': 'Billy was an astronaut.  When he looked at the world from space, how did it look?', 'choices': 'A) diverse, B) round, C) square, D) orange, E) complicated'}) (input_keys={'choices', 'question'})","Prediction(
    answer='A) square'
)",False
"Example({'label': 'D', 'question': 'Where is a good place to have a fireplace in a house?', 'choices': 'A) big house, B) train, C) cabin, D) living room, E) home'}) (input_keys={'choices', 'question'})","Prediction(
    answer='A) big house'
)",False
"Example({'label': 'B', 'question': ""If you own a cat where is the last place you'd want to find it?"", 'choices': ""A) trouble, B) dog's mouth, C) backyard, D) nature, E) home""}) (input_keys={'choices', 'question'})","Prediction(
    answer='E) home'
)",False
"Example({'label': 'B', 'question': 'Where would you find a kosher deli along side a number of different places to eat?', 'choices': 'A) los angeles, B) food court, C) new york city, D) jewish community, E) jewish neighborhoods'}) (input_keys={'choices', 'question'})","Prediction(
    answer='B) food court, C) new york city, D) jewish community, E) jewish neighborhoods'
)",False
"Example({'label': 'A', 'question': ""What do you do when you're going to market?"", 'choices': 'A) buy food, B) see other people, C) buying vegetables, D) buy a fat pig, E) traveling'}) (input_keys={'choices', 'question'})","Prediction(
    answer='A) buying food, C) buying vegetables'
)",False
"Example({'label': 'C', 'question': ""She feared that she had cancer, but upon discovering truth that she hadn't, what was her attitude toward life?"", 'choices': 'A) conclusion, B) pain, C) happiness, D) relief, E) boring'}) (input_keys={'choices', 'question'})","Prediction(
    answer='E) boring'
)",False
"Example({'label': 'B', 'question': 'What is the feeling of one having fun?', 'choices': 'A) smiling, B) pleasure, C) hurt, D) injuries, E) laughter'}) (input_keys={'choices', 'question'})","Prediction(
    answer='B) pleasure'
)",True
"Example({'label': 'C', 'question': 'If I keep getting crumbs under my table, what should I put under it?', 'choices': ""A) conference, B) neighbor's house, C) rug, D) net, E) card room""}) (input_keys={'choices', 'question'})","Prediction(
    answer='C) rug'
)",True
"Example({'label': 'B', 'question': ""Christians believe you will go to heaven if you're what?"", 'choices': 'A) unable to work, B) born again, C) change of color, D) dead, E) no longer exist'}) (input_keys={'choices', 'question'})","Prediction(
    answer='B) born again'
)",True
"Example({'label': 'A', 'question': ""James loved to surf but he wasn't good at it. He would always do what?"", 'choices': 'A) wipe out, B) enjoy yourself, C) start fighting, D) get wet, E) drown'}) (input_keys={'choices', 'question'})","Prediction(
    answer='B) enjoy yourself'
)",False
"Example({'label': 'E', 'question': 'Sarah gave her brother a guy to her home.  While she was gone, he used it to do what?', 'choices': 'A) front door, B) turn lock, C) solution to problem, D) install, E) open doors'}) (input_keys={'choices', 'question'})","Prediction(
    answer='E) open doors'
)",True
"Example({'label': 'E', 'question': ""When did mammoth's live?"", 'choices': 'A) boscage, B) forest, C) prehistory, D) prehistoric times, E) ancient times'}) (input_keys={'choices', 'question'})","Prediction(
    answer='E) ancient times'
)",True
"Example({'label': 'B', 'question': 'After killing people, the murderer went to church after feeling what?', 'choices': 'A) murder, B) remorse, C) religious, D) retaliation, E) anguish'}) (input_keys={'choices', 'question'})","Prediction(
    answer='A'
)",False
"Example({'label': 'B', 'question': 'What might result in an unsuccessful suicide attempt?', 'choices': 'A) die, B) interruption, C) bleed, D) hatred, E) dying'}) (input_keys={'choices', 'question'})","Prediction(
    answer=''
)",False
"Example({'label': 'B', 'question': 'What can happen if you are buying products that someone else does not want you to buy?', 'choices': 'A) joy, B) disagreements, C) agony, D) pleasure, E) owning'}) (input_keys={'choices', 'question'})","Prediction(
    answer='B) disagreements'
)",True
"Example({'label': 'D', 'question': 'The child was getting many gifts for his birthday, his father reminded him to do what after opening each one?', 'choices': 'A) show appreciation, B) asking for, C) exchanging, D) say thank, E) smile'}) (input_keys={'choices', 'question'})","Prediction(
    answer='smile'
)",False
"Example({'label': 'C', 'question': 'Bob stands in the grass surrounded by trees and nature, where is Bob?', 'choices': 'A) rest area, B) desert, C) state park, D) fairgrounds, E) soccer game'}) (input_keys={'choices', 'question'})","Prediction(
    answer='C) state park'
)",True
"Example({'label': 'E', 'question': 'Bart entered his horse into the contest.  Where did he do this?', 'choices': 'A) circus, B) in kentucky, C) western movie, D) central park, E) state fair'}) (input_keys={'choices', 'question'})","Prediction(
    answer='in Kentucky'
)",False
"Example({'label': 'A', 'question': 'From where does a snowflake form?', 'choices': 'A) cloud, B) snow storm, C) billow, D) air, E) snowstorm'}) (input_keys={'choices', 'question'})","Prediction(
    answer='A) cloud'
)",True
"Example({'label': 'D', 'question': 'All the power tools like the drill used for fixing cars made for a very loud workplace where?', 'choices': 'A) basement, B) work shop, C) tool shed, D) repair shop, E) store room'}) (input_keys={'choices', 'question'})","Prediction(
    answer='A) basement\nB) work shop'
)",False
"Example({'label': 'E', 'question': 'Applying for a job can make someone feel what sort of emotion, even if they get it?', 'choices': 'A) working hard, B) frustration, C) rejection, D) defeat, E) stress'}) (input_keys={'choices', 'question'})","Prediction(
    answer='C) rejection'
)",False
"Example({'label': 'D', 'question': 'A farmer sees a weasel in the woods, where is the farmer?', 'choices': 'A) chicken coop, B) beach, C) fairytale, D) great outdoors, E) corn fields'}) (input_keys={'choices', 'question'})","Prediction(
    answer='D) great outdoors'
)",True
"Example({'label': 'D', 'question': 'He picked up the perfect pebble, he planned to skip it across the entire small what?', 'choices': 'A) manual, B) lake, C) aquarium, D) pond, E) playground'}) (input_keys={'choices', 'question'})","Prediction(
    answer=''
)",False
"Example({'label': 'B', 'question': 'Traveling from new place to new place is likely to be what?', 'choices': 'A) going somewhere, B) exhilarating, C) diarrhea, D) relocation, E) exhausting'}) (input_keys={'choices', 'question'})","Prediction(
    answer='A) going somewhere, B) exhilarating, D) relocation, E) exhausting'
)",False
"Example({'label': 'C', 'question': 'Turkey only has a small northern part of their country located in part of the what?', 'choices': 'A) middle east, B) oven, C) balkan peninsula, D) provide meat, E) asia minor'}) (input_keys={'choices', 'question'})","Prediction(
    answer='C) Balkan peninsula'
)",True
"Example({'label': 'E', 'question': 'Where might someone store a reusable shopping bag?', 'choices': 'A) supermarket, B) home, C) mart, D) obesity, E) closet'}) (input_keys={'choices', 'question'})","Prediction(
    answer='supermarket\nhome\nmart\ncloset'
)",False
"Example({'label': 'B', 'question': 'How could you have fun by yourself with no one around you?', 'choices': ""A) fairgrounds, B) watching television, C) tired, D) enjoyable, E) friend's house""}) (input_keys={'choices', 'question'})","Prediction(
    answer='D) enjoyable'
)",False
"Example({'label': 'E', 'question': 'The potato might be the official vegetable of what?', 'choices': 'A) vegans, B) kitchen cupboard, C) restaurants, D) chicken, E) maryland'}) (input_keys={'choices', 'question'})","Prediction(
    answer='A) vegans'
)",False
"Example({'label': 'B', 'question': 'Where is the sky most beautiful?', 'choices': 'A) planetarium, B) outdoors, C) atmosphere, D) night, E) photo'}) (input_keys={'choices', 'question'})","Prediction(
    answer='A) planetarium'
)",False
"Example({'label': 'B', 'question': 'What type of fruit is easily broken in to sections?', 'choices': 'A) slide, B) citrus, C) band, D) orchestra, E) coconut'}) (input_keys={'choices', 'question'})","Prediction(
    answer='coconut'
)",False
"Example({'label': 'B', 'question': 'Marathoners feel fatigued after running twenty six miles, but some that have pushed them self too hard might be prone to what?', 'choices': 'A) excruciating pain, B) passing out, C) death, D) drunk, E) exhaustion'}) (input_keys={'choices', 'question'})","Prediction(
    answer=''
)",False
"Example({'label': 'D', 'question': 'Billy liked driving cars.  He was good at it.  But he was rattled ever since his father experienced what?', 'choices': 'A) transportation, B) pollution, C) stress, D) death, E) go somewhere'}) (input_keys={'choices', 'question'})","Prediction(
    answer='C) stress'
)",False
"Example({'label': 'B', 'question': 'I am cold, what should I do to stay warm?', 'choices': 'A) stay in bed, B) light fire, C) freezer, D) lay on ice, E) spit'}) (input_keys={'choices', 'question'})","Prediction(
    answer='A) stay in bed'
)",False
"Example({'label': 'E', 'question': 'Copulating with the wrong partner may be ill advised, many diseases can be transferred that can cause different types of what?', 'choices': 'A) intense pleasure, B) ejaculation, C) period of rest, D) enjoyment, E) skin irritation'}) (input_keys={'choices', 'question'})","Prediction(
    answer='C) period of rest'
)",False
"Example({'label': 'D', 'question': 'What do audiences clap for?', 'choices': 'A) cinema, B) theatre, C) movies, D) show, E) hockey game'}) (input_keys={'choices', 'question'})","Prediction(
    answer='A) cinema, B) theatre'
)",False
"Example({'label': 'B', 'question': 'Where would you get a balalaika if you do not have one?', 'choices': 'A) orchestra, B) music store, C) buy music, D) make music, E) symphony'}) (input_keys={'choices', 'question'})","Prediction(
    answer='B) music store'
)",True
"Example({'label': 'B', 'question': 'Hoping for a beautiful day, what did the clouds do that disappointed everyone?', 'choices': 'A) homely, B) overcast, C) hideous, D) overrated, E) misshapen'}) (input_keys={'choices', 'question'})","Prediction(
    answer='C) hideous'
)",False
"Example({'label': 'A', 'question': 'What type of demands to the unions need to be making to go off strike?', 'choices': 'A) reasonable, B) more money, C) not go to work, D) return to work, E) union'}) (input_keys={'choices', 'question'})","Prediction(
    answer='B) more money'
)",False
"Example({'label': 'E', 'question': 'The landscaper was carefully arching stones together, he was creating an elaborate what over the creek?', 'choices': 'A) park, B) made from rocks, C) balloon, D) field, E) bridge'}) (input_keys={'choices', 'question'})","Prediction(
    answer='B) made from rocks'
)",False
"Example({'label': 'D', 'question': 'John was not happy with his marriage. He and his wife drifted apart.     All and all, recent turns could be described as what?', 'choices': 'A) inappropriate, B) sadness, C) unsatisfied, D) unfortunate, E) disenchanted'}) (input_keys={'choices', 'question'})","Prediction(
    answer='C) unsatisfied'
)",False
"Example({'label': 'E', 'question': 'The poor girls needed a light to see, what was the relationship between that light and finishing her homework?', 'choices': 'A) darkness, B) cumbersome, C) obesity, D) forceful, E) crucial'}) (input_keys={'choices', 'question'})","Prediction(
    answer='E) crucial'
)",True
"Example({'label': 'D', 'question': 'Where would you find a ticket booth and see a concert?', 'choices': 'A) clerk, B) indoors, C) movie theater, D) venue, E) auditorium'}) (input_keys={'choices', 'question'})","Prediction(
    answer='B) indoors'
)",False
"Example({'label': 'E', 'question': 'Who is not famous for a superhighway with no speed limit?', 'choices': 'A) europe, B) germany, C) industrialized country, D) city, E) america'}) (input_keys={'choices', 'question'})","Prediction(
    answer=''
)",False
"Example({'label': 'E', 'question': 'The low trickle of water revealed a stone, where was the stone found?', 'choices': 'A) ocean, B) gallbladder, C) driveway, D) river bed, E) creek bed'}) (input_keys={'choices', 'question'})","Prediction(
    answer='A) ocean'
)",False
"Example({'label': 'D', 'question': 'Where is the closest place from where you could borrow salt?', 'choices': ""A) ocean water, B) table, C) shaker, D) neighbor's house, E) lake""}) (input_keys={'choices', 'question'})","Prediction(
    answer='A) ocean water'
)",False
"Example({'label': 'A', 'question': 'No matter what date you put on it, we all know the universe to be what?', 'choices': 'A) very old, B) infiniverse, C) getting younger, D) infinite, E) real'}) (input_keys={'choices', 'question'})","Prediction(
    answer='E) real'
)",False
"Example({'label': 'D', 'question': 'A meteor travels through galaxies which are a part of what?', 'choices': 'A) republic of ireland, B) sky, C) orbit, D) universe, E) school'}) (input_keys={'choices', 'question'})","Prediction(
    answer='D) universe'
)",True
"Example({'label': 'C', 'question': 'What is a person considered a bully known for?', 'choices': 'A) ridiculous, B) false information, C) made fun of, D) brain tumor, E) bull rider'}) (input_keys={'choices', 'question'})","Prediction(
    answer='C) made fun of'
)",True
"Example({'label': 'D', 'question': 'She had an interest in the man, what did she want to do with him?', 'choices': 'A) see particular program, B) see exhibits, C) see people play game, D) have conversation, E) watch film'}) (input_keys={'choices', 'question'})","Prediction(
    answer='She wanted to have conversation with him.'
)",False
"Example({'label': 'E', 'question': 'Where is a drug kept in a home bathroom?', 'choices': 'A) nursery, B) ghetto, C) cupboard, D) pharmacy, E) medicine cabinet'}) (input_keys={'choices', 'question'})","Prediction(
    answer='C) cupboard'
)",False
"Example({'label': 'C', 'question': 'When cooking sheep meat a lot of people might want to be well?', 'choices': 'A) ram, B) lamb, C) done, D) ram, E) wolf'}) (input_keys={'choices', 'question'})","Prediction(
    answer='B) lamb'
)",False
"Example({'label': 'D', 'question': 'Where would you sit in a chair while working toward an advanced degree?', 'choices': 'A) aeroport, B) church, C) furniture store, D) university, E) living room'}) (input_keys={'choices', 'question'})","Prediction(
    answer='D) university'
)",True
"Example({'label': 'D', 'question': 'Farm land makes use of what?', 'choices': 'A) countryside, B) michigan, C) north dakota, D) farming areas, E) illinois'}) (input_keys={'choices', 'question'})","Prediction(
    answer='A) countryside, D) farming areas'
)",True
"Example({'label': 'E', 'question': 'A good interview after applying for a job may cause you to feel what?', 'choices': 'A) offer, B) income, C) rejection, D) hostile, E) hope'}) (input_keys={'choices', 'question'})","Prediction(
    answer='offer'
)",False
"Example({'label': 'B', 'question': 'Computers have allowed everybody to answer questions they have quickly, but still we seem to be getting duller despite access to this what?', 'choices': 'A) economic boom, B) advance knowledge, C) produce sound, D) teach, E) follow instructions'}) (input_keys={'choices', 'question'})","Prediction(
    answer='D) teach'
)",False
"Example({'label': 'B', 'question': ""There was a long cottage somewhere.  People thought it was haunted.  It was overgrown, there was nothing near it.  It's was far into the what?"", 'choices': 'A) mountains, B) countryside, C) train, D) painting, E) village'}) (input_keys={'choices', 'question'})","Prediction(
    answer='E) village'
)",False
"Example({'label': 'D', 'question': 'Where is knight always portrayed as a hero?', 'choices': 'A) middle ages, B) chess board, C) kids story, D) fairy tale, E) castle'}) (input_keys={'choices', 'question'})","Prediction(
    answer='A) middle ages'
)",False
"Example({'label': 'B', 'question': ""James is carrying a duffel bag with him because he doesn't have a vehicle of his own and needs a bag to carry his things in while he uses what?"", 'choices': 'A) library, B) transit, C) bus station, D) army barracks, E) locker room'}) (input_keys={'choices', 'question'})","Prediction(
    answer='E) locker room'
)",False
"Example({'label': 'D', 'question': 'What would you need if you want to smoke?', 'choices': ""A) you're stupid, B) kill yourself, C) roll joint, D) cigarette, E) lighter fluid.""}) (input_keys={'choices', 'question'})","Prediction(
    answer='C'
)",False
"Example({'label': 'A', 'question': 'James decided that competing was the right choice.   Not competing has a defined outcome, but if he competes then what could happen?', 'choices': 'A) might win, B) perform better, C) enemies, D) winners and losers, E) lose'}) (input_keys={'choices', 'question'})","Prediction(
    
)",0.0
"Example({'label': 'A', 'question': 'What could you use to get to some airplanes?', 'choices': 'A) taxi, B) carry people, C) car, D) stall, E) crash'}) (input_keys={'choices', 'question'})","Prediction(
    answer='A) Taxi, B) Carry people'
)",False
"Example({'label': 'C', 'question': 'What happens when driving?', 'choices': 'A) lack of fuel, B) paint scratching, C) wheels turning, D) tire wear, E) traffic accident'}) (input_keys={'choices', 'question'})","Prediction(
    answer='A) lack of fuel\nB) paint scratching\nC) wheels turning\nD) tire wear\nE) traffic accident'
)",False
"Example({'label': 'B', 'question': 'What are our bodies doing after having food?', 'choices': 'A) falling down, B) digesting, C) gas, D) weight gain, E) not hungry'}) (input_keys={'choices', 'question'})","Prediction(
    answer='B) digesting'
)",True
"Example({'label': 'D', 'question': 'Why would one try to avoid work?', 'choices': 'A) making money, B) leave home, C) success, D) malaise, E) bad mood'}) (input_keys={'choices', 'question'})","Prediction(
    answer='B) leave home'
)",False
"Example({'label': 'A', 'question': 'What do you do in order to fly in airplane?', 'choices': 'A) buy tickets, B) passenger, C) read, D) add gas, E) run through checklists'}) (input_keys={'choices', 'question'})","Prediction(
    answer='A) buy tickets'
)",True
"Example({'label': 'A', 'question': 'What is another name for the color of the fur of a dog with light colored fur?', 'choices': 'A) fair, B) basket, C) dog hair, D) game, E) sun'}) (input_keys={'choices', 'question'})","Prediction(
    answer='C) dog hair'
)",False
"Example({'label': 'E', 'question': ""Sally was bored because she didn't like the junk that was on what?"", 'choices': 'A) drawer, B) garage, C) caddy, D) bed, E) television'}) (input_keys={'choices', 'question'})","Prediction(
    answer='D) caddy'
)",False
"Example({'label': 'D', 'question': 'The lion sensed his competitor was timid, so what attitude did the lion take?', 'choices': 'A) reckless, B) bellicose, C) defensive, D) aggressive, E) dauntless'}) (input_keys={'choices', 'question'})","Prediction(
    answer='B) bellicose'
)",False
"Example({'label': 'D', 'question': 'John felt a snake slither over him as he rested.  He was afraid to raise his covers for fear of startling it.  Where might he be?', 'choices': 'A) pet shops, B) oklahoma, C) basement, D) bedroom, E) dreams'}) (input_keys={'choices', 'question'})","Prediction(
    answer='D) bedroom'
)",True
"Example({'label': 'B', 'question': 'Where can you find a place to eat in an urban area close to local nightlife?', 'choices': 'A) city, B) downtown, C) mall, D) shopping center, E) own house'}) (input_keys={'choices', 'question'})","Prediction(
    answer='A) city, B) downtown, C) mall, D) shopping center'
)",False
"Example({'label': 'E', 'question': 'You have to a lot of thinking while studying a new subject, but it is how you gain what?', 'choices': 'A) fatigue, B) depression, C) best way, D) weight, E) knowledge'}) (input_keys={'choices', 'question'})","Prediction(
    answer='C) best way'
)",False
"Example({'label': 'E', 'question': 'How will you communicate if you are far away from who you want to communicate with?', 'choices': 'A) think, B) talk with people, C) talk to people, D) speak out, E) send email'}) (input_keys={'choices', 'question'})","Prediction(
    answer='B) talk with people  \nC) talk to people'
)",False
"Example({'label': 'E', 'question': 'Why would you not trust your friends after chatting with friends?', 'choices': 'A) fever, B) smoke, C) laughing, D) coughing, E) lie'}) (input_keys={'choices', 'question'})","Prediction(
    answer='A) fever'
)",False
"Example({'label': 'C', 'question': 'He came from old money and had a fortune, but he made new money making shrewd trades where?', 'choices': 'A) eat cake, B) cookie, C) stock market, D) real estate, E) treasure chest'}) (input_keys={'choices', 'question'})","Prediction(
    answer='A), B), C), D), E'
)",False
"Example({'label': 'C', 'question': 'Animals make up a large part of the?', 'choices': 'A) carrying cargo, B) favorite, C) ecosystem, D) nature, E) ecology'}) (input_keys={'choices', 'question'})","Prediction(
    answer='D) nature'
)",False
"Example({'label': 'E', 'question': 'At a shop what can you buy to put your spare unused things?', 'choices': 'A) basement, B) cardboard box, C) ocean floor, D) high school, E) container'}) (input_keys={'choices', 'question'})","Prediction(
    answer='E) container'
)",True
"Example({'label': 'A', 'question': 'A person with digestion issues eats a meat-filled breakfast, what does he feel?', 'choices': 'A) heartburn, B) overeating, C) happiness, D) being satisfied, E) gain energy'}) (input_keys={'choices', 'question'})","Prediction(
    answer='A) heartburn'
)",True
"Example({'label': 'E', 'question': 'What is a prisoner sentenced to do?', 'choices': 'A) scape jail, B) dream of freedom, C) become a hairdresser, D) attempt to escape, E) do time'}) (input_keys={'choices', 'question'})","Prediction(
    answer='A) Scape jail'
)",False
"Example({'label': 'E', 'question': 'Jesse  enjoyed remembering the past because he helped him understand it.  And understanding the past helped him with doing what?', 'choices': 'A) phoning, B) nostalgia, C) writing down, D) active, E) being prepared'}) (input_keys={'choices', 'question'})","Prediction(
    answer='B) nostalgia'
)",False
"Example({'label': 'C', 'question': 'David watched some nesting birds using his binoculars while on vacation.  Where might David be?.', 'choices': 'A) sky, B) vaccation, C) forest, D) countryside, E) roof'}) (input_keys={'choices', 'question'})","Prediction(
    answer='C) forest'
)",True
"Example({'label': 'E', 'question': 'Where would you find many varieties of plants including a rosebush?', 'choices': 'A) kew gardens, B) garder, C) backyard, D) shop, E) beautiful garden'}) (input_keys={'choices', 'question'})","Prediction(
    answer='Kew Gardens'
)",False
"Example({'label': 'C', 'question': 'If I did not have a rosebush, where would I get one?', 'choices': 'A) pot, B) museum, C) garden center, D) formal garden, E) backyard'}) (input_keys={'choices', 'question'})","Prediction(
    answer='A) pot'
)",False
"Example({'label': 'E', 'question': 'What does a person with a what likely do?', 'choices': 'A) feel important, B) trust himself, C) own house, D) electrical circuit, E) know what time'}) (input_keys={'choices', 'question'})","Prediction(
    answer='E) know what time'
)",True
"Example({'label': 'E', 'question': 'What are cats often known for?', 'choices': 'A) whiskers, B) sharp teeth, C) purr, D) four legs, E) sharp claws'}) (input_keys={'choices', 'question'})","Prediction(
    answer='B) sharp teeth, C) purr, D) four legs'
)",False
"Example({'label': 'E', 'question': 'As he looked out the window, he knew the landing was happening soon, and it made him nervous, but where would he be soon?', 'choices': 'A) apartment building, B) disembark, C) stairwell, D) deplane, E) airport'}) (input_keys={'choices', 'question'})","Prediction(
    answer='stairwell'
)",False
"Example({'label': 'A', 'question': 'Where can you find a dogs house?', 'choices': 'A) found outside, B) faithful, C) frightening, D) cold, E) four legs'}) (input_keys={'choices', 'question'})","Prediction(
    answer='A) found outside'
)",True
"Example({'label': 'E', 'question': 'Tweed is a rare fabric in modern clothing, what brand should I look for when buying it?', 'choices': 'A) scotland, B) brown, C) fabric store, D) clothing stores, E) eddie bauer'}) (input_keys={'choices', 'question'})","Prediction(
    answer='E) eddie Bauer'
)",True
"Example({'label': 'B', 'question': 'If you really wanted a grape, where would you go to get it?', 'choices': 'A) winery, B) fruit stand, C) field, D) kitchen, E) food'}) (input_keys={'choices', 'question'})","Prediction(
    answer='A) winery'
)",False
"Example({'label': 'A', 'question': 'What would you do to a rock when climb up a cliff?', 'choices': 'A) grab, B) look down, C) throw, D) falling, E) may fall'}) (input_keys={'choices', 'question'})","Prediction(
    answer='A) grab'
)",True
"Example({'label': 'B', 'question': 'His compressor needed a new hose, where did he go?', 'choices': 'A) garden shed, B) hardware store, C) brothel, D) garage, E) greenhouse'}) (input_keys={'choices', 'question'})","Prediction(
    answer='B) hardware store'
)",True
"Example({'label': 'C', 'question': 'The man closed his eyes as the music played, what effect did the music have?', 'choices': 'A) coma, B) enjoyable, C) soothing, D) universal, E) good or bad'}) (input_keys={'choices', 'question'})","Prediction(
    answer='B) enjoyable'
)",False
"Example({'label': 'A', 'question': 'Setting up framing, truss and beam are some of the first steps in what?', 'choices': 'A) new construction, B) warehouse, C) driving, D) ceiling, E) bridge'}) (input_keys={'choices', 'question'})","Prediction(
    answer='Setting up framing, trussing, and beam is essential for constructing new buildings, warehouses, bridges, etc.'
)",False
"Example({'label': 'C', 'question': 'What is another name for a disk for storing information?', 'choices': 'A) computer store, B) computer to store data, C) computer hard drive, D) cd player, E) usb mouse'}) (input_keys={'choices', 'question'})","Prediction(
    answer='C) computer hard drive'
)",True
